GemName,carat,cut,clarity,depth,table,x,y,z,Lab_L,Lab_a,Lab_b,XYZ_X,XYZ_Y,XYZ_Z,Wavelength,Reflectance,Color
Topaz,4.25,Ideal,SI2,55.72,55.74,8.63,,5.22,69.31,2.36,4.99,0.153,0.554,0.538,650,0.37,Red
Topaz,3.88,Good,IF,62.14,65.66,8.58,9.17,5.52,78.91,3.66,-1.66,0.22,0.511,0.496,600,0.41,Green
Diamond,2.02,,VVS2,58.99,54.47,3.84,5.93,2.95,66.57,1.52,1.8,0.387,0.374,0.204,400,0.56,Red
Sapphire,2.5,Ideal,SI1,59.82,54.95,8.91,4.19,5.1,75.83,1.12,2.51,,0.4,0.561,500,0.37,LightYellow
Amethyst,1.09,Premium,IF,61.04,56.49,3.54,3.13,4.99,64.55,1.08,-0.06,0.297,0.31,0.214,650,0.39,FaintYellow
Emerald,1.6,Very Good,VS1,,57.9,9.47,8.45,5.17,73.03,4.86,-0.37,0.529,0.298,0.569,700,0.62,Green
Emerald,3.94,Good,VS1,55.67,61.66,4.51,8.45,3.1,76.6,1.98,-1.64,0.111,0.232,0.499,650,0.51,Green
Emerald,4.49,Ideal,VVS2,56.09,60.31,3.81,4.37,3.27,74.47,3.93,2.02,0.47,0.168,0.475,600,0.32,Red
Sapphire,,Ideal,SI1,63.29,64.87,3.52,9.69,5.47,74.16,3.88,0.25,0.145,0.136,0.599,400,0.52,FaintYellow
Topaz,2.43,Premium,VS2,55.21,64.34,5.4,9.64,3.7,69.31,4.34,0.5,0.55,0.404,0.353,500,0.41,Red
Diamond,0.62,Good,VS1,59.5,50.91,5.44,5.56,6.15,78,2.55,-3.48,0.342,0.408,0.299,550,0.43,Red
Amethyst,0.47,Premium,VS2,62.74,52.68,6.68,4.03,2.51,66.27,3.59,1.68,0.354,0.232,0.525,450,0.37,Blue
Ruby,2,,VS2,56.95,54.3,8.13,4.99,2.78,78.13,2.45,-0.63,0.559,0.259,0.462,400,0.37,White
Emerald,2.43,Fair,IF,56.87,61.95,6.57,9.51,2.83,60.74,1.94,-3.96,0.319,0.33,0.429,400,0.51,FaintYellow
Emerald,3.12,Ideal,VS2,58.1,67.91,9.85,7.27,3.28,72,4.95,-1.57,0.551,0.231,0.271,700,0.49,Green
Topaz,0.23,Premium,VVS2,56.5,56.5,4.47,9.4,6.05,72.45,4.61,-4.54,0.441,0.401,0.452,600,0.5,Violet
Ruby,4.95,Ideal,IF,61.79,69.27,4.47,3.16,3.69,65.25,2.86,-3.77,0.241,0.409,0.256,450,0.39,Red
Topaz,1.95,Ideal,VVS2,57,53.46,7.93,9.94,4.08,75.08,3.43,4.94,0.13,0.234,0.366,500,0.54,Violet
Sapphire,4.27,Premium,VS2,57.27,68.49,5.2,7.4,3.9,63.84,4.88,2.91,0.552,0.433,0.278,450,0.58,White
Ruby,2.77,Ideal,VS1,60.75,66.02,4.2,4.3,5.63,68.26,2.37,4.88,0.262,0.269,0.223,650,0.68,Violet
Amethyst,0.83,Good,SI1,64.67,57.78,8.55,6.55,3.69,77.99,4.36,4.4,0.112,0.252,0.176,700,0.67,Red
Topaz,4.03,Good,VS2,64.14,,4.58,8.74,5.75,67.88,2.59,4.58,0.553,0.415,0.168,450,0.65,Red
Diamond,3.61,Fair,VVS2,63.64,57.83,8.24,3.99,4.17,76.53,4.49,-0.21,0.366,0.242,0.549,400,0.38,FaintYellow
Sapphire,2.73,Good,VVS1,60.31,54.27,4.45,7.26,3.09,61.98,2.95,1.77,0.449,0.23,0.439,650,0.65,LightYellow
Diamond,2.67,Premium,VVS1,57.98,61.22,9.58,7.85,3.94,62.29,3.13,-4.88,0.577,0.542,0.163,550,0.41,Blue
Amethyst,0.62,Good,VS1,62.06,61.5,5.07,5.89,3.79,63.56,4.02,-1.2,0.199,0.268,0.551,500,0.42,Green
Topaz,3.35,Fair,SI2,58.9,65.36,8.25,6.79,3.09,63.3,4.53,1.75,0.416,0.352,0.435,550,,Green
Topaz,4.57,Very Good,SI1,62.78,60.56,8.89,8.86,2.55,79.57,,-3.46,0.187,0.546,0.429,550,0.3,FaintYellow
Emerald,0.65,Very Good,VVS2,55.16,56.9,3.86,9.66,5.79,,4.01,3.95,0.23,0.135,0.478,600,0.57,Red
Amethyst,1.46,Premium,VS1,60.3,68.23,3.48,6.88,4.32,62.99,4.8,-3.93,0.37,0.513,0.44,650,0.5,White
Emerald,4.53,Fair,IF,58.37,51.56,7.19,7.92,3.09,63.41,1.09,3.38,0.211,0.122,0.339,450,0.53,Violet
Sapphire,1.56,,VS2,57.49,66.18,7.34,5.26,3.92,71.97,1.63,1.15,0.335,0.394,0.191,500,0.6,Blue
Emerald,3.34,Fair,SI2,61.62,58.19,7.36,5.34,4.73,69.85,2.42,3.6,0.108,0.314,0.229,700,0.64,White
Ruby,2.77,Ideal,IF,61.58,53.62,6.19,9.22,5.24,74.47,4.15,-2.76,0.425,0.57,0.228,600,0.31,White
Ruby,,Fair,VVS1,55.37,52.41,9.54,3.69,4.79,66.86,3.34,1.37,0.483,0.591,0.471,500,0.65,Green
Sapphire,2.2,Good,VS2,64.48,54.42,7.84,4.44,3.05,60.82,4.69,-2.77,0.217,0.534,0.206,500,0.59,White
Sapphire,1.64,Premium,IF,58.62,52.44,3.52,4.89,2.5,66.92,2.85,-2.39,0.114,0.415,0.248,550,0.59,FaintYellow
Amethyst,0.43,Ideal,VVS1,64.17,59.18,8.5,3.66,2.33,,3,-3.86,0.134,0.232,0.414,400,0.32,White
Topaz,3.77,Fair,SI1,60.84,56.99,4.93,7.67,2.49,76.29,3.24,3.54,0.416,0.53,0.135,550,0.32,Red
Diamond,3.78,Very Good,IF,61.53,57.13,8.06,9.34,3.56,74.27,4.63,3.02,0.6,0.123,0.443,450,0.35,FaintYellow
Ruby,3.42,Good,VS2,64.61,53.14,3.41,3.19,3.6,68.08,1.24,-2.18,0.443,0.193,0.393,700,0.67,FaintYellow
Diamond,3.29,Premium,IF,63.22,63.19,8.37,4.77,6.4,72.21,3.04,-3.2,0.105,0.249,0.309,500,0.51,White
Topaz,1.37,Good,SI2,56.4,62.16,6.8,9.44,2.1,62.87,2.51,2.98,0.569,0.446,0.123,450,0.36,Green
Ruby,0.31,Fair,SI2,55.05,69.65,8.05,6.26,4.85,65.04,2.22,-0.37,0.529,0.356,0.215,500,0.3,Green
Diamond,4.08,Premium,VS2,58.09,53.35,6.46,9.2,4.3,64.94,3.86,-1.72,0.361,0.567,0.241,450,0.4,Green
Sapphire,2.56,Very Good,IF,59.89,66.68,8.61,9.61,2.66,61.51,2.35,1.81,0.505,0.268,0.111,450,0.67,Green
Emerald,1.67,Ideal,VS1,,50.68,9.63,9.94,6.27,78.79,1.1,-1.15,0.247,0.448,0.18,550,0.61,Blue
Emerald,0.69,Fair,SI1,61.61,51.47,8.2,5.77,5.65,68.63,1.86,2.28,0.161,0.119,0.105,650,0.49,White
Topaz,0.5,Premium,IF,58.13,62.96,8.21,5.4,2.99,77.48,2.17,-2.91,0.178,0.44,0.124,500,0.52,White
Amethyst,1.87,Ideal,IF,60.42,58.13,4.52,8.24,3.31,,1.73,0.68,0.218,0.31,0.16,500,0.57,Violet
Sapphire,4.06,Premium,SI2,61.51,54.61,5.48,7.16,2.9,75.36,4.05,3.75,0.236,0.526,0.269,700,0.45,Green
Diamond,4.61,Fair,SI2,60.14,50.06,3.88,7.61,,76.08,3.42,3.11,0.311,0.408,0.272,450,0.43,Blue
Ruby,4.5,Premium,VS1,61.89,,6.73,6.73,3.03,60.09,3.76,4.44,0.445,0.445,0.509,400,0.5,Green
Topaz,4.62,Very Good,SI2,59.85,58.82,6.13,6.6,3.16,60.68,3.17,-4.79,0.166,0.519,0.374,450,0.35,Blue
Diamond,4.56,Premium,VVS1,60.3,53.42,5.06,5.2,4.32,78.42,3.73,4.29,0.199,0.117,0.129,450,0.32,Red
Topaz,2.73,Fair,VS2,64.41,69.44,3.48,7.17,3.52,71.38,3.86,,0.157,0.594,0.123,,0.43,Blue
Sapphire,1.25,Premium,VVS2,58.89,57.02,9.52,8.96,4.2,65.69,4.04,4.44,0.342,0.206,0.273,700,0.52,White
Topaz,4.03,Ideal,VVS1,62.56,56.06,7.24,5.49,2.14,63.72,4.11,-2.45,0.457,0.194,0.432,400,0.48,LightYellow
Diamond,1.23,Ideal,VS2,,60.21,5.27,7.41,5.34,76.36,2.1,-3.13,0.321,0.5,0.377,550,0.62,White
Sapphire,1.48,Good,IF,58.32,55.54,5.43,7.46,6.18,63.87,1.96,1.28,0.472,0.312,0.188,450,0.5,Red
Sapphire,1.32,Good,VVS1,64.27,55.46,5.77,7.04,6.48,76.87,3.89,2.27,0.384,0.2,0.355,500,0.6,Violet
Diamond,2.67,Very Good,IF,61.99,69.33,8.68,7.72,2.9,72.45,4.93,4.62,0.258,0.191,0.515,650,0.51,White
Emerald,1.74,Ideal,VVS1,64.29,55.22,4.47,5.88,3.73,73.2,3.9,-1.99,0.372,0.175,0.202,,0.57,FaintYellow
Sapphire,,Good,VVS1,64.95,62.11,9,7.16,6.38,68.75,3.02,,0.516,0.32,0.411,400,0.58,Blue
Amethyst,2.38,Premium,VVS2,55,50.75,5.18,3.67,,60.72,2.22,1.05,0.186,0.129,0.561,700,0.31,LightYellow
Topaz,4.39,Very Good,VS1,64.83,53.09,9.1,6.39,4.43,71.09,1.53,3.24,0.382,0.105,0.385,650,0.53,Blue
Sapphire,2.94,Fair,VVS1,56.01,50.44,9.27,7.1,5.6,74.28,3.33,,0.437,0.506,0.546,550,0.32,White
Ruby,4.42,,SI2,55.7,60.69,7.88,5.96,2.13,60.06,1.33,4.44,0.552,,0.204,650,0.34,Violet
Topaz,1.14,Good,IF,62.68,59.83,9.26,3.12,2.47,60.52,4.71,0.42,0.402,0.229,0.309,700,0.5,LightYellow
Emerald,1,Ideal,VVS2,58.5,56.62,8.23,7.91,2.88,78.14,1.26,3.22,0.121,0.142,0.386,450,0.55,Green
Ruby,2.96,Very Good,,64.18,64.01,,6.19,4.05,73.61,1.54,3.03,0.384,0.445,0.152,450,0.68,Green
Sapphire,2.42,Ideal,SI2,60.45,62.52,9.69,4.09,2.07,75.81,4.04,-2.93,0.202,0.502,0.386,550,0.6,Green
Topaz,3.37,Ideal,VS1,58.86,62.01,4.33,9.81,3.94,60.53,4.55,-1.56,0.332,0.337,0.347,550,0.57,LightYellow
Ruby,4.01,Very Good,IF,55.73,,6.46,9.6,2.73,68.01,1.73,-3,0.383,0.507,0.378,450,0.66,Blue
Emerald,3.81,Premium,VVS2,59.65,56.54,5.68,4.11,5.82,74.94,1.21,-4.58,0.429,0.549,0.484,450,0.65,Violet
Ruby,4.72,Good,VS2,57.78,,5.44,7.95,4.19,61.83,1.54,3.5,0.137,,0.224,650,0.55,Blue
Ruby,2.11,Ideal,SI1,55.77,60.88,8.49,,2.32,63.77,3.86,4.02,0.524,0.567,0.333,500,0.35,Violet
Amethyst,1.19,Good,VS1,61.7,55.44,5.04,5.03,4.08,70.18,4.56,-0.79,0.572,0.178,0.344,400,0.56,Violet
Emerald,2.84,Very Good,SI2,64.77,60.86,6.76,7.79,4.16,77.87,3.86,-1.35,0.449,0.426,0.468,500,0.52,LightYellow
Ruby,0.73,Premium,VS2,58.79,55.34,5.36,6.13,3.35,66.58,2.46,-0.29,0.402,0.317,0.405,500,0.43,FaintYellow
Sapphire,1.59,Fair,VS2,57.97,53.71,9.25,9.29,3.65,76.56,3.42,1.28,0.409,0.148,0.54,600,0.31,FaintYellow
Emerald,1.2,Premium,VVS2,55.9,55.64,4.09,7.93,6.37,60.18,3.04,4.87,0.449,0.565,0.131,650,0.51,Blue
Emerald,2.1,Very Good,VVS2,57.23,62.58,4.23,6.55,3.11,63.64,3.08,3.72,0.54,0.494,0.229,,0.47,FaintYellow
Ruby,0.73,Premium,VVS2,57.85,60.32,3.78,6.16,5.04,65.81,4.3,-3.37,0.175,0.373,0.241,700,0.3,Violet
Ruby,0.35,Fair,SI2,58.44,53.29,8.3,3.22,4.97,74.18,4.82,3.77,0.117,0.472,0.518,550,0.5,FaintYellow
Emerald,3.35,Ideal,SI2,61.34,68.16,4.13,,3.9,,4.55,-0.15,0.136,0.34,0.145,500,0.43,White
Ruby,3.13,Premium,VS2,56.15,59.97,6.73,3.32,6.19,65.29,4.03,3.05,0.239,0.393,0.518,450,0.36,Red
Ruby,3.6,Very Good,SI1,55.58,65.87,8.37,3.44,5.46,71.63,2.83,3.45,0.301,0.201,0.461,600,0.31,Red
Topaz,3.37,Premium,IF,64.31,56.61,3.81,3.47,2.09,77.8,1.95,-1.22,0.333,0.344,0.198,500,0.45,White
Topaz,0.75,Fair,VVS2,62.99,69.15,9.51,3.1,4.19,69.39,2.5,-4.72,0.212,0.202,0.435,400,0.35,LightYellow
Amethyst,1.6,Very Good,VS1,57.78,65.04,4.99,8.54,2.51,73.92,4.46,-1.35,0.138,0.581,0.197,600,0.62,FaintYellow
Diamond,0.82,Premium,VVS2,61.39,59.09,8.55,6.35,3.29,66.91,1.03,-4.7,0.224,0.32,0.24,550,0.62,LightYellow
Ruby,4.25,Very Good,SI1,60.92,68.05,8.55,8.24,3.07,74.25,2.29,0.14,0.486,0.312,0.436,700,0.51,FaintYellow
Amethyst,3.79,Fair,VVS2,62.43,64.35,5.44,4.17,5.4,77.34,2.95,4.49,0.405,0.584,0.244,400,0.42,Red
Amethyst,1.17,Ideal,SI1,63.59,58.61,6.85,8.89,3.12,71.33,1.16,3.85,0.47,0.574,0.126,550,0.41,White
Amethyst,1.84,Fair,VVS2,58.58,69.48,7.42,3.66,6.47,67.72,1.42,-1.17,0.363,0.468,0.277,700,0.33,FaintYellow
Topaz,4.84,Ideal,VS2,61.61,55.97,5.91,5.25,2.58,75.09,3.83,2.57,0.227,0.472,0.418,400,0.44,White
Ruby,3.05,Good,SI1,63.02,55.13,5.51,5.59,3.85,79.12,4.77,2.31,0.583,0.547,0.195,550,0.67,Green
Sapphire,4.05,Fair,IF,61.99,67.89,8.96,4.65,4.2,61.36,3.7,0.78,0.524,0.583,0.499,400,0.7,Green
Emerald,1.47,Ideal,VVS2,64.22,64.15,4.41,3.96,3.95,70.33,1.94,2.05,0.555,0.541,0.163,550,0.32,LightYellow
Diamond,1.21,Good,VS2,59.95,56.91,8.56,7.4,2.42,63.64,2.19,4.03,0.207,0.112,0.446,450,0.37,Blue
Emerald,3.96,Good,VS1,63.03,54.64,4.43,3.06,3.02,65.48,3.43,-2.19,0.449,0.438,0.262,650,0.48,FaintYellow
Emerald,3.49,Good,IF,64.1,53.56,7.9,8.54,4.34,72.72,4.94,-3.24,0.374,0.578,0.379,650,0.63,Red
Sapphire,3.47,Very Good,VS2,60.57,56.27,5.01,3.3,5.6,79.2,3.61,-1.78,0.207,0.213,0.569,400,0.5,Violet
Diamond,2.85,Fair,SI1,55.17,52.51,9.49,9.75,5.1,77.06,1.33,1.11,0.509,0.374,0.59,400,0.31,Green
Diamond,2.91,Fair,VVS1,63.18,52.91,7.24,9.08,4.45,65.15,1.69,-0.17,0.102,0.598,0.365,550,0.51,White
Emerald,3.73,Fair,VS1,63.46,65.53,6.73,5.9,6.4,60.48,3.85,1.72,0.186,0.379,0.171,400,0.53,White
Emerald,1.5,Fair,SI1,59,51.28,5.07,4,5.42,71.99,3.97,-0.54,0.183,0.263,0.527,450,0.51,LightYellow
Emerald,1.89,Very Good,VVS1,57.29,58.79,6.56,9.09,5.9,70.68,1.31,1.51,0.39,0.477,0.469,400,0.66,Blue
Amethyst,4.38,Fair,VS2,64.78,58.1,3.46,7.51,2.06,69.21,3.31,-4.11,0.356,0.594,0.359,550,0.46,Green
Diamond,1.68,Ideal,VS2,60.52,69.2,4,6.53,2.97,69.5,4.28,-0.66,0.565,0.139,0.254,600,0.34,Green
Emerald,,Good,SI2,60.16,59.31,5.07,5.24,5.24,71.83,1.76,1.46,0.514,0.163,0.333,650,0.5,LightYellow
Emerald,3.57,Very Good,SI1,64.46,53.22,9.64,6.93,3.25,67.94,3.82,-2.09,0.265,0.392,0.271,400,0.39,FaintYellow
Sapphire,5,Very Good,VS1,59.08,51.77,6.28,5.91,3.59,63.42,2.65,-1.77,0.364,0.481,0.473,550,0.31,Blue
Topaz,2.29,Fair,SI2,63.48,64.65,5.8,6.26,4.66,65.18,3.62,-4.8,0.255,0.482,0.471,650,0.57,FaintYellow
Sapphire,2.25,Good,VS2,62.01,52.95,8.41,8.92,4.44,61.28,3.24,2.87,0.2,0.361,0.104,400,0.49,Red
Topaz,4.24,Ideal,VVS1,64.68,68.76,7.86,9.67,2.99,61.12,4.75,-0.14,0.405,0.584,0.161,600,0.4,Blue
Ruby,4.07,Good,SI2,59.29,61.18,7.65,9.74,5.95,77.35,1.63,-3.33,0.513,0.426,0.359,700,0.32,LightYellow
Ruby,3.71,Premium,VS2,64.08,58.03,7.24,9.36,4.83,62.51,1.85,1.3,0.115,0.338,0.513,400,0.48,FaintYellow
Ruby,2.42,Good,VS1,60.69,63.69,3.91,8.62,5.08,61.38,1.71,-3.81,0.125,0.383,0.578,400,0.36,Violet
Ruby,1.75,Ideal,VS2,59.76,53.98,5.73,6.18,5.73,76.53,3.8,-0.35,0.119,0.504,0.414,450,0.51,FaintYellow
Ruby,3.12,Ideal,IF,58.06,57.65,9.31,3.62,2.46,79.07,1.74,-3.65,0.451,0.551,0.264,400,0.69,White
Amethyst,4.41,Ideal,VVS1,60.53,50.67,9.72,7.41,4.13,64.11,2.66,1.77,0.274,0.515,0.215,400,0.55,Green
Amethyst,4.44,Very Good,VVS1,60.73,67.55,6.03,5.81,2.39,75.15,4.54,-3.11,0.454,0.396,0.523,600,0.43,
Amethyst,0.72,Very Good,VVS2,63.98,58.51,3.01,7.81,2.33,63.25,2.11,4.54,0.211,0.135,0.53,500,0.39,Green
Topaz,2.26,Premium,VS2,62.04,65.18,6.5,4.55,5.25,73.61,1.6,1.02,0.105,0.465,0.349,400,0.44,LightYellow
Topaz,2.43,Good,SI1,63.26,68.34,4.59,8.35,5.55,73.59,3.13,-4.78,0.432,0.48,0.356,500,0.55,FaintYellow
Topaz,4.89,Fair,VVS1,62.69,63.06,4.32,4.19,2.24,68.59,3.62,-0.8,0.197,0.144,0.209,550,0.33,LightYellow
Topaz,3.45,,VS2,57.77,57.51,4.99,8.66,,77.64,2.98,-3.4,0.378,0.257,0.33,650,0.36,Red
Topaz,2.15,Fair,IF,57.06,62.39,3.86,9.38,3.27,,3.19,1.05,0.317,0.142,0.412,450,0.49,LightYellow
Diamond,0.33,Fair,SI2,57.58,57.21,3.32,9.3,4.95,69.53,1.77,2.65,0.545,0.303,0.289,450,0.68,LightYellow
Diamond,2.91,Premium,VS1,56.47,61.35,6.11,5.43,5.09,72.03,2.18,-1.92,0.119,0.37,0.544,550,0.68,Violet
Diamond,0.66,Good,VS1,58.86,58.64,4.84,5.73,5.13,75.18,3.64,1.76,0.323,0.185,0.539,500,0.3,Blue
Emerald,4.21,Fair,VVS2,61.54,53,4.79,8.87,4.61,62.85,4.23,3.71,0.519,0.401,0.562,550,0.52,Blue
Amethyst,3.81,Very Good,VVS2,60.37,65.6,4.55,7.85,2.51,70.7,2.44,4.05,0.44,0.483,0.113,450,0.41,Blue
Topaz,2.41,Very Good,SI1,61.79,59.93,6.48,6.69,2.5,69.1,3.84,-3.77,0.539,0.54,0.15,650,0.32,Violet
Emerald,2.26,Premium,VVS1,58.56,53.8,8.13,9.72,2.63,68.33,1.79,-1.45,0.596,0.533,0.155,700,0.58,FaintYellow
Diamond,4.51,Fair,SI1,57.05,67.84,7.6,6.61,6.14,67.19,2.19,-2.27,0.378,0.431,0.395,450,0.58,FaintYellow
Emerald,1.58,Premium,VVS1,57.03,67.06,9.83,4.71,2.95,79.94,1.03,0.71,0.273,0.444,0.181,550,0.5,Red
Topaz,1.4,Very Good,VVS1,61.01,61.18,9.4,7.76,2.69,63.4,1.88,3.16,0.412,0.157,0.352,650,0.53,White
Ruby,4.71,Premium,IF,56.64,69.41,5.92,6.59,6.45,,4.05,1.44,0.414,0.21,0.508,550,0.39,Violet
Emerald,4.08,Fair,VVS2,58.97,68.54,8.69,4.43,2.02,67.54,1.34,4.83,0.488,0.582,0.448,600,0.52,LightYellow
Diamond,4.14,Fair,VVS2,57.13,67.94,4.29,4.07,5.5,72.98,1.31,-4.6,0.35,0.6,0.232,550,0.31,FaintYellow
Sapphire,1.14,Very Good,VS1,61.63,52.67,4.49,5.49,5.8,79.77,3.56,-3.01,0.203,0.111,0.377,650,0.57,Red
Amethyst,0.89,Ideal,VVS2,61.15,55.89,7.91,9.79,4.98,69.55,3,3.51,0.552,0.481,0.409,450,0.31,Green
,0.32,Ideal,VVS2,58.81,58.2,4.52,4.02,6.39,76.49,4.1,-1.07,0.548,0.416,0.308,650,0.45,FaintYellow
Topaz,1.34,Good,IF,56.29,66.64,6.16,6.3,3.5,61.52,2.56,2.79,0.292,0.116,0.173,600,0.38,LightYellow
Emerald,3.92,Very Good,SI1,57.12,67.42,5.25,5.29,2.4,71.09,3.25,4.72,0.429,0.389,0.535,650,0.54,Red
Diamond,1.35,Good,VVS1,59.72,65.03,4.63,9.6,3.08,67.64,4.76,0.9,0.485,0.396,0.543,650,0.38,Green
Amethyst,3.7,Very Good,SI1,64.72,59.45,4.08,5.64,2.45,73.98,4.48,1.66,0.151,0.269,0.508,400,0.42,White
Sapphire,1.41,Fair,SI2,,53.24,7.28,4.58,4.19,60.74,3.41,-1.16,0.522,,0.532,500,0.63,LightYellow
Topaz,2.1,Very Good,SI2,56.91,50.7,3.39,6.35,6.34,68.95,2.92,3.99,0.466,0.597,0.436,600,0.62,Violet
Sapphire,4.92,Premium,IF,57.21,63.99,7.92,4.08,4.33,69.89,1.19,1.7,0.361,0.563,0.306,450,0.42,FaintYellow
Sapphire,1.38,Good,VS2,62.08,69.88,9.26,5.66,3.46,76.89,3.11,1.04,0.56,0.103,0.158,550,0.36,Violet
Sapphire,2.01,Very Good,VS1,64.15,56.91,5.4,8.13,6.08,67.69,2.87,-4.72,0.493,0.22,0.506,650,0.46,Red
Diamond,1.65,Good,VS1,55.75,61.37,5.89,7.2,4.76,66.41,4.72,-0.05,0.346,0.366,0.235,550,0.34,White
Amethyst,0.73,Very Good,VS1,62.49,66.21,7.13,3.08,6.18,67.78,2.62,4.95,0.539,0.492,0.186,700,0.61,FaintYellow
Diamond,2.55,Ideal,SI1,59.95,53.73,7.66,6.49,6.34,68.76,3.49,-0.51,0.538,0.157,0.298,600,0.34,Violet
Sapphire,2.02,Good,VVS1,63.25,66.59,6.81,8.69,6.21,65.09,4.66,4.57,0.41,0.381,0.431,,0.42,White
Ruby,3.54,Fair,VVS1,59.22,62.51,7.83,6.94,5.11,60.91,1.78,4.81,0.543,0.213,0.384,550,0.65,FaintYellow
,4.12,Fair,VVS1,55.05,61.4,8.66,6.29,4.26,79.81,2.5,1.46,0.465,0.303,0.37,700,0.38,Blue
Topaz,2.81,Very Good,VS1,61.83,65.25,9.93,5.91,3.31,75.31,2.46,-2,0.148,0.569,0.161,550,0.45,LightYellow
Emerald,0.35,Fair,VS1,63.08,54.82,5.75,6.76,6.24,79.71,2.13,-3.05,0.538,0.279,0.176,400,0.55,Blue
,3.17,Fair,SI1,64.02,62.3,7.09,3.52,4.45,73.25,4.45,0.46,0.475,0.409,0.11,600,0.35,Violet
Diamond,0.47,Good,SI1,60.69,54.81,5.63,8.6,6.48,77.66,3.72,-3.95,0.266,,0.224,450,0.63,
Emerald,3.16,Very Good,SI2,56.22,53.59,4.67,9,6.13,69.01,4.9,0.06,0.171,0.138,0.374,600,0.66,Red
Topaz,3.49,Good,VS1,58.7,62.47,9.98,7.15,3.7,66.98,,1.58,0.137,0.557,0.162,450,0.61,Blue
Sapphire,1.15,Very Good,VS2,62.84,55.39,3.1,9.85,5.94,79.88,4.53,-0.61,0.582,0.596,0.179,650,0.55,Red
Amethyst,4.13,Fair,VS2,59.94,64.29,3.45,6.89,4.41,63.39,1.16,-3.5,0.396,0.113,0.477,650,0.58,Blue
Sapphire,,Very Good,SI2,61.99,60.29,7.08,3.19,5.34,64.33,,3.06,0.132,0.34,0.242,650,0.67,White
Ruby,4.1,Very Good,SI1,55.05,63.9,7.97,6.25,4.16,73.36,3.65,0.41,0.112,0.127,0.421,450,0.62,Violet
Emerald,1.66,Premium,VS1,55.73,67.83,8.1,5.8,6.45,65.11,3.44,,0.154,0.375,0.58,700,0.67,FaintYellow
Sapphire,3.02,Very Good,VVS1,61.81,52.76,7.92,4.36,3.79,68.62,1.1,-4.84,0.442,0.487,0.517,450,0.67,White
Diamond,4.59,Premium,VVS1,57.9,51.33,8.52,6.74,2.43,78.64,1.28,0.44,0.205,0.329,0.56,450,0.53,Green
Diamond,1.74,Good,VS2,58.88,58,8.21,6.18,5.86,65.32,2.91,2.67,0.358,0.205,0.545,500,0.38,Red
Sapphire,4.14,Premium,VS2,61.42,64.33,6.82,4.2,5.4,70.21,4.2,-1.36,0.516,0.386,0.141,400,0.41,White
Emerald,0.25,Good,VS1,56.12,67.72,6.29,6.54,2.57,74.73,3.89,1.61,0.484,0.217,0.424,400,0.68,Red
,0.22,Very Good,VS1,63.33,50.7,8.04,8.84,4.27,61.44,3.1,2.96,0.3,0.524,0.502,600,0.58,Green
Topaz,3.85,Good,VVS1,56.44,65.86,,6.56,5.05,61.44,2.79,-0.3,0.521,0.49,0.284,700,0.42,Blue
Sapphire,3.85,Fair,SI1,62.33,51.51,5.33,4.52,3.84,74.92,4.14,-2.3,0.255,0.39,0.142,650,0.65,LightYellow
Topaz,3.99,Very Good,,57.93,61.61,3.02,7.8,6.09,78.4,,-0.86,0.224,0.31,0.125,400,0.68,LightYellow
Sapphire,4.66,Premium,SI1,57.6,56.88,5.2,9.09,6.24,71.84,,2.61,0.477,0.523,0.269,500,0.6,Violet
Sapphire,0.77,Ideal,SI2,52.36,50.35,6.74,5.42,5.91,60.76,4.66,-2.82,0.348,0.439,0.5,400,0.36,Blue
Sapphire,1.31,Very Good,VVS1,60.52,51.94,6.68,3.5,4.39,69.04,1.78,-2.45,0.574,0.439,0.453,500,0.33,Blue
Topaz,4.54,Fair,SI1,57.05,57.07,5.66,9.4,4.04,74.41,2.65,-1.4,0.235,0.444,0.473,400,0.39,FaintYellow
Ruby,1.05,Good,VVS1,55.03,69.08,,7.78,4.63,72.64,2.63,1.28,0.365,0.16,0.145,450,0.67,FaintYellow
Topaz,3.47,Premium,VS1,64.73,53.1,6.33,9.94,4.33,63.96,2.74,-2.59,0.201,0.392,0.192,400,0.44,Blue
Amethyst,2.75,Premium,VVS2,59.31,55.44,3.97,7.86,2.44,61.06,1.25,-0.05,0.14,0.278,0.454,500,0.63,Green
Topaz,0.6,Fair,VVS2,58.97,69.88,4.35,3.87,5.55,77.79,3.87,1.35,0.194,0.3,0.59,500,0.66,Blue
Amethyst,1.57,Fair,SI2,55.5,59.61,3.66,6.03,6.23,64.52,3.5,0.22,0.129,0.375,0.185,450,0.31,Red
Emerald,2.7,Very Good,VS1,63.94,55.24,4.88,3.3,4.21,79.92,4.47,-4.93,0.2,0.598,0.294,450,0.66,FaintYellow
Topaz,4.29,Ideal,IF,56.41,62.32,5.13,5.39,2.28,62.31,1.25,0,0.111,0.553,0.312,650,0.54,FaintYellow
Amethyst,3.6,Ideal,VS1,58.35,58.72,5.34,8.5,3.45,62.29,3.12,-1.44,0.168,0.598,0.537,650,0.54,Red
Diamond,3.19,Good,VS2,59.21,67.17,8.85,6.89,2.55,73.36,1.8,-4.54,0.316,0.504,0.174,600,0.43,Red
Amethyst,2.58,Premium,SI1,63.1,50.16,8.36,6.21,6.41,65.4,3.72,4.15,0.239,0.161,,,0.34,Blue
Topaz,1.63,Very Good,VVS2,58.59,69.94,6.47,8.93,2.62,79.49,4.13,1.49,0.264,0.175,0.312,650,0.59,Blue
Diamond,0.77,Premium,SI2,60.31,51.33,6.11,4.24,2.36,64.74,2.91,4.13,0.186,0.214,0.136,550,0.4,Blue
Ruby,2.16,Very Good,VS1,59.29,60.74,5.65,6.77,4.35,72.47,1.82,,0.566,0.599,0.45,700,0.49,Violet
Emerald,0.34,Fair,VVS1,58.12,63.95,3.09,7.53,2.29,68.13,3.44,4.24,0.548,0.353,0.562,650,0.4,Violet
Topaz,1.21,Good,VVS1,64.46,61,9.44,9.48,4.85,61.81,1.56,-0.59,0.265,0.488,0.496,700,0.49,Violet
Diamond,2.28,Fair,SI1,62.97,56.02,5.04,4.15,5.91,74.16,2.5,-1.77,0.559,0.481,0.172,550,0.47,LightYellow
Ruby,2.21,Premium,VVS1,56.74,67.11,8.89,7.95,3.13,75.81,3.46,3.42,0.32,,0.229,400,0.53,Red
Ruby,0.41,Good,SI2,60.55,58.61,8.19,3.32,6.17,76.53,4.77,-4.56,0.248,0.146,0.352,700,0.55,Red
Amethyst,,Very Good,VS1,62.97,56.01,3.8,6.97,4.91,69.8,3.66,2.32,0.595,,0.158,400,0.45,Blue
Ruby,2.84,Very Good,IF,60.8,65.37,5.19,7.51,2.73,79.52,3.54,3.64,0.315,0.48,0.381,450,0.58,FaintYellow
Sapphire,0.57,Good,SI2,59.94,52.92,6.39,8.88,4.9,76,3.9,3.71,0.142,0.107,0.189,500,0.52,FaintYellow
Diamond,4.73,Fair,VS2,55.72,54.1,,5.27,2.33,,1.68,-4.68,0.392,0.537,0.548,500,0.39,Violet
Diamond,0.68,Good,VVS1,56.06,55.06,5.81,7.88,3.57,61.99,3.94,3.82,0.191,0.355,0.316,,0.35,Violet
Diamond,4.3,Fair,,57.45,58.7,4.98,3.65,2.07,65.09,1.97,2.15,0.407,0.229,0.178,550,0.44,Blue
Amethyst,0.2,Good,IF,60.13,50.41,7.45,4.56,3.99,75.44,3.97,3.45,0.124,0.556,0.233,650,0.66,Violet
Diamond,4.43,Fair,VVS2,64.87,69.84,5.52,8.41,5.74,77.59,4.57,1.67,0.155,0.47,0.113,600,0.48,Green
Topaz,0.29,Ideal,SI2,63.02,62,5.42,9.25,5.14,73.25,3.06,2.49,0.256,0.246,0.288,400,0.6,Violet
Topaz,3.84,Good,SI2,56.1,69.41,4.9,3.11,2.89,67.76,1.04,1.18,0.408,0.47,0.301,450,0.59,White
Ruby,1.94,Fair,SI2,62.17,66.15,8.61,4.16,2.82,67.12,3.4,-0.29,0.423,0.252,0.406,600,0.68,Red
Topaz,3.74,Premium,SI2,63.1,52.69,7.52,4.47,5.17,67.18,2.38,4.29,0.424,0.369,0.232,400,0.33,Red
Ruby,2.13,Premium,VVS2,59.14,54.18,8.05,6.64,5,69.83,3.2,-3.9,0.355,0.475,0.543,650,0.59,LightYellow
Emerald,0.54,Good,SI1,58.3,50.69,5.76,4.08,2.64,74.52,2.67,-4.36,0.265,0.312,0.147,500,0.62,FaintYellow
Emerald,3.88,Good,VS2,,66.68,8.88,9.83,5.02,63.26,3.65,1.65,0.537,0.507,0.506,550,0.65,Blue
Topaz,0.54,Very Good,VS1,60.19,61.87,5.91,5.72,5.51,60.42,2.26,1.74,0.326,0.179,0.28,400,0.51,Red
Sapphire,4.63,Fair,VS1,57.65,54.3,4.24,4,5.45,61.53,2.51,3.42,0.491,0.359,0.17,450,0.35,Violet
Ruby,0.44,Good,VVS1,58.97,69.4,6.57,8.42,3.83,73.32,1.15,1.49,0.336,0.115,0.3,500,0.33,White
Amethyst,2.5,Premium,IF,60.44,64.73,6.11,6.93,5.66,76.97,1.57,-4.12,0.529,0.59,0.466,650,0.34,Violet
Amethyst,3.67,Premium,VS2,60.8,64.11,3.64,9.4,3.75,,2.53,3.79,0.114,0.188,0.179,500,0.38,Green
Emerald,2.09,Premium,IF,60.32,55.34,7.64,9.55,4.91,66.75,1.01,-4.01,0.234,0.182,0.117,550,0.33,White
Topaz,1.24,Fair,SI2,63.46,56.27,8.68,8.99,5.42,60.4,1.05,-0.51,0.49,,0.196,600,0.43,Red
Emerald,3.84,Ideal,SI2,55.32,63.36,5.49,6.95,5.4,61.22,3.52,1.29,0.446,0.133,0.449,700,0.58,Red
Amethyst,3.96,Good,SI2,58.33,61.87,8.31,4.56,3.56,75.09,2.79,1.32,0.554,0.536,0.258,450,0.56,Violet
Diamond,4.63,Ideal,VS2,62.5,62.95,7.1,6,4.57,61.79,1,-0.52,0.396,0.197,0.585,450,0.61,Red
Topaz,2.01,Fair,VS1,61.52,67.58,4.91,6.38,4.76,76.57,2.01,-1.69,0.578,0.416,0.129,600,0.47,Blue
Topaz,2.63,Good,VS1,64.18,53.21,5.41,9.83,3.06,75.62,3.54,-1.99,0.558,0.494,0.519,500,0.63,FaintYellow
Ruby,1.94,Very Good,VS2,60.88,52.33,9.62,4.77,2.04,76.39,1.8,4.73,0.563,0.35,0.569,,0.53,Violet
Amethyst,1.43,,IF,61.38,61.29,4.51,6.04,2.45,73.72,4.14,-1.6,0.407,0.118,0.24,700,,White
Ruby,3.8,Good,SI1,62.05,60,4.06,6.94,2.16,60.42,,0.81,0.545,0.258,0.321,650,0.33,White
Topaz,1.83,Good,VVS2,56.86,58.06,3.53,5.74,3.34,68.87,4.77,0.79,0.315,0.404,0.378,600,0.4,Green
Diamond,2.26,Good,VVS2,62.53,68.09,9.13,3.84,3.47,63.14,3.08,0.71,0.587,0.285,0.301,600,0.47,Violet
Sapphire,2.14,Good,SI2,58,61.17,7.7,9.23,5.9,66.76,1.7,1.21,0.183,0.424,0.214,450,0.43,FaintYellow
Topaz,3.62,Fair,VVS1,59.25,61.35,3.82,8.61,2.56,71.15,1.46,-2.38,0.249,0.356,0.28,500,0.41,LightYellow
Amethyst,4.61,Good,VVS1,55.14,57.33,8.36,4.8,2.83,74.64,1.58,-1.61,0.356,0.339,0.442,650,0.38,White
Diamond,3.4,Fair,SI1,63.44,56.88,7.41,6.13,4.79,64.64,3.81,-4.3,0.581,0.222,0.291,550,0.59,White
Ruby,2.46,Good,IF,64.53,69.75,9.9,8.15,4.11,66.7,1.63,0.71,0.389,0.575,0.275,400,0.49,White
Sapphire,3.94,Good,SI1,55.6,62.46,6.58,9.81,6.47,64.2,4.76,-2.61,0.131,0.381,0.231,450,0.58,Violet
Diamond,3.28,Fair,VS1,61.35,66.5,6.61,4.17,5.43,79.68,2.26,-3.29,0.409,0.21,0.589,600,0.52,LightYellow
Emerald,0.49,Good,IF,64.61,58.95,4.74,7.47,3.22,78.58,1.26,3.33,0.577,0.283,0.563,550,0.4,Green
Sapphire,0.66,Premium,VS2,61.07,53.84,4.34,8.72,5.25,73.07,1.65,0.82,0.316,0.158,0.489,600,0.65,Violet
Topaz,0.38,Good,SI2,62.98,56.5,8.13,3.18,3.03,76.5,2.36,0.58,0.251,0.497,0.563,500,0.32,Violet
Diamond,2.39,Very Good,VVS2,56.18,56.92,5.61,8.68,5.07,74.38,1.49,-3.44,0.4,0.397,0.335,400,0.64,Red
Emerald,4.16,Fair,VVS1,57.45,61.3,8.07,8.53,2.16,76.97,4.39,-0.55,0.442,0.49,0.27,700,0.59,Red
Topaz,1.7,Good,IF,58.46,53.09,8.42,9.46,2.9,78.72,4.83,0.55,0.302,0.442,0.475,450,0.68,Blue
Ruby,2.04,Good,IF,64.81,57.74,9.32,3.59,2.46,78.61,,,0.138,0.581,0.437,700,0.41,Blue
Amethyst,4.57,Fair,VS2,62.82,52.01,5.99,3.87,3.93,71.49,3.46,0.34,0.287,0.472,0.555,,0.35,Red
Sapphire,4.22,Ideal,SI2,63.86,,3.67,6.63,4.49,79.29,4.2,-4.85,0.344,0.437,0.16,600,0.55,LightYellow
Topaz,3.39,Premium,SI2,59.87,68.95,3.15,9.1,3.17,68.15,1.62,-3,0.36,0.403,0.484,500,0.55,Blue
Emerald,1.48,Premium,VS1,62.17,56.78,5.04,9.12,6.4,63.87,2.51,-2.83,0.45,0.137,0.316,400,0.63,Green
Ruby,0.76,Good,SI2,62.32,50.99,9.53,7.9,3.85,64.63,1.85,-1.22,0.108,0.132,0.491,450,0.48,FaintYellow
Amethyst,0.28,Fair,VS1,60.69,62.18,8.23,6.14,4.53,69.17,2.86,4.41,0.542,0.485,0.338,650,,White
Diamond,0.71,Very Good,SI2,63.78,62.69,6.91,4.62,4.09,,1.7,0.41,0.403,0.46,0.431,550,0.55,Red
Amethyst,1.6,Good,SI2,56.58,59.59,4.68,6.32,5.88,62.54,4.27,-2.44,0.365,0.218,0.442,600,0.33,Violet
Sapphire,2.85,Premium,VVS2,55.58,57.94,7.99,4.52,3.67,67.94,4.2,2.17,0.181,0.593,0.458,550,0.36,LightYellow
Topaz,0.51,Good,SI1,58.04,67.85,8.19,8.41,6.24,71.62,2.47,-2.81,0.16,0.173,0.332,450,0.43,Red
Topaz,0.85,Fair,,55.88,68.77,4.61,5.95,5.62,79.36,3.89,-3.42,0.38,0.325,0.406,450,0.35,Violet
Topaz,1.07,Very Good,VVS1,55.6,63.46,7.96,6.78,2.34,72.41,2.7,-2.02,0.459,0.598,0.495,450,0.49,
Emerald,3.23,Ideal,VS1,59.19,60.02,3.84,7.77,5.97,75.48,2.14,-2.07,0.481,0.555,0.331,450,0.69,Blue
Emerald,3.16,Very Good,VS1,57.01,51.35,,6.68,2.82,73.64,2.1,,0.385,0.201,0.146,650,0.5,Red
Emerald,2.84,Good,VS1,62.9,56.02,3.39,8.29,2.27,67.69,2.96,2.14,,0.151,0.285,600,0.67,FaintYellow
Sapphire,1.4,Premium,SI1,60.8,55.7,8.67,8.5,3,63.78,1.05,0.79,0.171,0.151,0.289,650,0.35,White
Ruby,1.98,Fair,IF,58.61,51.16,4.89,4.7,2.38,65.65,3.84,-0.07,0.383,0.231,0.586,600,0.4,Red
Emerald,0.66,Good,SI2,57.87,66.87,7.23,5.09,4.8,77.53,2.56,4.48,0.266,0.349,0.424,400,0.49,FaintYellow
Ruby,1.29,Ideal,SI2,60.63,67.34,4.01,3.42,4.01,63.11,,-4.68,0.504,0.528,0.402,600,,FaintYellow
Emerald,4.51,Fair,VS1,59.34,68.25,6.1,3.62,4.14,61.95,3.54,-0.96,0.354,0.115,0.325,400,0.55,FaintYellow
Emerald,4.9,Fair,SI1,55.56,64.84,3.19,8.81,4.77,77.06,4.02,1.85,0.212,0.347,0.128,400,0.39,Violet
Topaz,3.31,Fair,VS2,61.65,64.21,9.02,4.5,4.24,70.96,1.47,-1.8,0.515,0.173,0.531,500,0.39,FaintYellow
Topaz,4.6,Good,SI1,60,59.56,6.78,8.84,6.46,73.65,1.41,-0.25,0.557,0.422,0.491,650,0.58,White
Emerald,3.29,Ideal,VVS2,57.77,67.15,9.23,9.9,4.81,76.52,2.55,-4.7,0.192,0.463,0.132,400,0.58,Violet
Diamond,0.36,Good,VS1,57.9,60.2,6.27,4.7,4.64,66.8,3.6,-2.97,0.375,0.221,0.3,400,0.64,Blue
Diamond,4.98,Fair,VVS1,59.53,50.59,5.21,6.22,3.86,75,3.32,-4.18,0.524,0.348,0.536,450,0.37,Violet
Sapphire,0.67,Fair,IF,63.28,61.7,5.81,6.76,4.01,72.62,4.9,4.71,0.533,0.347,0.311,,0.61,Green
Ruby,3.48,Premium,SI2,59.23,57.81,4.71,9.6,6.45,60.5,2.75,2.44,0.391,0.155,0.246,450,0.51,LightYellow
Diamond,1.41,Very Good,VS2,63.4,60.43,9.2,4.25,2.02,74.41,2.4,1.53,0.366,0.448,,600,0.43,Green
Topaz,2.08,Good,SI1,59.25,58.81,5.07,8.85,2.7,66.89,4.04,-4.98,0.124,0.419,0.219,700,0.65,FaintYellow
Topaz,3.3,Ideal,VVS2,63.3,59.94,5.05,9.7,3.54,64.16,,-0.33,0.466,0.279,0.214,650,0.57,Green
Sapphire,2.3,Fair,IF,64.32,52.17,7.42,6.88,6.07,79.22,4.57,2.08,0.191,0.139,0.159,650,0.55,LightYellow
Diamond,1.4,Good,VS2,55.21,50.29,3.86,4.07,6.22,75.39,2.65,1.08,0.542,0.312,0.257,400,0.54,Blue
Emerald,1.81,Very Good,IF,55.62,56.8,4.53,5.34,2.26,60.49,3.53,0.14,0.494,0.308,0.504,700,0.59,LightYellow
Emerald,1.84,Good,VVS2,56.34,55.09,6.01,9.71,2.64,75.2,1.57,3.29,0.597,0.332,0.529,,0.55,Red
Ruby,4.8,Very Good,VVS2,56.22,55,4.28,,5.97,77.01,3.86,-1.65,0.373,0.239,0.127,650,0.68,LightYellow
Amethyst,4.03,Good,VS1,59.54,68.74,4.8,6.41,3.23,67.13,2.4,3.39,0.332,0.577,0.375,650,0.47,FaintYellow
Ruby,2.4,Premium,VVS1,62.64,66.38,7.9,4.33,3.8,66.53,1.89,-1.12,0.252,0.105,0.515,500,0.68,FaintYellow
Emerald,1.16,Good,VS1,64.61,50.27,4.96,9.33,2.02,68.47,1.54,0.81,0.12,0.525,0.238,650,0.55,Violet
Topaz,4.09,Premium,SI1,59.18,50.17,7.46,7.13,4.21,69.32,2.03,0.2,0.418,0.383,0.245,450,0.38,Violet
Sapphire,0.95,Very Good,SI2,61.88,65.54,6.46,9.46,5.89,67.61,3.04,-0.89,0.574,0.36,0.409,500,0.43,Red
Ruby,1.21,Fair,IF,61.36,69.7,8.37,9.62,3.64,70.12,4.58,-2.34,0.337,0.541,0.369,500,0.52,Green
Amethyst,1.96,Fair,VS1,58.93,59.3,8.26,6.42,5.96,79.45,2.04,-0.52,0.247,0.214,0.421,650,0.34,Violet
Emerald,4.43,Good,VVS2,62.21,58.66,4.38,9.56,3.56,60.64,1.22,-3.79,0.439,0.182,0.22,450,0.58,Blue
Topaz,0.83,Ideal,VVS2,60.92,55.52,9.6,3,4.96,79.65,4.12,-1.56,0.457,0.118,0.133,600,,Red
Topaz,0.79,Good,VVS2,62.6,,8.62,4.34,3.32,76.99,4.12,0.8,0.458,0.599,0.189,700,0.53,Violet
Topaz,2.57,Premium,VS1,56.94,59.43,6.73,8.14,4.32,75.95,1.27,-4.38,0.579,0.224,0.155,700,0.57,LightYellow
Topaz,1.53,Premium,SI2,58.6,53.35,6.92,6.69,5.73,69.01,1.73,2.44,0.161,0.151,0.105,500,0.67,Red
Emerald,2.93,Very Good,,61.71,59.63,8.8,9.94,5.82,61.5,1.64,0.67,0.506,0.508,0.295,600,0.38,FaintYellow
Ruby,2.37,Good,SI1,56.25,57.53,6.39,8.49,2.34,72.38,2.85,4.65,0.141,0.59,0.27,650,0.66,Violet
Amethyst,2.29,Very Good,VS2,62.7,67.8,6.35,7.65,,77.89,2,-4.09,0.451,0.581,0.573,700,0.32,Violet
Topaz,0.74,Ideal,VS1,56.33,65.43,7.41,9.39,4.35,68.5,3.99,-2.73,0.477,,0.309,550,0.57,Blue
Sapphire,0.88,Fair,VS1,58.24,64.02,3.62,5.36,2.99,61.39,3.47,0.38,0.302,0.137,0.554,600,0.58,LightYellow
Sapphire,4.14,Fair,,57.38,56.54,7.07,4.17,5.74,60.11,3.71,-0.15,0.459,0.428,0.454,550,0.45,LightYellow
Ruby,4.45,Good,,55.61,52.79,4.57,6.83,4.86,62.39,2.51,-0.02,0.202,0.299,0.568,400,0.67,Blue
Ruby,1.33,Very Good,VVS2,57.71,67.29,3.82,4.67,4.29,72.12,3,-1.58,0.116,0.43,0.248,700,0.38,Green
Ruby,0.74,Very Good,SI2,64.12,56.85,8.71,4.63,5.65,79.82,3.72,3.66,0.189,0.593,0.513,450,0.66,Green
Ruby,0.46,Ideal,VVS1,55.27,61.86,5.67,5.14,2.92,74.24,3.11,-4.49,0.169,0.235,0.251,600,0.41,Green
Emerald,3.12,Very Good,VS1,55.17,61.82,6.52,7.73,4.62,63.14,1.3,3.72,0.52,0.366,0.196,450,0.56,Red
Diamond,3.63,Premium,VS1,62.04,68.56,5.05,3.17,6.33,77.25,2.45,2.76,0.236,0.332,0.31,600,0.4,Blue
Emerald,1.99,Premium,VVS1,58.67,53.43,3.22,8.95,4.87,73.21,4.88,2.88,0.462,0.378,0.157,400,0.63,Red
Topaz,3.46,Premium,VS1,57.3,65.43,6.1,7.28,4.69,66.03,3.01,4.1,0.516,0.363,0.583,400,0.36,White
Ruby,3.62,Good,SI2,60.09,59.25,8.25,5.13,2.13,70.03,2.64,0.67,0.577,0.386,0.34,550,0.54,Violet
Ruby,4.69,Premium,VVS1,57.67,53.5,8.31,3.79,2.82,,4.56,3.66,0.513,0.373,0.167,450,0.66,Green
Diamond,0.51,Premium,VVS2,58.92,66.71,9.45,8.53,4.75,77.42,3.65,-0.95,0.522,0.17,0.135,500,0.34,White
Topaz,1.12,Fair,VS2,62.15,66.4,8.88,6.06,5.16,79.07,2.71,1.84,0.272,0.232,0.599,650,0.69,Green
Diamond,0.53,Good,VS1,56.17,50.8,9.88,6.05,,62.47,3.38,-1.95,0.245,0.18,0.415,550,0.48,Green
Amethyst,4.37,Premium,VS2,64.6,64.19,7,6.29,5.92,62.95,2.35,3.06,0.31,0.243,0.306,550,0.33,Red
Sapphire,4,Ideal,VS1,,53.07,3.36,5.9,3.62,61.65,4.21,-4.65,0.439,0.46,0.196,400,0.69,FaintYellow
Diamond,2.96,Premium,IF,63.07,62.21,9.04,6.59,5.1,67.6,3.87,3.45,0.255,0.578,0.267,,0.52,Red
Diamond,0.6,Good,SI2,62.25,62.88,9.66,7.41,4.09,79.42,1.87,-3.82,0.115,0.21,0.55,500,0.46,White
Amethyst,1.51,Very Good,SI1,57.82,63.3,6.25,6.02,4.15,79.75,2.23,-3.44,0.373,0.27,0.361,550,0.61,Green
Sapphire,1.63,Fair,IF,56.18,52.4,3.8,9.81,6.25,71.92,1.01,2.57,0.117,0.39,0.242,450,0.31,Green
Topaz,2.89,Fair,VVS2,63.52,61.97,3.17,5.78,5.3,69.27,4.16,-2.63,0.491,0.345,0.557,,0.54,Green
Topaz,1.44,Good,VS2,61.8,52,7.29,4.5,6.36,66.05,1.36,-0.09,0.161,0.419,0.524,700,0.55,White
Topaz,0.55,Premium,VS2,57.91,64.91,7.67,9.86,5.49,60.01,3.29,-0.01,0.557,0.274,0.206,700,0.55,Violet
Diamond,3.71,Ideal,VVS1,55.17,51.27,3.11,5.07,5.27,65.26,4.39,-1.25,0.372,0.127,0.333,400,0.53,LightYellow
Emerald,1.64,Premium,SI2,64.38,65.16,9.64,7.35,3.92,62.93,4.86,4.33,0.42,0.301,0.477,400,0.45,Red
Amethyst,2.37,Premium,VVS1,59.04,67.67,6.8,8.8,2.48,60.04,2.28,0.64,0.285,0.259,0.16,600,0.63,LightYellow
Sapphire,0.81,Ideal,VS1,56.76,55.97,7.29,3.03,4.84,77.92,1.73,2.17,0.425,0.332,0.354,450,0.65,Red
Ruby,4.05,Fair,VVS1,64.12,65.57,6.95,4.98,4.11,61.69,4.95,3.9,0.227,0.314,0.281,550,0.35,Blue
Sapphire,2.91,Premium,VVS1,58.59,58.35,5.22,6.72,4.66,74.17,1.75,1.15,0.506,0.482,0.372,550,0.61,White
Diamond,4.53,Very Good,VS2,59.63,65.95,9.3,6.19,3.27,78.49,1.6,1.95,0.261,0.385,0.351,500,0.64,Violet
Topaz,2.58,Very Good,IF,61.99,63.73,3.03,3.51,2.88,62.54,4.7,-0.58,0.418,0.18,0.207,450,0.64,Violet
Ruby,4.72,Good,VS2,63.19,55.78,8.23,6.13,3.19,64.81,4.74,4.95,0.461,0.355,0.431,400,0.43,Green
Ruby,4.48,Good,SI2,56,53.87,5.53,3.74,4.96,64.7,2.92,2.76,0.258,,0.142,650,0.41,Red
Amethyst,2.97,Ideal,VVS1,63.99,68.29,4.33,4.75,6.29,61.72,,4.65,0.42,0.212,0.245,450,0.44,White
Emerald,4.68,Ideal,VS1,64.33,66.78,6.05,8.24,6.46,78.19,2.67,-3.73,0.287,0.403,0.239,450,0.45,Green
Topaz,1.75,Good,IF,57.59,63.2,4.39,4.25,5.64,76.98,4.71,-4.77,0.371,0.196,0.537,650,0.5,Green
Topaz,1.96,,VVS1,59.97,56.99,9.08,7.66,6.31,67.62,4.34,0.23,0.493,0.318,0.596,500,0.33,Blue
Emerald,0.42,Fair,VVS1,63.58,60.21,8.57,9.81,3.28,75.39,3.06,2.32,0.465,0.598,0.201,500,0.51,Blue
Diamond,3.03,Very Good,SI1,59.87,61.16,9,4.73,2.02,70.19,2.78,3.33,0.218,0.375,0.392,600,0.48,Green
Ruby,3.67,Ideal,VS1,59.82,51.72,8.85,4.82,2.87,73.58,3.75,3.49,0.452,0.449,0.52,650,0.36,Red
Emerald,3.91,Good,VS1,61.19,69.44,8.77,9.67,4.86,73.78,3.66,-2.13,0.505,0.317,0.209,400,0.52,Blue
Topaz,0.92,Very Good,VVS1,62.67,51.84,7.07,7.66,6.05,75.51,1.33,2.59,0.172,0.543,0.567,500,0.55,Red
Sapphire,2.33,Ideal,VVS1,61.66,64.43,9.31,8.39,6.12,77.98,2.12,-3.43,0.121,0.223,0.359,400,0.43,Red
Ruby,1.05,Ideal,VS2,61.27,59.86,3.41,8.54,5.74,75.78,2.75,0.19,0.323,0.273,0.594,500,0.39,Green
Emerald,3.38,Premium,VVS2,58.72,65.2,,8.11,5.43,74.13,3.24,-2.65,0.224,0.462,0.497,600,0.3,Violet
Ruby,0.96,Ideal,VS1,61.3,55.22,4.49,9.84,3.37,72.44,1.77,-2.68,0.149,0.469,0.368,550,0.5,LightYellow
Sapphire,4.54,Fair,SI2,56.03,57.9,3.85,4.92,2.39,64.18,2.28,-2,0.541,0.493,0.289,600,0.32,FaintYellow
Sapphire,1.31,Ideal,VS1,59.1,60.51,3.04,6.63,4.36,65.66,3.02,-1.93,0.117,0.546,0.498,650,0.5,FaintYellow
Topaz,1.6,Fair,SI2,56.88,52.41,5.82,7.65,3.51,61.51,4.6,-1.65,0.267,0.407,0.404,450,0.61,Violet
Ruby,4.28,Premium,SI2,60.38,67.04,8.07,7.95,2.58,65.16,2.55,4.13,0.486,0.476,0.354,650,,Violet
Diamond,2.4,Fair,SI1,57.62,69.83,7.51,4.35,4.06,70.88,2.18,1.87,0.12,0.237,0.169,500,0.31,FaintYellow
Sapphire,0.32,Very Good,VS2,60.06,58.35,7.56,9.13,4.37,79.07,4.41,-4.96,0.211,0.143,0.41,450,0.46,Blue
Diamond,2.57,Ideal,IF,62.77,57.54,9.22,8.7,5.48,62.54,1.93,-0.99,0.412,0.593,0.403,450,0.58,Green
Sapphire,0.61,Good,SI1,59.34,61.88,9.7,4.85,5.64,68.86,3.42,-3.35,0.334,0.53,0.338,600,0.36,Blue
Emerald,4.93,Good,SI1,57.19,63.77,7.76,6.81,4.11,75.02,2.65,2.21,0.144,0.459,0.21,,0.49,LightYellow
Ruby,3.02,Fair,IF,57.23,67.37,3.59,5.06,6.14,75.87,4.63,4.83,0.301,0.145,,600,0.59,LightYellow
Amethyst,1.43,Premium,IF,64.06,,7.74,5.56,5.55,63.82,3.75,-0.01,0.253,0.256,0.23,700,0.36,Violet
Emerald,2.91,Fair,VS1,62.81,65.3,6.88,6.73,3.95,63.57,4.55,4.81,0.45,0.32,0.286,500,0.58,LightYellow
Sapphire,0.57,Fair,VVS2,55.37,54.8,3.45,6.78,3.58,72.21,3.64,-2.24,0.379,0.172,0.306,550,0.69,Blue
Sapphire,4.04,Fair,VVS2,64.43,63.61,4.8,6.72,3.43,78.28,3.25,0.81,0.364,0.282,0.191,450,0.39,Blue
Emerald,4.64,Very Good,SI2,56.13,59.33,4.66,6.81,4.09,76.09,2.67,0.45,0.48,0.104,0.369,450,0.43,LightYellow
Amethyst,4.4,Very Good,VS2,61.53,63.23,8.41,7.45,3.49,67.69,3.45,2.96,0.206,0.17,0.474,400,0.3,White
Amethyst,1.84,Fair,SI2,,57.6,5.42,3.11,4.11,73.17,4.15,-2.39,0.41,0.253,0.203,700,0.45,Green
Amethyst,1.76,Premium,IF,55.47,55.89,6.5,3.98,4.6,65.1,2.73,-2.41,0.195,0.417,0.587,650,0.49,FaintYellow
Ruby,0.37,Ideal,IF,57.95,59.72,8.5,6.29,2.75,69.43,3.55,-1.45,0.349,0.465,0.191,650,0.42,Violet
Diamond,3.33,Good,VVS1,62.76,67.9,9.56,7.96,5.59,70.71,2.77,0.84,0.458,0.265,0.467,400,0.57,LightYellow
Emerald,2.77,Very Good,VS2,58.07,63.5,6.77,6.56,2.51,72.75,1.38,-3.65,0.451,0.474,0.439,450,0.35,FaintYellow
Sapphire,2.4,Ideal,SI1,59.8,62.23,6.89,7.4,3.82,68.01,3.25,4.55,0.327,,0.157,450,0.57,Red
Sapphire,4.56,Very Good,SI1,61.98,64.4,3.67,9.79,2.74,60.64,1.26,-0.39,0.23,0.498,0.546,700,0.63,Red
Ruby,1.01,Very Good,VS2,55.72,64.58,6.46,8.11,3.37,78.56,3.39,0.03,0.111,0.567,0.352,700,0.48,FaintYellow
Emerald,0.25,Very Good,VS1,63.33,55.89,7.81,9.58,4.06,79.12,4.36,-0.89,0.294,0.129,0.161,550,0.39,Violet
Topaz,0.55,Fair,,55.42,54.65,4.32,3.13,5.37,73.74,1.62,-1.13,0.398,0.454,0.237,400,0.65,FaintYellow
Topaz,1.27,Fair,VS2,57.62,60.18,3.78,6.13,4.82,65.33,3.39,-0.44,0.246,0.148,,650,0.55,FaintYellow
Sapphire,0.36,Very Good,VVS2,62.63,52.96,9.04,5.48,3.62,71.89,1.24,-2.58,0.505,0.184,0.212,600,0.48,Red
Sapphire,2.61,Very Good,VS2,64.12,59.49,3.8,7.94,4.66,65.52,2.08,-3.52,0.522,0.471,0.386,450,0.58,Violet
Emerald,1.71,Good,VVS2,61.23,63.86,9.39,9.51,3.33,73.98,1.5,-0.64,0.31,0.167,0.329,650,0.61,Violet
Amethyst,1.07,Ideal,VS1,57.27,50.15,4.92,3.28,5.77,67.21,1.1,1.23,0.327,0.322,0.212,600,0.5,Blue
Amethyst,3.8,Ideal,SI2,64.86,52.22,5.31,3.4,4.17,71.15,4.38,-1.44,0.189,0.22,0.4,550,0.69,Red
Ruby,1.18,Premium,VS2,59.13,69.24,6.68,7.71,5.23,61.18,2.64,-3.92,0.179,0.373,0.507,500,0.41,Red
Diamond,3.5,Premium,VVS2,58.76,51.42,4.32,5.42,3.4,79.92,1.61,0.24,0.216,0.534,0.532,450,0.44,White
Diamond,1.88,Premium,VVS1,63.65,58.36,7.82,4.42,5.05,73.24,3.54,0.24,0.305,0.452,0.326,700,0.44,Blue
Sapphire,2.66,Fair,VVS1,55.66,61.8,6.67,9.68,6.17,78.8,4.61,-3.31,0.586,0.274,0.575,550,0.41,Violet
Emerald,4.68,Fair,VS2,60.56,53.11,9.62,3.1,2.48,74.89,3.01,-1.57,0.412,0.153,0.192,450,0.66,FaintYellow
Amethyst,0.38,Good,IF,64.66,56.62,9.38,4.92,4.66,71.24,4.32,2.89,0.311,0.557,0.31,600,0.46,FaintYellow
Diamond,2.6,Fair,VS2,56,65.86,8.39,5.32,4.25,74.73,4.37,-4.68,0.209,0.259,0.345,550,0.5,FaintYellow
Diamond,4.3,Premium,VS1,60.41,67.12,4.29,8.48,4.43,69.39,4,-4.05,0.489,0.592,0.313,500,0.54,Red
Amethyst,3.02,Very Good,VS1,56.32,58.11,4.5,6.93,2.88,79.19,2.1,2.01,0.42,0.281,0.221,650,0.51,FaintYellow
Ruby,1.53,Premium,VVS1,63.9,56.22,4.88,5.3,2.12,75.49,2.87,0.72,0.303,0.284,0.455,650,0.61,White
Sapphire,2.11,Good,VVS2,60.88,63.63,8.84,4.19,2.32,62.42,1.58,0.79,0.405,0.288,0.144,450,0.65,Green
Ruby,3.47,Very Good,VVS1,57.35,64.36,7.54,4.53,3.28,,4.68,-0.42,,0.376,0.397,450,0.62,Green
Topaz,4.48,Fair,VVS2,58.07,69.68,4.23,3.27,5.84,71.52,3.63,-4.14,,0.346,0.397,700,0.31,Blue
Ruby,0.4,Very Good,SI2,60.17,63.95,6.21,8.86,5.63,69.01,1.02,-4.47,0.136,0.477,0.202,650,0.64,Violet
Amethyst,0.54,Good,VS2,62.25,54.8,9.82,3.82,6.48,75.84,4.2,-1.76,0.551,0.45,0.203,500,0.56,FaintYellow
Amethyst,1.76,Fair,IF,59.87,51.2,8.13,8.76,5.33,74.59,1.06,-4.43,0.526,0.37,0.512,550,0.61,LightYellow
Sapphire,1.32,Ideal,VS1,56.89,55.15,9.54,3.97,3.58,79.16,3.45,0.65,0.141,0.12,0.467,450,0.35,FaintYellow
Sapphire,1.47,Premium,VS2,,54.53,8.66,9.34,6.13,63.33,2.76,1.79,0.418,0.395,0.337,550,0.53,White
Ruby,1.26,Premium,VVS1,56.18,51.86,8.08,7.75,5.56,65.91,1.83,1.18,0.348,0.353,0.303,500,0.57,Green
Ruby,1.14,Good,SI1,63.09,58.89,8.81,5.46,5.15,77.78,4.02,2.29,0.471,0.573,0.496,500,0.65,Blue
Topaz,0.83,Good,SI1,58.96,55.76,7.85,5.75,4.41,72.17,4.99,4.52,0.301,0.399,0.525,550,0.45,White
Amethyst,4.68,Premium,VS2,61.53,68.5,6.97,4.99,5.23,77.09,3.81,4.67,0.589,0.557,0.448,550,0.66,Violet
Sapphire,0.89,Very Good,IF,58.45,58.08,8.15,4.48,6.31,63.99,4.23,-2.15,0.576,0.128,0.168,550,0.64,White
Emerald,1.18,Ideal,VVS2,61.69,67.53,4.61,9.38,5.88,76.08,4.65,-2.08,0.148,0.116,0.275,500,0.33,LightYellow
Emerald,1.38,Ideal,SI2,63.89,56.13,6.43,4.29,2.88,63.57,2.77,2.43,0.253,0.37,0.149,500,0.55,White
Sapphire,4.68,Good,IF,62.01,66.63,9.66,4.23,2.44,74.86,,4.9,0.204,0.243,0.474,550,0.64,White
Ruby,3.83,Good,VVS1,61.71,59.09,8.66,5.52,2.07,63.09,3.13,-0.87,0.259,0.481,0.295,550,0.37,Blue
Emerald,3.99,Very Good,IF,62.57,50.65,9.48,9.89,5.21,66.86,2.27,-3.15,0.339,0.574,0.154,550,0.53,White
Ruby,0.7,Good,VS1,60,59.74,9.77,6.25,,69.52,1.26,2.29,0.158,0.178,0.481,450,0.49,Red
Topaz,4.21,Ideal,SI1,57.2,54.54,7.11,5.49,5.23,78.38,4.43,-1.15,0.455,0.561,0.344,500,0.69,Red
Topaz,2.16,Premium,IF,63.16,56.15,4.37,9.99,2.83,74.63,1.41,-4.2,0.387,0.419,0.388,450,0.31,White
Topaz,1.46,Ideal,VS2,61.48,63.69,8.19,8.18,3.97,65.64,3.25,,0.174,0.445,0.131,700,0.58,FaintYellow
Ruby,2.96,Very Good,VVS2,58.14,60.59,3.05,9.61,2.06,68.93,1.13,-0.92,0.439,0.248,0.317,650,,Red
Topaz,4.15,Premium,VS1,57.76,67.77,3.62,4.74,2.49,67,3.14,0.91,0.422,0.347,0.2,500,0.31,Red
Amethyst,3.94,Premium,VS1,60,68.72,5,8.28,2.37,78.8,1.23,1.92,0.542,0.497,0.373,600,0.58,FaintYellow
Emerald,4.47,Ideal,VS1,57.07,63.82,3.11,9.23,5.56,63.49,3.83,3.21,0.206,,0.4,450,0.33,FaintYellow
Emerald,4.66,Premium,VVS1,63.78,67.27,7.78,6.71,6.07,78.31,3.37,1.21,0.405,0.483,0.342,550,0.49,LightYellow
Diamond,1.34,Premium,VVS1,62.89,53.9,8.72,5.97,2.79,76.56,3.87,4.36,0.538,0.435,0.184,500,0.37,LightYellow
Emerald,2.23,Good,VS2,58.08,51.59,8.28,5.07,4.36,62.57,3.26,-0.15,0.232,0.307,0.554,600,0.54,Green
Emerald,0.27,Premium,VVS2,55.49,56.66,4.01,6.97,2.68,65.46,3.98,0.3,0.216,0.28,0.413,550,,Violet
Ruby,4.42,Very Good,IF,55.52,56.51,8.63,4.34,5.51,74.21,2.47,-1.96,0.238,0.118,0.241,500,0.66,FaintYellow
Emerald,0.94,Premium,VS2,57.97,63.3,8.8,6.02,5.69,74.15,2.31,-3.68,0.482,0.548,0.435,400,0.36,FaintYellow
Emerald,4.34,Good,VVS1,56.48,66.81,3.68,7.78,5.53,64.67,2.98,1.29,0.505,0.466,,700,0.49,FaintYellow
Topaz,1.78,Fair,VS2,63.73,55.94,6.45,7.57,3.13,72.67,3.02,-2.07,0.117,0.296,0.394,400,0.42,Violet
Sapphire,1.97,Fair,VVS2,59.21,58.5,7.82,7.9,3.52,73.75,2.36,2.14,0.257,0.126,0.243,600,0.65,Violet
Diamond,0.39,Very Good,VS2,58.48,52.1,5.85,7.11,2.94,61.44,2.98,1.21,0.163,0.222,0.515,450,0.63,White
Emerald,1.77,Very Good,SI2,57.18,58.25,9.22,3.02,2.01,67.62,1.85,-2.19,0.177,0.438,0.17,650,0.41,Violet
Diamond,4.46,Premium,SI1,63.41,54.29,6.7,3.19,2.29,78.12,3.61,0.57,0.508,0.481,0.527,600,0.68,Violet
Emerald,0.32,Premium,SI1,62.92,57.65,3.85,7.06,6.44,78.01,4.89,4.88,0.582,0.565,,650,0.62,Violet
Amethyst,2.15,Fair,VS1,58.84,55.33,6.71,9.76,6.11,73.24,3.42,3.82,0.307,0.469,0.428,650,0.63,LightYellow
Sapphire,0.35,Fair,IF,56.69,66.17,7.04,4.36,2.36,73.05,2.9,-0.83,0.585,0.427,0.544,550,0.42,Violet
Topaz,1.98,Ideal,SI2,64.52,50.08,9.68,8.02,4.08,77.11,4.62,1.87,0.289,0.561,0.355,450,0.65,FaintYellow
Topaz,1.03,Fair,VVS1,58.16,56.77,5.95,6.03,6.39,66.84,3.64,-3.17,0.458,0.275,0.482,700,0.49,FaintYellow
Ruby,1.41,Fair,VS1,62.71,69.38,9.25,3.97,2.25,60.99,,-4.9,0.28,0.524,0.433,700,0.45,Blue
Sapphire,4.41,Very Good,VVS1,59.63,63.58,5.24,3.23,5.01,76.93,3.48,3.4,0.26,0.469,0.218,600,0.38,Green
Diamond,2.29,Ideal,SI1,62.82,65.44,6.17,7.99,2.48,66.24,3.98,-0.86,0.394,0.313,0.388,600,0.69,White
Diamond,1.51,Ideal,VVS2,59.82,,7.73,4.01,3.57,73.46,4.08,-3.18,0.535,0.389,0.242,400,0.69,White
Emerald,3.03,Premium,VVS2,64.26,57.24,9.2,5.09,2.21,69.76,1.03,-1.85,0.397,0.197,0.592,550,0.5,LightYellow
Ruby,0.88,Premium,VVS2,63,51.32,8.42,5.81,4.69,62.9,4.06,4.23,0.385,0.147,0.514,450,0.69,FaintYellow
Topaz,,Ideal,VVS1,57.6,58.21,4.09,7.94,5.16,68.37,4.2,3.92,0.352,0.243,0.536,400,0.65,
Diamond,3.52,Ideal,VS1,59.3,63.05,4.36,5.71,2.19,65.25,1.7,1.51,0.574,0.257,0.588,400,0.34,White
Topaz,1.34,Premium,SI2,56.01,57.42,3.48,5.7,4.27,60.17,,-4.08,0.507,0.372,0.146,500,0.6,Green
Emerald,0.78,Very Good,IF,64.03,58.97,7.35,8.56,3.35,70.48,3.85,2.18,0.303,0.17,0.224,550,0.66,Violet
Diamond,2.56,Very Good,VVS2,,66.51,6.08,3.05,5.19,,3.48,3.9,0.512,0.174,,400,0.49,Violet
Emerald,3.91,Very Good,VVS1,55.18,50.72,9.13,8.28,4.3,66.12,4.08,4.19,0.154,0.131,0.101,500,0.62,White
Emerald,4.75,Very Good,VS1,59.96,56.69,9.93,6.65,2.08,65.88,2.01,-1.14,0.318,0.592,0.173,550,0.37,LightYellow
Sapphire,0.76,Premium,VVS2,61.03,59.77,9.15,6.79,3.19,68.94,1.62,-3.31,0.156,0.296,0.311,550,0.67,White
Diamond,1.81,Good,SI2,57.23,55.98,3.33,5.42,4.19,72.35,1.28,4.61,0.599,0.185,0.468,650,0.64,White
Ruby,1.73,Fair,VVS2,60.71,58.92,9.61,3.65,2.43,79.37,2.73,3.1,0.124,0.574,0.526,700,0.39,Violet
Topaz,0.93,Fair,IF,63.96,58.04,3.72,3.64,5.99,69.56,3.03,-0.67,0.554,0.139,0.41,650,0.34,LightYellow
Amethyst,4.09,Fair,SI1,61.26,68.48,5.42,5.39,6.03,78.67,1.41,1.32,0.566,0.135,0.161,450,0.48,LightYellow
Topaz,3.85,Fair,IF,59.56,59.86,5.08,8.04,2.51,79.5,2.6,-1.02,0.246,0.6,0.154,550,0.53,Green
Ruby,2.53,,VS2,56.44,59.53,4.1,9.24,5.97,72.17,2.04,-0.43,0.575,0.33,0.343,600,0.44,Red
Sapphire,2.78,Good,,56.69,55.09,4.2,8.69,4.58,71.21,4.54,-1.72,0.35,0.323,0.479,550,0.42,Green
Diamond,0.49,Premium,SI1,59.84,50.93,5.42,8.59,5.9,61.21,3.29,,0.569,0.252,0.146,,0.3,Green
Diamond,2.87,Good,SI2,59.63,55.99,3.18,,4.82,64.46,1.7,4.97,0.343,0.353,0.214,600,0.3,Red
Sapphire,4,Premium,SI1,60.22,,3.45,4.34,6.13,,2.94,-2.6,0.335,0.496,0.297,400,,Green
Amethyst,2.95,Ideal,VVS2,60.08,66.54,8,9.62,4.07,74.92,1.17,-2.1,0.477,0.546,0.406,400,0.6,White
Amethyst,1.47,Good,VS2,58.41,54.09,7.38,9.09,6.49,73.36,2.8,,0.217,0.454,0.468,400,0.66,LightYellow
Emerald,3.4,Fair,SI2,61.96,68.22,3.7,3.89,5.86,71.33,4.61,-2.56,0.552,0.15,0.367,650,0.35,White
Diamond,1.94,Good,VVS1,57.12,67.72,6.03,7.45,4.83,73.66,3.08,-1.74,0.524,0.262,0.306,700,0.59,White
Sapphire,2.82,Very Good,SI2,63.52,63.29,7.25,6.03,3.76,73.62,1.86,0.67,0.168,0.577,0.118,650,0.4,Red
Ruby,2.54,Good,IF,56.94,67.25,3.68,3.05,4.77,64.43,4.67,-4.21,0.115,0.319,0.252,500,0.35,FaintYellow
,2.03,Very Good,SI1,59.16,67.56,9.8,8.6,5.28,75.7,4.76,-4.28,,0.55,0.29,650,0.46,Violet
Topaz,3.65,Very Good,SI1,57.11,65.53,8.94,9.6,3.54,69.31,2.1,-0.38,0.276,0.447,0.147,,0.6,Green
Emerald,4.44,Ideal,VS1,61.18,60.16,4.59,9.45,4.43,74.03,1.69,1.97,0.151,0.198,0.33,500,0.52,FaintYellow
Amethyst,0.23,Good,VVS2,59.78,69,6.63,5.69,6.01,66.95,1.36,,0.548,0.558,0.409,650,0.36,Red
Ruby,4.68,Ideal,SI2,58.74,66.35,6.55,8.51,6.29,71.55,4.09,0.2,0.597,0.433,0.45,400,0.36,Blue
Topaz,2.66,Fair,VVS2,59.75,52.54,5.34,6.49,4.78,74.7,3.86,-0.6,0.259,0.151,0.333,550,0.42,Blue
Emerald,3.56,Good,VS2,59.21,58.4,,9.86,2.68,72.24,4.07,-0.48,0.193,0.291,0.161,550,0.57,Violet
Topaz,4.31,Premium,IF,63.55,60.79,7.61,9.74,5.45,72.67,1.65,2.02,0.528,0.567,0.379,700,0.42,LightYellow
Emerald,2.44,Premium,SI1,56.24,60.59,9.05,8.41,3.11,63.7,4.9,0.97,0.365,0.477,0.178,400,0.34,Red
Amethyst,4.21,Premium,SI1,62.93,57.59,3.04,6.3,2.29,70.12,1.77,-0.3,0.593,0.256,0.234,650,0.54,Red
Ruby,1.05,Very Good,VS2,61.55,60.63,7.23,9.31,3.67,65.49,1.15,-2.3,0.419,0.455,0.167,550,0.7,FaintYellow
Emerald,0.96,Premium,SI2,,51.86,9.95,4.57,3.21,67.4,2.57,0.85,0.383,0.279,0.144,500,0.6,LightYellow
Emerald,3.36,Fair,VVS2,64.19,63.1,8.52,4.5,4.32,76.04,3.22,-3.63,0.564,0.147,0.184,700,0.51,Red
Amethyst,4.38,Good,IF,56.77,59.95,5.41,,2.01,60.95,2.66,-0.84,0.501,0.343,0.303,550,0.35,LightYellow
Ruby,4.48,Good,VVS2,58.1,65.75,4.09,8.73,5.06,65.15,2.94,-3.65,0.304,0.177,0.321,700,0.67,Green
Diamond,3.29,Very Good,IF,58.75,63.87,6,3.43,3.99,75.78,3.24,-1.82,0.105,0.29,0.415,450,0.54,Red
Diamond,2.72,Very Good,SI2,61.48,52.26,5.97,8.49,3.17,76.93,1.84,1.37,0.476,0.32,0.155,400,0.3,Blue
Diamond,1.79,Very Good,VVS2,64.46,57.01,7.1,9.65,3.22,64.26,4.37,2.87,0.533,0.309,0.259,600,0.38,FaintYellow
Sapphire,4.9,Fair,VS1,60.93,,3.46,6.82,2.19,63.31,2.07,-2.64,0.165,0.389,0.482,450,0.38,FaintYellow
Diamond,1.73,Good,SI1,63.56,56.74,5.71,4.49,3,75.99,4.99,1.42,0.548,0.333,0.541,550,0.5,White
Sapphire,3.77,Ideal,SI2,64.05,61.34,8.98,7.42,2.53,74.35,4.9,-2.27,0.533,0.156,0.402,400,0.3,Green
Amethyst,2.75,Very Good,SI2,59.66,69.23,7.51,,3.96,71.26,2.25,-0.85,0.109,0.446,0.528,600,0.4,Violet
Emerald,3.12,Premium,VS2,59.72,51.6,6.04,5.73,4.22,69.16,3.12,4.14,0.464,0.306,0.297,450,,Red
Ruby,2.09,Ideal,IF,57.5,53.81,5.17,7.9,5.71,77.51,4.71,-3.99,0.292,0.417,0.151,550,0.34,LightYellow
Topaz,4.83,Ideal,VS2,61.02,59.61,4.96,5.67,4.55,65.59,3.23,4.84,0.125,0.13,0.44,550,0.69,Red
Topaz,2.94,Very Good,IF,56.2,64.77,8.24,6.39,4.64,72.95,4.13,1.42,0.265,0.204,0.472,650,0.59,Red
Emerald,4.7,Premium,SI2,61.34,56.6,6,6.82,2.44,,,1.09,0.402,0.234,0.155,650,0.57,Green
Emerald,0.24,Very Good,IF,63.93,52.35,4.72,5.38,3.58,63.44,2.88,-2.86,0.253,0.546,0.163,400,0.56,Blue
Emerald,2.95,Very Good,SI1,62.61,56.32,8.69,3.53,5.58,63.86,2.49,-3.05,0.494,0.136,0.101,550,0.66,Violet
Ruby,3.64,Premium,IF,61.49,62.89,4.86,6.58,4.63,62.38,2.94,4.23,0.348,0.473,0.414,400,0.58,Red
Topaz,3.78,Ideal,VVS2,63.38,65.85,3.45,6.41,3.69,65.34,1.23,-3.4,0.118,0.177,0.276,700,0.57,White
Diamond,4.54,Ideal,VVS1,62.3,69.54,6.84,5.99,3.94,71.38,4.87,-3.28,0.38,0.321,0.314,600,0.38,Red
Sapphire,0.22,Premium,VVS2,60.3,65.23,4.95,4.29,2.52,66.59,4.4,2,0.319,0.239,0.132,500,0.55,FaintYellow
Diamond,0.2,Ideal,VVS1,60.21,59.85,3.03,3.37,2.12,71.19,4.4,2.04,0.147,0.467,0.103,400,0.44,Blue
Amethyst,2.47,Fair,SI1,56.07,55.85,6.51,8.79,2.65,69.66,3.72,-1.02,0.321,0.123,0.285,700,0.69,LightYellow
Topaz,0.34,Very Good,SI1,59.34,68.55,9.26,6.73,3.34,70.62,1.77,4.08,0.499,0.271,0.441,700,0.58,Violet
Amethyst,4.88,Fair,VVS2,60.22,60.68,7.51,9.86,3.27,79.04,1.86,4.19,0.153,0.581,0.109,450,0.34,Violet
Sapphire,1.27,Fair,VVS1,59.7,63.78,3.13,9.84,5.16,64.14,1.35,3.41,0.223,0.248,0.108,700,0.37,White
Topaz,2.47,Fair,SI2,62.76,59.45,5.65,7.06,2.72,73.41,4.13,-4.84,0.593,0.467,0.154,500,0.47,Green
,0.49,Good,SI1,56.61,54.84,4.73,6.43,5.42,69.5,4.59,-1.98,0.307,0.58,0.571,500,0.31,Red
Topaz,2.71,Good,IF,62.95,60.94,7.69,4.31,5.19,73.59,3.46,-2.1,0.515,0.203,0.491,700,0.53,FaintYellow
Emerald,2.02,Fair,IF,62.42,66.8,6.2,5.66,2.68,71.96,4.4,-4.34,0.352,0.383,0.234,700,0.49,White
Ruby,0.41,Very Good,VVS1,64.01,57.67,4.21,8.5,4.97,75.13,4.62,3.93,0.216,0.166,0.151,450,0.34,Violet
Amethyst,1.81,Fair,VVS1,58.73,63.37,6.19,9.74,3.48,70.68,1.59,4.93,0.143,0.416,0.149,500,0.53,Green
Topaz,2.08,Fair,VS2,56.77,50.85,9.52,7.2,2.48,74.04,2.55,-3.57,0.473,0.28,0.273,500,0.57,LightYellow
Sapphire,4.95,Good,IF,62.59,68.73,5.88,7.32,4.8,74.71,1.55,-2.15,0.343,0.306,0.172,700,0.61,FaintYellow
Diamond,1.2,Fair,VVS2,60.88,69.4,9.09,9.6,5.57,63.56,2.59,-4.73,0.59,0.34,0.215,450,0.63,LightYellow
Topaz,2.81,Very Good,VS2,,57.73,6.33,3.89,6.33,78.5,2.88,-3.85,0.551,0.521,0.279,450,0.55,Blue
Ruby,4.94,Very Good,SI2,64.97,59.97,8.3,7.28,4.48,74.49,3.84,0,0.177,0.384,0.324,400,0.45,White
Topaz,4,Fair,VVS1,56.95,53.21,8.5,7.1,4.55,61.94,3.68,-1.32,0.429,0.529,0.131,400,0.34,White
Diamond,4.97,Very Good,SI2,59.11,53.92,8.33,4.44,4.08,77.22,4.96,-0.76,0.192,0.59,0.538,400,0.59,LightYellow
Diamond,4.85,Fair,SI1,,62.04,7.47,8.42,3.39,63.81,1.9,1.66,0.282,0.411,0.126,500,0.4,Violet
Amethyst,2.55,Good,VVS2,63.61,62.54,9.67,3.83,2.64,71.73,1.62,-4.02,0.266,0.453,0.563,700,0.49,Violet
Emerald,3.54,Fair,VS1,,56.83,9.5,3.44,3.35,66.26,3.91,3.48,0.357,0.321,0.225,700,0.61,FaintYellow
Emerald,0.73,Ideal,VS1,56.35,57.48,5.12,6.4,3.5,71.52,3.81,3.66,0.517,0.356,0.226,400,0.52,White
Amethyst,2.32,Good,,57.48,60.12,7.86,5.1,5.31,77.76,1.54,-3.37,0.542,0.567,0.551,700,0.66,Violet
Amethyst,4.08,Very Good,SI2,62.71,68.8,7.65,6.05,2.58,77.81,4.27,,0.442,0.51,0.362,500,0.7,Green
Emerald,2.63,Very Good,SI1,61.28,52.99,4.4,3.79,2.84,75.72,2.37,1.9,0.415,0.345,0.24,500,0.35,LightYellow
Topaz,3.57,Good,VS1,58.89,61.03,4.86,,6.37,76.29,2.88,-3.26,0.561,,0.362,500,0.56,FaintYellow
Amethyst,3.78,Ideal,SI1,56.59,51.16,5.18,6.08,2.32,70.15,3.75,-1.25,0.151,0.14,0.591,450,0.33,Blue
Topaz,1.42,Good,VVS2,58.22,59.17,5.32,9.77,6.18,77.37,3.43,1.92,0.296,0.393,0.528,600,0.34,FaintYellow
Ruby,4.4,Premium,SI1,62.43,57.94,8.98,8.06,2.66,69.34,,1.73,0.209,0.33,0.213,600,0.47,Red
Amethyst,2.41,Ideal,SI2,58.82,53.28,8.3,9.44,4.41,64.17,1.46,3.39,0.168,0.433,0.125,650,0.54,Red
Diamond,1.21,Good,VVS1,,53.28,8.65,8.47,3.78,77.96,2.15,-3.67,0.435,0.357,0.486,550,0.69,White
Sapphire,4.35,Premium,VVS2,61.09,,9.39,8.51,,69.19,4.25,-1.77,,0.352,0.16,500,0.6,Red
Diamond,2.21,Fair,VS2,64.13,52.53,6.6,9.06,5.16,72.02,4.72,2.53,0.58,0.427,0.394,500,0.45,Red
Topaz,3.8,Ideal,VS2,57.5,,8.85,4.79,4.95,72.53,2.65,-2.51,0.364,0.286,0.419,700,0.39,Red
Sapphire,2.83,,VS1,59.48,51.42,7.87,5.99,6.24,61.65,4.85,0.37,0.336,0.137,0.227,400,0.51,White
Emerald,,Premium,SI2,58.1,55.95,6.25,9.13,5.23,67.08,4.73,-3.63,0.279,0.345,0.384,650,0.63,FaintYellow
Sapphire,4.09,Very Good,VVS1,59.66,60.67,4.36,3.47,4.73,67.18,4.4,-3.43,0.237,0.212,0.37,650,0.31,Blue
Ruby,3.01,Very Good,SI2,61.96,64.88,6.01,3.39,2.79,74.33,4,-2.44,0.556,0.535,0.449,650,0.41,Blue
Sapphire,2.07,Very Good,VS2,59.82,66.61,4.45,7.54,4.14,73.54,3.12,-2.06,0.408,0.469,0.551,700,0.38,LightYellow
Diamond,0.73,Fair,IF,63.35,56.76,5.01,9.37,4.24,79.78,1.85,-4.58,0.218,0.483,0.167,700,0.55,FaintYellow
Amethyst,4.5,Ideal,SI2,60.53,68.78,4.98,8.56,4.87,74.62,2.02,3.56,0.442,0.357,0.386,500,0.49,Red
Ruby,0.37,Fair,IF,58.86,54.81,8.33,8.59,3.65,64.45,1.64,-4.56,0.219,0.371,0.373,400,0.52,Violet
Topaz,4.34,Fair,VS1,62.82,51.61,6.55,5.52,2.65,66.91,4.39,2.63,0.485,0.209,0.351,400,0.46,Blue
Diamond,1.93,Very Good,SI2,59.31,68.5,8.55,7.14,5.95,63.34,1.03,-2.13,0.377,0.435,0.296,600,0.48,Red
Emerald,3.27,Fair,VS1,60.16,60.8,9.14,8.4,2.15,77.24,2.07,-1.02,0.321,0.433,0.595,500,0.52,Green
Sapphire,4.63,Premium,VS1,64.95,57.03,7.28,8.56,2.61,76.92,3.42,0.78,0.427,0.372,0.469,700,0.55,Red
Topaz,0.93,Good,VS2,62.86,67.96,5.85,7.06,4.05,78.27,4.94,-2.75,0.536,0.432,0.466,700,0.51,Green
Amethyst,2.92,Good,,63.55,65.51,9,8.6,6,73.2,2.19,-4.23,0.302,0.587,0.466,,0.58,Violet
Ruby,3.87,Good,SI1,60.93,66.65,6.97,3.19,2.46,65.38,1.84,4.57,0.444,0.58,0.149,700,0.32,LightYellow
Sapphire,3.84,Very Good,SI1,58.48,55.85,,9.6,5.32,77.93,1.3,3.28,0.282,0.579,0.168,500,0.49,Green
Emerald,2.72,Very Good,VS1,64.91,67.47,4.86,9.09,3.29,65.45,2.14,2.59,0.28,0.148,0.183,400,0.49,Blue
Sapphire,3.2,Good,VVS2,57.44,63,6.96,3.36,2.34,67.68,4.31,0.34,0.519,0.501,0.272,450,0.33,FaintYellow
Diamond,3.84,Ideal,VS1,63.73,64.76,4.48,,6.03,60.44,1.52,1.38,0.374,0.555,0.283,650,0.52,LightYellow
Emerald,4.24,Good,SI2,64.11,56.25,7.89,9.44,6.38,71.56,1.59,3.64,0.302,0.529,0.229,550,0.65,Blue
Ruby,3.86,Fair,SI1,63.18,54.9,7.11,6.59,2.59,,1.57,-1.11,0.201,0.254,0.338,700,0.6,FaintYellow
Amethyst,1.9,,SI1,56.14,58.16,6.89,3.64,6.03,72.96,1.47,-3.95,0.498,0.312,0.472,600,0.39,LightYellow
Sapphire,4.98,Good,SI1,63.54,,7.47,9.77,4.92,79.36,2.81,3.41,0.415,0.175,0.216,650,0.33,Violet
Sapphire,2.29,Ideal,VS2,61.64,63.32,5.63,5.51,2.91,,4.31,-4.37,0.46,0.397,0.185,450,0.66,Blue
Emerald,0.32,Very Good,VVS1,61.81,59.96,4.34,6.61,5.02,61.83,2.84,4.19,0.318,0.109,0.571,650,0.67,Red
Diamond,1.94,Very Good,VS1,62.87,63.98,8.64,7.42,5.65,71.28,3.18,2.22,0.254,0.463,0.173,650,0.36,Blue
Topaz,0.81,Fair,IF,59.91,64.17,5.69,8.83,4.22,79.96,3.29,-0.55,0.462,0.186,0.576,700,0.62,
Emerald,0.78,Good,VS1,57.67,63.32,9.92,9.11,6.09,65.76,2.54,1.15,,0.482,0.445,600,0.32,FaintYellow
Sapphire,1.55,Premium,VS1,60.75,55.02,6.37,7.57,4.38,70.73,2.36,0.35,0.43,0.268,0.417,650,0.51,Violet
Ruby,0.46,Fair,VVS1,56.09,58.93,6.43,9.64,2.83,64.07,3.53,-0.98,0.588,0.597,0.506,650,0.53,Red
Emerald,3.5,,,61.75,65.31,7.74,4.53,5.19,70.59,2.4,-3.71,0.507,0.304,0.135,650,0.54,FaintYellow
Amethyst,0.56,Ideal,VS1,59.83,67.74,7.67,9.33,5.05,63.67,1.47,3.08,0.466,0.51,0.178,650,0.67,White
Sapphire,1.18,Very Good,VS1,60.02,60.02,4.26,4.33,4.88,63.54,4.45,0.88,0.32,0.205,0.139,600,0.62,Blue
Topaz,0.65,Very Good,SI1,56.86,69.74,4.91,9.26,5.96,66.77,3.35,2.03,0.108,0.358,0.457,600,,Red
Emerald,0.5,Ideal,VS2,55.41,53.49,4.62,4.51,4.38,78.79,4.31,-2.92,0.592,0.451,0.133,600,0.5,Red
Emerald,1.49,Good,VVS1,61.11,54.49,3.37,8.03,5.17,73.19,2.91,-2.99,0.56,0.362,0.101,650,0.55,White
Emerald,2.95,Good,,61.59,59.22,3.16,8.72,6.3,67.43,3.57,3.39,0.349,0.474,0.151,600,0.65,Red
,4.83,Very Good,SI1,59.98,60.17,7.51,5.73,2.62,72.77,4.68,0.47,0.444,0.418,0.151,450,0.35,LightYellow
Amethyst,4.4,Fair,VS1,62.66,58.49,6.49,3.79,,63.99,4,-0.47,0.38,0.428,0.121,650,0.38,Red
Amethyst,4.4,Premium,VS1,60.64,58.61,9.26,5.54,2.98,72.75,2.4,-4.07,0.445,0.171,0.3,600,0.35,Red
Ruby,1.05,Fair,IF,63.48,59.75,5.11,3.43,3.46,78.41,2.31,-0.74,0.127,0.518,0.532,650,0.37,FaintYellow
Sapphire,1.47,Fair,VS2,57.88,56.4,8.51,7.62,4.3,78.74,2.09,2.04,0.599,0.134,0.471,400,0.58,White
Diamond,0.57,Very Good,SI1,57.43,52.62,3.72,7.88,5.8,71.73,2.9,-3.96,0.49,0.233,0.479,700,0.46,Green
Emerald,3.94,Very Good,VVS1,57.61,69.12,8.72,4.88,3.8,77.59,4.68,-4.71,0.233,0.581,0.124,650,0.57,FaintYellow
Diamond,0.54,Premium,SI2,55.31,65.9,9.45,7.56,4.51,67.75,1.07,0.53,0.371,0.459,0.416,450,0.46,Violet
Sapphire,2.87,Premium,SI2,64.01,66.3,7.39,3.41,5.66,77.71,4.04,-1.84,0.337,0.557,0.283,600,0.61,Violet
Ruby,1.39,Premium,SI2,64.99,57.3,8.15,3.22,6.18,66.68,2.41,4.06,0.277,0.11,0.591,650,0.57,LightYellow
Amethyst,1.37,Very Good,VS1,63.17,58.08,9.91,5.86,3.57,74.06,4.24,0.93,0.319,0.182,0.203,550,0.34,FaintYellow
Diamond,4.96,Very Good,IF,59.13,68.72,5.65,6.39,2.8,78.38,2.74,-2,0.385,0.589,0.209,500,0.41,LightYellow
Amethyst,3.83,Fair,IF,58.54,69.46,3.21,3.13,4.62,71.3,3.89,-1.86,0.356,0.428,0.16,450,0.48,White
Emerald,4.22,Very Good,SI2,62.75,68.85,7.78,7.13,6.03,65.49,4.35,-3.71,0.519,0.171,0.402,700,0.55,Green
Topaz,2.95,Good,VVS2,60.1,62.85,3.09,8.83,3.12,73.96,2.88,-0.62,0.16,0.41,0.355,400,0.53,White
Sapphire,4.38,Good,VVS1,,54.85,6.98,5.87,4.25,62.26,3.93,-4.32,0.128,0.275,0.239,400,0.47,FaintYellow
Ruby,3.3,Premium,SI2,57.8,62.1,7.18,8.23,4.19,66.92,1.27,-0.59,0.353,0.45,0.404,550,0.36,Green
Ruby,4.74,Very Good,IF,58.24,61.78,7.09,4.06,6.17,77.92,2.19,-3.79,0.334,0.536,0.34,500,0.48,FaintYellow
Sapphire,1.55,Good,VVS1,64.99,68.16,4.16,6.71,4.06,74.74,2.29,1.77,0.423,0.554,0.367,500,0.69,LightYellow
Topaz,3.06,Fair,SI2,64.78,56.23,3.54,8.52,4.41,61.09,2.9,,0.245,0.137,,600,0.45,Green
Topaz,3.51,Ideal,VS1,63.85,54.01,9.35,7.77,2.62,71.48,3.59,3.38,0.145,0.143,0.411,500,0.66,White
Diamond,2.09,Fair,SI2,59.05,55.32,6.79,8.46,4.06,64.96,2.88,4.22,0.502,0.189,0.553,450,0.49,FaintYellow
Ruby,4.42,Ideal,VVS2,63.38,54.86,5.26,8.05,3.54,60.27,4.37,1.54,0.32,0.258,0.177,500,0.31,Green
Amethyst,4.9,Fair,SI1,57.83,62.97,8.4,3.85,3,65.35,2.03,-3.46,0.168,0.368,0.111,600,0.62,FaintYellow
Topaz,2.57,Good,VVS1,57.55,66.25,9.45,3.72,4.29,75.48,1.54,0.08,0.578,0.551,0.526,650,0.48,LightYellow
Amethyst,2.08,Very Good,SI1,,57.36,5.83,9.83,5.47,68.05,2.48,4.41,0.572,,0.499,400,0.67,Violet
Ruby,2.47,Ideal,VVS2,63.6,53.53,3.69,,2.8,65.32,1.97,-3.01,0.181,0.378,0.222,650,0.57,LightYellow
Diamond,4.29,Very Good,,55.97,56.86,7.85,8.13,2.64,79.98,3.37,-1.11,0.503,0.407,0.514,500,0.67,Red
Topaz,3.3,Very Good,VVS1,60.65,60.93,9.35,7.77,2.56,71.54,3.28,2.48,0.37,0.549,0.439,700,0.64,Green
Ruby,0.41,Good,SI1,61.1,63.29,9.86,3.31,5.43,64.44,3.95,2.63,0.249,0.587,0.499,600,0.36,FaintYellow
Emerald,2.8,Premium,VVS1,60.8,61,8.69,6.48,5.55,64.06,4.14,4.49,0.297,0.253,0.557,700,0.63,Green
Sapphire,0.28,Premium,VS2,57.18,55.13,4.88,6.65,6,62.07,1.57,-2.53,0.582,0.339,0.289,600,0.57,FaintYellow
Sapphire,3.94,Ideal,VVS2,55.64,68.36,,8.66,6.34,72.23,2.38,3.58,0.267,0.39,0.502,550,0.4,LightYellow
Topaz,1.78,Good,VVS1,63.95,58.76,3.96,9.74,3.7,77.59,1.31,-4.47,0.207,0.569,0.456,500,0.62,Green
Topaz,2.47,Very Good,VS2,60.75,59.18,7.99,5.03,3.53,77.2,,-3.54,0.333,0.509,0.39,400,0.44,Blue
Ruby,4.03,Fair,VS2,62.68,69.35,4.18,3.41,6.46,78.8,4.21,4.43,0.407,0.434,0.57,700,0.32,Violet
Amethyst,0.42,Fair,VVS2,58.64,67.37,6.02,6.33,2.64,60.46,4.85,,0.242,0.335,0.432,600,0.34,Blue
Sapphire,0.96,Ideal,VS1,55.43,66.13,6.72,3.21,2.19,71.23,4.83,-4.39,0.487,0.573,0.393,500,0.42,Red
Diamond,2.11,Ideal,VVS2,57.6,53.65,5.68,5.7,3.73,78.34,3.53,-4.32,0.403,0.194,0.391,650,0.44,FaintYellow
Emerald,1.3,Ideal,VVS1,55.73,66.76,,4.91,2.4,78.01,3.96,-1.48,0.564,0.144,0.401,650,0.55,Red
Ruby,1.82,Good,VS1,55.78,59.11,5.03,4.7,3.72,65.42,1.83,-1,0.26,0.175,0.548,450,0.54,Violet
Diamond,4.99,Fair,VVS2,,54.19,7.43,3.01,3.85,70.04,3.33,-0.32,0.432,0.134,0.242,700,0.65,Blue
Emerald,4.16,Good,VVS2,61.34,69.82,8.09,4.75,4.87,61.92,2.32,0.48,0.543,0.276,,700,0.46,White
Emerald,4.44,Good,VVS2,63.18,53.44,7.3,,5.35,65.48,1.44,-3.69,0.102,0.419,0.203,450,0.53,Violet
Topaz,4.7,Very Good,VVS2,63.21,68.44,9.76,9.38,4.92,79.84,2.96,4.86,0.347,0.513,0.233,700,0.6,Violet
Emerald,1.84,Good,VS1,64.38,50.01,,3.62,5.18,71.7,2.68,4.58,0.377,0.247,0.427,400,0.66,Green
Diamond,1.63,Good,VVS1,61.56,58.76,4.58,8.37,3.66,79.98,1.28,-0.91,0.354,0.165,0.359,450,0.41,LightYellow
Ruby,1.32,Very Good,VS2,55.2,50.6,6.44,8.07,4.05,60.33,4.82,-0.12,0.246,0.54,0.553,600,0.68,Green
Topaz,4.18,Premium,VVS2,58.77,68.25,8.85,5.28,5.21,79.43,4.83,-1.37,0.145,0.311,0.43,550,0.59,Violet
Diamond,3.46,Very Good,VS2,56.11,52.52,5.28,9.35,2.66,67.08,3.24,1.51,0.532,0.354,0.302,700,0.53,Blue
Topaz,1.33,Ideal,VS2,62.77,63.46,8.16,7.59,5.2,61.66,4.78,1.99,0.355,0.205,0.167,600,0.5,Red
Amethyst,2.01,Premium,VS2,56.2,62.62,8.5,3.68,6.28,61.79,2.03,0.35,0.136,0.119,0.142,700,0.62,FaintYellow
Ruby,,Fair,VVS2,56.06,65.58,9.54,4.43,2.79,66.88,4.17,4.24,0.305,0.357,0.349,450,0.46,Red
Ruby,2.74,Good,VVS2,55.28,64.94,5.81,5.81,3.77,69.47,4.8,-1.53,0.192,0.279,0.388,550,0.32,LightYellow
Ruby,4.47,Premium,SI1,,50.65,4.82,9.77,4.62,61.71,2.58,-2.4,0.255,0.325,0.342,500,0.42,FaintYellow
Emerald,2.03,Fair,VVS2,62.86,57.77,6.56,4.85,5.23,77.03,2.21,1.56,0.508,0.196,0.317,600,0.42,White
Emerald,4.56,Very Good,SI2,58.33,56.45,9.96,6,3.13,69.72,3.78,-3.37,0.36,0.193,0.372,,0.44,Green
Sapphire,2.32,Very Good,VVS2,58.76,69.46,9.31,6.92,4.63,67.3,2.9,0.77,0.218,0.329,0.307,400,0.37,Green
Emerald,3.78,Ideal,IF,55.59,65.5,4.99,5.49,6.21,70.43,2.51,-1.77,0.505,0.213,0.132,,0.3,Blue
Sapphire,4.67,Ideal,VVS1,56.58,64.16,4.38,7.91,3.61,69.75,4.11,-3.63,0.196,0.191,0.173,,0.52,White
Amethyst,4.56,Premium,IF,58.11,58.84,6.34,7.63,4.56,62.06,1.96,-1.84,0.259,0.173,0.158,700,0.62,Violet
Emerald,0.47,Good,SI1,58.88,67.82,4.16,3.42,4.81,61,3.75,-2.97,0.117,0.311,0.273,550,0.49,Violet
Sapphire,1.19,Very Good,SI2,61.2,50.34,8.31,6,5.99,73.57,2.55,1.29,0.579,,0.136,450,0.35,Violet
Topaz,2.49,Premium,VS1,58.5,54.57,3.26,8.47,3.4,69.75,2.05,-4.48,0.309,0.306,0.254,650,0.3,FaintYellow
Topaz,2.27,Premium,SI2,64.55,63.9,4.57,7.48,5.93,60.49,4.72,3.18,0.183,0.56,0.145,400,0.32,Violet
Ruby,3.28,Premium,IF,58.43,60.17,3.13,6.22,5.03,73.34,1.99,0.84,0.356,0.426,0.365,450,0.66,White
Diamond,4.73,,IF,64.42,60.68,4.59,8.11,5.23,74.11,2.55,3.57,0.153,0.295,0.56,700,0.59,Blue
Diamond,0.74,Very Good,IF,62.3,58.33,3.37,7.69,2.3,79.4,3.48,-3.4,0.55,0.287,0.433,450,0.36,Violet
Sapphire,2.37,Ideal,VVS1,64,53.33,7.71,8.86,3.6,72.6,1.24,-0.28,0.131,0.244,0.142,450,0.42,White
Sapphire,1.12,Ideal,VS2,62.03,53.32,6.99,3.36,2.53,65.5,1.41,1.68,0.41,0.267,0.126,550,0.55,LightYellow
Topaz,4.49,Premium,VS1,60.69,55.89,4.5,6.75,4.53,64.77,3.52,-3.54,0.546,0.282,0.492,500,0.39,Green
Emerald,4.83,Fair,VS1,60.09,59.37,4.44,7.62,5.77,69.15,3.36,-4.86,0.224,0.242,0.137,600,0.37,LightYellow
Emerald,2.5,Fair,SI2,57.91,66.48,5.04,7.73,3.84,61.85,3.41,4.43,0.149,0.151,0.562,600,0.47,FaintYellow
Sapphire,0.7,Fair,VVS1,57.98,58.94,8.59,9.46,3.02,69.92,3.37,2.81,0.332,0.342,,600,0.69,FaintYellow
Emerald,3.97,Premium,SI1,57.23,67.96,4.05,5.88,3.37,66.56,4.34,2.82,0.395,0.326,0.344,600,0.43,LightYellow
Topaz,3.55,Good,SI2,58.86,52.41,3.85,8.57,4.58,76.6,2.32,4.21,0.245,0.463,0.326,,0.46,Violet
Amethyst,,Very Good,IF,56.27,55.44,,8.5,5.45,73.9,1.7,0.78,0.263,0.558,0.5,600,0.34,FaintYellow
Ruby,4.46,Premium,VS2,58.88,51.41,9.05,4.88,5.1,65.13,4.59,1.42,0.419,0.406,0.276,450,0.49,LightYellow
Sapphire,4.88,Premium,SI2,63.34,60.2,4.57,4.88,6.24,69.57,3.24,-2.91,0.588,0.465,0.248,500,0.6,Violet
Ruby,2.88,Ideal,SI2,63.7,51.8,3.74,9.6,5.98,74.34,4.16,-0.3,0.312,0.355,0.36,500,0.48,Blue
Diamond,2.92,Fair,VVS2,61.43,65.91,6.44,5.27,2.47,63.46,1.77,-3.42,0.322,0.302,0.335,550,0.68,Red
Diamond,1.63,Premium,SI2,57.57,50.8,8.13,5.9,5.17,79.38,2.85,-4.01,0.535,0.125,0.501,600,0.59,FaintYellow
Amethyst,3.01,Good,VVS1,,59.51,7.33,7.23,3.77,61.83,1.47,-2.45,0.295,0.29,0.498,500,0.49,Green
Ruby,2.31,Very Good,SI1,57.78,58.41,5.93,5.22,3.51,79.07,1.4,-0.4,0.264,0.356,0.39,600,0.45,LightYellow
Ruby,1.65,Good,VS2,60,54.04,3.28,7.63,4.14,60.33,2.82,1.38,0.333,0.252,0.59,500,0.57,Blue
Amethyst,0.52,Premium,SI1,64.76,61.74,5.1,5.03,5.45,69.67,3.38,0.04,0.121,0.284,0.519,500,0.32,White
Diamond,1.41,Premium,VVS1,56.09,57.72,9.43,6.69,3.88,65.76,4.71,3.94,0.555,,0.229,400,0.68,FaintYellow
Ruby,1.15,,VVS1,60.01,53.96,4.56,6.92,5.69,79.35,1.2,-1.73,0.149,0.374,0.13,650,0.54,Red
Ruby,2.8,Good,VVS2,61.82,66.53,7.3,8.6,4.12,77.11,2.49,3.47,0.55,0.581,0.41,400,0.58,LightYellow
Amethyst,3.09,Ideal,SI1,57.46,63.21,9.35,9.02,2.27,78.05,3.96,-0.64,,0.198,0.207,500,0.68,LightYellow
Emerald,3.12,Good,VS2,64.69,50.24,6.42,7.77,4.84,69.83,2.22,-3.62,0.543,0.277,0.425,450,0.61,Green
Emerald,2.06,Fair,SI1,58.49,60.04,6.12,4.89,5.51,62.12,4.01,3.66,0.143,0.598,0.18,600,0.31,Violet
Sapphire,2.22,Fair,SI2,64.32,55.43,3.99,6.25,3.42,64.94,4.8,-0.11,0.373,0.292,0.519,400,0.47,Blue
Amethyst,4.2,Good,SI1,,68.3,9.86,6.94,3,70.62,3.35,-3.6,0.277,0.494,0.255,500,0.35,Red
Emerald,2.49,Ideal,IF,55.04,64.51,4.24,5.08,4.88,67.78,2,-3.12,0.186,0.297,0.22,400,0.43,LightYellow
Amethyst,4.94,Fair,SI1,58.11,62.23,6.37,9.58,3.59,66.55,3.38,-4.28,0.371,0.346,0.269,400,0.67,White
Amethyst,2.31,Premium,VS2,55.22,51.78,4.2,3.76,6.08,,2.21,1.44,0.121,0.486,0.472,500,0.43,Green
Amethyst,3.32,Very Good,SI2,58.81,68.61,5.44,8.83,5.45,64.68,1.68,-1.37,0.252,0.376,0.4,600,0.36,Green
Emerald,0.44,Ideal,VS2,64.33,52.88,9.19,5.98,4.08,,4.17,4.66,0.361,0.336,0.131,,0.68,LightYellow
Diamond,3.34,Good,IF,62.79,59.01,7.5,9.62,6.39,73.76,3.65,0.38,0.59,0.169,0.155,650,0.39,Violet
Amethyst,4.29,Very Good,VVS2,61.2,63.62,3.07,6.73,3.55,73.82,4.4,-2.55,0.359,0.6,0.515,700,0.52,Red
Sapphire,4.72,Very Good,VS2,60.39,59.9,9.77,8.11,4,60.89,4.49,0.89,0.256,0.194,0.392,600,0.37,Green
Topaz,4.99,Premium,SI1,58.73,67.65,8.49,8.14,4.92,60.54,2.43,4.77,0.376,0.325,0.247,650,0.6,White
Diamond,1.55,Ideal,SI1,57.12,66.71,9.98,7.89,4.3,61.74,1.45,-4.77,0.124,0.412,0.271,650,0.44,FaintYellow
Emerald,2.96,Very Good,IF,55.63,52.71,8.34,3.35,3.55,60.35,2.89,-3.3,0.508,0.126,0.288,550,0.53,Red
Ruby,2.36,Ideal,VVS1,56.9,62.35,8.35,7.36,3.88,68.81,2.42,4.28,0.551,0.193,0.138,450,0.55,LightYellow
Topaz,2.91,Premium,VVS1,58.52,51.04,7.9,9.26,5.89,61.07,3.53,-4.75,0.12,0.501,0.238,550,0.39,Blue
Emerald,0.96,Good,SI2,60.2,64.41,5.96,8.9,2.89,68.71,4.37,4.63,0.203,0.422,0.25,700,0.51,FaintYellow
Ruby,4.31,Very Good,IF,57.04,64.72,5.2,9.4,3.43,66.74,3.45,1.28,0.118,0.303,0.579,600,0.59,FaintYellow
Ruby,4.57,Very Good,VVS1,64.74,56.89,6.68,6.11,2.89,61.17,1.04,-2.68,0.551,0.406,0.179,600,0.55,Green
Sapphire,2.36,Very Good,VS2,55.77,65.73,4.25,6.18,4.3,61.69,3.41,-4.1,0.109,0.322,0.191,650,0.46,FaintYellow
Diamond,1.55,Ideal,IF,55.95,63.05,8.06,8.66,2.72,75.44,1.52,-3.96,0.111,0.367,0.536,700,0.35,Blue
Sapphire,0.88,Very Good,SI1,61.83,60.08,9.98,5.12,2.77,74.49,2.27,3.38,0.387,0.315,0.559,400,0.68,Blue
Sapphire,3.48,Ideal,SI2,62.55,59.11,7.21,8.36,5.75,65.72,1.96,3.21,0.193,0.123,0.472,450,0.66,White
Emerald,1.7,Fair,SI2,64.72,52.18,9,6.53,5.16,62.6,3.01,3.34,0.563,0.264,0.167,400,0.59,FaintYellow
Sapphire,4.57,Fair,VS2,60.3,60.62,4.21,4.85,2.85,67.13,4.15,4.61,0.506,0.35,0.325,600,0.61,Green
Emerald,3.42,Ideal,VS1,56.66,53.12,8.78,7.51,3.74,69.68,1.15,-1.09,0.207,0.343,0.38,500,0.65,LightYellow
Amethyst,3.3,Fair,VVS2,64.38,63.12,9.35,5.07,6.13,70.35,1.23,4.16,0.321,0.132,0.375,450,0.57,FaintYellow
Sapphire,2.89,Premium,SI1,64.8,61.89,8.87,7.7,5.92,60.49,4.84,-3.38,0.521,0.49,0.467,650,0.57,LightYellow
Topaz,0.42,Premium,SI1,64.24,55.81,7.39,6.99,4.95,72.02,2.76,4.39,0.109,0.289,0.354,450,,Blue
Diamond,4.67,Fair,VVS2,63.72,54.94,9.48,8.06,3.28,72.6,3.96,-2.56,0.337,0.531,0.431,700,0.58,Blue
Diamond,3.21,Good,VVS2,55.78,59.52,9.73,7.19,3.68,72.86,4.5,-0.92,0.329,0.304,0.589,550,0.63,Blue
Amethyst,4.97,Ideal,IF,63.55,60.25,8.71,8.31,4.94,72.53,2.53,0.15,0.568,0.51,0.221,550,0.67,White
Sapphire,2.78,Fair,VS1,64.53,65.96,6.83,9.97,4.52,79.14,3.19,3.03,0.272,0.229,0.262,550,0.54,Violet
Ruby,3.61,Ideal,VVS2,60.52,56.08,8.85,6.27,4.52,74.2,4.46,-1.11,0.206,0.574,0.207,400,0.61,Green
Sapphire,0.47,Fair,VS2,62.73,58.07,5.6,7.19,5.32,66.34,3.4,-1.58,0.261,0.209,0.228,450,0.45,White
Diamond,3.23,Premium,SI1,61.61,56.87,5.43,3.71,2.41,76.24,1.75,4.83,0.247,0.189,0.192,600,0.59,LightYellow
Amethyst,3.87,Good,VVS2,57.88,57.88,5.44,9.65,2.55,68.63,3.4,-4.25,0.508,0.225,0.214,400,0.62,Blue
Ruby,3.94,Ideal,VS1,60.88,61.34,4.39,7.17,5.76,61.21,4.86,-4.74,0.442,0.145,0.52,650,0.44,Violet
Topaz,3.9,Good,VS2,63.89,61.15,7.36,3.72,5.98,72.98,4.95,,0.319,0.187,0.248,550,0.34,White
Ruby,1.29,Premium,VS2,59.96,57.23,7.63,5.8,6.02,67.65,4.63,4.14,,0.145,0.566,400,0.42,FaintYellow
Sapphire,4.88,Very Good,IF,60.9,62.05,9.02,3.57,4.14,78.61,3.89,-2.67,0.396,0.199,0.532,450,0.62,LightYellow
Emerald,4.98,Very Good,IF,60.31,62.32,7.86,6.48,6.21,66.84,4.53,-4.56,0.162,0.171,0.157,450,0.67,Violet
Amethyst,0.56,Ideal,VVS1,57.82,60.54,8.46,4.94,5.77,60.9,2.64,2.29,0.44,0.487,0.451,650,0.42,White
Diamond,4.69,Premium,VS1,61.44,59.05,7.82,5.38,3.73,78.94,2.37,1.4,,0.401,0.257,550,0.68,White
Ruby,1.59,Ideal,SI2,60.09,51.56,7.88,3.48,3,76.65,4.98,2.92,0.442,0.248,0.271,400,0.5,FaintYellow
Amethyst,3.51,Ideal,VS2,57.33,60.83,5.38,8.34,5.28,79.59,4.53,0.24,0.358,0.124,0.344,650,0.7,Blue
Amethyst,1.82,Ideal,VS1,63.95,64.25,9.76,8.89,5.26,63.62,1.46,-3.23,0.476,0.484,0.168,450,0.54,FaintYellow
Amethyst,4.85,Good,VVS2,64.5,54.31,7.47,3.98,6.01,60.42,4.24,-2.09,0.342,0.495,0.564,500,0.36,Green
Emerald,0.69,Fair,SI2,55.55,65.56,7.11,8.25,2.23,79.02,1.05,-4.39,0.542,0.547,0.582,600,0.6,White
Emerald,2.59,Premium,SI1,61.22,61.73,8.93,3.9,3.59,74.85,2.71,2.04,0.282,0.34,0.172,700,0.44,LightYellow
Amethyst,2.25,Good,VVS2,59.15,54.75,5.95,3.6,2.16,77.14,1.34,1.48,0.249,0.563,0.202,650,0.54,FaintYellow
Ruby,1.76,Fair,SI1,60.26,53.26,3.67,3.8,2.95,60.08,2.47,1.81,0.211,0.479,0.111,400,0.41,
Amethyst,3.3,Ideal,VVS1,58.74,54.91,4.68,3.22,3.8,73.14,4.24,4.78,0.371,0.102,0.226,700,0.59,LightYellow
Sapphire,0.83,Very Good,VS2,59.74,60.63,8.66,5.63,2.55,74.23,1.6,-4.4,0.245,0.485,0.439,650,0.33,Violet
Topaz,3.64,Good,SI1,58.23,55.01,8.12,9.67,5.7,66.87,2.41,-4.35,0.46,0.593,0.396,450,0.52,Red
,4.91,Premium,VS2,56.18,63.66,3.82,9.29,2.91,69.47,2.02,2.38,0.222,0.475,0.404,550,0.34,LightYellow
Emerald,4.06,Premium,SI1,58.02,60.92,3.49,5.32,3.85,62.66,1.52,4.73,0.357,0.583,0.199,700,0.66,Red
Topaz,4.33,Fair,VVS1,61.7,60.94,7.35,8.56,5.61,61.6,4.88,0.43,0.41,0.372,0.306,500,0.36,Green
Ruby,1.93,Good,VVS2,55.5,67.05,9.57,8.77,2.53,76.21,2.74,3.13,0.34,0.297,0.506,600,0.45,FaintYellow
Ruby,1.76,Ideal,VS2,58.83,67.49,4.22,4.06,4.79,76.44,1.09,1.09,0.121,0.376,0.231,650,,LightYellow
Ruby,2.68,Fair,SI2,55.42,60.74,6.84,4.61,6.23,64.6,3.71,4.32,0.268,0.101,0.396,400,0.59,Blue
,0.42,Premium,SI1,58.56,51.31,8.68,7.83,4.04,76.34,3.1,-3,0.522,0.344,0.231,500,0.33,White
Amethyst,4.74,Good,VS1,55.88,,6.7,4.85,3.08,67.28,4.28,-1.38,0.453,0.425,0.342,650,0.38,LightYellow
Diamond,0.89,Very Good,VS2,58.4,68.97,5.46,9.57,6.24,65.78,2.45,1.13,0.594,0.39,0.486,600,0.56,Red
Diamond,4.53,Ideal,SI1,63.38,52.69,8.53,4.61,2.24,75.84,4.64,-3.01,0.246,0.289,0.31,400,0.39,Red
Sapphire,0.6,Premium,SI1,61.13,66.71,8.4,8.59,3.4,74.13,1.11,3.34,0.565,0.579,0.484,700,0.58,FaintYellow
Ruby,4.15,Good,VVS2,61.82,60.81,8.81,8.31,5.68,72.7,3.1,2.98,0.313,0.498,0.238,600,0.37,Violet
Amethyst,0.93,,VS2,60.04,52.28,9.62,6.53,2.69,75.91,2.96,2.19,0.137,0.523,,400,0.56,White
Topaz,0.38,Premium,VS2,64.22,68.39,4.05,4.84,2.38,77.26,1.05,1.2,0.28,0.297,0.248,650,0.49,Red
Topaz,3.65,Very Good,IF,60.41,68.56,5.39,3.24,4.06,78.97,1.25,-2.81,0.201,0.161,0.595,500,0.31,White
Topaz,1.55,Premium,SI1,56.04,62.31,9.9,8.8,3.49,72.47,2.15,3.7,0.242,0.199,0.518,600,0.54,White
Ruby,3.63,Fair,,64.33,57.78,7.16,5.64,5.59,61.82,3.3,0.78,0.267,0.319,0.223,400,0.51,
Sapphire,4.23,Fair,SI1,56.33,62.15,7.69,5.38,3.52,67.08,1.83,,0.256,0.248,0.193,450,0.43,Green
Ruby,0.72,Fair,VVS1,64.99,62.56,9.19,3.31,5.01,62.63,1.74,2.37,0.117,0.305,0.412,700,0.62,Green
Diamond,4.67,Good,VVS1,59.35,62.44,7.84,4.06,4.52,62.43,1.54,-4.68,0.247,0.22,0.2,450,0.47,Red
Amethyst,2.37,Fair,VS1,55.73,64.67,7.78,5.58,4.69,79.78,4.71,-2.82,0.396,0.599,0.177,500,0.52,Red
Topaz,3.73,Good,VS2,63.64,51.34,3.73,7.84,4.3,63.7,3.26,-2.73,0.488,0.26,,550,0.68,Violet
Ruby,2.6,Ideal,VS1,55.93,52.05,6.55,4.45,2.61,74.76,1.99,-2.08,0.103,0.21,0.269,500,0.57,Blue
Diamond,3.1,Fair,VVS2,56.74,55.66,7.71,4.15,2.28,75.64,4.88,-4.66,0.15,0.485,0.242,650,0.32,Blue
Diamond,1.65,Good,SI1,59.17,56.99,8.65,4.84,4.45,69.83,,3.43,0.412,0.311,0.178,600,0.63,Blue
Sapphire,1.16,Premium,VVS2,61.76,62.76,5.89,4.98,4.92,60.09,1.45,-4.03,0.139,0.159,0.492,550,0.37,Red
Amethyst,2.8,Good,IF,56.21,53.44,3.86,5.87,5.26,74.55,3.04,3.29,0.108,0.167,0.121,450,0.57,Violet
Ruby,2.31,Good,IF,61.23,60.82,5.56,5.53,5.25,79.04,2.74,-3.2,0.258,0.348,0.556,450,0.64,Red
Emerald,2.07,Premium,VS2,62.8,53.71,6.01,3.52,5.33,75.39,3.47,3.41,0.446,0.312,,500,0.66,Green
Topaz,3.43,Good,VS2,56.23,57.11,8.26,7.33,2.09,70.57,3.8,-4.71,0.526,0.289,0.281,650,0.36,White
Topaz,3.51,Premium,VS1,61.48,68.71,3.14,3.91,3.01,71.75,2.38,2.84,0.366,0.457,0.481,500,0.49,LightYellow
Sapphire,0.42,Very Good,VS1,64.59,67.91,5.7,9.08,5.28,63.17,1.68,0.33,0.338,0.552,0.296,450,0.47,Green
Diamond,1.83,Fair,VS2,64.67,69.06,6.14,9.02,2.56,77.67,2.65,-2.84,0.363,0.414,0.528,500,0.49,Red
Emerald,2.18,Ideal,SI2,56.62,61.83,6.85,3.51,2.84,71.94,3.02,-0.94,0.324,0.386,0.232,650,0.35,Violet
Diamond,0.67,Good,VS2,62.6,60.03,9.79,5.89,4.97,,2.87,-4.03,0.491,0.33,0.276,400,0.58,Red
Sapphire,1.33,Premium,IF,63.47,66.98,8.18,6.34,5.64,62.01,1.14,-3.63,0.409,0.418,0.374,500,0.54,Blue
Diamond,0.45,Fair,,63.89,51.59,4.56,9.97,2.73,65.35,4.18,-1.33,0.173,0.55,0.544,550,0.62,LightYellow
Diamond,4.98,Good,IF,58.24,69.57,7.44,4.76,4.48,75.32,2.37,-0.88,0.569,0.224,0.458,450,0.67,Red
Diamond,3.74,Fair,VS2,57.7,59.25,5.42,7.45,2.82,79.1,2.17,2.76,0.194,0.567,0.48,600,0.44,Blue
Topaz,0.62,Very Good,VS1,55.48,63.52,8.68,6.2,2.94,64.67,1.85,2.56,0.186,0.531,0.196,450,0.58,FaintYellow
Diamond,0.3,Good,VVS1,58.99,64.57,4.2,8.38,4.17,66.19,3.33,-2.6,0.283,0.32,0.291,550,0.52,White
Ruby,3.65,Premium,VVS1,56.24,62.58,4.01,4.74,5.03,76.11,3.36,-3.16,0.287,0.124,0.471,500,0.68,Violet
Diamond,2.31,Very Good,VS1,62.86,67.83,3.71,7.77,4.58,74.57,2.72,-3.32,0.141,0.414,0.591,600,0.62,Red
Diamond,3.98,Good,VS1,56.43,55.76,6.81,3.91,2.42,62.47,3.69,0.91,0.149,0.189,0.292,450,0.39,Violet
Sapphire,4.63,Fair,SI2,63.19,60.65,3.86,3.11,3.29,78.21,1.15,0.81,0.586,0.123,0.572,400,0.42,White
Amethyst,3.08,Very Good,VS1,56.08,58.61,3.29,3.13,6.22,64.68,4.21,-3.95,0.159,0.283,0.369,400,0.5,Green
Ruby,1.1,Premium,IF,59.81,64.08,5.33,6.45,4.82,75.36,2.02,-1.6,0.58,0.529,0.476,700,0.39,Red
Topaz,3.95,Good,VVS2,58.85,57.9,8.59,8.4,4.96,73.02,2.87,3.74,0.445,0.172,0.125,450,0.46,White
Ruby,,Fair,SI2,61.02,67.86,4.09,7.04,2.95,69.36,3.98,4.42,0.209,0.565,0.107,650,0.5,Red
Diamond,2.99,Fair,VS2,60.19,59.81,5.51,3.25,6.31,61.75,1.7,4.72,0.306,0.132,0.574,700,0.68,Violet
Emerald,3.47,Very Good,IF,60.99,60.72,6.05,6.86,2.93,77.85,4.61,1.94,0.216,0.108,0.154,500,0.33,White
Emerald,1.82,Good,VVS1,,59.87,9.13,3.79,,,1.54,-4.62,0.217,0.144,0.516,400,,Red
Topaz,2.03,Fair,VS2,56.28,62.45,6.33,9.76,4.3,62.26,4.25,-0.15,0.424,0.27,0.184,650,0.49,Blue
Emerald,3.73,Very Good,VS1,60.17,60.21,6.58,,4.23,69.54,2.59,-2.57,0.268,0.388,0.416,700,0.65,Red
Sapphire,4.65,Ideal,SI1,57.3,68.75,4.78,6.52,2.15,62.08,1.66,3.88,0.524,0.551,0.356,700,,Green
Amethyst,3.22,Fair,SI2,55.76,52.62,7.68,5.37,5.35,67.47,4.48,-4.58,0.363,0.488,0.162,400,0.53,Green
Emerald,3.99,Very Good,SI2,57.18,50.27,3.18,6.27,2.43,62.37,3.93,-3.87,0.231,0.534,0.209,650,0.56,FaintYellow
Sapphire,1.02,Ideal,VVS1,62.8,60.44,9.75,9.71,2.24,65.24,1.92,-2.14,0.117,0.561,0.417,,0.67,LightYellow
Ruby,1.22,Very Good,VS1,60.42,65.29,6.49,4.82,4.28,76.23,3.66,2.01,0.397,0.264,0.539,600,0.52,Red
Emerald,2.75,Fair,SI1,56.9,62.96,3.43,8.03,2.22,64.65,1.62,4.36,0.569,0.307,,,0.63,Violet
Amethyst,1.05,Ideal,VS1,55.16,69.25,6.91,8.29,2.9,72.76,4.9,-1.12,0.353,0.569,0.364,400,0.69,Blue
Diamond,3.25,Very Good,VS1,58.58,53.65,6.6,4.33,3.76,64.61,3.19,-1.58,0.371,0.523,0.597,700,0.43,Green
Sapphire,1.6,Good,VS2,58.57,63.88,4.68,8.1,4.71,72.32,1.6,2.83,0.235,0.157,0.328,650,0.7,FaintYellow
,4,Ideal,VVS1,62.35,66.32,,7.54,5.52,,1.26,3.98,0.428,0.189,0.176,500,0.37,Red
Emerald,4.08,Very Good,VVS1,64.19,68.24,4.9,5.04,3.3,62.07,3.52,-4.12,0.354,0.56,0.556,450,0.57,Blue
Diamond,2.43,Good,VS1,58.72,60.57,3.91,6.66,4.12,76.96,3.58,4.86,0.457,0.244,0.546,400,0.56,Blue
Emerald,1.07,Ideal,IF,61.88,57.26,6.72,7.13,6.29,78.27,4.92,0.1,0.16,0.228,0.117,400,0.35,Violet
Diamond,3.3,Very Good,VVS2,61.35,,9.15,8.86,3.76,67.45,2.99,4.94,0.215,0.541,0.296,500,0.34,Blue
Diamond,4.97,Fair,SI1,59.22,65.83,9.46,3.87,5.19,77.55,2.36,-4.87,0.512,0.381,0.582,550,0.54,LightYellow
Topaz,3.19,Ideal,IF,55.66,59.42,9.67,9.8,3.22,62.32,3.84,3.91,0.583,0.37,0.335,650,0.47,White
Topaz,0.37,Ideal,,59.73,63.02,7.2,8.38,4.8,68.51,4.21,-4.01,0.509,0.311,0.407,700,,Violet
Sapphire,0.28,Good,SI1,58.54,55.57,7.35,6.74,5.62,63.22,3.75,2.78,0.323,0.433,0.214,400,0.6,Red
Topaz,1.74,Very Good,VVS2,60.5,,5.17,8.43,6.11,79.22,3.97,-5,0.136,0.283,0.449,,0.34,Blue
Amethyst,1.14,Fair,IF,56.25,60.8,9.2,8.13,6.22,,3.77,-3.64,0.538,0.592,0.382,550,0.62,Red
Topaz,4.1,Good,SI1,62.24,50.78,6.42,6.22,3.36,72.4,1.7,-3.39,0.504,0.303,0.387,650,0.34,Green
Ruby,4.26,Ideal,SI2,62.88,67.31,4.96,5.35,2.9,61.42,4.24,1.07,0.58,0.201,0.398,650,0.59,LightYellow
Ruby,1.44,Good,,58.88,59.8,9.76,9.92,5.66,63.32,,1.94,0.305,0.133,0.106,650,0.65,LightYellow
Sapphire,1.76,Good,IF,56.75,59.59,7.94,9.19,4.83,67.01,2.57,-4.1,0.445,0.399,0.134,600,0.64,Violet
Amethyst,1.33,Good,VS1,61.24,55.67,6.25,9.66,3.87,64.56,3.65,-0.94,0.179,0.43,0.523,650,0.6,FaintYellow
Emerald,4.56,Ideal,VS2,64.56,53.93,3.48,3.34,2.16,66.22,4.39,2.02,0.559,0.3,0.409,400,0.38,White
Diamond,2.61,,IF,,55.83,3.98,8.71,3.38,79.37,4.45,4.1,0.45,0.574,0.5,600,0.49,FaintYellow
Topaz,3.35,Good,SI1,56.23,63,4.38,9.24,2.5,76.03,2.34,-3.1,,0.124,0.404,500,0.44,Green
Ruby,2.19,Premium,IF,58.97,51.95,9.32,6.34,4.21,61.4,1.47,-0.75,0.437,0.367,0.158,700,0.48,Red
Emerald,3.23,Fair,SI1,64.15,56.66,9.8,9.24,5.72,61.12,1.89,-2.72,0.46,0.472,0.405,450,0.6,LightYellow
Ruby,2.05,Fair,VVS2,61.34,69.57,4.87,3.71,3.41,60.92,3.43,-4.63,0.176,0.326,0.206,600,0.64,LightYellow
Amethyst,1.83,Fair,VS1,56.47,55.43,6.49,3.42,3.61,74.39,3.07,-0.44,0.438,0.421,0.411,400,0.56,Blue
Diamond,3.25,Very Good,SI2,62.25,69.33,8.54,5.04,5.52,70.27,2.98,-0.8,0.297,0.514,,700,0.31,Green
Topaz,3.04,Ideal,VVS2,58.54,52.1,5.69,3.18,4.05,62.96,2.21,3.22,0.268,0.471,0.363,550,0.35,White
Sapphire,1.61,Premium,SI2,59.9,65.88,6.45,7.79,5.01,78.79,1.3,3.91,0.23,0.373,0.116,400,0.44,LightYellow
Sapphire,0.92,Very Good,VS2,59.15,58.79,9.21,,2.85,64.02,2.2,-1.47,0.532,0.575,0.154,600,0.66,FaintYellow
Amethyst,1.97,Premium,VS2,62.26,53.9,4.45,5.07,3.13,74.44,3.77,2.08,0.469,0.599,0.38,400,0.54,Violet
Sapphire,2.19,Ideal,SI1,57.18,65.75,9.96,7.62,4.86,79.97,3.49,0.78,0.248,0.395,0.181,700,0.62,Green
Ruby,3.22,Good,VS1,58.88,50.14,6.19,6.28,2.5,79.81,2.11,2.7,0.155,0.149,0.153,700,0.48,White
Sapphire,4.59,Very Good,VVS2,,56.94,4.81,4.79,2.79,72.39,4.09,-3.54,0.313,0.22,0.168,450,0.67,White
Diamond,0.37,Ideal,VS1,62.05,62.1,9.25,9.43,3.43,63.06,4.84,3.13,0.408,0.486,0.484,650,0.41,Red
Topaz,1.37,Very Good,VVS2,57.02,54.62,3.54,9.71,2.81,79.86,2.01,1.03,0.105,0.314,0.328,550,0.65,Blue
Ruby,1.13,Fair,SI1,58.51,56.65,7.5,3.94,6.39,74.53,4.15,2.67,0.361,0.41,0.205,600,0.37,Green
Ruby,2.61,Very Good,SI1,55.14,51.83,3.43,8.37,3.15,,4.15,-0.8,0.152,0.119,0.338,400,0.59,LightYellow
Emerald,2.26,Good,SI1,60.3,67.06,9.62,4.32,6.3,79.63,3.14,-4.92,0.509,0.595,0.483,650,0.57,White
Topaz,3.7,Good,VVS1,57.81,58.44,7.48,6.42,5.81,64.06,1.04,4.18,0.435,0.312,0.579,600,0.34,White
Ruby,1.36,Premium,VS1,55.12,52.91,5.79,5.53,,66.44,2.18,2.28,0.29,0.488,0.526,550,0.64,White
Ruby,3.05,Very Good,SI2,59.25,53.98,5.97,4.71,4.47,64.92,1.16,1.91,0.212,0.474,,450,0.63,Violet
Ruby,4.44,Fair,VS2,64.27,55.5,4.16,7.73,3.52,79.82,2.63,-0.27,0.292,0.339,0.282,450,0.65,Green
,4.57,Good,VVS2,64.23,54.59,5.52,8.99,5.16,73.09,3.28,-4.56,0.547,0.509,0.462,500,0.4,White
Amethyst,4.8,Premium,,58.72,60.07,9.33,8.47,3.63,66.21,2.75,-3.62,0.134,0.267,0.475,450,0.36,Green
Emerald,3.91,Fair,VS2,59.49,68.1,8.64,8.06,4.1,67.41,3.78,-0.61,0.559,0.128,0.136,550,0.48,FaintYellow
Amethyst,4.55,Fair,VVS2,57.43,53.68,7.63,3.46,5.23,69.08,1.94,2.93,0.137,0.288,0.195,600,0.64,Green
Topaz,1.33,Fair,VVS1,55.68,59.07,9.77,3.68,3.87,68.77,1.31,3.9,0.118,0.394,0.168,450,0.62,Red
Topaz,1.15,Ideal,VS2,61.94,63.28,7.01,6.25,5.1,63.47,1.68,-0.42,0.2,0.125,0.486,450,0.58,LightYellow
Sapphire,0.23,Good,VS2,63,53.68,4.23,6.89,3.67,77.13,2.07,4.95,0.173,0.437,0.397,450,0.69,White
Diamond,3.59,Ideal,VVS1,63.8,53.08,8,8.06,3.8,75.45,1.97,4.8,0.566,0.581,0.499,400,0.56,LightYellow
Diamond,4.7,Ideal,VS2,64.35,53.11,7.14,5.49,3.45,78.27,3.05,-1.36,0.222,0.212,0.547,500,0.66,LightYellow
Emerald,1.1,Good,VVS2,64.16,67.64,6.06,3.16,6.45,70.51,4.59,-4.35,0.512,0.125,0.489,450,0.48,White
Topaz,3.26,Very Good,SI2,55.27,64.23,4.03,3.25,4.27,73.44,2.43,-0.07,0.26,0.141,0.13,450,0.62,Red
Topaz,3.78,Premium,VVS2,64.78,56.73,7.74,8.98,3,75.08,1.34,4.79,0.174,0.129,0.386,500,0.57,White
Topaz,4.65,Good,VS2,58.8,68.05,,3.9,4.55,71.89,4.28,-1.34,0.31,0.551,0.293,450,0.32,Violet
Ruby,3.3,Premium,IF,63.86,69.07,7.05,9.56,4.11,74.08,1.06,-1.49,0.149,0.192,0.251,600,0.45,Red
Amethyst,4.86,Very Good,SI1,59.41,57.97,5.21,5.33,,70.68,3.06,-1.96,0.402,0.255,0.404,550,0.63,Green
,1.85,Good,VVS1,59.22,60.21,4.09,7.09,6.21,67.99,4.24,4.5,0.18,0.564,0.247,700,0.45,FaintYellow
Emerald,1.88,Fair,IF,55.11,,5.52,4.18,2.5,79.66,3.27,-3.12,0.38,0.135,0.328,400,0.42,Red
Topaz,,Good,VVS2,55.52,54.55,8.96,6.18,6.42,69.55,4.72,-0.65,0.218,0.405,0.22,700,0.31,White
Topaz,2.04,Very Good,VS2,61.71,,4.12,9.13,2.74,76.76,1.12,-2.96,0.559,0.23,0.577,450,0.36,White
Topaz,0.21,Ideal,VS1,64.38,62.98,6.3,9.89,3.23,71.96,4.77,-3.88,0.209,0.569,0.257,600,0.36,LightYellow
Ruby,3.71,Good,SI2,57.24,,5.08,8.37,5.49,65.45,4,-0.64,0.334,0.101,0.492,450,,FaintYellow
Ruby,3.81,Fair,VS1,55.94,50.29,9.74,8.35,2.7,62.26,2.31,3.06,,0.322,0.519,450,0.35,White
Amethyst,3.79,Good,SI1,57.14,65.27,3.59,9.2,5.68,78.3,3.51,-4.92,0.16,0.568,0.141,600,0.5,Green
Sapphire,1.86,Ideal,IF,57.12,59.55,4.72,4.71,5.03,66.75,,-0.15,0.181,0.409,0.169,600,0.61,Red
Emerald,2.71,Good,IF,57.93,51.46,6.15,8.15,5.62,65.91,4.64,0.06,0.514,0.239,0.29,600,0.5,LightYellow
Topaz,1.93,Fair,IF,55.95,52.49,4.73,6.91,4.54,74.94,2.65,-4.24,0.412,0.456,0.245,650,0.47,Blue
Ruby,0.28,Very Good,VVS2,57.36,62.57,7.95,4.83,6.43,72.92,1.4,4.78,0.12,0.418,0.59,450,0.66,Green
Ruby,2.9,Fair,SI1,64.21,60.93,5.6,3.39,4.67,73.21,1.27,-3.02,0.19,,0.137,550,0.66,LightYellow
Amethyst,0.79,Very Good,SI2,63.9,54.81,8.47,4.41,3.78,62.63,2.65,4.07,0.534,0.588,0.579,600,0.64,Green
Sapphire,0.58,Fair,SI1,58.16,52.8,6.86,7.55,6.35,64.96,4.94,-2.71,0.253,0.54,0.28,650,0.5,White
Diamond,3.83,Premium,VVS2,64.97,67.69,5.99,6.99,2.33,69.92,3.48,0.25,0.205,0.464,0.34,600,0.53,LightYellow
Ruby,0.25,Good,SI1,57.98,52.7,5.55,3.48,4.32,77.38,3.97,3,0.498,0.363,0.413,650,0.37,LightYellow
Topaz,4.8,Good,SI2,62.22,51.71,4.55,6.94,4.84,68.51,4.85,4.5,0.298,0.231,0.409,600,0.64,White
Sapphire,2.67,Ideal,VS2,61.44,62.4,4.77,5.73,3.55,62.84,3.65,-0.99,0.342,0.276,0.27,550,0.37,White
Diamond,4.92,Premium,VVS2,55.65,55.05,4.23,3.1,2.41,68.01,3.41,-4.3,0.453,0.333,0.332,650,0.37,FaintYellow
Amethyst,0.48,Ideal,VS2,58.42,63.13,8.96,9.37,3.85,65.83,1.75,-4.77,0.554,0.106,0.238,700,0.69,LightYellow
Topaz,3,Good,VS2,64.51,59.78,6.84,4.81,5.65,79.89,2.16,3.74,0.449,0.403,0.228,400,0.44,Blue
Sapphire,1.88,Ideal,IF,55.51,54.22,,6.87,4.57,67.52,4.52,-0.21,0.297,0.126,0.141,400,0.68,Green
Sapphire,4.25,Very Good,VS1,56.75,51.39,5.26,7.12,5.41,72.31,3.03,-3.5,0.582,0.317,0.312,400,0.68,FaintYellow
Emerald,1.93,Premium,SI2,64.71,51.41,6.62,6.49,5.23,71.49,4.45,-0.36,0.374,0.434,0.276,600,0.66,LightYellow
Amethyst,1.45,Fair,IF,55.4,61.72,9.18,4.68,3.29,63.4,1.06,-2.78,0.551,0.322,0.217,550,0.66,Blue
Emerald,4.32,Very Good,VVS2,59.47,65.16,8.99,5.85,3.14,62.6,3.02,1.99,0.544,0.273,0.165,400,0.54,Blue
Amethyst,2,Fair,VVS1,,63.79,7.19,5.03,5.56,60.35,2.26,-0.93,0.355,0.213,0.151,650,0.32,White
Diamond,0.28,Ideal,VVS2,64.44,61.86,6.71,6.03,2.77,62.75,2.12,2.28,0.204,0.127,0.28,450,0.65,LightYellow
Emerald,2.07,Good,SI2,64.79,54.22,4.58,3.58,4.54,74.53,4.44,2.65,0.286,0.261,0.346,500,0.69,Violet
Topaz,3.34,Very Good,VS1,59.81,67.24,7.85,4.16,6.3,72.65,4.35,-1.26,0.188,0.384,0.453,700,0.62,Green
Sapphire,1.42,Premium,VVS2,55.86,62.58,8.97,3.96,4.36,65.68,4.58,1.63,0.179,0.242,0.445,500,0.56,Blue
Amethyst,2.27,Fair,VS1,62.73,63.88,5.14,7.17,5.63,64.3,2.72,2.74,0.547,0.459,0.139,500,0.38,Green
Diamond,0.47,Very Good,VVS1,62.09,54.48,6.05,7.59,3.15,60.63,4.85,-4.49,0.17,,0.129,450,0.68,Green
Sapphire,3.02,Good,VVS1,60.8,55.23,3.75,9.4,2.26,65.66,2.28,-3.07,0.587,0.315,0.478,550,,Violet
Topaz,3.83,Premium,SI1,63.88,68.15,9.01,4.84,3.57,66.73,4.96,4.82,0.239,0.253,0.5,450,0.46,Blue
Amethyst,2.18,Premium,VS2,64.12,59.52,3.68,5.75,4.59,77.3,4.03,-4.93,0.329,0.477,0.317,700,0.45,Green
Ruby,2.22,Fair,SI2,61.83,61.08,7.93,7.36,4.88,60.27,3.62,-1.87,0.193,0.272,0.252,550,0.64,Violet
Ruby,0.62,Very Good,VVS2,56.12,52.22,4.31,9.8,4.41,65.28,4.56,2.82,0.287,0.265,0.177,550,0.34,FaintYellow
Amethyst,1.17,,VS2,55.96,57.89,8.14,5.74,3.95,79.06,3.53,-1.84,0.4,0.496,0.205,500,0.37,FaintYellow
Emerald,0.94,Premium,IF,59.09,67.74,7.5,5.03,6.43,77.04,2.68,3.19,0.558,0.283,0.297,450,0.41,LightYellow
Diamond,2.51,Ideal,SI2,57.93,68,7.83,5.71,5.1,77.64,2.45,-3.68,0.571,,0.583,600,0.46,Violet
Ruby,2.74,Premium,IF,56.33,64.6,7.45,5.17,6.29,60.06,1.56,3.77,0.127,0.342,0.396,550,0.53,Blue
Amethyst,4.75,Good,IF,61.11,60.91,5.78,3.6,2.79,67.25,2.92,-0.27,0.366,0.163,0.358,650,0.65,Red
Topaz,0.55,Very Good,SI1,61.84,68.62,7.34,5.42,6.5,69.62,4.16,-4.63,0.168,,0.323,600,,White
Amethyst,3.08,Fair,IF,61.98,67.44,4.64,7.1,5.16,62.15,1.55,1.23,0.173,0.571,0.102,600,0.41,Blue
Ruby,2.73,Very Good,IF,56.75,66.93,4.92,4.28,6.37,61.61,4.71,-2.23,,0.548,0.19,650,0.33,Green
Ruby,2.68,Premium,VVS2,58.06,67.64,3.46,8.84,4.73,67.15,1.88,2,0.263,0.537,0.413,650,0.42,FaintYellow
Emerald,4.39,Good,VS2,56.99,59.06,7.29,8.15,2.69,78.42,4.84,4.03,0.592,0.551,0.401,650,0.47,Green
Ruby,1.19,Ideal,VS2,61.01,60.51,8.89,6.91,3.57,,2.83,-4.16,0.499,0.457,0.392,500,0.59,White
Diamond,0.4,Very Good,VS1,60.67,58.48,5.65,8.16,2.24,75.13,1.55,-2.56,0.373,0.122,0.216,500,0.44,LightYellow
Diamond,3.43,Premium,IF,60.03,64.8,4.46,5.22,2.68,71.96,1.45,-1.09,0.118,0.551,0.248,550,0.61,White
Topaz,1.86,Premium,VVS1,57.96,61.84,8.77,4.4,6.49,77.75,3.65,4.6,0.136,0.177,0.378,650,0.43,White
Emerald,0.28,Premium,VS1,57.37,51.39,7.51,8.9,6.12,66.67,4.24,-0.94,,0.22,0.181,450,0.3,Blue
Emerald,1.41,Good,VS1,63.9,52.73,9.25,8.73,6.06,62.66,1.23,-3.87,0.52,0.52,0.226,450,0.35,Red
Topaz,1.68,Premium,VVS2,55.49,53.85,3.04,,2.01,62.74,4.66,-2.02,0.358,0.413,0.502,700,0.39,LightYellow
Emerald,3.16,Premium,VS1,,63.41,5.81,4.79,4.03,63.76,,-4.81,0.536,0.303,0.226,600,0.45,FaintYellow
Ruby,1.03,Premium,VVS1,55.2,52.2,9.31,5.41,5.52,76.17,3.18,-3.09,0.301,0.508,0.408,650,0.32,FaintYellow
Amethyst,2.18,Very Good,VS2,56.94,60.82,7.73,5.66,3.02,71.42,3.06,1.1,0.56,0.273,0.402,700,0.63,Green
Amethyst,2.52,Premium,VS1,,66.82,6.28,4.29,3.89,70.91,4.22,-3.31,0.545,0.307,0.576,450,0.39,Blue
Amethyst,2.4,Good,VVS2,63.86,68.95,5.9,8.32,2.92,62.46,3.33,4.17,0.414,0.108,0.37,650,0.61,Blue
Emerald,4.87,Very Good,SI2,56.38,,9.27,4.29,5.12,63.55,2.35,2.13,0.549,0.477,0.332,500,0.55,White
Sapphire,0.42,,IF,64.38,60.67,8.82,4.55,5.17,64.11,3.32,1.88,0.369,0.188,0.268,550,0.65,Violet
Emerald,4.76,Ideal,VVS1,63.15,66.63,3.09,3.34,3.27,75.05,4.8,-0.53,0.152,0.19,0.202,700,0.46,LightYellow
Amethyst,2.99,Good,IF,61.79,68.71,3.85,7.64,4.15,73.91,1.49,2.8,0.47,0.128,0.242,550,0.57,Blue
Emerald,4.02,Ideal,SI1,59.12,57.8,6.59,9.5,4.03,71.67,3.63,-3.13,0.422,0.412,0.58,600,0.45,FaintYellow
,2.27,Good,VS1,64.05,57.06,3.8,6.39,5.5,62.03,1.67,-0.57,0.44,0.246,0.581,500,0.6,Red
Amethyst,2.38,Ideal,VS2,60.28,59.02,4.92,9.28,5.04,63.08,1.82,4.94,0.121,0.227,0.193,600,0.46,LightYellow
Ruby,4.42,Premium,VVS2,58.71,55.08,8.84,8.89,2.31,65.15,4.89,-2.13,0.151,0.262,0.131,400,0.67,Violet
Diamond,4.5,Ideal,SI2,60.86,67.19,5.7,8.56,2.68,76.62,4.3,-0.95,0.599,0.384,0.248,400,0.68,LightYellow
Emerald,1.35,Ideal,VVS1,57.32,56.36,6.16,4.17,5.78,74.45,4.64,-2.8,0.484,0.576,0.484,400,0.68,Violet
Sapphire,1.16,Good,VS2,57.73,58.99,,5.64,6.34,78.3,1.61,-4.24,0.334,0.551,0.292,500,0.58,FaintYellow
Emerald,2.58,Premium,VVS1,64.19,56.4,,7.65,4.86,60.68,2.65,-0.96,0.435,0.114,0.249,650,0.4,White
Sapphire,4.52,Good,VVS2,62.94,52.38,3.84,5.41,3.64,76.42,4.07,-3.55,0.517,0.252,0.286,600,0.63,FaintYellow
Sapphire,1.75,Premium,VVS2,60.14,62.13,7.41,7.98,2.99,60.48,3.59,0.12,0.555,0.295,0.208,650,0.38,Blue
Sapphire,3.33,Fair,VS1,59.17,61.75,8.23,5.01,5.35,73.31,1.6,2.53,0.529,0.103,0.414,650,0.6,Green
Amethyst,3.6,Very Good,VVS1,63.08,55.9,9.12,5.75,4.87,73,2.76,3.48,0.372,0.568,0.393,550,0.69,FaintYellow
Amethyst,3.94,Very Good,SI1,60.71,50.63,7.08,8.12,6.09,65.36,1.97,-3.32,0.555,0.344,0.276,650,0.46,FaintYellow
Topaz,,Good,SI1,59.15,68.73,5.32,3.83,6.06,74.98,2.35,4.02,0.495,0.39,0.34,400,0.31,Violet
Diamond,2.13,Premium,VS1,60.15,57.11,8.96,8.51,3.38,68.45,4.65,-1.41,0.137,0.188,0.102,400,0.63,Violet
Topaz,4.84,Ideal,VVS1,57.33,60.78,7.18,7.99,5.61,72.67,1.98,-0.52,0.151,0.265,0.364,450,0.64,FaintYellow
Ruby,3.13,Very Good,VVS1,57.02,52.87,5.51,6.15,3.14,72.6,2.5,0.82,0.466,0.468,0.518,600,0.39,White
Ruby,3.7,Good,IF,64.89,55.02,5.26,6.06,5.52,77.63,3.07,-3.51,0.525,0.105,0.169,700,0.51,Green
Topaz,1.86,,VS1,64.7,58.71,5.24,9.35,2.76,,1.28,3.42,0.321,0.175,0.569,700,0.47,Blue
Ruby,3.42,Good,VVS1,59.21,61.24,3.39,8.01,3.56,73.41,4.56,2.89,0.482,0.121,0.361,400,0.3,Blue
Sapphire,1.44,Premium,VVS1,60.15,67.08,,7.34,2.39,71.93,2.86,-0.27,0.473,0.322,,650,0.6,LightYellow
Ruby,1.38,Good,VVS2,63.27,55.81,3.63,9.05,3.33,62,2.44,-1.82,0.337,0.188,0.246,600,0.43,Green
Topaz,3.63,Fair,SI2,62.26,67.44,5.19,5.32,3.43,66.02,2.91,-0.03,0.302,0.346,0.416,700,0.68,Blue
Diamond,2.7,Ideal,IF,56,59.17,6.32,5.01,5.01,69.19,3.7,1.54,0.137,0.46,0.24,450,0.63,FaintYellow
Emerald,3.48,Good,SI1,58.75,58.65,4.03,4.47,5.22,65.01,3.45,2,0.59,0.24,0.508,450,0.62,FaintYellow
Emerald,1.49,Premium,SI1,57.5,57.93,8.8,6.64,4.65,63.31,3.31,-0.62,0.202,0.289,0.559,700,0.6,FaintYellow
Diamond,3.07,Ideal,VVS2,64.93,67.72,3.46,9.92,5.47,70.23,2.22,-4.73,0.175,0.141,0.561,400,0.51,Green
Emerald,2.33,Ideal,SI2,62.49,55.02,9.62,9.5,4.03,76.7,2.74,2.13,0.14,0.453,0.494,600,0.38,FaintYellow
Emerald,3.07,Very Good,SI2,55.48,67.15,3.52,6.19,4.83,72.68,3.79,-1.8,0.355,0.323,0.578,550,0.51,Red
Emerald,1.6,Good,VS1,64,51.78,9.26,3.78,3.62,73.89,4.49,3.79,0.134,0.368,0.503,650,0.35,Violet
Amethyst,3.63,Good,SI1,64.28,69.11,4.82,9.12,4.35,62.83,1.55,-0.78,0.539,0.25,0.545,450,0.68,Red
Emerald,4.07,Premium,VS1,58.33,60.06,9.91,9.46,2.63,75.95,4.36,2.96,0.201,0.295,0.262,700,0.36,Violet
Amethyst,1.45,Fair,VVS1,61.42,69.98,6.65,4.2,4.75,62.22,4.19,-1.33,0.559,0.177,0.427,550,0.31,LightYellow
Emerald,1.64,Fair,VS2,61.82,62.16,3.13,9.18,2.92,65.64,3.97,-1.29,,0.118,0.196,400,0.31,Green
Sapphire,3.37,Very Good,SI2,62.3,52.35,4.98,6.12,4.07,77.54,2.85,2.63,0.12,0.413,0.257,550,0.63,Green
Sapphire,3.54,Fair,SI2,61.94,51.22,9.58,3.08,4.99,78.44,3.25,0.4,0.388,0.127,0.385,500,0.46,Violet
Ruby,3.58,Premium,VVS2,60.6,,5.1,9.6,3.93,61.75,2.91,-2.44,0.191,0.368,0.328,400,0.37,Red
Sapphire,3.48,Very Good,SI2,64.54,58.42,5.52,3.3,3,63.24,3.04,3.39,0.168,0.125,,600,0.61,Blue
Ruby,2.09,Good,VS1,60.12,64.94,3.31,3.24,5,67.17,3.47,1.3,0.358,0.472,0.198,400,0.51,Red
Topaz,2.1,Fair,SI2,56.11,50.01,4.77,9.74,5.84,74.33,2.97,1.34,0.195,0.129,0.421,400,0.53,Violet
Amethyst,1.42,Premium,VVS1,55.8,55.15,4.82,4.5,4.25,62.98,3.22,2.84,0.326,0.576,0.293,400,0.52,Green
Emerald,0.95,Premium,,55.18,61.75,8.01,6.89,4.51,63.09,3.65,1.3,0.126,0.328,0.25,400,0.66,FaintYellow
Ruby,3.52,Good,VVS2,59.28,55.96,6.54,9.6,3.76,70.91,2.09,-2.42,0.335,0.234,0.153,700,0.44,LightYellow
Sapphire,0.65,Premium,SI2,57.73,57.14,4.13,9.58,4.62,71.8,3.86,-4.9,0.185,0.18,0.455,600,0.68,Blue
Amethyst,4.7,Very Good,SI1,63.95,56.02,8.57,4.22,4.23,61.76,4.88,2.89,0.158,0.347,0.312,600,0.35,White
Amethyst,4.17,Very Good,VVS1,63.67,69.06,7.28,6.59,5.36,68.1,1.78,4.57,0.142,0.396,0.519,550,0.54,White
Emerald,4.32,Ideal,IF,63.38,51.32,4.88,3.05,3.08,74.64,4.67,2.19,0.419,0.125,0.487,600,0.59,Blue
Ruby,4.55,Good,SI1,63.67,68.15,4.57,3.63,4.19,66.83,2.7,3.26,0.132,0.566,0.318,700,0.56,White
Amethyst,2.16,Premium,,57.98,56.46,9.47,9.64,3.42,64.84,4.66,3.64,0.391,0.296,0.228,400,0.67,Green
Topaz,4.26,Fair,VVS2,59.26,54.93,7.46,5.91,2.42,62.29,2.68,-2.47,0.139,0.494,0.497,550,0.38,FaintYellow
Emerald,0.96,Very Good,VVS2,58.12,67.67,,4.05,3.74,69.29,3.86,-1.43,0.346,0.279,,550,0.6,LightYellow
Amethyst,0.3,Good,VVS2,55.86,55.74,4.58,7.42,6.29,78.8,3.23,2.34,0.215,0.306,0.308,650,0.48,Green
Diamond,3.97,Good,VVS1,64.24,69.75,7.12,4.21,4.07,72.28,4,-0.61,0.171,0.13,0.491,550,0.41,White
Topaz,0.56,Very Good,VVS1,61.16,60.96,3.37,9.86,4.46,61.33,3.81,1.37,0.58,0.287,0.183,650,0.32,LightYellow
Ruby,4.94,Ideal,VVS2,56.33,59.53,7.16,7.7,5.34,65.17,4.84,-2.31,0.274,0.233,0.357,550,0.36,LightYellow
Sapphire,3.44,Good,VVS2,57.06,69.53,4.43,5.58,6.43,74.81,2.16,2.15,0.262,0.492,0.492,550,0.4,LightYellow
,3.82,Premium,IF,59.51,54.54,7.68,5.67,3.85,75.14,4.72,0.94,0.586,0.207,0.112,600,0.55,FaintYellow
Diamond,1.38,Fair,VS1,55.52,68.18,9.52,9.42,4.33,67.52,2.01,4.58,0.477,0.582,0.472,450,0.68,LightYellow
Amethyst,3.43,Fair,SI1,57.72,61.83,6.21,9.27,6.36,61.34,4.15,4.24,0.398,0.465,0.232,400,0.42,FaintYellow
Amethyst,0.41,Very Good,SI1,62.03,65.1,5.14,9.65,3.93,70.74,2.96,0.61,0.198,0.386,0.48,650,0.33,LightYellow
Diamond,4.22,Good,IF,64.2,61.64,3.86,6.18,5.56,74.65,1.29,-2.48,0.412,0.317,0.309,700,0.44,Red
Ruby,1.01,Fair,VVS2,64.29,62.37,7.69,8.96,4,66.64,1.14,-1.11,0.497,0.423,0.111,550,0.7,FaintYellow
Ruby,3.55,Good,SI2,60.2,53.1,7.09,6.39,3.02,75.77,3.08,2.38,0.532,0.579,0.382,450,0.61,Green
Sapphire,1.28,Very Good,VVS1,58.12,53.03,6.81,7.43,6.21,66.59,1.14,-0.78,0.533,0.593,0.419,550,0.36,White
Diamond,0.53,Ideal,VVS1,64.21,57.94,9.55,6.55,5.2,63.38,4.79,3.22,0.147,0.115,0.186,400,0.37,Violet
Diamond,2.51,Fair,VVS2,62.87,56.93,9.85,7.26,5.89,75.98,1.66,-2.61,0.24,0.366,0.355,550,0.54,Violet
Emerald,1.01,Premium,VS1,60.87,64.24,8.02,6.57,2.52,62.67,2.94,2.71,,0.344,0.483,650,0.38,Violet
Ruby,,Very Good,VS2,63.35,64.46,4.37,4.08,5.17,64.89,2.51,2.85,0.337,0.525,0.133,400,0.7,LightYellow
Diamond,1.34,Ideal,VS2,59.59,61.28,9.63,3.76,4.88,77.07,3.1,-3.16,0.343,0.535,0.528,700,0.62,Green
Diamond,1.84,Premium,IF,56.12,58.04,5.41,9.59,4.18,70.46,1.83,-4.12,0.569,0.422,0.276,400,0.31,Violet
Amethyst,2.92,Premium,SI1,64.38,63.54,3.55,6.57,2.64,63.08,4.47,1.01,0.299,0.37,0.584,600,0.42,Blue
Topaz,1.57,Fair,VS1,60.34,63.75,4.69,9.59,3.87,72.31,1.05,2.75,0.507,0.124,0.511,400,0.41,White
Emerald,2.01,Good,VS2,61.95,66.18,8.81,7.8,4.78,71.72,3.29,4.38,0.338,0.517,0.479,700,0.63,Blue
Diamond,4.11,Very Good,VS1,58.92,66.23,4.43,,5.05,71.03,2.39,1.82,0.318,0.152,0.179,400,0.46,White
Amethyst,1.06,Premium,VVS1,56.36,51.39,5.77,4.41,2.53,,1.86,1.83,0.572,0.478,0.351,550,0.42,FaintYellow
Sapphire,0.59,Fair,VVS1,57.72,57.48,4.91,8.37,4,68.13,1.85,-0.66,0.249,0.301,0.271,600,0.57,Red
Sapphire,1.78,Ideal,SI2,,58.4,3.33,4.24,3.91,75.22,1.73,-1.83,0.25,0.37,0.498,400,0.63,LightYellow
Amethyst,2.24,Premium,VS1,55.88,66.94,6.93,3.05,5.54,78.53,3.41,-0.78,0.522,0.18,0.266,500,0.68,Green
Sapphire,2.8,Ideal,VVS2,57.05,60.04,7.4,3.78,2.19,71.56,4.57,1.97,0.323,0.132,0.441,400,0.65,White
Diamond,1.99,Very Good,VS2,60.61,59.78,8.54,6.34,5.53,78.65,2.59,4.84,0.405,0.536,0.324,700,0.58,White
Diamond,3.99,Fair,VS2,64.93,61.08,5.9,4.14,5.53,63.52,1.66,1.85,0.133,0.171,0.484,700,0.45,Blue
Sapphire,0.39,Ideal,VVS1,63.44,52.54,,3.32,5.14,65.8,1.21,0.79,0.362,0.199,0.182,550,0.51,Green
Sapphire,2.27,Good,SI2,55.86,61.31,7.57,8.21,6.05,76.72,4.28,-0.88,0.372,0.117,0.253,500,0.52,Green
Diamond,2.03,Ideal,SI2,63.42,61.03,9.23,9.8,4.09,79.26,1.89,-1.12,0.413,0.26,0.17,600,0.51,Violet
Topaz,3.31,Ideal,SI1,60.36,,3.84,9.85,2.43,77.81,3.94,-0.68,0.142,0.274,0.386,500,0.69,Red
Ruby,4.84,Fair,IF,61.6,62.68,4.28,9.3,3.49,69.83,3.12,-0.07,0.531,0.304,0.281,550,0.61,Red
Emerald,2.65,Fair,VS2,56.3,69.1,5.3,3.13,4.75,76.22,3.55,-0.67,0.31,0.382,0.492,450,0.33,LightYellow
Ruby,4.94,Premium,VVS1,58.95,51.6,7.55,4.68,3.45,64.02,3.3,3.75,0.248,0.511,0.239,450,0.54,Red
,1.65,Ideal,SI2,63.84,65.43,6.67,3.96,4.85,66.35,4.81,-4.83,0.388,0.395,0.402,,0.59,White
Sapphire,0.35,Ideal,VVS1,59.25,65.03,7.99,7.48,2.2,79.97,1.41,0.63,0.372,0.442,0.37,650,0.44,White
Emerald,1,Fair,VS1,56.27,55.39,3.22,,2.32,63.57,3.63,,0.193,0.386,,500,0.36,Blue
Diamond,2.1,Good,VS1,58.11,63.97,8.67,7,2.05,64.85,1.46,-0.64,0.253,0.513,0.465,550,0.42,Green
Sapphire,1.72,Fair,SI1,57.22,63.19,9.91,5.43,6.39,74.46,1.78,3.71,0.446,0.319,0.556,700,0.37,LightYellow
Amethyst,0.67,Good,,61.87,55.97,3.33,9.38,3.18,73.38,3.7,0.98,0.205,0.262,0.395,600,0.53,Green
Emerald,2.28,Fair,IF,64.11,64.48,6.47,6.54,5.58,74.36,3.48,-2.23,0.336,0.39,0.454,700,0.47,Violet
Topaz,1.82,Very Good,SI2,62.33,68.61,8.18,4.22,5.99,79,2.94,-2.84,0.537,0.305,0.582,600,0.7,LightYellow
Topaz,0.79,Ideal,VS2,63.44,56.1,6.33,6.73,2.71,62.4,4.09,-4.56,0.113,0.332,0.457,600,0.68,Green
Sapphire,1.62,Good,IF,63.06,69.6,7.15,3.13,2.9,71.56,3.77,2.04,0.519,0.352,0.594,400,0.63,Violet
Ruby,4.45,Very Good,SI2,55.15,54.49,9.45,3.27,3.72,65.14,1.23,1.51,0.533,0.334,0.393,400,,LightYellow
Diamond,1.65,Good,IF,56.24,52.69,6.78,7.39,4.27,67.89,3.62,2.83,0.46,0.234,0.593,650,0.36,FaintYellow
Amethyst,3.63,Premium,VS1,59.23,51.54,4.66,8.06,4.41,66.49,2.55,4.56,0.401,0.299,0.191,700,0.43,Green
Amethyst,3.14,Premium,SI1,56.12,54.27,8.17,3.97,3.74,78.61,2.88,-1.71,0.331,0.577,0.41,550,0.47,Red
Sapphire,2.25,Ideal,VVS1,62.35,56.85,5.63,6.73,4.64,78.93,3.09,-2.58,0.433,0.307,0.278,450,0.6,White
Diamond,1.35,Very Good,VVS2,55.7,,5,8.41,5.31,69.96,2.34,-2.23,0.503,0.197,0.401,650,0.59,White
Amethyst,1.97,Very Good,VVS1,59.16,51.44,4.74,9.18,5.15,74.58,2.79,0.55,0.217,0.12,0.127,550,0.6,Violet
Topaz,3.04,Premium,VVS1,58.92,60.15,3.56,6.32,2.14,64.23,3.24,-0.35,0.555,0.368,0.258,700,0.67,FaintYellow
Ruby,1.88,Ideal,VVS1,60.43,60.37,9.53,3.86,4.67,66.76,1.24,-4.1,0.243,0.435,0.11,,0.46,LightYellow
Ruby,1.23,Premium,VVS1,61.29,54.56,6.94,3.48,5.21,73.16,3.29,-2.81,0.107,0.355,0.344,600,0.35,Red
Diamond,0.76,Very Good,IF,64.47,50.91,9.69,9,2.9,73.45,2.39,,0.445,0.422,0.358,450,0.65,White
Amethyst,4.42,Good,VS1,57.71,54.5,9.03,3.54,4.72,78.18,3.29,4.75,0.559,0.277,0.348,600,0.7,White
Emerald,2.31,Very Good,VS1,61.66,,3.21,8.72,2.5,75.09,2.78,2.64,0.534,0.134,0.556,450,0.58,LightYellow
Ruby,3.2,Ideal,VVS1,55.35,63.76,4.73,6.06,4.99,76.85,1.73,4.83,0.195,0.31,0.314,,0.41,Green
Amethyst,2.55,,VVS2,55.01,54.68,5.21,6.06,4.79,76.47,1.44,2.21,0.576,0.358,0.205,600,0.47,FaintYellow
Amethyst,4.39,Fair,VS2,55.25,56.81,6.43,6.63,3.08,65.43,4.5,4.87,0.57,0.48,0.522,700,0.46,LightYellow
Sapphire,2.83,Very Good,VVS1,59.49,50.95,8.01,3.95,5.94,76.27,2.58,-2.5,0.426,0.561,0.566,450,0.55,Blue
Sapphire,2.51,Fair,VVS1,60.55,62.48,7.77,8.2,5.63,64.13,3.46,4.15,0.228,0.462,0.204,600,0.6,Violet
Topaz,4.64,Premium,VVS2,55.06,59.48,9.91,5.1,5.33,60.25,1.34,1.69,0.309,0.398,0.217,450,0.44,LightYellow
Amethyst,3.65,Fair,IF,58.96,56.9,9.46,7.18,4.07,72.32,2.64,0.98,0.368,0.176,0.171,700,0.66,Green
Sapphire,,Very Good,VVS1,55.41,64.06,4.3,3.04,3.02,67.29,3.83,2.02,0.364,0.106,0.486,450,0.51,Red
Emerald,1.05,Very Good,VVS2,61.53,63.64,9.02,4.97,5.52,73.4,4.88,0.69,0.39,0.243,0.546,550,0.62,Green
Ruby,3.98,Very Good,IF,61.31,56.56,8.9,3.28,2.97,64.45,3.22,-1.4,0.228,0.176,0.503,500,0.65,FaintYellow
Sapphire,4.21,Ideal,IF,62.84,64.19,,5.2,4.19,65.01,1.7,3.14,0.195,0.182,0.299,600,0.64,Red
Amethyst,2.82,Premium,SI1,60.46,,5.37,3.88,3.7,77.99,1.05,-1.28,0.587,0.534,0.184,400,0.54,FaintYellow
Topaz,2.86,Fair,SI2,61.23,54.44,4.46,3.49,2.91,73.3,2.42,-0.69,0.161,0.553,0.575,600,0.39,Blue
Ruby,3.23,Good,SI2,57.79,64.4,4.49,8.94,4.77,61.78,,2.89,0.262,0.577,0.248,700,0.55,White
Emerald,2.31,,SI1,55.85,64.56,5.36,5.55,6.42,67.01,2.99,4.74,,0.143,0.558,600,0.56,White
Sapphire,3.46,Very Good,SI1,62.37,67.32,6.53,8.78,4.14,73.01,1.02,-1.86,0.461,0.152,0.459,700,0.46,Green
Topaz,0.72,Good,VVS1,61.12,60.02,7.09,9.25,4.25,74.33,3.89,4.8,0.381,0.225,0.56,500,0.53,Green
Topaz,4.81,Good,SI2,64.38,54.65,5.28,6.54,3.68,69.94,3.62,3.88,0.107,0.579,0.438,700,0.52,White
Ruby,3.8,Fair,IF,64.89,66.74,5.5,6.97,3.03,65.04,1.07,-3.02,0.536,0.195,0.187,650,0.3,FaintYellow
Diamond,3.23,,VVS1,63.47,53.49,3.09,7.53,3.27,73.38,2.33,-3.39,0.482,0.446,0.329,400,0.55,Red
Diamond,1.72,Fair,VVS1,64.86,68.77,3.01,7.51,5.94,61.68,2.47,3.19,0.15,0.213,0.173,500,0.33,White
Topaz,0.97,Fair,VS1,61.47,56.13,9.35,6.71,6.27,75.84,2.14,,0.505,0.493,0.21,400,0.45,LightYellow
Sapphire,2.16,Premium,VS2,55.92,50.38,3.1,7.16,5.72,75.12,2.18,4.84,0.231,0.434,0.275,700,0.48,Green
Amethyst,3.38,Ideal,VS2,55.9,53.74,3.23,6.09,2.12,65.75,2.73,-2.95,0.505,0.378,0.174,500,0.6,Violet
Emerald,3.24,Ideal,VS1,63.07,58.3,4.44,9.41,4.74,61.21,3.81,-4.76,0.521,0.394,0.253,400,0.37,White
,2.04,,SI2,57.37,51.1,8.2,8.05,4.47,61.79,3.7,1.65,,0.591,0.148,450,0.68,Blue
Sapphire,3.14,Ideal,VVS1,55.61,58.19,7.75,5.2,5.49,68.53,2.64,0.7,0.14,0.23,0.124,700,0.33,LightYellow
Amethyst,4.11,Fair,VVS2,59.72,54.06,7.53,5.35,5.51,63.67,3.48,4.11,0.38,0.372,0.175,700,0.32,Red
Sapphire,0.33,Fair,IF,58.15,50.38,7.02,6.19,3.97,68.73,1.28,-3.63,0.377,0.384,0.206,450,0.36,LightYellow
Amethyst,2.36,Fair,VS1,60.88,55.98,4.41,3.22,3.29,61.14,4.08,-3.14,0.502,0.172,0.238,700,0.36,Red
Ruby,3.84,Premium,SI1,61,54.53,5.79,9.94,2.44,68.86,2.77,2.3,0.146,0.195,0.405,650,0.53,Green
Emerald,2.82,Very Good,VS1,61.82,58.4,6.35,6.27,4.75,78.05,1.36,,0.45,0.419,0.205,600,0.62,LightYellow
Sapphire,3.33,Ideal,VS1,60.76,65.18,7.08,8.43,3.23,73.57,2.49,1.29,0.522,0.307,0.54,600,0.59,Blue
Diamond,2.68,Ideal,SI2,58.81,60.2,4.39,4.11,6.34,61.3,3.83,-4.65,0.364,0.59,0.139,550,0.37,Violet
Amethyst,4.96,Premium,SI2,55.24,,8.1,7.26,2.21,61.69,1.49,3.08,0.256,0.207,0.489,600,0.65,White
Emerald,0.46,Premium,VS1,64.05,56.73,5.16,5.67,6.34,70.15,4.26,-2.37,0.223,0.328,0.498,700,0.37,Red
Amethyst,2.56,Fair,VS2,58.27,50.26,7.62,9.23,4.23,65.27,3.83,0.33,0.257,0.139,0.283,650,0.54,FaintYellow
Amethyst,0.64,Fair,VVS1,60.07,68.44,6.6,9.53,4.73,68.83,1.33,1.94,0.548,0.162,0.414,650,0.51,Red
Emerald,0.97,Very Good,VS1,60.57,56.29,7.15,7.37,4.63,75.36,4.91,-3.34,0.449,0.363,0.397,650,0.54,LightYellow
Amethyst,2.04,Ideal,VS1,58.15,60.54,5.89,3.43,5.39,67.87,4.77,-4.21,0.432,0.35,0.552,700,0.4,FaintYellow
Topaz,,Premium,VS1,,59.38,6.12,6.27,2.41,66.01,1.53,-5,0.136,0.482,0.588,400,0.53,FaintYellow
Sapphire,4.83,Very Good,VVS2,57.61,61.66,9.08,3.12,6,77.91,1.81,-4.42,0.406,0.218,0.26,500,0.45,White
Emerald,4.74,Ideal,VVS2,57.43,,6.33,6.63,5.56,74.27,2.39,4.11,0.53,0.133,,650,0.57,Red
Emerald,1.81,Very Good,IF,55.3,67.34,8.56,6.51,5.83,72.69,4.96,0.19,0.196,0.221,0.167,650,0.47,FaintYellow
Sapphire,3.27,Very Good,VVS1,64.58,69.62,5.77,5.92,4.18,61.44,3.82,-4.35,0.23,0.44,0.477,500,0.31,FaintYellow
Ruby,2.76,Fair,VS1,60.95,60.57,7.9,5.36,5.14,70.02,4.66,4.96,0.588,0.446,0.565,450,0.46,Green
Diamond,4.11,,IF,56.08,68.45,4.63,7.05,4.06,77.9,2.1,-4.09,0.373,0.285,0.157,450,0.33,Red
Emerald,3.21,Fair,SI2,60.92,59.65,9.42,4.24,2.59,76.45,4.48,4.18,0.455,0.334,0.477,600,0.59,Blue
Ruby,0.2,Ideal,SI1,57.32,50.89,9.77,3.18,3.36,61.29,1.44,-2.81,0.269,0.593,0.35,450,0.4,Red
Amethyst,3.86,Ideal,IF,58.11,52.92,9.31,8.51,3.25,75.02,4.98,2.03,0.235,0.542,0.584,400,0.37,LightYellow
Sapphire,3.78,Fair,,63.01,56.68,5.42,8.5,2.75,77.48,1.43,-2.67,0.126,0.385,0.143,700,0.63,Violet
Ruby,2.65,Good,SI1,63.86,64.51,4.94,7.06,3.09,64.88,2.75,4.92,0.204,0.258,0.539,650,0.52,Violet
Emerald,4.53,Very Good,VVS1,62,51.63,4.28,8.81,4.24,70.42,4.28,-3.21,0.421,0.529,0.388,650,0.66,Violet
Topaz,4.56,Ideal,VVS2,64.33,57.23,9.11,6.59,3.9,77.71,4.4,-1.49,0.256,0.399,0.395,450,0.43,White
Emerald,2.71,Very Good,VVS1,64.05,69.65,3.83,3.05,3.48,77.61,4.45,-3.64,0.176,0.528,0.15,500,0.4,FaintYellow
Ruby,3.12,Good,IF,60.51,65.71,7.5,4.04,6.08,68.26,2.15,-0.05,0.144,0.443,0.243,450,0.41,Blue
Emerald,4.98,Very Good,SI1,64.08,61.44,5.32,6.22,5.5,70.14,3.64,-0.7,0.531,0.271,0.251,500,0.7,Blue
Sapphire,1.63,Good,VVS1,60.45,51.24,4.32,9.04,2.01,62.12,1.84,3.14,0.342,0.491,0.19,550,0.63,Red
Diamond,1.76,Premium,VVS2,56.04,50.29,4.29,4.58,4.57,70.69,2.98,3.54,0.292,0.325,0.249,400,0.6,Red
Amethyst,1.08,Good,IF,63.29,52.1,9.1,3.24,5.15,77.22,4.39,3.58,0.197,0.188,0.204,550,0.37,LightYellow
Sapphire,4.5,Ideal,VVS1,56.31,56.54,9.02,5.89,2.24,63.46,2.64,-4.63,0.34,0.44,0.372,650,0.32,Violet
Emerald,3.77,Fair,SI2,58.16,62.13,4.9,3.47,2.51,69.17,1.44,-3.2,0.559,0.395,0.272,650,0.44,White
Sapphire,0.71,Fair,SI2,58.8,53.95,3.24,6.85,3.25,72.86,1.1,1.39,0.297,0.384,0.327,550,0.68,LightYellow
Amethyst,4.91,Very Good,VS1,63.07,51.02,9.08,3.39,4.76,60.97,4.6,1.02,0.135,0.375,0.301,700,,Blue
Amethyst,3.71,Premium,VS1,55.84,51.82,3.4,3.12,6.15,60.73,1.49,3.07,0.481,0.319,0.287,550,0.58,FaintYellow
Sapphire,4.28,Very Good,VVS1,59.45,58.54,3.59,9.6,4.19,76.98,4.5,2.75,0.215,0.565,0.11,500,0.47,FaintYellow
Emerald,0.43,Good,VVS1,59.37,65.46,8.75,7.66,6.42,79.3,1.38,-2.84,0.456,0.593,0.417,450,0.32,Blue
Topaz,2.62,Fair,SI1,,66.42,8.72,3.84,6.22,75.22,1.97,-1.56,0.471,0.507,0.433,650,0.4,Green
Amethyst,3.55,Good,SI2,58.54,55.82,4.42,6.89,4.87,79.26,3.91,0.66,0.503,0.415,0.452,700,0.66,White
Ruby,2.81,Fair,SI1,60.77,63.27,3.27,4.81,4.06,63.07,1.7,3.63,0.209,0.485,,550,0.69,FaintYellow
Ruby,3.4,Fair,VVS2,64.86,57.85,3.44,8.33,5.07,77.4,4.53,0.25,0.177,0.512,0.447,650,0.33,White
Diamond,4.13,Fair,IF,55.72,69.45,6.17,8.7,5.56,78.12,1.9,1.9,0.262,0.218,0.321,,0.46,LightYellow
Ruby,2,Ideal,VVS1,63.75,58.1,5.93,6.55,6.24,65.8,2.47,,0.442,0.3,0.227,,0.42,Blue
,4.27,Good,IF,58.09,57.92,,5.87,5.39,72.96,4.47,,0.574,0.561,0.361,400,0.35,White
Ruby,0.98,Very Good,VS1,59.66,60.03,9.36,5.22,3.76,66.12,2.37,-0.58,0.436,0.237,0.597,500,0.33,Green
Amethyst,1.5,Premium,IF,62.41,50.51,6.87,3.23,4.22,62.19,3.35,-3.4,,0.529,0.233,450,0.62,Red
Sapphire,0.41,Very Good,VS2,64.1,58.36,8.65,6.93,2.21,76.26,2.3,-1.42,0.411,0.386,0.352,550,0.69,Blue
Amethyst,1.95,Good,SI2,55.09,66.57,3.73,6.56,2.13,78.12,2.91,-1.97,0.581,0.44,0.254,650,0.47,Green
Ruby,2.02,Premium,VVS2,61.62,62.24,9.81,4.49,3.27,62.2,2.88,-2.55,0.462,0.504,0.287,550,0.42,LightYellow
Ruby,4.07,Very Good,SI2,55.7,69.39,8.67,6.72,5.63,72.96,2.9,1.86,0.271,0.553,0.341,450,0.57,White
Topaz,3.34,Premium,VVS2,60.26,56.51,,6.27,3.44,79.42,2.47,-2.99,0.44,0.416,0.46,700,0.46,Green
,2.3,Good,IF,62.5,53.23,3.15,4.82,2.53,65.46,3.89,1.77,0.188,0.411,0.49,400,0.56,White
Diamond,3.33,Fair,VVS2,56.7,65.01,4.15,8.2,3.6,75.02,2.37,-4.61,0.308,0.465,0.182,550,0.62,LightYellow
Amethyst,0.45,Good,IF,62.64,50.87,5.93,4.72,3.38,68.25,1.55,1.74,0.273,0.189,0.476,550,0.45,Green
Sapphire,1.07,Ideal,IF,58.1,53.19,3.02,6.16,6.45,61.27,3.39,-4.57,0.498,0.414,0.439,450,0.3,White
Emerald,3.21,Premium,VS1,61.11,60.14,3.29,6.73,6.37,73.99,2.11,-3.22,0.529,0.484,0.451,700,0.53,White
Diamond,3.28,,SI2,61.58,65.07,3.69,8.68,5.32,64.92,1.16,0.03,0.479,0.167,0.378,600,0.6,
Diamond,3.92,Fair,IF,61.49,62.02,8.67,5.94,5.73,71.93,1.18,4.88,0.52,0.195,0.231,650,0.52,Violet
Diamond,2.13,Fair,VVS2,55.19,,6.83,4.45,3.14,61.41,2.95,1.38,0.139,0.418,0.278,600,0.47,FaintYellow
Sapphire,3.67,Good,VS2,56.52,63.1,4.34,3.1,4.42,62.4,4.87,-4.97,0.518,,0.464,600,0.67,White
,,Very Good,VVS1,63.56,,4.85,4.76,6.49,60.12,1.31,2.76,0.209,0.41,0.132,700,0.68,Green
Sapphire,4.82,Good,VVS2,64.4,69.88,7.5,8.25,3.45,64.36,2.33,-1.59,0.481,0.332,0.133,600,0.59,LightYellow
Topaz,1.23,Fair,VS2,60.64,61.85,5.23,8.74,6.44,62.61,1.16,4.92,0.342,0.325,0.48,400,0.54,Violet
Amethyst,2.85,Good,VVS2,60.97,64.29,7.77,7.2,2.85,65.87,3.53,1.06,0.223,0.323,0.386,650,0.37,Blue
Sapphire,3.09,Ideal,VS2,62.55,55.97,8.45,9.64,4.79,64.08,3.31,4.25,0.493,0.27,0.169,600,0.4,Blue
Ruby,4.99,Very Good,VVS2,59.06,60.74,5.15,6.66,5.52,65.27,2.13,-4.51,0.113,0.309,0.132,500,0.67,Red
Sapphire,1.17,Good,VVS1,58.28,68.24,5.57,6.36,4.67,62.57,4.04,-1.31,0.595,0.118,0.359,600,0.63,FaintYellow
Ruby,2.71,Fair,VS1,62.68,67.07,3.35,8.83,3.39,63.55,1.12,-2.13,0.357,0.258,0.574,550,0.67,Red
,1.86,Good,VS1,55.28,56.13,8.74,4.17,5.66,65.64,1.5,-1.25,0.312,0.258,0.479,700,0.59,White
Emerald,2.72,Good,VVS1,63.85,57.14,7.24,3.11,2.91,68.73,1.23,-1.95,0.381,0.388,0.397,650,0.62,FaintYellow
Ruby,1.31,Premium,VVS2,59.41,66.93,9.22,9.17,3.94,65.26,2.35,-2.22,0.542,0.419,,450,0.61,Red
Emerald,0.43,Good,SI2,60.04,55.69,4.32,6.74,3.26,63.75,3.02,-0.19,0.242,0.319,0.262,550,0.68,FaintYellow
Ruby,2.95,Ideal,VS2,61.34,67.75,9.72,,4.23,72.73,2.16,2.8,0.226,0.152,0.385,650,0.57,White
Emerald,1.81,Fair,IF,57.74,65.48,7.95,7.4,3.74,67.25,2.26,1.47,0.465,0.532,0.566,650,0.46,Violet
Amethyst,1.07,,VVS2,60.97,53.05,4.38,7.65,2.81,72.07,3.3,-1.3,0.317,0.507,,600,0.32,Red
Amethyst,1.75,Good,VVS1,61.93,64.4,6.24,7.11,5.34,67.99,1.96,0.9,0.348,0.387,0.178,550,0.54,Red
Ruby,0.44,Very Good,SI1,56.18,66.69,7.89,8.08,2.79,,2.11,4.07,0.344,0.328,0.436,600,0.64,FaintYellow
Topaz,4.76,Ideal,VS1,60.2,52.89,3.12,3.79,4.46,67.52,4.61,-2.31,0.502,0.516,0.444,450,0.38,Blue
Sapphire,2.99,Ideal,VS1,58.29,59.15,8.46,4.76,5.62,77.05,3.91,0.01,0.211,0.491,0.279,600,0.53,Blue
Emerald,4.11,Ideal,VVS2,60.57,67.25,9.63,6.35,4.17,67.67,3.02,4.12,0.255,0.404,0.13,500,0.33,Violet
Amethyst,2.23,Premium,VS2,55.21,53.97,3.57,,5.99,72.03,3.82,2.31,0.334,0.269,0.4,700,0.54,Red
Sapphire,4.54,Good,SI2,,58.98,9.29,5.16,3.93,69.34,2.77,-3.25,0.154,0.407,0.123,650,0.7,Green
Diamond,2.52,Ideal,SI2,56.68,62.26,6.25,8.65,6.37,71.85,4.65,2.93,0.225,0.133,0.228,400,0.41,White
Sapphire,2.95,Good,VVS1,61.89,51.95,6.61,3.46,2.11,63.92,,3.02,0.496,0.193,0.162,600,0.38,Blue
Emerald,2.56,Very Good,VVS1,62.69,54.24,8.88,,5.56,62.38,1.68,2.46,0.367,0.566,0.155,400,0.6,White
Diamond,3.72,Good,VS2,62.53,59.33,7.13,7.89,5.19,71.81,1.24,0.96,0.407,0.561,0.121,450,0.52,Red
Amethyst,2.92,Good,VS2,63.18,57.47,5.46,3.46,4.75,79.66,1.72,-3.82,0.268,0.288,0.468,700,0.5,FaintYellow
Sapphire,1.5,Good,SI2,58.08,56.5,8.13,3.22,3.33,65.16,1.88,-0.31,0.4,0.228,0.575,400,0.6,Red
Sapphire,0.9,Fair,VVS2,64.67,50.53,3.97,8.88,4.75,60.03,4.44,-4.13,0.279,0.532,0.352,500,0.54,White
Sapphire,3.11,Premium,SI2,55.24,68.56,7.66,4.01,4.68,,3.03,0.19,0.237,0.515,0.489,500,0.67,Red
Amethyst,2.55,Good,VVS2,59.81,67.43,8.42,4.77,2.67,62.63,1.82,-0.95,0.278,0.59,0.323,450,0.45,Red
Amethyst,0.66,Ideal,SI1,57.7,57.85,5.34,,5.96,77.34,4.41,-4.94,0.563,0.295,0.327,550,0.42,White
Amethyst,2.1,Fair,VS1,62.4,,9.79,5.4,4.41,70.29,1.3,2.78,0.39,0.487,0.482,450,0.58,Green
Emerald,2.67,Good,VS1,63.05,51.38,7.48,6.71,2.4,63.58,2.14,1.51,0.317,0.411,0.453,550,0.63,Green
Ruby,4.17,Fair,VS2,63.22,52.46,3.67,3.22,3.76,63.94,4.75,-2.59,0.49,0.149,0.169,450,0.37,LightYellow
Amethyst,0.57,Premium,IF,57.97,62.04,9.76,6.98,2.97,70.54,4.87,1.42,0.153,0.473,0.56,650,0.64,White
Ruby,1.87,Fair,IF,57.74,64.68,8.21,7.99,2.76,75.89,2.48,0.44,0.379,0.206,0.59,600,0.52,LightYellow
Sapphire,4.15,Ideal,IF,61.77,53.13,7.87,6.96,6.26,76.21,4.22,0.08,0.25,0.226,0.134,450,0.54,LightYellow
Ruby,3.31,Good,VVS1,64.28,52.26,4.77,8.66,5.04,64.76,1.62,-1.24,0.276,0.554,0.171,550,0.49,Red
Topaz,1.59,Ideal,VVS2,57.54,63.82,6.31,8.44,3.36,74.22,4.56,-4.57,0.373,0.294,0.573,700,0.39,Violet
Sapphire,4.26,Very Good,VS2,64.11,60.34,9.31,6.35,5.05,69.59,4.17,-1.5,0.459,0.514,0.381,500,0.65,White
Ruby,,,VS1,60.91,57.44,5.16,7.52,5.61,72.41,3.63,0.1,0.528,0.288,0.455,400,0.68,Red
Diamond,2.59,Fair,IF,62.38,64.5,5.96,4.94,3.43,62.59,4.35,-4.45,0.599,0.203,0.288,400,0.55,Red
Amethyst,4.89,Fair,VS1,59.4,59.11,4.8,5.51,6.43,68.69,3.25,-4.49,0.26,0.198,0.276,400,0.39,Red
Diamond,4.75,Premium,VVS2,63.07,59.3,4.51,7.35,5.97,69.58,2.33,2.7,0.265,0.311,0.428,650,0.64,Red
Diamond,1.92,Ideal,SI1,64.7,50.31,3.31,7.62,5.59,70.05,3.66,-1.55,0.596,0.289,0.452,700,0.41,Violet
Diamond,0.87,Very Good,SI1,56.71,56.32,8.16,3.6,5.22,61.23,3.66,-0.71,0.31,0.234,0.132,550,0.35,FaintYellow
Diamond,1.76,Premium,VS2,58.86,50.1,3.64,8.73,2.17,62.67,3.32,1.15,0.373,0.281,0.593,600,0.49,Blue
Topaz,0.35,Premium,IF,63.62,68.48,6.72,7.46,2.1,66.5,4.15,-4.98,0.448,0.171,0.44,700,0.59,Blue
Sapphire,0.3,Good,IF,56.77,55.88,2.88,5.29,2.74,70.22,1.21,0.16,0.505,0.107,0.131,500,0.41,Red
Topaz,2.1,Very Good,SI1,59.13,53.61,9.89,4.58,6.13,62.29,3.56,1.93,0.375,0.393,0.131,550,0.32,White
Diamond,4.72,Fair,VS2,56.66,51.82,7.97,7.22,2.98,77.58,3.31,-1.07,0.225,0.594,0.576,600,0.67,LightYellow
Ruby,4.38,Fair,VS1,61.48,50.93,7.41,7.87,5.16,65.61,1.88,-3.38,0.156,0.234,0.243,650,0.34,White
Sapphire,2.65,Good,VVS2,57.38,67.72,4.3,9.5,6.41,71.68,1.35,3.52,0.488,0.237,0.257,700,0.37,Green
Diamond,2.91,,SI1,58.81,53.37,6.7,4.29,6.22,62.84,2.88,-1.03,0.143,0.59,0.342,700,0.62,LightYellow
Topaz,,Ideal,SI1,59.91,62.35,6.52,8.9,3.8,74.77,2.02,4.96,0.195,0.454,0.198,450,0.56,FaintYellow
Topaz,,Fair,VVS2,57.97,63.02,5.51,9.69,5.06,70.79,4.09,0.36,,0.576,0.122,650,0.41,Red
Emerald,0.32,Ideal,VVS2,61.8,56.35,4.09,9.37,5.42,78.68,2.96,-3.74,0.117,0.184,0.259,550,0.63,Red
Sapphire,3.82,Good,SI1,56.11,66.66,5.57,6.35,4.47,73.74,4.85,-4.2,0.525,0.14,0.174,600,0.47,FaintYellow
Sapphire,0.9,Good,VS1,63.8,54.28,7.26,6.86,4.35,79.63,4.82,-2.92,0.506,0.202,0.407,650,0.3,LightYellow
Emerald,4.37,Ideal,VS1,59.81,,6.41,9.42,3.01,76.25,4.53,3.95,0.235,0.447,0.162,500,0.42,Violet
Emerald,3.29,Fair,IF,60.73,51.37,,3.22,5.04,70.6,3.52,-0.08,0.494,0.558,0.582,400,0.49,Red
Topaz,1.3,Good,VS1,61.22,56.01,7,9.83,3.32,64.5,3.39,3.28,0.287,0.112,0.485,450,0.54,Green
Diamond,0.96,Good,VVS1,55.6,59.26,4.71,9.84,3.39,66.81,1.87,1.71,0.143,0.37,0.532,450,0.61,Green
Sapphire,3.21,Ideal,VS2,62.57,62.59,3.78,9.61,3.2,67.51,3.87,3.58,0.357,0.119,0.435,400,0.36,White
Diamond,4.52,Good,VS1,64.46,64.57,6.65,9.76,2.3,78.26,4.66,0.18,0.235,0.571,,500,0.61,Red
Amethyst,,Fair,VVS2,60.2,53.57,9.25,5.13,5.8,65.15,2.25,3.19,0.151,0.267,0.306,650,,FaintYellow
Topaz,1.87,Good,VS1,58.91,63.68,9.97,3.26,5.88,74.44,4.37,4.43,0.222,0.497,0.158,700,0.31,Red
Diamond,3.02,Ideal,IF,62.85,53.65,8.5,4.99,5.26,71.76,2.64,-3.55,0.233,0.201,0.405,400,0.49,Violet
Diamond,1.69,Fair,SI2,,69.94,4.55,5.42,6.17,63.44,4.82,4.97,0.379,0.301,0.512,700,0.4,FaintYellow
Amethyst,5,Very Good,VS2,61.51,69.18,7.41,5.47,4.84,65.37,2.59,2.39,0.404,0.446,0.551,700,0.4,LightYellow
Amethyst,3.79,Ideal,VS2,64.65,52.05,4.67,7.76,4.88,65.68,4.09,0.74,0.175,0.455,0.252,600,0.44,Red
Sapphire,3.15,Very Good,VVS2,60.82,63.1,7.04,9.05,5.99,,4.24,4.92,0.49,0.541,0.143,700,0.53,White
Sapphire,2.23,Good,VS2,57.48,68.07,6.36,4.55,2.94,75.69,3.85,-3.33,0.567,0.473,0.287,650,0.54,Red
Ruby,3.17,Fair,VVS1,55.25,,5.67,,3.96,66.26,2.53,1.48,0.215,0.274,0.312,550,0.67,LightYellow
Diamond,1.84,Good,VS2,59.53,52.48,7.49,5.65,5.17,70.68,1.62,-3.12,0.116,0.299,0.152,500,0.66,Blue
Ruby,0.34,Fair,SI1,61.52,56.94,9,8.35,3.21,74.74,1.4,0.09,0.517,0.415,0.312,600,,Red
Ruby,2.1,Premium,,56.72,51.91,5.36,5.23,3.03,79.37,1.37,-4.6,0.468,0.349,0.333,400,0.34,FaintYellow
Emerald,4.67,Good,VS2,55.26,67.71,6.4,3.39,6.04,78.2,4.08,-1.56,0.241,0.21,0.434,500,0.34,Blue
Diamond,3.21,Good,VS1,64.09,67.51,6.19,5.34,6.48,,2.52,3.73,0.357,0.335,0.171,500,0.33,LightYellow
Diamond,0.6,Good,IF,58.02,68.97,4.74,5.48,3.74,77.88,2.52,2.59,0.459,0.357,0.313,400,0.5,White
Ruby,4.45,Ideal,SI1,59.66,54.1,5.95,8.76,3.06,76.92,1.81,-1.03,0.209,0.375,0.6,600,0.49,Green
Ruby,,Fair,SI1,55.91,50.91,3.15,6.84,3.82,60.6,1.86,-3.29,0.24,0.16,0.254,550,0.41,Red
Diamond,1.37,Fair,VS1,58.82,58.89,6.62,6.66,3.37,77.69,2.52,-4.38,0.428,0.245,0.21,650,0.63,Red
Diamond,1.63,Fair,SI2,59.24,67.61,8.05,7.19,5.7,70.69,1.85,4.53,0.322,0.582,0.129,450,0.37,FaintYellow
Topaz,2.97,Ideal,SI1,64.03,62.77,5.57,6.93,6.05,63.83,3.54,-0.68,0.132,0.563,0.144,450,0.64,Red
Ruby,2.81,Fair,VVS1,63.65,69.97,8.23,7.77,3.76,79.91,4.41,2.2,0.368,0.201,0.362,550,0.3,Blue
Diamond,2.56,Good,VVS1,56.89,,8.25,9.33,4.7,66.24,3.71,4.08,0.533,0.355,0.265,550,0.56,LightYellow
Amethyst,3.64,Very Good,IF,60.56,57.86,9.89,9.13,2.35,63.75,2.19,2.37,0.27,0.217,0.505,450,0.64,White
Amethyst,1.72,Premium,IF,62.31,50.79,6.82,6.47,4.08,63.46,2.29,-0.32,0.257,0.517,0.11,650,0.64,White
Emerald,3.95,Fair,IF,57.92,50.1,5.83,8.93,2.03,70.53,3.46,-1.31,0.125,0.387,0.491,450,0.5,Violet
Diamond,1.04,Ideal,IF,58.94,62.88,7.48,9.04,5.02,63.5,3.47,3.73,0.172,0.52,0.504,700,0.43,White
Topaz,3.96,Ideal,VS2,64.85,68.32,7.39,8.53,2.79,70.4,4,-1.81,0.147,0.299,0.183,450,0.47,Violet
Topaz,3.39,Fair,SI1,62.6,58.88,9.91,3.29,5.95,74.74,4.74,-1.73,0.377,0.278,0.527,550,0.53,FaintYellow
Amethyst,3.48,Very Good,VS1,59.37,67.49,7.95,7.63,4.84,78.97,1.9,2.57,0.289,0.322,0.157,650,0.7,LightYellow
Sapphire,2.51,Fair,VVS1,60.34,61.33,5.15,5.19,6.18,67.35,2.16,0.86,0.332,0.339,0.376,600,0.69,White
Ruby,3.4,Ideal,VS2,61.26,51.96,4.31,9.11,6.22,79.52,3.88,-0.72,0.479,0.49,0.401,400,0.64,Red
Diamond,0.58,Premium,IF,59.99,65.97,8.55,4.99,2.76,79.78,1.48,-0.49,0.599,0.242,0.404,600,0.59,Red
Sapphire,4.29,Very Good,VVS2,,59.85,4.26,9.43,4.31,71.76,1.97,0.84,0.569,0.357,0.353,400,0.31,Red
Ruby,0.47,Fair,VVS2,58.59,51.02,7.39,7.31,2.88,66.05,1.92,-0.63,0.182,0.55,0.425,450,0.44,Violet
Sapphire,0.91,Premium,VS1,56.69,66.29,3.93,7.52,4.04,77.06,1.85,-1.83,0.439,0.302,0.307,550,0.36,FaintYellow
Topaz,2.97,Fair,VVS1,64.74,65.15,8.03,9.21,4.03,61.06,3.82,4.06,0.305,0.476,0.598,450,0.7,Violet
Sapphire,3.75,Very Good,SI2,55.91,59.15,8.48,9.9,5.31,68.81,1.77,0.06,0.137,0.164,0.386,600,0.51,Red
Ruby,0.57,Ideal,VVS1,61.01,,9.93,5.16,6.39,72.68,4.44,-3.01,0.379,0.15,0.177,650,0.46,FaintYellow
Topaz,4.62,Very Good,,64.6,56.94,9.68,3.62,4.83,79.63,3.25,-3.35,0.264,0.254,0.339,400,0.37,Red
Topaz,4.87,Good,SI2,58.75,58.7,8,8.06,5.67,73.91,3.07,-2.12,0.377,0.297,0.539,700,0.63,White
Emerald,3.11,Fair,IF,57.52,53.31,4.94,3.49,3.82,64.62,2.55,4.87,0.334,0.323,0.181,700,0.7,Red
Amethyst,2.51,Premium,IF,64.56,53.22,3.31,6.74,2.33,77.07,1.94,4.25,0.247,0.409,0.386,500,0.53,White
Sapphire,3.76,Premium,SI1,63.02,53.34,6.89,5.42,4.32,73.15,1.64,-4.08,0.288,0.538,0.527,400,0.38,Green
Amethyst,1.78,Very Good,VVS1,61.55,57.41,8.36,5.73,6.07,77.29,1.79,-4.16,,0.183,0.428,700,0.48,White
Topaz,2.57,Very Good,VVS1,61.12,66.35,3.07,4.65,3.08,73.92,4.75,-1.18,0.54,0.108,0.205,400,0.69,White
Ruby,4.6,Very Good,VVS1,58.6,65.19,6.67,7.9,3.18,66.95,3.48,0.13,0.255,0.515,0.367,550,0.62,Blue
Amethyst,4.79,Premium,SI2,61.41,50.2,9.18,7,2.47,62.33,2.94,-1.96,0.41,0.177,0.43,400,0.5,FaintYellow
Emerald,4.65,Ideal,IF,62.25,50.19,7.46,9.67,6.49,73.84,1.1,1.56,0.526,0.107,0.117,650,0.56,Blue
Topaz,1.46,Premium,VVS2,55.32,51.55,7.79,5.49,3.87,64.06,4.78,-0.71,0.495,,0.409,600,0.41,Red
Sapphire,1.32,Ideal,VS1,56.18,59.33,6.32,5.76,,61.31,4,0.37,0.265,0.471,0.475,500,0.49,Blue
Topaz,1.63,Very Good,VS1,58.15,67.78,9.6,4.16,6.17,65.85,1.74,,0.169,0.48,0.377,500,0.54,White
Sapphire,2.32,Good,VS2,58.23,53.65,5.62,7.28,5.65,66.34,2.65,-4.31,0.411,0.206,0.32,700,0.64,Blue
Diamond,1.71,,VS2,64.01,59.54,5.65,3.66,5.95,79.85,3.52,1.92,0.134,0.252,0.374,400,0.44,FaintYellow
Emerald,2,Very Good,VVS2,61.85,50.81,6.62,,6.28,71.27,1.7,2.26,0.511,0.345,0.118,650,0.61,Blue
Amethyst,3.18,Premium,VVS1,58.74,50.41,7.1,9.37,5.86,79.8,2.95,-0.26,0.331,0.23,0.315,650,0.48,FaintYellow
Sapphire,3.86,Very Good,VVS2,63.09,50.15,6.76,7.9,6.44,75.45,3.84,3.62,0.46,0.535,0.173,450,0.44,Blue
Emerald,3.73,Premium,SI2,58.23,64.73,8.73,5.22,4.88,69.89,1.6,-1.94,0.189,0.243,0.466,700,0.42,LightYellow
Amethyst,4.11,Fair,SI2,64.91,50.48,8.84,5.49,3.08,65.68,2,2.24,0.184,0.427,0.533,600,0.62,Red
Sapphire,0.35,Premium,VS2,62.82,55.48,3.92,3.61,2.75,64.48,2.97,0.8,0.204,0.151,0.445,650,0.34,LightYellow
Emerald,0.43,Fair,SI1,63.08,62.9,7.17,4.73,4.71,64.69,3.79,-0.71,,0.324,0.335,600,0.58,LightYellow
Amethyst,3.99,Ideal,VS2,57.61,62.37,9.89,5.47,3.61,77.23,3.25,-2.88,0.237,0.124,0.136,450,0.58,Violet
Amethyst,2.76,Premium,VS1,56.45,51.1,7.2,6.14,2.59,67.93,1.85,1.61,0.573,0.333,0.318,550,0.35,LightYellow
Diamond,2.98,Ideal,SI2,58.9,55.13,7.82,6.25,5.59,69.02,4.29,-3.4,0.136,0.101,0.552,550,0.35,Green
Sapphire,0.45,Good,VVS2,58.34,62.79,9.03,9.2,3.57,72.34,3.08,2.25,0.42,0.111,0.204,550,0.41,White
Amethyst,1.43,Fair,IF,62.7,57.84,9.07,6.15,4,61.12,1.45,-2.85,0.499,0.367,0.493,650,0.41,FaintYellow
Diamond,,Premium,VS2,56.74,59.32,3.12,9.7,4.75,69.5,1.91,-4.83,0.375,0.105,0.259,450,0.43,Blue
Sapphire,4.32,Ideal,VS1,60.27,54.14,,3.59,3.81,60.32,4.87,-1.97,0.104,0.502,0.563,550,0.62,Blue
Ruby,4.6,Very Good,VVS1,61.28,50.76,9.04,4.48,5.9,74.9,3.78,3.64,0.565,0.247,0.457,550,0.61,Green
Emerald,2.6,Ideal,VVS2,58.85,56.9,7.67,5.72,6.42,60.46,2.33,-4.71,0.411,0.159,0.308,400,0.38,FaintYellow
Amethyst,2.82,Premium,VS2,57.01,63.66,7.42,9.22,3.73,74.1,1.97,-4.38,0.583,0.355,0.118,450,0.47,Red
Topaz,4.2,Good,IF,63.96,65.33,9.02,3.86,2.8,64.02,2.86,0.34,0.22,0.492,0.156,550,0.66,FaintYellow
Diamond,2.78,Fair,VS2,56.39,61.85,8.65,5.49,3.25,76.25,1.64,-4.96,0.315,0.545,0.474,600,0.47,FaintYellow
Amethyst,2.68,Very Good,IF,58.04,57.86,8.26,3.79,5.03,,1.93,1.39,0.277,0.489,0.536,,0.48,White
Sapphire,4.54,Ideal,VVS2,62.57,61.66,3.33,8.42,2.37,78.09,3.79,,0.486,0.39,0.544,550,0.47,Red
Ruby,3.99,Premium,SI1,61.05,64.1,8.47,4.98,5.04,74.77,4.42,-2.79,0.344,0.564,0.563,400,0.34,Blue
Diamond,4.56,Premium,IF,62.31,65.11,4.4,6.04,4.37,64.2,1.25,-0.65,0.257,0.324,0.414,700,0.42,Violet
Sapphire,1.25,Fair,IF,,,3.18,8.72,2.2,77.69,3.37,2.66,0.177,0.442,0.163,450,0.36,Red
Amethyst,2.72,Very Good,VS1,63.95,66.06,6.44,4.17,3.85,60.41,,-2.98,0.331,0.217,0.129,550,0.69,FaintYellow
Amethyst,4.24,Ideal,SI1,58.05,51.27,9.6,9.63,3.04,72.42,2.53,1.03,0.563,0.307,0.208,650,0.39,Violet
Amethyst,0.73,Ideal,VVS2,59.74,67.41,9.21,5.76,2.59,76.83,4.14,-0.61,0.364,0.311,0.228,400,0.64,LightYellow
Topaz,4.01,Ideal,VS2,61.88,57.84,9.87,5.31,6.23,62.59,3,-1.06,0.135,0.112,0.561,550,0.6,Blue
Amethyst,1.08,Fair,SI1,62.95,60.94,4.73,4.34,3.31,60.9,1.57,-1.71,0.47,0.222,0.491,500,0.64,Violet
Amethyst,4.08,,VVS1,60.78,55.8,7.87,6.27,4.22,77.78,3.52,0.45,0.464,0.306,0.306,550,0.34,Green
Diamond,3.14,Very Good,VVS2,60.14,58.53,3.39,9.86,4.75,65.93,3.4,-2.49,0.119,0.312,0.303,700,0.52,Blue
Emerald,1.13,Ideal,SI1,61.92,66.9,8.62,6.44,4.83,73.3,4.97,1.37,0.41,0.558,0.117,650,0.7,Red
Ruby,2.47,Ideal,VVS2,58.82,55.91,6.67,6.16,3.72,76.75,1.88,-3.86,0.57,0.518,0.57,550,0.68,Blue
Ruby,3.47,Very Good,VVS1,63.94,61.28,9.97,3.05,3.21,62.21,3.43,3.58,0.518,0.347,0.255,500,0.39,FaintYellow
Sapphire,3.24,Very Good,VS2,57.12,62.94,4.68,5.01,4.54,67.55,3.29,2.65,0.575,0.442,0.118,650,0.69,LightYellow
Emerald,2.25,Very Good,SI2,63.84,52.93,8.49,4.6,5.58,74.54,2.29,-0.84,0.16,0.276,0.204,450,0.68,Blue
Diamond,4.52,Premium,VS1,61.44,65.56,4.2,3.27,6.03,61.53,4.06,-3.22,0.205,0.199,0.215,650,0.58,Green
Diamond,2.69,Very Good,SI1,61.01,69.98,5.01,6.12,4.66,74.97,2.49,-1.05,0.207,0.189,0.587,550,0.62,Red
Topaz,2.63,Good,VS2,59.7,53.1,5.07,,4.38,77.61,3.64,1.74,0.557,0.133,0.259,450,0.64,FaintYellow
Emerald,0.5,Fair,VVS1,56.55,65.36,7.05,6.52,6.35,75.9,2.58,-1.34,0.272,0.338,0.538,400,0.52,Violet
Sapphire,4.63,Very Good,VS2,63.65,52.94,,6.18,2.91,64.78,4.17,-4.18,0.3,0.497,0.426,600,0.6,FaintYellow
Amethyst,1.05,Premium,VVS2,55.53,69.01,6.07,4.56,2.08,76.77,4.99,-3.91,0.536,0.171,0.298,450,0.41,LightYellow
Amethyst,2.74,Good,VS1,57.7,58.22,6.65,8.59,4.22,73.8,3.75,1.97,0.415,0.461,0.267,650,0.69,Violet
Sapphire,4.06,Premium,IF,56.1,69.6,3.39,9.49,2.26,74.94,4.13,3.57,0.296,0.343,0.281,550,0.45,LightYellow
Amethyst,1.23,Premium,SI1,56.07,51.36,7.66,3.94,2.27,74.95,1.23,3.29,0.136,0.258,0.279,650,0.65,FaintYellow
Ruby,2.73,Premium,VS2,58.9,65.82,7.54,3.68,2.15,69,4.57,2.44,0.12,0.476,0.436,400,0.31,LightYellow
Ruby,1.36,Premium,IF,56.6,,9.75,5.41,4.78,78.02,4.33,2.6,0.256,0.337,0.334,400,0.43,Green
Topaz,3.85,Ideal,VS1,60.81,55.79,3.93,7.27,4.82,62.48,1.55,4.81,0.247,0.361,0.504,600,0.47,Green
Sapphire,2.91,Fair,SI2,61.27,64.96,,7.42,3.15,79.17,3.47,-3.44,0.431,,0.517,500,0.39,Green
Ruby,4.31,Ideal,IF,63.82,62.71,3.93,7.37,4.02,60.13,4.46,0.45,0.323,0.458,0.573,400,0.39,Violet
Diamond,4.49,Good,VS2,58,68.06,5.96,7.03,3.88,75.37,3.52,-2.37,0.441,0.552,0.145,550,0.47,White
Diamond,3.31,Ideal,VVS1,58.09,54.98,4.5,5.7,4.22,63.72,4.53,-2.7,0.266,0.134,0.455,650,0.35,White
Sapphire,3.68,Good,SI1,57.46,68.79,4.51,8.47,2.9,61.29,3.84,-0.91,0.558,0.247,0.276,700,0.45,White
Sapphire,2.84,Very Good,VVS2,62.82,62.84,9.09,9.67,5.66,69.99,2.76,-1.63,0.148,0.165,0.28,,0.68,Violet
Amethyst,2.05,Good,SI2,59.28,59.01,5.27,7.13,3.3,70.28,4.83,1.54,0.35,0.119,0.353,600,0.59,LightYellow
Emerald,3.31,Ideal,VVS2,60.52,51.06,5.92,4.54,3.47,73.37,4.69,-0.85,0.556,0.144,0.589,550,0.67,Violet
Diamond,4.56,Ideal,SI1,58.75,65.3,7.79,6.93,4.93,71.89,1.27,-2.15,0.442,0.274,0.366,500,0.69,White
Topaz,2.2,Good,IF,56.57,67.17,5.38,8.29,6.42,60.63,1.64,-4.16,0.138,0.375,0.248,550,0.64,Red
Topaz,1.71,Ideal,VVS2,56.03,66.19,6.88,8.81,2.92,64.09,3.32,-2.09,0.528,0.121,0.152,500,0.67,Green
Emerald,2.06,Good,SI1,63.68,64.71,6.66,8.03,3.61,74.32,3.47,-0.16,0.217,0.263,0.376,700,0.62,Red
Emerald,2.29,Premium,SI1,57.65,69.39,4.83,9.23,,78.85,4.6,1.07,0.356,0.383,0.354,700,0.53,FaintYellow
Ruby,0.55,Fair,VVS2,64.42,66.98,8.02,9.66,4.38,75.32,1.62,1.39,0.25,0.369,0.326,700,0.41,White
Diamond,2.59,Good,VVS1,64.47,68.56,8.84,6.44,5.76,79.71,2.51,-2.91,0.308,0.578,0.339,650,0.54,White
Sapphire,2.57,Premium,IF,59.79,64.61,8.48,6.79,5.27,62.49,4.91,-0.91,0.573,0.506,0.208,600,0.51,Red
Diamond,3.02,Premium,VVS1,64.59,66.4,5.77,5.36,2.92,79.17,4.44,-0.97,0.171,0.579,0.279,550,0.32,FaintYellow
Diamond,1.94,Premium,VVS1,55.28,55.78,9.53,7.61,5.21,67.48,4.63,-4.85,0.226,0.279,0.342,700,0.63,Violet
Diamond,3.14,Premium,VS1,55.92,63.38,9.29,7.17,2.57,,1.13,3.84,0.267,0.354,0.124,700,0.58,Green
Sapphire,4.42,Good,IF,57.43,54.11,4.87,4.25,2.86,79.53,1.88,1.74,0.432,0.418,0.21,700,0.34,White
Amethyst,4.79,Ideal,SI2,57.09,51.39,,7.86,3.77,68.95,2.85,1.62,0.482,0.516,0.394,700,0.31,Red
Sapphire,3,Premium,VVS1,57.53,61.59,9.26,8.64,3.55,66.29,4.49,0.78,0.37,0.116,0.5,650,0.34,LightYellow
Ruby,0.4,Very Good,VS2,59.52,65.66,8.21,4.27,5.91,75.82,2.79,-0.39,0.398,0.384,0.569,650,0.69,FaintYellow
Emerald,4.85,Premium,VVS2,55.63,51.66,,4.15,6.49,74.09,1.64,-2.75,0.334,0.37,0.549,450,0.68,Violet
Topaz,3.59,Ideal,IF,60.55,53.63,5.13,7.47,2.91,60.44,3.45,-1.08,0.247,0.225,0.276,550,0.42,White
Sapphire,1.81,Ideal,VS1,58.09,51.86,5.26,3.81,4.96,69.7,4.57,-3.24,0.391,0.151,0.166,450,0.66,Green
Diamond,0.91,Fair,VVS1,55.72,62.68,9.03,8.67,4.62,78.46,1.27,3.15,0.262,0.292,0.215,450,0.47,Violet
Emerald,0.89,Fair,VS2,62.53,51.59,4.68,7.5,5.46,70.94,2.98,-2.89,0.32,0.494,0.487,,0.6,LightYellow
Ruby,1.01,Premium,VVS2,61.53,51.87,7.56,3.23,5.15,72.27,4.92,-2.23,0.547,0.437,0.192,700,0.31,Green
Diamond,0.42,Premium,VVS2,62.93,55.28,8.84,8.39,3.24,69.76,1.3,-4.87,0.559,0.174,0.562,650,0.31,LightYellow
Ruby,4.53,Fair,SI2,64.39,55.4,5.71,6.57,5.78,71.72,2.61,-1.26,0.247,0.307,0.437,450,0.42,LightYellow
Sapphire,2.8,Premium,VS2,60.86,61.15,3.43,6.47,4.15,65.92,1.87,2.1,0.307,0.191,0.315,700,0.41,Violet
Emerald,3.56,Very Good,IF,62.87,50.64,8.31,5.18,6.2,64.07,1.47,-3.22,0.529,0.147,0.381,400,0.43,White
Diamond,4.17,Good,VVS2,56.99,62.31,3.14,4.98,4.52,67.84,3.89,0.11,0.569,0.202,0.308,400,0.43,Red
Sapphire,4,Fair,VVS2,59.1,58.23,8.82,6.5,3.31,64.65,1.25,4.39,0.6,0.466,,550,0.57,Green
Sapphire,4.44,Fair,VVS2,60.3,53.57,5.53,3.02,6.03,78.21,4.66,-0.61,0.304,0.407,0.122,700,0.67,Violet
Emerald,4.84,Ideal,SI1,60.41,63.07,8.61,8.57,5.72,62.97,4.8,2.95,0.308,0.166,0.104,700,0.3,Violet
Sapphire,2.31,Premium,VVS1,,56.59,6.82,8.49,6.26,64.8,3.32,2.98,0.38,0.474,0.177,400,0.41,FaintYellow
Ruby,4.76,Fair,VVS1,62.96,66.55,5.51,8.15,6.02,75.79,,1.52,0.181,0.398,0.196,700,0.33,Green
Amethyst,3.67,,VVS2,61.67,69.79,9.3,7.22,3.1,62.04,4.63,-1.34,0.449,0.478,0.49,700,0.57,FaintYellow
Ruby,0.54,Very Good,VS1,55.47,65.58,8.37,5.07,5.67,75.94,3.29,2.6,,0.2,0.335,450,0.32,Violet
Sapphire,3.47,Premium,SI1,58.51,64.86,3.56,7.61,4.67,71.57,1.83,4.4,0.512,0.186,0.536,650,0.38,FaintYellow
Topaz,3.5,Good,VVS2,60.72,57.1,9.51,3.9,3.81,69.21,2.43,-2.28,0.103,0.335,0.254,650,0.47,FaintYellow
Sapphire,4.55,Very Good,IF,60.08,60.69,6.27,4.84,2.03,77.41,2.96,0.02,0.59,0.127,0.296,600,,Green
Sapphire,1.99,Good,SI2,55.45,,4.04,3.32,5.14,67.97,3.83,1,0.393,0.449,0.555,700,0.57,White
Diamond,3.01,Ideal,SI2,64.81,64.55,8.4,9.02,5.84,65.47,2.86,0.94,0.105,0.404,0.261,550,0.61,LightYellow
Emerald,0.26,Fair,SI1,64.56,,6.62,8.8,4.72,70.86,4.79,-0.83,0.433,0.205,0.36,500,0.67,Violet
Sapphire,1.79,Very Good,VS1,62.74,55.39,7.71,6.16,3.4,71.16,3.39,0.44,0.249,0.507,0.548,400,0.59,LightYellow
Amethyst,0.5,Good,IF,55.55,60.68,7.86,6.06,2.26,62.46,3.17,-4.44,0.213,0.399,0.56,700,0.61,Blue
Topaz,2.7,Premium,VS2,59.3,63.59,4.38,9.48,4.97,75.71,4.1,-4.36,0.597,0.184,0.59,400,0.7,Blue
Amethyst,4.12,Ideal,VS2,59.1,57.36,,7.73,3.82,67.48,1.82,4.32,0.114,,0.227,450,0.47,LightYellow
Diamond,1.19,Ideal,VVS1,60.58,64.51,3.74,7.97,4.24,62.52,3.03,0.51,0.535,0.398,0.256,400,0.56,Green
Diamond,2.73,Fair,SI1,55.56,65.93,7.24,5.51,4.54,61.99,1.07,-3.05,0.573,0.407,0.228,550,0.63,LightYellow
Ruby,1.18,Fair,VVS1,59.24,54.47,4.02,5.04,5.46,71.3,,-2.36,0.283,0.223,0.577,600,0.57,Red
Topaz,0.78,Good,VVS1,62.58,56.03,9.14,3.8,4.42,67.48,1.61,2.04,0.333,0.268,0.22,400,0.5,Green
Sapphire,2.65,Good,SI1,64.98,58.03,4.21,3.51,4.37,66.35,4.2,1.92,0.42,0.148,0.232,550,0.38,LightYellow
Diamond,0.58,Ideal,SI2,60.95,54.71,6.09,9.34,4.17,69.2,2.51,1.58,0.112,0.273,0.305,600,0.46,Red
Amethyst,3.02,Good,VS2,64.41,65.51,3.61,9.34,3.92,75.85,2.87,-2.5,0.427,0.28,0.434,700,,FaintYellow
Diamond,0.35,Fair,SI1,64.99,61.44,6.14,4.59,4.8,63.41,1.13,3.34,0.157,0.302,0.525,400,0.54,Green
Ruby,0.71,Ideal,IF,59.35,57.6,3.03,3.26,2.11,62.37,1.13,-4.35,0.105,0.144,0.451,700,0.66,LightYellow
Amethyst,2.84,Ideal,VS1,61.69,50.32,6.1,5.43,5.25,77.42,2.05,-0.78,0.13,0.495,0.59,650,0.59,Violet
Ruby,3.04,Premium,VVS1,57.13,56.52,7.82,9.66,3.42,76.23,3.8,2.64,0.209,0.333,0.571,650,0.59,White
Emerald,0.34,Premium,SI2,59.76,66.73,4.28,5.14,3.68,63.27,4.02,-2.62,0.303,0.342,0.428,700,0.64,Green
Topaz,2.95,Good,VS2,55.78,64.87,6.87,9.06,4.76,71.17,4.97,-2.6,0.541,0.178,0.472,700,0.65,Red
Ruby,4.22,Good,VVS1,55.29,51.35,6.32,8.71,3.11,70.87,4.13,-4.99,0.326,0.584,0.298,500,0.57,FaintYellow
Sapphire,3.67,Fair,SI2,63.93,66.03,5.34,9.61,4.96,75.48,3.58,-0.06,0.295,0.202,0.503,550,0.32,Red
Amethyst,0.83,Fair,,63.58,53.58,7.7,6.48,2.57,66.58,3.8,4.19,0.203,0.185,0.255,450,0.37,White
,3.04,Premium,VS1,58.12,69.74,9.97,9.45,4.92,61.28,2.6,0.13,0.599,0.532,0.379,450,0.57,Red
Ruby,3.43,Ideal,IF,59.57,67.37,9.56,8.19,5.23,63.74,4.86,4.34,0.433,0.551,0.439,600,0.54,White
Ruby,0.38,Very Good,VVS1,59.94,68.27,9.79,9.08,5.15,64.24,3.47,-2.85,0.326,0.19,0.478,550,0.58,LightYellow
Amethyst,4.31,Very Good,VVS2,60.21,65.39,3.14,8.13,5.48,69.3,1.08,-1.05,0.261,0.497,0.14,600,0.57,Red
Sapphire,4.55,Good,VVS2,56.35,64.22,4.79,6.23,4.33,70.07,2.39,4.92,0.337,0.119,0.525,,0.59,Green
Sapphire,4.28,Very Good,SI2,62.75,54.89,9.46,9.43,5.89,64.1,1.56,3,0.478,0.322,0.159,400,0.44,FaintYellow
Ruby,4.16,Very Good,VS1,58.48,,3.34,8.6,3.05,66.38,1.94,0.76,0.262,0.112,0.188,400,0.69,Red
Topaz,3.78,Premium,VS2,55.32,63.93,5.55,7.49,3.73,75.68,3.26,-4.13,0.237,0.263,0.479,550,0.6,Green
Sapphire,3.24,Ideal,VS2,61.77,55.76,7.57,6.38,6.3,60.87,2.76,-3.7,0.213,0.564,0.456,700,0.55,White
Emerald,3.46,Fair,VVS1,63.3,57.97,9.88,3.66,5.55,74.87,2.8,-0.6,0.29,0.35,0.581,650,0.31,LightYellow
Topaz,4.07,Premium,VVS1,64.18,68.94,4.93,8.71,5.34,79.56,2.72,3.15,0.115,0.133,0.487,600,0.54,FaintYellow
Ruby,3.38,Fair,VS2,61.74,58.16,8.35,5.91,5.2,75.23,1.8,2.41,0.473,0.331,0.416,550,0.63,Red
Amethyst,1.77,Premium,IF,56.91,56.31,7.62,5.52,2.5,78.64,1.43,3.55,0.577,0.147,0.293,400,0.52,Green
Amethyst,2,Premium,IF,60.9,52.14,7.29,4.61,6.28,65.26,2.74,,0.553,0.57,0.27,450,0.57,Red
Emerald,,Very Good,VVS2,64.12,56.83,8.2,6.79,3.32,70.36,2.08,0.77,0.483,0.113,0.575,400,0.34,Violet
Amethyst,0.28,Fair,VS1,58.51,62.24,4.78,8.81,2.65,68.29,2.23,-1.92,0.449,,0.43,500,0.62,Red
Sapphire,3.55,Premium,IF,64.53,52.95,5.37,5.03,2.08,65.46,1.42,0.38,0.25,0.141,0.495,600,0.31,LightYellow
Diamond,4.78,,VVS1,55.98,62.11,6.92,9.44,3.74,60.81,4.11,1.16,0.154,0.268,0.24,600,0.56,Red
Ruby,3.59,Good,SI2,62.28,64.82,6.07,5.78,5.03,75.19,,0.16,0.321,0.463,0.119,650,0.48,FaintYellow
Sapphire,4.97,Fair,IF,56.2,,8.05,9.79,3.76,74.49,3.81,-3.02,0.522,0.405,0.12,600,0.31,Blue
Diamond,3.5,Premium,VS1,62.99,69.7,8.6,7.74,5.64,,3.53,,0.371,0.256,0.573,500,0.56,Violet
Emerald,0.36,Good,VVS1,55.98,58.69,6.7,5.57,2.82,79.48,,1.29,0.456,0.141,0.532,600,0.47,FaintYellow
Amethyst,4.17,Very Good,VS1,58.26,50.65,5.76,9.89,2.76,77.34,4.32,0.74,0.56,0.563,0.209,500,0.62,Blue
Amethyst,1.57,Premium,VS2,62.77,67.09,9.38,7.16,3.2,71.25,3.3,-0.52,0.441,0.401,0.173,450,0.51,LightYellow
Ruby,2.34,Very Good,VS1,59.6,51.67,8.25,8.38,2.24,78.41,3.88,-4.38,0.134,0.551,0.126,400,0.63,Red
Topaz,1.7,Very Good,VS1,63.83,67.23,7.71,6.16,5.78,71.19,3.34,-0.46,0.147,0.463,0.528,400,0.56,FaintYellow
Ruby,1.49,Very Good,VS1,59.02,69.65,3.4,3.84,2.61,76.75,1.97,0.66,0.141,0.3,0.332,400,0.44,White
Diamond,2.27,Fair,VVS1,64.95,68.14,6.69,9.75,3.71,70.03,2.22,-2.81,0.279,0.556,0.268,500,0.3,White
Diamond,2.02,Good,VS1,55.19,69.28,3.85,5.25,4.08,76.13,4.99,-4.86,0.244,0.144,,400,0.63,White
Diamond,3.24,Good,VS1,61.96,50.47,7.62,9.43,3.06,68.94,4.23,0.12,0.155,0.197,0.479,700,0.44,LightYellow
Sapphire,4.1,Ideal,SI2,64.16,50.23,5.1,9.35,5.98,71.43,4.35,-1.21,0.296,0.431,,450,,White
Ruby,1.63,Premium,SI2,60.36,,8.17,3.66,5.31,63.92,2.04,1.9,0.197,0.57,0.452,550,0.42,Green
Sapphire,1.23,Very Good,SI1,64.89,65.97,8.45,3.8,2.13,,4.13,-3.74,0.293,0.515,0.128,450,0.53,LightYellow
Sapphire,3.4,Premium,SI1,62.08,51.79,5.1,7.28,3.97,75.96,2.37,0.42,0.322,0.272,0.252,400,0.5,FaintYellow
Amethyst,3.42,Good,SI2,59.3,64.93,9.83,3.25,2.62,76.75,2.32,4,0.103,0.146,0.565,600,0.5,
Ruby,4.53,Good,VVS2,60.15,50.25,6.62,5.95,4.88,75.38,2.26,4.25,0.448,0.306,0.376,550,0.46,Red
Topaz,0.28,Very Good,VVS1,63.77,64.62,4.53,6.69,4.22,60.22,1.44,3.8,0.286,0.509,0.583,550,0.68,Blue
Amethyst,,Fair,SI1,64.58,55,8.43,4.38,5.64,78.65,1.42,3.02,0.489,0.493,0.59,550,0.5,LightYellow
Topaz,2.7,Very Good,VS1,60.56,58.81,8.33,8.39,5.08,61.17,,4.38,0.157,0.123,0.375,600,0.58,Blue
Emerald,3.18,Very Good,IF,58.07,69.53,5.9,,5.68,74.18,3.03,4.69,0.245,0.315,0.419,,0.56,White
Sapphire,0.64,Ideal,VS1,57.39,61.03,7.61,5.96,5.94,76.44,4.24,-2.16,0.235,0.303,0.245,500,0.37,White
Diamond,2.28,Fair,IF,59.77,51.49,3.15,4.64,2.81,75.34,4.14,-0.12,0.105,0.24,0.44,600,0.32,LightYellow
Diamond,1.29,Premium,,57.96,67.46,5.04,9.21,4.63,75.44,2.37,2.1,0.34,0.151,0.513,500,0.63,Green
Diamond,1.42,Fair,SI2,59.21,56.47,9.17,3.08,2.72,64.47,1.53,0.08,0.582,0.365,0.243,600,0.42,FaintYellow
Emerald,2.62,Very Good,VS2,63.34,61.71,4.62,3.05,3.1,,2.11,4.08,0.107,0.345,0.552,700,0.62,Blue
Topaz,4.1,Very Good,VS2,59.72,64.24,9.34,9.97,3.02,69.47,3.18,4.75,0.411,0.401,0.228,700,0.57,Violet
Sapphire,,Very Good,SI2,61.41,65.55,7.06,3.15,3.59,72.63,4.2,-0.04,0.528,0.4,0.426,650,0.49,White
Emerald,3.04,Very Good,SI2,55.9,58.65,9.32,4.09,5.55,76.49,2.78,-1.69,0.496,0.207,0.572,700,0.34,Violet
Amethyst,2.79,Very Good,VVS1,62.62,,3.92,9.18,3.43,67.05,3.38,,0.244,0.422,0.289,400,0.51,Green
Sapphire,2.25,Fair,VVS1,59.83,52.34,6.25,7.31,5.35,76.48,3.21,1.79,0.188,0.432,0.409,700,0.5,Blue
Diamond,4.87,Very Good,SI2,58.61,60.51,5.08,,2,70.03,1.86,2.26,0.207,0.494,,650,0.39,FaintYellow
Ruby,2.89,Good,VS2,61.11,50.44,9.21,6.33,4.6,75.72,2.76,-1.22,0.273,0.443,0.504,550,0.59,LightYellow
Emerald,1.42,Good,VVS1,56.02,58.13,5.39,4.05,3.27,64.54,3.65,3.46,0.152,0.381,0.319,600,0.39,LightYellow
Topaz,1.3,Ideal,SI2,59.14,57.3,7.12,5.57,5.34,75.3,1.2,-3.74,0.237,0.339,0.474,500,0.52,Violet
Amethyst,3.13,Premium,,63.11,69.56,8.79,8.03,6.46,64.25,3.4,-4.76,0.214,0.299,,450,0.53,Blue
Amethyst,2.71,Good,IF,57.62,57.96,4.6,6.4,4.4,61.62,4.6,4.8,0.586,0.595,0.325,550,0.7,Blue
Topaz,0.24,,VVS2,64.14,68.14,3.32,8.11,4.4,75.72,4.66,4.2,0.435,0.182,0.455,700,0.67,White
Emerald,4.18,Fair,VVS1,61.04,58.71,6.46,3.05,6.38,75.63,4.4,-1.94,0.413,0.529,0.337,650,0.54,Red
Emerald,3.58,Premium,VVS1,60.41,60.67,7.79,7.59,3.62,62.2,1.88,4.56,0.542,0.361,0.572,500,0.6,Violet
Topaz,3.38,Very Good,VVS2,59,57.01,8.03,7.15,3.78,68.51,4.44,-1.87,0.188,0.536,0.566,450,0.6,Blue
Diamond,0.53,Very Good,VS1,62.42,62.8,5.92,9.82,5.13,60.62,1.44,-0.28,0.136,,0.417,600,0.41,Red
Amethyst,1.94,Fair,IF,60.64,64.78,3.55,9.35,4.22,74.44,2.29,0.28,0.539,0.592,0.53,650,0.68,Blue
Diamond,4.69,Premium,VS1,62.97,65.82,5.82,7.2,5.46,75.58,2.59,1.39,0.276,0.295,0.405,550,0.52,Violet
Amethyst,4.34,Good,SI1,58.32,63.88,3.85,7.03,3.85,73.42,1.82,0.26,0.292,0.332,0.517,700,0.47,Violet
Topaz,1.57,Premium,VVS2,62.02,56.6,3.51,3.65,5.1,,4.5,4.11,0.115,0.565,0.206,700,0.65,White
Sapphire,0.95,Ideal,SI1,64.43,56.61,,9.59,5.47,,3.94,0.6,0.108,0.501,0.345,450,0.66,Red
Topaz,2.36,Fair,SI2,57.8,56.96,8.44,7.95,4.89,79.75,3.86,-4.7,0.449,0.55,0.219,500,0.69,Violet
Topaz,1.91,Good,SI1,64.81,50.76,8.38,6.52,2.91,65.12,4.71,-3.23,0.422,0.54,0.558,450,0.45,Red
Sapphire,3.47,Premium,VVS1,59.11,68.86,7.26,9,4.32,76.77,4.04,4.58,0.242,0.388,0.439,600,0.6,Violet
Amethyst,4.84,Premium,VS1,55.39,53.91,8.78,8.11,6.35,61.53,2.71,-4.55,0.207,0.193,0.528,600,0.47,White
Amethyst,1.94,Good,VVS1,58.58,53.18,6.51,6.94,2.47,63.82,1.53,2.56,0.499,0.376,0.1,600,0.44,Violet
Sapphire,0.5,Ideal,SI2,56.5,61.05,4.7,6.77,5.17,73.75,4.31,,0.141,0.598,0.358,650,0.51,Violet
Sapphire,4.51,Ideal,VVS2,58.04,50.95,6.99,,5.55,60.84,3.85,-4.7,0.414,0.423,0.241,,0.48,Violet
Ruby,0.38,Premium,VS2,55.96,66.76,9.46,8.59,5.04,60.14,3.42,3.6,0.15,0.586,0.508,600,0.43,FaintYellow
Emerald,4.77,Very Good,VVS1,56.78,67.52,3.25,5.82,2.51,72.31,3.98,2.04,0.589,0.505,0.449,400,0.5,Violet
Topaz,3.39,Good,SI1,56.27,57.96,9.75,7.4,2.34,73.48,4.02,-4.67,0.592,0.566,0.321,650,0.68,LightYellow
Emerald,4.72,Ideal,SI2,55.43,69.43,8.21,4.37,4.28,74.18,3.97,0.99,0.237,0.123,0.438,450,0.66,Violet
Diamond,1.16,Ideal,SI1,57.96,56.49,7.8,9.53,3.44,77.28,2.82,4.16,0.418,0.466,0.395,500,0.4,FaintYellow
Emerald,0.4,Ideal,VS1,64.41,55.2,7.3,7.87,3.76,66.34,3.14,-0.55,0.108,0.307,0.164,550,0.34,LightYellow
Diamond,2.54,Fair,VS1,64.49,69.79,4.8,9.72,3.23,61.73,4.21,2.43,0.265,0.428,0.498,700,0.54,Violet
,2.36,Very Good,VVS2,63.47,55.01,9.2,5.04,5.69,67.95,4.72,-1.74,0.219,0.38,0.315,700,,FaintYellow
Ruby,1.79,Ideal,VS1,55.12,58.89,9.8,5.21,5.83,65.09,3.06,-1.06,0.246,0.356,0.102,450,0.35,Violet
Ruby,4.8,Very Good,IF,55.28,62.24,9.47,8.82,2.07,79.17,3.77,1.89,0.306,0.445,0.22,400,0.65,Green
,4.15,Premium,VVS1,55.1,56.45,3.76,4.83,5.66,64.02,3.03,-4.69,0.308,0.572,0.201,700,0.33,LightYellow
Diamond,3.38,Premium,SI2,58.67,57.68,8.16,5.5,5.03,74,2.67,2.33,0.296,0.392,0.427,450,0.4,Blue
Amethyst,0.98,Fair,SI2,64.8,64.42,6.9,9.19,4.04,78.45,4.12,-2.37,0.511,0.42,0.354,550,0.36,White
Amethyst,3.72,Very Good,SI1,63.97,64.46,8.52,6.62,2.37,73.39,1.59,3.48,0.128,0.182,0.47,550,0.7,Violet
Emerald,3.69,Good,IF,57.51,66.07,5.47,5.1,5.01,61.33,2.78,0.59,0.262,0.361,0.351,650,0.61,FaintYellow
Sapphire,2.24,Fair,VVS2,59.1,61.87,9.7,5.87,3.19,78.52,,-2.12,0.112,0.547,0.288,450,0.52,Red
Diamond,4.64,Ideal,SI1,63.24,54.67,5.19,7.98,4.47,62.96,3.83,1.82,0.14,0.293,0.24,700,0.54,Blue
Amethyst,1,Premium,IF,62.59,56.66,8.17,4.11,3,64,4.54,4.15,0.496,0.168,0.491,500,0.46,FaintYellow
Topaz,1.48,Premium,SI2,56.33,68.01,6.53,9.74,5.95,74.58,1.65,0.17,,0.102,0.189,500,0.33,LightYellow
Ruby,0.5,Good,IF,56.08,64.67,7.32,6.45,3.57,69.85,2.66,3.62,0.273,0.282,0.327,650,0.41,
Sapphire,,Fair,SI2,60.44,51.76,3.81,,5.09,75.56,1.91,4.36,0.518,0.578,0.6,700,0.39,Violet
Amethyst,3.18,Very Good,SI1,56.02,65.07,7.28,7.91,4.22,63.29,3.19,-1.25,0.452,0.531,0.395,650,,White
Amethyst,1.71,Premium,VVS1,63.25,56.61,6.94,7.77,6.11,77.13,1.82,3.29,0.201,0.583,0.192,550,0.46,Blue
Diamond,0.99,Ideal,VVS1,57.53,50.46,8.03,5.94,3.03,66.08,1.96,2.78,0.596,0.146,0.211,550,0.63,FaintYellow
Ruby,0.39,Good,VS2,56.88,59.67,5.01,3.3,6.3,70.43,1.49,0.56,0.234,0.205,0.453,450,0.63,FaintYellow
Ruby,1,Good,IF,56.86,67.67,8.83,8.19,5.39,62.27,3.26,-4.45,0.242,0.363,0.235,600,0.42,LightYellow
Sapphire,2.38,Good,VVS1,55.45,58.89,9.62,9.68,5.15,67.02,4.2,3.03,,0.545,,,0.53,Green
Emerald,1.39,Ideal,SI2,61.42,69.78,9.17,6.54,5.78,67.21,1.5,-4.47,0.456,0.244,0.526,450,0.56,Blue
Sapphire,1.44,Good,IF,56.64,53.56,5.74,9.68,4.93,79.34,4.17,4.67,0.392,0.243,0.207,400,0.35,Blue
Emerald,4.4,Very Good,IF,57.33,57.02,8.34,6.74,2.5,76.62,4.86,-0.43,0.181,0.528,0.379,400,0.43,Red
Ruby,2.67,Very Good,VVS2,,50.33,5.56,4.17,5.14,61.16,2.91,-4.73,0.138,0.144,0.204,500,0.31,Blue
Diamond,3.7,Fair,VVS2,55.57,51.01,9.04,4.68,3.97,65.71,3.14,-2.69,0.566,0.521,0.143,,0.63,FaintYellow
Diamond,0.37,Fair,SI1,57.03,57.09,5.63,9.05,4.49,64.13,4.05,-2.7,0.274,0.399,0.583,550,0.68,Green
,1.95,Very Good,IF,56.49,60.57,4.3,7.35,3.84,66.38,4,3.64,0.524,0.122,0.114,450,0.59,Red
Topaz,2.5,Ideal,VVS2,55.05,54.74,6.42,5.9,2.77,60.26,1.43,-4.26,0.186,0.529,0.518,700,0.63,Violet
Topaz,1.09,Fair,SI2,60.39,53.33,3.95,8.6,4.18,75.64,4.31,-3.28,0.353,0.357,0.568,400,0.48,Green
Topaz,0.78,Good,SI1,56.9,58.41,7.11,7.49,2.28,62.77,1.44,-1.33,0.539,0.16,0.352,450,0.44,Blue
Diamond,4.38,Very Good,VVS1,61.33,53.41,7.04,9.11,2.24,64.05,3.27,-3.23,0.291,0.493,0.185,400,0.67,Blue
Ruby,,Premium,IF,60.02,62.62,6.44,9.8,4.4,73.12,3.01,-3.08,0.108,0.351,0.181,700,0.36,Red
Emerald,0.58,Ideal,VVS2,61.68,69.11,7.23,7.56,2.81,72.61,4.31,-2.87,0.572,0.338,0.188,550,0.48,Green
Sapphire,1.88,Ideal,VVS1,64.82,66.13,9.83,9.8,4.81,76.52,1.54,-3.58,0.418,0.15,0.178,450,0.33,FaintYellow
Topaz,4.8,Very Good,IF,57.2,54.3,5.68,6.29,2.86,62.74,3.58,1.19,0.209,0.213,0.539,700,0.62,FaintYellow
Amethyst,0.6,Premium,SI1,61.66,69.02,5.96,8.88,5.62,64.4,4.58,-4.29,,0.195,0.455,700,0.43,LightYellow
Ruby,3.29,Ideal,IF,63.34,65.02,4.92,9.35,2.66,77.52,3.21,-1.43,0.222,0.469,0.256,500,0.55,FaintYellow
Diamond,4.87,Fair,VVS2,64.57,53.1,4.29,3.32,4,73.32,4.46,1.72,0.137,0.347,0.136,700,0.62,Red
Emerald,4.9,Premium,VVS1,61.22,61.59,5.02,9.06,4.1,61.58,4.53,-1.9,0.107,0.248,0.515,650,0.39,Red
Diamond,2.46,Good,IF,56.31,69.33,4.49,5.86,4.79,,2.01,-1.56,0.104,0.389,0.292,450,0.69,Blue
Emerald,0.98,Fair,IF,55.54,51.94,6.03,5.79,3.81,70.67,4.52,2.68,0.153,0.179,0.536,500,0.57,Blue
Topaz,1.17,Premium,SI2,57.79,55.42,4.63,8.47,4.96,75.01,3.73,2.86,0.324,0.179,0.257,400,0.58,FaintYellow
Amethyst,4.47,Very Good,SI1,64.28,57.48,6.62,4.72,5.45,72.87,4.44,2.4,0.585,0.315,0.341,450,0.67,Red
Topaz,4.58,Ideal,VS2,60.37,52.31,5,3.22,2.55,73.56,2.06,-1.67,0.353,0.482,0.193,500,0.57,Green
Sapphire,3.12,Fair,IF,60.79,55.98,5.97,4.9,2.33,71.44,2.51,0.31,0.216,0.181,0.264,450,0.46,Blue
Topaz,3.88,Very Good,VS2,61.11,63.85,3.9,7.54,5.05,77.63,3.41,3.74,0.493,0.243,0.447,550,0.48,Green
Amethyst,3.75,Premium,VS2,58.32,59.54,4.15,9.67,5.84,77.94,4.02,-0.73,0.512,0.281,0.392,500,0.6,FaintYellow
Emerald,3.38,Good,VVS1,56.82,58.42,7.3,5.77,4.16,72.11,4.93,-2.27,0.402,0.51,0.496,700,0.3,Red
Emerald,4.17,Ideal,VS1,64.54,58.64,6.96,,4.85,74.63,1.27,-4.71,0.276,0.438,0.147,600,0.63,White
Diamond,3.49,Ideal,SI1,62.55,65.19,4.2,4.4,3.34,69.25,3.17,0.71,0.303,0.45,0.595,400,0.49,Violet
Diamond,2.76,Fair,VS2,60.11,69.83,5.06,8.96,5.94,65.39,3.19,-2.85,0.442,,0.461,450,0.49,Blue
Topaz,1.34,Very Good,VVS1,58.77,61.77,4.55,8.36,5.47,72.72,4.62,2.29,0.178,0.26,0.116,450,0.45,White
Emerald,3.77,Premium,SI1,59.83,65.03,8.58,6.14,4.64,76.3,1.94,-4.16,0.152,0.497,0.25,400,0.48,Green
Topaz,2.47,Premium,SI2,55.34,57.45,5.55,,3.38,65.25,1.64,-0.86,0.234,0.582,0.202,700,0.5,Red
Amethyst,1.62,Very Good,VVS2,57.47,67.21,5.84,3.27,3.97,72.52,2.93,-1.66,0.423,0.424,,700,0.5,Red
Diamond,4.05,Ideal,VS2,57.51,58.41,7.65,8.5,3.26,72.45,3.9,-2.2,0.282,0.17,0.594,650,0.51,Violet
Amethyst,3.54,Very Good,,59.45,,5.28,3.25,3.94,78.38,4.89,4.89,0.181,0.5,0.169,700,0.34,Red
Sapphire,4.7,Premium,VVS2,57.36,64.87,5.64,9.05,2.22,75.19,3.29,-4.01,0.395,0.576,0.526,500,0.36,Violet
Diamond,0.99,Very Good,SI1,56.85,64.15,8.59,4.24,2.48,76.23,3.9,-4.98,0.322,0.459,0.562,400,0.37,Violet
Sapphire,3.32,Ideal,VS2,,55.8,8.56,3.27,2.98,71.42,2.11,-4.85,0.464,0.484,0.322,650,0.52,White
Amethyst,1.37,Fair,,63.94,65.92,7.23,5.16,6.07,74.55,3.71,-3.97,0.456,0.227,0.356,450,0.62,Green
Diamond,4.54,Ideal,VS2,55.67,52.11,6.91,4.25,4.09,64.9,1.97,3.49,0.57,0.342,0.315,600,0.49,LightYellow
Diamond,0.68,Good,VS1,57.1,60.76,4.27,7.56,4.16,71.59,2.98,-3.37,0.443,0.421,0.314,450,0.59,Green
Ruby,3.35,Good,IF,62.74,64.71,6.31,6.31,4.38,73.25,1.19,0.73,0.451,0.15,0.581,550,0.38,LightYellow
Emerald,4,Very Good,VS1,63.16,67.67,4.92,3.91,4.25,76.68,2.29,1.36,0.167,0.319,0.201,500,0.31,FaintYellow
Sapphire,1.9,Ideal,SI2,60,61.39,8.11,9.41,2.39,63.31,4.13,,0.178,0.199,0.588,650,0.67,White
Ruby,4.78,Ideal,VVS1,61.95,55.17,7.4,5.57,3.46,66.54,1.27,-3.69,0.48,0.313,0.521,600,0.54,LightYellow
Emerald,4.28,Premium,VVS1,55.78,66.98,5.64,4.98,2.3,75.83,2.27,-3.71,0.454,0.57,0.449,400,0.37,FaintYellow
Sapphire,1.61,Fair,SI2,63.5,65.36,6.75,7.89,2.31,68.68,1.68,-1.89,0.212,0.529,0.106,700,0.59,Violet
Ruby,0.24,Ideal,SI2,63.33,53.07,5.95,5.75,2.35,69.69,3.51,-3.97,0.204,0.339,0.444,500,0.65,FaintYellow
Topaz,1.62,Very Good,SI2,61.93,67.45,4.03,4.02,6.04,72.39,3.98,-2.23,0.196,0.373,0.198,450,0.41,LightYellow
Amethyst,1.55,Premium,VS1,64.16,69.2,8.47,7.08,2.99,74.54,1.44,0.94,0.196,0.201,0.108,700,0.45,Red
Sapphire,4.47,Premium,VS1,55.48,60.75,9.29,3.21,2.3,65.77,3.09,-0.71,0.124,0.199,0.593,700,0.33,Violet
Amethyst,4.84,Very Good,VS1,57.31,50.77,9.51,7.39,2.01,77.28,3.73,-2.03,0.447,0.425,0.557,600,0.59,LightYellow
Amethyst,0.54,Very Good,VS1,58.63,68.31,8.52,9.07,4.76,67.28,4.96,-1.64,0.337,0.283,0.315,400,0.59,LightYellow
Emerald,2.46,Ideal,SI2,56.59,52.46,8.75,4.83,4.78,65.22,1.87,,0.128,0.536,0.463,700,0.52,Green
Amethyst,2.83,Ideal,VS1,63.15,62.66,3.39,8.97,3.19,73.99,1.29,-0.52,0.369,0.508,0.559,400,0.45,Blue
Sapphire,0.65,Premium,VS2,62.57,58.02,8.47,4.72,3.26,67.2,2.03,-0.41,0.123,0.517,0.219,650,0.58,Green
Sapphire,2.01,Premium,,62.73,69.84,5.12,4.42,3.52,70.13,3.24,3.96,0.42,0.288,0.565,450,0.7,Green
Topaz,1.72,Fair,SI1,57.91,68.34,3.96,8.01,3.59,66.61,3.53,1.68,0.447,0.531,0.277,650,0.46,Violet
Ruby,2.77,Premium,VVS2,62.63,65.69,6.65,3.46,5.5,77.07,2.51,1.31,0.473,0.268,0.467,400,0.58,LightYellow
Diamond,3.37,Very Good,VVS1,56.23,,6.99,3.28,6.23,69.99,2.74,-2.38,0.356,0.43,0.129,700,0.63,White
Topaz,3.58,Very Good,VVS1,56.07,63.98,6.39,6.19,4.65,61.31,3.19,-1.59,0.453,0.267,0.295,,0.68,Green
Amethyst,0.86,Fair,SI1,60.84,61.44,7.57,3.24,3.76,61.13,1.62,3.72,0.449,0.511,0.336,550,0.53,Green
,4.1,Good,SI2,55.49,52.71,8,6.48,3.33,67.3,4.85,0.66,0.519,0.27,0.111,700,0.56,Red
Ruby,3.46,Good,SI2,64.39,65.89,3.96,7.55,5.73,68.15,3.69,-3.2,0.442,0.562,0.507,700,0.39,Green
Sapphire,4.47,Very Good,SI1,58.29,51.73,7.32,4.6,2.41,60.75,3.08,2.26,0.12,0.514,0.208,600,0.34,White
Amethyst,2.36,Good,VVS2,59.77,59.63,3.38,9.29,3.95,77.05,3.93,-4.36,0.211,0.438,0.545,500,0.66,Red
Amethyst,4.49,Good,VS1,63.13,58.53,6.14,4.4,4.99,70.13,1.4,3.93,0.277,0.167,0.506,550,0.6,Red
Sapphire,4.36,Fair,SI1,59,66.12,3.7,4.66,3.13,70.96,4.15,0.46,0.193,0.485,0.484,650,0.65,FaintYellow
,2.3,Premium,SI2,59.31,58.55,6.15,9.39,2.61,73.04,1.77,4.8,0.474,0.484,0.444,700,0.35,FaintYellow
Amethyst,2.03,Premium,SI1,58.48,63.89,4.23,7.81,4.93,64.35,1.32,-2.24,0.238,0.534,0.315,500,0.48,Green
,4.68,Good,VVS2,58.52,59.57,8.14,6.7,4.7,70.46,4.54,-3.9,0.362,0.281,0.126,700,0.58,Blue
Amethyst,3.63,Ideal,VS1,59.68,61.64,9.3,5.31,4.79,64.46,3.81,-0.1,0.253,0.344,0.574,600,0.69,Green
Diamond,4.66,Fair,VVS1,64.46,54.82,4.19,8.38,6.4,68.31,1.15,0.48,0.439,0.153,0.367,700,0.44,Red
Ruby,4.03,Good,SI2,64.36,54.05,8.16,7.12,3.45,72.54,4.73,2.53,0.438,0.427,0.484,400,0.65,Blue
Emerald,3.12,Ideal,SI2,60.45,64.2,4.02,5.39,6.44,64.72,4.99,1.01,0.586,0.484,0.419,550,0.68,Blue
Amethyst,0.76,Ideal,SI1,59.56,52.45,6.04,8.78,2.21,77.67,3.47,-0.98,0.406,0.38,0.523,550,0.46,White
Topaz,1.6,Fair,IF,63.08,53.52,7.38,8.56,2.18,65.87,1.59,-3.14,0.515,0.343,0.462,450,0.63,Violet
Sapphire,4.85,Premium,VVS1,61.81,68.82,6.76,9.59,5.86,66.07,3.06,3.88,0.463,0.468,0.282,600,0.34,FaintYellow
Ruby,1.73,Very Good,VVS1,63.82,55.07,3.4,9.96,3.45,78.42,3.71,-1.87,0.106,0.415,0.539,500,0.58,Violet
Amethyst,0.65,Ideal,IF,62.31,56.47,5.54,3.08,3.61,67.78,1.74,-2.87,0.237,0.5,0.201,500,0.49,Blue
Sapphire,3.6,Very Good,VVS2,64.52,62.66,6.29,5.24,2.23,62.73,2.55,-2.36,0.126,0.241,0.299,550,0.32,Red
Amethyst,3.72,Very Good,VS2,63.86,58.81,5.74,4.35,2.01,68.55,1.44,0.46,0.114,0.456,0.337,700,0.62,White
Emerald,1.57,Fair,VS1,63.55,61.18,7.66,4.5,,66.78,3.32,-4.86,0.395,0.195,0.578,450,0.56,LightYellow
Diamond,1.63,Premium,VS1,58.92,52.89,9.22,9.05,4.35,69.9,2.37,2.76,0.194,0.517,0.278,450,0.48,White
Sapphire,2.45,Fair,VVS1,58.86,63.45,7.67,9.82,5.27,72.25,2.41,2.92,0.399,0.476,0.351,550,0.4,Red
Emerald,0.3,Ideal,IF,62.41,53.13,7.13,9.58,3.02,66.59,2.84,3.76,0.287,0.436,0.312,450,0.53,Green
Ruby,3.99,Premium,SI2,55.84,64.95,4.04,7.88,5.81,74.22,2.01,3.17,0.567,0.248,0.496,650,0.37,LightYellow
Ruby,1.72,Good,VVS1,58.22,60.47,5.44,6.88,3.18,66.06,3.47,-4.12,0.197,0.232,0.123,650,0.34,Violet
Diamond,4.3,Premium,VVS1,64.32,66.32,6.84,7.47,4.02,76.77,3.69,0.3,0.353,0.543,0.37,500,0.53,White
Sapphire,4.05,Fair,SI2,59.5,53.45,9.54,8.99,3.66,79.24,2,-3.32,0.333,0.325,0.337,400,0.38,LightYellow
Ruby,3.37,Fair,SI2,57.7,57.55,5.13,3.05,5.85,60.27,4.08,-3.96,0.238,0.418,0.327,700,0.62,Red
Amethyst,1.76,Very Good,SI1,59.76,66.94,5.37,6,5.69,62.33,,-4.96,0.289,0.119,0.368,600,0.33,White
Ruby,2.68,Good,VVS2,57.89,65.97,7.13,6.55,3.99,70.2,3.77,-4.69,0.127,0.38,0.515,400,0.37,White
Ruby,2.34,Premium,VS1,62.68,69.32,9.3,9.46,3.61,72.46,2.74,-1.48,0.122,0.18,0.271,700,0.6,Blue
Diamond,1.83,Good,VS2,63.51,54.44,6.8,4.2,5.53,78.21,3.49,-4.82,0.131,0.365,0.336,550,0.64,Blue
Emerald,4.27,Very Good,IF,62.83,60.78,4.22,8.21,,72.61,2.59,-0.72,0.429,0.217,0.545,400,0.41,Green
Ruby,2.52,Good,VS2,56.49,50.36,,9.47,6.23,77.29,2.51,-3.67,0.154,0.598,0.558,600,0.34,Green
Sapphire,4.2,Good,IF,,69.3,,8.35,3.43,70.45,1.57,3.24,0.305,0.304,0.52,650,0.42,Green
Ruby,0.71,Premium,VS1,57.14,53.5,7.69,3.07,4.09,73.79,3.85,-1.18,0.343,0.412,0.456,500,0.35,Violet
Sapphire,0.88,Good,VVS2,55.43,68.09,4.54,7.62,5.64,78.47,2.2,1.4,0.329,0.4,0.582,600,0.35,FaintYellow
Amethyst,4.89,Very Good,VS2,62.39,63.57,8.07,4.47,5.58,73.55,2.72,-0.27,0.116,0.281,0.526,450,0.58,Red
Diamond,3.02,Ideal,IF,59.28,68.74,8.04,7.24,5.12,69.65,4.03,-0.43,0.27,0.185,0.542,650,0.58,Green
Amethyst,2.65,,VVS1,57.77,54.96,8.4,7,2.52,71.86,1.92,-0.26,0.584,0.443,0.145,700,0.66,Green
Ruby,2.71,Fair,SI2,58.08,56.9,9.25,9.7,3.09,68.61,2.8,-2.21,0.386,0.126,0.144,550,0.59,Blue
,1.23,Ideal,VS1,56.35,53.29,4.06,4.33,5.21,63,2.28,-3.76,0.283,0.456,0.421,600,0.37,LightYellow
Diamond,3.65,Premium,VVS2,63.27,58.45,9.7,3.35,5.87,75.4,3.86,3.84,0.447,0.385,0.539,450,0.61,Red
Diamond,0.61,,SI2,56.44,68.95,9.99,7.28,2.76,68.29,4.85,2.54,0.262,,0.181,650,0.54,White
Amethyst,2.95,Ideal,SI1,58.38,61.42,3.1,5.41,6.45,61.9,4.8,-2.49,0.486,0.56,0.27,450,0.54,White
Topaz,2.94,Ideal,VVS1,55.07,58.32,3.64,8.25,4.8,74.08,2.99,-4.83,0.32,0.464,0.582,450,0.48,White
Diamond,4.59,Fair,VVS2,59.36,56.5,6.04,9.95,5.7,75.28,1.68,0.29,0.489,0.595,0.426,600,0.35,LightYellow
Ruby,2.73,Premium,IF,58.55,61.7,3.24,5.81,5.53,62.11,4.86,-4.1,0.486,0.297,,700,0.66,Violet
Amethyst,0.86,Fair,VVS1,62.19,64.46,8.14,4.06,2.48,69.12,4.56,2.11,0.267,0.45,0.407,400,0.3,FaintYellow
Emerald,2.95,Premium,SI1,62.15,58.14,7.56,6.88,3.54,69.63,1.63,-1.94,0.285,0.166,0.44,600,0.48,Violet
,0.64,,SI1,55.39,54.62,8.43,5.42,4.06,,2.09,0.88,0.342,0.535,0.176,450,0.39,Red
Emerald,1.18,Very Good,VVS2,56.16,61.7,9.99,8.56,3.17,75.98,1.44,-0.6,0.399,0.442,0.458,400,0.38,Blue
Ruby,0.35,,VS1,64.05,57.31,9.53,6.74,5.07,70.62,4.82,-4.11,0.579,0.334,0.136,550,0.52,Violet
Topaz,2.66,Ideal,VS2,62.92,69.89,5.1,9.36,4.53,71.45,1.28,4.78,0.436,0.37,0.221,450,0.34,Violet
Ruby,0.61,Good,SI1,58.89,58.82,5.78,8.87,6.41,67.16,2.58,-4.99,0.255,0.205,0.48,500,0.32,Red
Amethyst,2.45,Fair,SI1,56.66,58.69,8.43,9.4,2.82,64.91,4.35,4.33,0.443,0.577,0.363,600,0.53,FaintYellow
Topaz,4.68,Very Good,SI2,57.61,66.79,5.72,5.09,4.53,76.04,3.17,1.98,0.189,0.384,0.295,450,0.55,Blue
Amethyst,3.65,Ideal,VS2,61.58,55.02,7.89,9.32,6.05,70.66,3.07,0.48,0.361,0.105,0.428,700,0.34,LightYellow
Topaz,0.57,Good,VVS1,64.45,51.32,9.43,9.07,2.18,64.82,2.53,3.28,,0.277,0.587,700,,Red
Diamond,1.28,Very Good,VS1,61.16,67.08,5.84,7.39,4.24,68.52,1.04,-4.71,0.166,0.308,0.159,550,0.35,Blue
Diamond,3.43,Premium,VS1,55.26,61.78,6.92,9.37,2.96,71.12,1.6,-3.63,0.357,0.31,0.164,700,0.65,White
Ruby,4.49,Ideal,SI2,61.51,55.2,8.89,3.38,6.31,71.1,3.31,1,0.458,0.496,0.268,600,0.64,Blue
Sapphire,0.36,Fair,VVS2,64.45,56.86,6.34,8.5,4.99,71.15,4.21,0.33,0.347,0.524,0.524,450,0.42,Violet
Sapphire,4.1,Very Good,VVS1,58.59,58.51,5.02,4.02,3.23,63.38,3.59,0.5,0.3,0.445,0.429,700,0.52,Green
Emerald,2.9,Good,SI2,64.34,63.61,4.81,5.39,6.45,71.1,4.04,3.54,0.43,0.282,0.465,550,0.59,LightYellow
Amethyst,2.82,Fair,VS1,61.71,59.36,3.5,8.11,2.98,66.91,1.83,1.66,0.346,0.32,0.486,400,0.69,White
Topaz,4.8,Premium,VVS2,56.9,57.92,5.31,4.47,3.49,71.34,3.25,-1.46,0.269,0.428,0.318,450,0.34,Green
Amethyst,3.79,Fair,VS1,56.45,65.61,7.8,4.62,5.04,73.33,2.48,1.07,0.323,0.418,0.249,700,0.61,Blue
Diamond,4.28,Good,VVS1,56.76,51.44,3.41,4.48,4.55,64.61,2.34,1.97,0.139,0.526,0.451,450,0.38,Green
Diamond,1.9,Premium,VS1,61.99,63.05,4.92,6.19,5.71,62.41,2.7,-3.07,0.506,0.582,0.336,650,0.69,Red
Topaz,2.86,Good,SI2,60.9,58.98,3.78,3.57,5.01,72.09,4.49,-4.74,0.272,0.259,0.591,400,0.58,White
Emerald,3.15,Ideal,VS1,59.56,56.7,5.83,9.21,4.6,73.86,4.54,0.04,0.409,0.407,0.242,400,0.58,LightYellow
Emerald,1.74,Good,VS1,57.63,68.55,3.65,8.11,3.51,77.32,4.15,1.75,0.378,0.252,0.327,700,0.39,LightYellow
Sapphire,2.94,Fair,VS2,64.07,65.56,8.22,6.59,3.33,64.92,2.5,3.69,0.194,0.415,0.158,400,0.47,Violet
Topaz,1.34,Ideal,IF,57.14,54.39,9.5,3.59,2.44,62.48,1.1,0.82,0.277,,,400,0.33,FaintYellow
Emerald,0.89,Ideal,VVS1,57.84,63.05,4.35,3.87,3.81,79.47,2.47,0.87,0.583,0.37,0.314,650,0.3,Violet
Diamond,2,Very Good,VS2,55.55,66.45,4.75,3.69,5.55,60.8,4.3,0.06,0.468,0.267,0.263,700,0.4,FaintYellow
Ruby,3.75,Fair,IF,57.75,69.79,4.12,3.1,3.28,68.32,1.39,4.25,0.306,0.457,0.262,600,0.66,Blue
Diamond,4.6,Fair,SI1,64.23,63.97,4.31,7.67,5.97,69.87,3.67,3.59,0.547,0.58,0.587,700,0.45,LightYellow
Ruby,2.4,Premium,VS1,56.88,63.81,5.18,6.57,5.61,74.21,4.44,0.08,0.393,0.131,0.403,650,,Red
Emerald,3.29,Good,VS1,57.04,62.27,4.97,5.67,6.49,76.23,2.87,1.77,0.523,0.599,0.217,650,0.35,Green
Sapphire,0.69,Good,SI2,61,50.8,5.7,5.43,5.27,71.15,1.17,1.52,0.363,0.31,0.102,650,0.37,Blue
Topaz,4.54,Fair,VS2,60.67,61.7,6.67,6.23,2.22,60.58,3.01,-2.52,0.566,0.176,0.546,400,0.59,LightYellow
Diamond,2.93,Good,,56.76,66.1,8.09,6.32,4.67,79.96,3.77,-2.63,0.518,0.271,0.404,400,0.49,LightYellow
Ruby,3.95,Fair,VVS1,56.54,57.91,9.19,3.97,3.36,72.8,3.63,4.99,0.14,0.207,0.24,700,0.33,Violet
Topaz,4.01,Ideal,,56.17,61.74,6.22,6.72,6.27,76.63,3.05,3.23,0.441,0.529,0.246,500,0.5,Green
Sapphire,1.43,Good,VS1,63.61,68.53,9.36,3.34,5.2,68.29,3.41,2.46,0.323,0.202,0.239,650,0.66,FaintYellow
Sapphire,2.74,Good,VVS1,61.54,53.44,7.76,9.57,5.52,61.04,2.11,4.25,0.175,0.171,,700,0.47,White
Sapphire,4.81,Fair,VS1,64.53,55.61,8.1,8,4.53,61.65,1.85,2.29,0.501,0.444,0.178,,0.36,Red
Sapphire,0.63,Fair,VS1,56.66,52.21,6.66,3.07,6.35,75.42,4.55,3.03,0.345,0.597,0.147,700,0.39,Red
Ruby,3.48,Premium,VS1,59.61,60,6.66,5.02,2.77,64.25,,-2.12,0.201,0.484,0.246,700,0.57,Green
Amethyst,4.82,Good,SI2,62.43,66.79,6.72,9.88,3.75,77.13,3.77,0.08,0.262,0.109,0.535,550,0.47,Violet
Sapphire,1.64,Very Good,VVS1,57.14,58.7,6.44,3.34,,65.05,1.74,-0.73,0.184,0.212,0.156,600,0.51,White
Amethyst,4.33,Fair,VS2,61.85,51.4,6.21,4.03,4.49,65.18,2.72,-1.74,0.407,0.506,0.232,650,0.61,Violet
Emerald,4.68,Very Good,VVS1,59.74,55.27,8.42,6.34,5.49,61.96,1.57,2.42,0.418,0.346,0.246,600,0.55,Red
Ruby,,Ideal,VVS1,59.31,67.79,5.71,5.47,5.28,62.81,2.18,-0.42,0.247,0.147,0.255,700,0.5,Red
Emerald,1.31,Ideal,SI1,61.45,61.15,,9.9,2.25,,1.72,4.15,0.239,0.515,0.215,700,0.65,White
Topaz,1.8,Very Good,VVS2,59.68,68.28,3.95,6.78,5.26,60.84,4.82,-1,0.155,0.527,0.178,700,0.67,Green
Diamond,0.37,Ideal,SI2,63.2,66.69,9.16,9.59,3.18,64.74,1.06,-0.62,0.588,0.378,0.222,500,0.53,LightYellow
Amethyst,4.19,Very Good,VVS2,64.31,58.29,9.04,5.64,3.87,60.45,2.39,3.9,0.257,0.322,0.548,650,0.65,
Topaz,4.28,Premium,SI2,60.89,62.67,4.71,4.9,4.03,74.07,3.52,-4.7,0.4,0.536,0.349,400,,Green
Diamond,3.24,Premium,VS2,58.01,63.29,,5.02,5.12,72.33,4.51,0.17,0.194,0.462,0.562,400,0.41,FaintYellow
Ruby,1.89,Ideal,VVS2,62.77,64.94,9.72,7.46,5.07,63.44,4.99,-2.51,0.46,,0.439,700,0.53,FaintYellow
Topaz,0.57,Very Good,SI2,56.7,56.66,6.37,7.23,,77.24,3.43,-0.71,0.43,0.107,0.353,500,0.63,FaintYellow
Amethyst,,Very Good,VS2,55.95,55.78,3.65,6.88,5.66,65.71,4.67,1.68,0.162,0.338,0.301,400,0.32,Violet
Topaz,3.69,Very Good,SI2,60.19,63.69,4.51,4.32,2.55,,4.79,1.2,0.109,0.175,0.536,450,0.65,LightYellow
Ruby,4.58,Ideal,VS1,61.47,66.38,7.93,4.84,3.05,76.22,3.15,-1.59,0.111,0.332,0.364,550,0.38,FaintYellow
Emerald,3.71,Very Good,VS1,63.35,58.28,3.57,5.02,3.91,67.38,1.46,-1.82,0.244,0.34,0.266,450,0.66,Blue
Emerald,4.18,Fair,VVS1,64.55,56.42,6.03,9.06,2.98,65.02,3.01,-1.33,0.306,0.411,0.111,700,0.47,LightYellow
Ruby,3.78,Very Good,VS1,63.73,66.51,5.99,8.72,6.17,77.21,2.94,2.39,0.599,0.175,0.371,700,0.42,Red
,3.23,Fair,VVS2,64.89,63.74,7.8,4.44,6.18,61.48,3.19,-0.54,0.58,0.356,0.41,500,0.57,Red
Diamond,2.25,Premium,IF,59.76,56.87,4.4,4.02,,73.01,2.41,-3.54,0.179,0.409,0.409,600,0.6,Blue
Amethyst,4.53,Fair,VVS1,58.17,60.59,9.89,3.71,3.86,76.77,3.67,4.18,0.428,0.212,0.524,700,0.36,Blue
Topaz,3.32,Premium,VS2,59.6,69.22,4.09,3.47,,74.2,2.86,-1.57,0.214,0.588,0.359,500,0.56,LightYellow
Ruby,2.11,Ideal,VS1,61.44,65,7.19,9.89,2.09,67.48,3.28,-0.43,0.113,0.188,0.488,550,0.57,FaintYellow
Amethyst,0.6,Premium,,60.07,54.43,5.3,8.68,2.19,79.02,2.21,0.08,0.417,0.475,0.48,500,0.34,White
Topaz,1.6,Premium,VVS1,61.34,55.9,3.93,3.12,5.79,62.72,2.76,2.16,0.189,0.229,0.148,,0.36,LightYellow
Sapphire,2.81,Very Good,VVS1,63.87,55.3,6.77,3.05,3.72,74.23,3.85,-2.14,0.255,0.312,0.326,400,0.35,White
Sapphire,1.52,Good,VS1,56.66,66.97,4.19,7.83,5.29,74.36,1.43,2.71,0.223,0.502,0.342,450,0.41,Violet
Diamond,1.26,Premium,VS2,56.2,62.83,7.76,5.18,4.78,72.25,4.2,-4.97,0.205,0.416,0.464,550,0.63,Blue
Topaz,2.73,Fair,VVS1,59.99,68.8,,3.69,5.12,69.71,2.69,2.41,0.116,0.585,0.267,600,0.61,Green
Emerald,1.02,Ideal,,64.82,51.82,6.57,6.25,2.89,79.05,4.9,-3.32,0.485,0.297,0.504,500,0.46,LightYellow
Ruby,4.04,Fair,VVS1,55.59,51.04,4.53,3.13,4.46,69.33,3.12,-3.14,0.229,0.456,0.4,550,0.61,White
Topaz,2.52,Ideal,SI1,64.87,63.52,9.65,5.97,4.91,66.66,1.23,0.42,0.59,0.346,0.146,500,0.33,Green
Diamond,2.95,Fair,VS1,64.68,55.33,7.97,4.66,4.48,70.3,3.04,-1.93,0.594,0.242,0.351,550,0.67,FaintYellow
Emerald,0.91,Premium,SI1,57.93,63.58,8.29,4.85,6.25,76.02,3.12,-3.61,0.535,0.136,0.502,700,0.47,FaintYellow
Topaz,1.76,Good,VVS2,63.91,64.47,7.94,5,2.07,63.26,3.67,-3.18,0.552,0.466,0.563,500,0.68,LightYellow
Emerald,,Premium,VS2,55.08,56.09,7.66,5.15,2.97,67.41,1.66,4.09,0.121,0.173,0.13,450,0.34,Blue
Diamond,4.08,Very Good,VVS1,59.54,69.05,3.97,3.14,2.33,71.31,2.91,2.08,0.444,0.381,0.393,400,0.54,Red
Sapphire,3.9,Fair,SI1,59.02,65.49,9.98,6.99,6.34,76.86,2.55,-3.45,0.152,0.553,0.498,450,0.63,White
Diamond,1.27,Good,VVS1,64.03,57.35,7.6,6.84,3.05,68.01,4.67,3.05,0.318,0.139,0.291,450,0.66,Violet
Ruby,3.16,Fair,SI1,59.72,58.24,9.28,7.56,5.33,71.01,2.18,4.57,0.332,0.414,0.296,500,0.4,LightYellow
Topaz,1.37,Very Good,,59.18,64.32,6.53,4.12,2.66,62.45,1.07,-3.98,0.121,0.117,0.496,600,0.35,LightYellow
Ruby,4.94,Very Good,SI2,61.4,56.08,5,9.96,2.23,61.88,2.99,2.1,0.294,0.483,0.117,550,0.59,Red
Ruby,4.77,Very Good,VS1,58.76,55.91,6.06,3.95,2.86,64.27,4.85,-2.3,0.241,0.386,0.204,450,0.35,FaintYellow
Ruby,2.9,Premium,VVS2,60.37,62.5,5.79,8.68,3.24,73.71,3.57,0.37,0.395,0.317,0.587,600,0.4,Red
Emerald,3.55,Premium,VVS1,64.56,52.7,3.11,4.54,4.06,64.24,3.4,-2.71,0.324,0.261,0.407,450,0.7,LightYellow
Emerald,4.05,Good,SI1,57.03,69.87,7.72,6.07,2.1,77.55,4.33,-3.57,0.411,0.502,,450,0.54,LightYellow
Ruby,3.66,Very Good,VVS1,59.59,55.74,8.16,5.27,4.78,77.97,1.62,0.51,0.101,0.506,0.491,450,0.66,White
Amethyst,3.56,Premium,VS1,55.15,57.65,3.29,5.15,4.95,65.31,2.41,3.32,0.487,0.476,0.531,650,0.56,White
Sapphire,4.8,Ideal,VS2,63.42,54.49,4.72,6.41,3.31,62.11,1.83,4.66,0.355,0.489,0.406,650,0.53,Violet
Emerald,3.06,Ideal,VS2,55.92,62.87,7.65,,3.19,68.23,2.54,3.09,0.183,0.364,0.183,600,0.55,White
Topaz,3.25,,VVS2,,51.21,5.25,6.83,2.86,75.87,1.22,-2.4,0.3,0.134,0.393,700,0.69,White
Diamond,4.28,Good,SI2,63.83,68.56,9.54,4.75,2.97,62.16,2.64,1.38,0.271,0.136,0.263,450,0.69,White
Diamond,3.42,Fair,VS2,59.09,56.08,3.79,9.81,4.93,61.98,1.59,-3.63,0.529,0.364,0.489,650,0.69,Blue
Emerald,3.72,Very Good,VVS1,61.87,68.55,9.5,4.68,4.73,64.89,3.48,-0.87,0.514,0.284,,600,0.39,Blue
Ruby,1.32,Premium,VS1,63.58,55.07,9.4,8.35,6.12,73.85,2.92,-3.51,0.18,0.381,0.165,450,0.33,LightYellow
Emerald,1.98,Good,SI2,58.74,60.28,9.69,6.29,5.72,67.49,3.67,2.71,0.524,0.194,0.513,450,0.58,LightYellow
Sapphire,0.91,Fair,VVS1,57.62,63.9,3.54,3.27,4.59,74.73,2.77,-3.5,0.404,0.595,0.368,400,0.49,Blue
Amethyst,2.63,Good,VVS1,56.7,62.25,4.91,4.07,2.75,68.1,3.5,2.42,0.225,0.458,0.424,400,0.66,FaintYellow
Sapphire,2.39,Fair,VVS2,61.07,60.25,4.76,9.5,3.46,61.58,1.4,-3.98,0.566,0.209,0.218,650,0.52,Blue
Sapphire,4.99,Ideal,VS2,57.52,65.77,9.2,8.74,4.14,79.97,1.66,0.44,0.286,0.46,0.404,500,0.46,LightYellow
Ruby,3.13,Fair,VS2,61.34,59.41,8.65,4.01,3.89,73.62,4.87,-2.93,0.497,0.229,0.228,,0.43,White
Topaz,3.97,Ideal,VS2,,56.66,4.11,3.36,2.29,72.63,4.36,-3.51,0.435,0.406,0.357,700,0.35,Violet
Amethyst,1.8,Very Good,SI1,58.48,64.37,3.99,4.07,3.61,69.87,3.24,-0.62,0.498,0.157,0.345,400,0.39,Red
Topaz,4.19,Premium,VVS1,57.49,68.75,6.32,7.09,2.84,61.66,4.99,4.64,0.147,0.233,0.466,600,0.49,LightYellow
Topaz,3.15,Ideal,VS1,59.18,62.03,4.21,7.43,4.59,79.7,1.14,-4.13,0.204,0.206,0.143,600,0.4,FaintYellow
Topaz,3.55,Good,VS1,56.62,,6.33,5.65,6.19,69.32,4.91,-0.56,0.457,0.112,0.151,400,0.67,Blue
Amethyst,1.61,Fair,VVS1,58.2,65.26,8.91,4.97,2.63,60.83,1.24,-4.07,0.174,0.574,0.364,400,0.67,White
Sapphire,2.83,Good,IF,62.78,65.24,6.5,4.45,5.88,66.87,3.57,-2.56,0.475,0.157,0.153,500,0.52,Blue
Amethyst,3.24,Ideal,VVS1,57.16,55.34,8.07,6.07,3.18,60.66,3.33,-2.28,0.253,0.454,0.499,500,0.37,Blue
Ruby,3.03,Good,SI2,64.47,57.69,4.75,3.16,5.1,70.14,4.5,0.07,0.402,0.41,,400,0.43,LightYellow
,4.59,Fair,SI1,59.93,52.82,4.86,3.06,4.73,75.08,3.34,2.82,0.283,0.281,0.244,450,,White
Emerald,4.51,Premium,SI2,56.07,51.59,7.16,8.58,2.98,,1.88,-1.65,0.4,0.364,0.409,500,0.57,White
Amethyst,4.86,Good,VS2,64.43,66.15,8.97,6.71,3.66,76.87,1.86,2.8,0.41,0.29,0.277,700,0.6,FaintYellow
Sapphire,3.4,Very Good,VVS1,59.57,57.45,6.72,8.47,4.46,65.42,3.94,-4.84,0.317,0.491,0.177,600,0.41,Violet
Sapphire,4.87,Fair,SI1,60.57,55.63,4.39,3.8,6.1,66.94,4.34,-4.44,0.565,0.574,0.589,700,0.3,LightYellow
Emerald,4.2,Fair,IF,56.85,55.12,4.52,8.71,2.83,70.39,2.94,-3.31,0.586,0.551,0.493,650,0.31,Violet
Ruby,1.5,Very Good,VVS1,58.33,51.5,7.32,9.46,3.55,73.7,4.23,-0.52,0.553,,0.598,700,0.57,Red
Topaz,2.25,Ideal,SI2,62.04,69.7,3.72,6.73,6.47,74.73,1.63,-1.32,0.468,0.419,0.127,450,0.52,Violet
Diamond,1.34,Very Good,VS2,56.24,57.34,3.46,3.74,5.55,76.99,3.13,2.24,0.162,0.242,0.235,550,0.46,LightYellow
Diamond,0.22,Ideal,VVS2,60.7,53.28,3.72,3.86,3.73,64.49,2.91,4.93,0.564,0.353,0.148,400,0.61,Green
Diamond,1.1,Premium,VS1,61.94,67.28,5.75,4.36,2.64,62.23,4.32,2.98,0.418,,0.308,700,0.66,Red
Topaz,0.22,Ideal,IF,55.02,64.46,5.48,4.3,4.25,63.55,4.68,3.18,0.149,0.273,0.442,450,0.65,LightYellow
Amethyst,3.66,Premium,VVS2,63.38,63.25,3.02,9.61,4.63,78.87,1.45,,0.431,0.26,0.447,500,0.6,Red
Emerald,2.24,Premium,VS1,55.56,55.94,4.13,8.6,3.16,62.65,3.33,-0.37,0.278,0.227,0.581,700,0.7,Blue
Amethyst,1.7,Very Good,VVS2,57.47,58.31,5.43,5.23,5.2,66.38,2.66,4.67,0.552,0.356,0.446,550,0.31,Violet
Diamond,3.86,Ideal,SI2,64.64,66.82,6.01,8.72,4.43,63.92,2.91,0.84,0.457,0.419,0.382,450,0.4,Red
Topaz,4.2,Ideal,VVS1,55.81,62.8,5.82,8.4,3.65,62.21,4.34,1.77,0.406,0.578,0.178,500,0.62,LightYellow
Amethyst,4.88,Good,VVS1,63.26,56.91,5.24,5.49,3.3,70.54,3.68,-4.7,0.214,0.203,0.519,550,0.43,Blue
Topaz,3.28,Fair,VS1,61.52,52.19,8.68,3.21,3.28,67.59,3.03,-0.32,0.525,0.34,0.253,700,0.66,Red
Ruby,2.42,Fair,VS1,60.98,68.01,5.91,3.06,5.55,74.53,,4.75,0.561,0.448,0.23,550,0.58,Violet
Diamond,1.67,Ideal,VVS1,60.82,69.11,7.51,5.28,4.24,67.85,4.42,4.32,0.415,0.37,0.226,600,0.31,Green
Topaz,1.27,Good,VVS1,56.66,64.38,8.83,3.32,3.27,71.11,4.35,-1.13,0.549,0.472,0.328,500,0.49,FaintYellow
Diamond,1.22,Premium,SI1,61.69,63.83,8.98,3.85,5.55,76.41,,0.71,0.192,0.401,0.106,550,0.35,White
Emerald,2.16,Ideal,VS1,64.52,60.75,9,4.78,2.1,70.55,1.45,3.49,0.342,0.335,0.248,550,0.66,LightYellow
Emerald,4.96,Premium,VS1,55.77,69.43,6.46,4.25,6.48,68.75,1.63,-1.86,0.165,0.359,0.41,450,0.38,Red
Ruby,0.2,Very Good,SI2,58.32,63.88,7.63,4.01,,62.64,2.29,-2.82,0.475,0.224,0.359,450,0.35,Blue
Sapphire,1.15,Good,SI1,59.72,,5.2,4.84,5.34,71.19,4.86,-3.52,0.313,0.1,0.189,650,0.58,Red
Diamond,1.1,Fair,VS1,57.32,51.83,9.03,8.16,3.2,61.98,4.73,-3.73,0.555,0.126,0.447,550,0.42,Blue
Topaz,3.64,Ideal,SI2,62.41,69.27,4.49,6.11,6,62.1,4.61,3.92,0.56,0.527,0.531,400,0.55,FaintYellow
Ruby,1.89,Fair,VS2,61.89,68.87,8.51,7.64,5.67,69.02,3.25,,0.363,0.169,0.512,500,0.6,FaintYellow
Amethyst,2.39,Premium,,56.18,61.16,6.29,9.5,5.61,70.39,2.99,0.36,0.151,0.127,0.594,400,0.54,Violet
Ruby,0.91,Premium,SI1,60.69,54.28,5.09,3.01,2.79,74.93,2,-3.27,0.275,0.571,0.592,600,0.53,LightYellow
,2.14,Very Good,VS2,58.69,61.67,5.66,9.66,4.77,69.13,3.71,-1.03,0.552,0.545,0.532,400,0.36,Violet
Diamond,0.7,Premium,VVS1,57.28,65.27,7.12,4.95,6.05,72.43,4.52,4.9,,0.135,,550,0.31,Green
Amethyst,2.76,Premium,VS2,63.48,50.17,9.51,5.01,4.27,78.4,4.36,-0.18,0.163,0.107,0.51,700,0.63,White
Ruby,0.67,Fair,SI2,55.55,66.46,3.68,7.41,4.48,78.8,4.04,-4.46,0.134,0.16,0.593,600,0.46,FaintYellow
Ruby,3.99,Fair,IF,59.67,59.3,9.44,5.53,3.83,65.28,1.98,-1.02,0.57,0.365,0.355,400,0.39,Green
Diamond,2.92,Ideal,VVS1,59.75,59.26,8.71,3.56,5.01,69.12,3.3,-4.46,0.472,0.284,0.249,550,0.66,Red
Topaz,3.68,,IF,60.7,58.69,7.11,7.98,5.87,70.62,1.9,1.51,0.396,0.374,0.373,700,0.66,Violet
Sapphire,2.21,Premium,VVS2,56.98,63.84,3.91,4.28,4.3,68.94,4.22,-0.81,0.125,0.294,0.534,550,0.67,Red
Amethyst,2.03,Good,IF,63.71,54.19,8.69,9.51,6.36,79.27,4.69,-3.48,0.433,0.41,0.286,700,0.4,Red
Emerald,0.67,Ideal,VVS2,64.65,62.13,7.83,9.92,,65.81,4.75,3.47,0.568,0.507,0.21,450,0.57,White
Sapphire,2.71,Premium,IF,60.49,50.88,6.48,4.27,2.55,70.38,4.68,,0.293,0.482,0.355,450,0.51,Red
Ruby,,Fair,SI2,57.56,66.23,9.2,8.28,2.07,62.51,2.14,-0.15,0.486,0.16,,600,0.52,FaintYellow
Amethyst,2.45,Very Good,SI2,63.77,66.31,7.65,9.94,4.61,72.6,1.84,2.92,0.476,0.349,0.197,500,0.48,FaintYellow
Topaz,3.75,Fair,VVS2,64.88,56.24,5.02,,5.66,,1.33,0.74,0.494,0.591,0.318,,0.37,Blue
Amethyst,4.2,Fair,VVS2,62.42,52.11,3.31,6.95,5.82,76.11,4,-4.35,0.3,0.491,0.361,550,0.46,Blue
Sapphire,3.8,Very Good,VVS1,58.34,64.95,8.32,5.18,6.34,62.61,4.85,-2.42,0.422,0.439,0.321,550,0.33,Blue
Amethyst,0.89,Fair,SI2,57.36,59.4,4.79,3.08,4.37,77.6,1.48,0.74,0.142,0.351,0.166,650,0.61,LightYellow
Ruby,3.19,Ideal,VS1,56.57,68.5,4.96,9.29,2.95,68.6,2.91,-3.94,0.217,0.486,0.146,600,0.49,FaintYellow
Sapphire,0.59,Fair,VS1,57.35,57.07,6.15,3.25,5.05,68.15,2.09,-2.5,,0.379,0.226,650,0.36,Green
Ruby,3.53,Very Good,VVS1,57.27,66.83,8.25,7.03,6.02,75.27,3.92,1.06,0.497,0.482,0.277,400,0.53,Violet
Sapphire,2.03,Premium,VVS2,64.67,50.51,9.47,4.3,2.84,66.04,4.46,4.26,0.436,0.485,0.15,650,0.33,Red
Sapphire,0.84,Premium,VS1,61.43,65.46,4.51,4.69,3.57,77.15,2.4,2.32,0.312,0.213,0.314,650,0.34,Violet
Amethyst,4.34,Premium,VS1,56.67,63.56,9.17,3.16,5.52,65.55,3.74,0.08,0.3,0.19,0.304,400,0.55,White
Ruby,3.15,Very Good,IF,59.88,60.53,7.23,3.26,3.06,74.63,2.59,-2.88,0.324,0.345,0.444,550,0.36,Violet
Emerald,1.9,Very Good,VS2,56.85,68.21,8.99,5.45,6.04,61.12,4.79,-3.07,0.37,0.452,0.337,500,0.41,Violet
Diamond,,Ideal,VVS1,61.06,68.84,8.94,9.14,5.79,74.02,1.01,2.76,0.375,0.465,0.484,500,0.56,FaintYellow
Sapphire,2.78,Very Good,VS2,58.41,68.59,5.75,6.96,4.27,65.25,4.07,4.27,0.346,0.367,0.355,700,0.5,Violet
Diamond,4.63,Premium,VVS2,56.96,61.96,7.75,6.77,6.49,74.54,1.17,-3.8,0.397,0.415,0.551,650,0.37,LightYellow
Emerald,3.06,Very Good,IF,57.43,60.39,9.63,7.34,3.33,76.54,3.9,1.75,0.215,0.496,0.438,450,0.4,Red
Diamond,4.86,Good,VS1,61.75,55.38,7.71,6.75,6.19,63.41,4.8,2.28,0.389,0.531,0.542,400,0.67,Blue
Amethyst,0.85,Fair,SI1,59.08,53.24,6.21,5.13,3.31,63.34,4.54,0.1,0.59,0.35,0.128,700,0.58,FaintYellow
Ruby,2.93,Ideal,IF,60.13,61.14,5.6,9.16,5.13,74.9,1.48,-1.69,0.286,0.183,0.57,700,0.42,Violet
Emerald,4.03,Premium,VVS1,63.21,52.97,4,6.33,5.4,63.4,1.29,,0.136,0.444,0.12,550,0.31,Violet
Topaz,2.72,Premium,SI2,61.55,53.44,9.99,8.27,4.93,60.39,4.68,-0.43,0.534,0.192,,500,0.64,Blue
Emerald,0.64,Good,VVS2,59.62,57.13,7.6,9.38,4.41,61.23,2.1,-0.42,0.45,0.21,0.471,400,0.64,Green
Sapphire,3,Ideal,IF,64.54,53.73,4.94,3.03,4.94,60.52,1.7,-3.98,0.552,0.492,0.488,700,0.41,Green
Amethyst,3.14,Fair,IF,57.15,60.03,3.52,,2.1,78.15,1.93,1.3,0.53,0.338,0.203,450,0.51,Red
Diamond,,Ideal,IF,57.89,63.27,8.28,7.23,5.96,77.3,3.14,-4.09,0.511,0.295,0.439,550,0.39,Blue
Diamond,3.85,Ideal,VS1,64.11,63.96,,6.52,4.4,71.11,1.27,-2.21,0.105,0.285,0.412,600,0.47,Red
Emerald,3.9,Premium,VVS2,63.53,60.66,5.99,9.32,4.18,70.25,1.11,-3.2,0.515,0.48,0.254,650,0.33,White
Amethyst,3.38,Very Good,VS1,56.3,60.44,9.69,9.58,4.59,64.88,3.35,4.45,0.212,0.303,0.331,650,0.33,Violet
Topaz,1.24,Fair,IF,64.3,59.5,5.3,3.94,4.57,69.99,,-4.2,,0.327,0.462,650,0.37,FaintYellow
Ruby,2.14,Ideal,SI2,55.1,54.91,8.29,5.12,5.28,78.63,4.6,-0.38,0.217,0.238,0.388,550,0.32,Red
Sapphire,3.93,Good,VS1,63.22,63.08,4.84,4.85,2.39,71.4,3.23,1.13,0.522,0.39,0.226,650,0.66,Green
Emerald,4.78,Premium,VS1,57.79,63.14,5.35,6.48,6.23,61.14,3.33,-0.34,0.519,0.47,0.165,550,0.52,Blue
Sapphire,0.58,Very Good,VVS1,56.89,55.12,7.24,5.67,6.23,60.74,4.68,1.62,0.3,0.259,0.195,400,0.6,Red
Emerald,2.77,Very Good,VS2,59.49,64.01,3.26,5.51,2.06,77.43,1.38,-4.68,0.409,0.533,0.584,400,0.41,LightYellow
Sapphire,1.7,Premium,,63.97,67.16,4.48,6.74,4.36,64.34,2.83,4.27,0.437,0.107,0.171,650,0.35,Red
Topaz,1.28,Ideal,VVS1,62.86,61.89,4.23,6.43,5.3,60.1,2.61,-1.45,0.417,0.112,0.305,400,0.59,White
Ruby,2.63,Premium,VVS1,64.67,52.35,5.3,6.26,3.26,74.88,4.12,-0.67,0.394,0.234,0.38,500,,Blue
Sapphire,3.11,Very Good,SI1,60.41,56.55,8.44,3.79,4.88,76.39,2.68,0.38,0.517,0.531,0.319,450,0.49,Blue
Topaz,0.25,Very Good,VS1,60.11,51.86,9.35,6.77,4.95,65.73,2.94,1.44,0.281,0.281,0.14,400,0.64,Red
Topaz,,Good,SI1,55.13,56.04,3.09,3.41,2.98,76.63,,-3.74,0.273,0.138,0.409,700,0.63,LightYellow
Topaz,4.14,Good,VS1,56.81,54.24,4.8,7.31,2.95,76.09,4.17,-1.33,0.276,,0.252,450,0.67,Red
Ruby,4.83,Very Good,VVS2,59.98,61.09,3.18,7.36,5.39,69.74,3.69,0.96,0.231,0.259,0.488,400,0.64,White
Diamond,1.07,Good,VS2,62.53,58.47,9.03,4.82,5.19,78.77,2.71,0.28,0.559,0.168,0.412,500,0.39,Blue
Emerald,3.05,Good,VS1,63.23,64.45,4.39,3.95,5.88,76.89,1.29,-4.48,0.206,0.395,0.573,450,0.56,Green
Emerald,2.25,Good,VVS2,57.83,57.26,8.39,8.59,5.98,60.59,4.34,2.5,0.458,0.149,0.166,500,0.67,Red
Topaz,1.81,Very Good,SI2,62.12,53.09,3.23,8.39,,78,4.97,,0.445,0.325,0.364,600,0.4,Green
Amethyst,2.92,Ideal,SI1,63.29,54.72,5.79,9.62,5.61,70.82,3.97,-4.81,0.476,0.582,0.571,600,0.45,LightYellow
Diamond,3.96,Ideal,VS2,58.75,60.92,5.51,6.12,4.99,,2.73,2.97,0.429,0.371,0.342,500,0.64,LightYellow
Diamond,0.31,Fair,VVS2,61.96,59,5.31,5.21,4.9,79.15,2.57,-4.94,0.131,0.335,0.259,700,0.46,LightYellow
Ruby,4.85,Good,VVS2,59.37,50.85,6.99,5.12,3.22,65.7,3.39,-2.98,0.21,0.117,0.521,450,0.51,Violet
Emerald,4.09,Ideal,VVS1,64.86,54.2,5.74,4.26,5.73,68.78,1.85,2.25,0.578,0.419,0.131,650,0.65,LightYellow
Emerald,3.81,Fair,IF,55.07,55.93,5.82,5.45,,63.67,1.63,0.93,0.203,0.266,0.431,600,0.54,Blue
Sapphire,3.85,Premium,IF,59.14,64.51,4.32,3.89,2.73,77.44,1.45,0.58,0.267,0.456,0.231,700,0.61,White
Emerald,,Good,IF,57.64,64.61,5.9,9.1,5.33,61.35,4.88,0.07,0.577,0.58,,550,0.54,LightYellow
Diamond,3.81,Ideal,VVS2,63.5,63.96,8.19,5.43,3.71,60.31,3.64,4.58,,0.257,0.569,600,0.67,Violet
Sapphire,2.06,Ideal,VS1,57.87,66.37,5.26,6.83,2.85,63.04,3.22,-4.4,0.237,0.471,0.471,450,0.49,Violet
Diamond,4.51,Ideal,SI1,60.44,67.48,9,3.47,2.62,72.67,4.53,-0.38,0.373,0.447,0.538,450,0.57,FaintYellow
Amethyst,1.05,Fair,IF,62.4,51.42,4.16,4.97,2.94,62.35,2.32,4.69,0.196,0.467,0.366,450,0.49,Red
Emerald,1.6,Premium,VS1,59.97,59.86,8.93,,5.83,78.41,3.04,-2.38,0.381,0.496,0.225,400,,LightYellow
Sapphire,2.85,Good,SI2,59.1,52.98,7.31,9.21,4.47,73.57,1.56,-4.67,0.202,0.186,0.388,650,0.6,LightYellow
Ruby,1.73,Ideal,SI2,55.43,57.08,5.97,4.26,6.01,73.66,3.43,-0.25,0.415,0.421,0.585,550,0.52,White
Topaz,2.24,Very Good,VS2,55.23,63.26,3.25,8.57,6.09,79.45,4.59,2.71,0.156,0.383,0.189,400,0.31,Blue
Sapphire,2.56,Good,SI1,64.57,62.03,3.89,4.98,2.68,61.15,3.99,-2.99,0.281,0.215,0.548,650,0.39,LightYellow
Sapphire,4.31,Very Good,SI1,,52.57,5.9,4.48,4.83,73.06,3.29,-2.52,0.489,0.254,0.321,600,0.6,Blue
,2.71,Fair,IF,63.25,65.14,9.15,3.07,2.23,77.98,3.08,-3.39,0.349,0.212,0.317,650,0.32,LightYellow
Ruby,1.94,Ideal,VVS2,59.8,65.74,9.7,5.04,3.23,72.34,3.41,-1.41,0.576,0.371,0.338,600,0.38,Red
Emerald,1.39,Good,VVS1,57.62,52.78,9.51,3.49,2.78,69.2,3.51,3.85,0.293,0.137,0.525,400,0.38,Violet
Topaz,2.16,Good,SI2,57.95,62.31,4.92,5.53,5.77,60.46,3.45,-2.97,0.55,0.158,0.388,450,0.4,FaintYellow
Topaz,2.68,Ideal,VVS2,55.43,68.9,4.8,3.37,,63.42,2.87,-2.38,0.491,0.486,0.474,600,0.5,Blue
Amethyst,3.78,Premium,SI1,62.91,51.88,8.18,3.45,6.47,,3.5,3.85,0.478,0.238,0.397,500,0.67,Violet
Ruby,0.78,Fair,SI2,60.82,53.29,9.58,5.48,2.64,79.57,3.08,4.29,0.337,0.588,0.153,650,0.6,Violet
Topaz,1.26,Ideal,VS1,59.81,65.31,3.93,6.14,3.03,69.85,2.69,-4.47,0.351,0.527,0.435,600,0.47,FaintYellow
,2.02,Good,SI2,63.52,56.74,5.64,5.33,4.9,77.97,3.09,0.41,0.252,0.543,0.236,550,0.48,Green
Amethyst,1.93,Premium,VS2,59.45,69.11,8.85,3.17,6.36,69.57,4.28,-2.04,0.555,0.162,0.142,600,0.34,LightYellow
Sapphire,2.08,Good,SI1,64.48,62.49,6.44,4.25,5.3,63.18,4.63,-3.31,0.211,0.361,0.185,700,0.56,Blue
Diamond,4.01,Very Good,VVS2,55.13,59.66,8.9,9.57,2.57,61.71,3.55,0.18,0.301,0.101,0.415,450,0.62,LightYellow
Emerald,1.76,Good,SI1,64.85,56.75,3.82,7,3.87,76.66,4.45,2.79,0.383,0.316,0.494,500,0.61,Violet
Ruby,2.61,Fair,VVS1,63.16,54.78,8.44,8.98,6.48,78.76,1.02,-3.28,0.232,0.528,0.264,400,0.56,LightYellow
Amethyst,3.19,Ideal,SI2,58.55,63,5.73,3.36,2.31,68.19,4.76,-1.77,0.233,0.177,0.317,650,0.53,White
Amethyst,1.31,Good,VVS1,60.95,61.84,7.85,3.05,3.28,62.54,1.03,0.69,0.285,0.243,0.305,450,0.31,LightYellow
Sapphire,3.65,Very Good,VS2,63.65,57.16,5.05,8.47,2.56,76.94,4.74,3.92,0.499,0.387,0.338,550,0.68,LightYellow
Diamond,2.83,Very Good,IF,59.82,68.36,7.84,5.69,5.69,66.86,1.72,3.91,0.16,0.318,0.337,500,0.59,Blue
Sapphire,2.34,Ideal,,55.51,65.24,7.91,5.58,5.75,69.74,1.37,1.59,0.414,0.25,0.102,600,0.38,LightYellow
Sapphire,4.09,Very Good,SI1,64.04,55.2,5.94,4.67,3.55,79.86,4.54,2.36,0.586,0.238,0.524,400,0.33,FaintYellow
Sapphire,1.37,Ideal,VVS2,60.17,68.87,9.78,4.12,3.51,73.56,1.07,-3.91,0.429,0.283,0.289,700,0.37,Blue
Diamond,4.44,Fair,VVS1,60.45,65.11,3,8.8,5.66,74.43,4.31,1.78,0.325,0.452,0.451,550,0.59,Red
Ruby,2.89,Ideal,VS1,55.14,67.94,7.72,3.43,2.71,65.63,1.81,-1.65,0.383,0.594,0.135,500,0.6,Green
Ruby,3.12,Premium,VVS2,56,52.72,9.36,6.49,5.7,65.14,2.6,2.13,0.146,0.534,0.551,700,0.69,LightYellow
Amethyst,4.4,Very Good,SI2,62.77,50.66,9,5.52,2.44,65.87,1.03,-3.72,0.311,0.573,0.512,500,0.68,Green
Amethyst,4.12,Very Good,VVS1,59.35,59.86,6.95,4.93,3.33,71.96,4.89,0.83,0.162,,0.431,450,0.51,
Topaz,3.09,Good,VS1,64.98,58.96,9.27,8.33,4.27,78.75,2.77,-1.41,0.251,0.397,0.112,450,0.44,Red
Ruby,3.82,Premium,IF,61.96,67.4,3.76,9.15,2.54,73.71,2.73,-0.72,0.284,0.144,0.529,650,0.38,White
Ruby,2.28,Good,SI2,64.5,53.44,6.8,4.36,2.34,65.75,1.09,-3.91,0.514,0.426,0.462,450,0.38,LightYellow
Diamond,2.83,Ideal,IF,,50.47,9.87,,3.22,72.84,1.74,1.9,0.331,0.412,0.573,500,0.37,Red
Diamond,0.5,Fair,VVS1,56.76,60.58,9.94,5.63,4.64,62.78,1.78,2.45,0.237,0.112,0.514,,0.52,LightYellow
Amethyst,0.63,Very Good,SI2,58.77,53.55,7.75,6.08,5.66,68.54,1.04,-3.66,0.417,0.405,0.576,700,0.31,White
Amethyst,4.18,Fair,VVS1,57.65,50.99,4.17,3.37,5.3,77.77,1.68,0.04,,0.218,0.329,500,0.42,Blue
Amethyst,0.49,Ideal,IF,61.13,50.44,3.79,6.29,4.46,64.98,,2.87,0.283,0.486,0.515,500,0.46,White
Diamond,1.01,Ideal,VVS1,62.44,52.85,9.46,,4.97,,3.33,-2.77,0.287,0.487,0.366,400,0.36,LightYellow
Topaz,4.02,Premium,SI2,59.02,57.52,9.16,5.7,4.42,61.54,1.07,-4.08,0.521,0.45,0.582,600,0.64,White
Diamond,0.21,Good,VS2,55.9,67.68,5.21,9.3,4.44,61.75,1.86,4.11,0.344,0.336,0.117,600,0.38,Blue
Ruby,1.56,Very Good,VVS2,55.26,65.21,9.52,8.94,2.07,61.38,2.66,2.63,0.479,0.549,0.238,550,0.59,Violet
Amethyst,3,Very Good,VS2,57.18,60.6,3.91,6.06,3.72,64.2,1.69,,0.168,0.472,0.125,500,0.65,Violet
Topaz,3.06,Fair,VS1,62.32,58.61,5.06,7.95,4.51,69.11,1.63,2.33,0.32,0.324,0.336,450,0.51,LightYellow
Topaz,3.93,Premium,VVS1,57.22,59.12,7.51,4.46,4.67,78.3,4.83,-4.71,0.176,0.554,0.484,600,0.57,Blue
Topaz,2.63,Ideal,VVS1,64.11,67.69,4.19,3.95,4.28,66.97,4.97,,0.117,0.345,0.398,650,0.44,White
Amethyst,2.65,Premium,SI2,61.52,64.49,,3.01,5.14,72.63,3.49,-1.11,,0.134,0.492,650,0.65,Blue
Amethyst,3.68,Very Good,VS1,63.62,53.44,4.56,3.51,3.66,71.12,4.47,-2.35,0.22,0.301,0.361,500,0.33,Violet
Amethyst,2.59,Good,SI2,58.86,68.79,4.72,7.4,2.64,62.91,2.74,-2.9,0.388,0.46,0.127,700,0.56,Blue
Emerald,3.12,Fair,VVS2,64.84,65.46,6.32,9.2,2.14,69.5,1.02,-0.87,0.254,0.166,0.523,550,0.44,White
Emerald,4.51,Ideal,IF,61.79,50.68,8.45,9.84,4.57,,3.33,1.52,0.537,0.364,0.359,450,0.56,Red
Emerald,2.13,Ideal,VS2,58.57,60.05,3.84,6.38,4.24,66.18,1.66,2.94,0.48,0.515,0.461,600,0.58,FaintYellow
Diamond,2.05,Ideal,VVS2,57.13,63.06,7.67,3.98,3.06,62.02,3.31,-4.81,0.276,0.12,,550,0.55,White
Topaz,0.22,Good,IF,63.67,51.22,3.7,3,3,64.33,4.57,4.41,0.256,0.258,0.598,500,0.67,White
Emerald,3.14,Very Good,IF,58.18,57.06,3.66,9.89,4.62,67.44,4,,0.193,0.571,0.295,450,,Blue
Emerald,0.34,Very Good,VVS1,55.44,62.97,3.29,8.72,2.48,72.49,2.03,4.59,0.279,0.6,0.549,700,0.54,White
Amethyst,2.62,Premium,VS1,57.79,66.32,6.81,6.67,2.61,62.76,4.24,-2.43,0.336,0.407,0.189,600,0.36,Green
Topaz,4.06,Premium,SI1,56.79,69.54,6.05,4.72,3.12,71.9,3.85,,0.473,0.349,0.441,700,0.42,White
Ruby,2.84,Very Good,VVS1,58.2,52.43,5.15,6.62,5.98,64.85,4.74,3.75,0.581,0.329,0.342,450,0.31,Green
Amethyst,1.49,Ideal,SI2,61.13,62.65,6.69,8.87,5.17,61.32,3.48,-4.81,0.231,0.442,0.589,700,0.46,White
Ruby,3.97,Good,SI1,60,67.86,6.51,,4.51,78.36,4.92,-0.84,0.498,0.452,0.437,600,0.35,Green
Emerald,1.49,Very Good,VS1,62.11,64.34,6.32,9.97,3.66,,3.11,-0.7,0.26,,0.208,600,0.61,Violet
Diamond,3.72,Good,VVS1,58.34,62.65,4.21,3.75,3.88,76.84,3.1,-2.74,0.302,0.152,0.277,700,0.44,LightYellow
Sapphire,3.13,Fair,VS2,56.2,54.29,9.28,9.88,2.77,74.39,1.08,-2.68,0.374,0.149,0.36,400,0.58,FaintYellow
Emerald,,Ideal,VVS1,56.6,66.31,7.34,7.09,5.78,65.81,4.75,1.67,0.327,0.149,0.536,600,0.65,Blue
Sapphire,4.54,Fair,VS2,62.97,61.25,3.89,6.98,2.82,74.36,2.72,-1.81,0.255,0.423,0.353,600,0.54,Blue
Diamond,1.16,Very Good,SI1,55.98,52.23,4.79,5.51,5.42,65.26,4.47,-3.96,0.114,0.563,0.14,,0.39,Blue
Sapphire,4.95,Premium,VVS2,62.98,68.71,,3.29,3.08,75.88,2.54,-1.62,0.5,0.573,0.171,600,0.35,Red
Topaz,0.24,Very Good,VVS2,57.13,69.77,8.43,8.32,5.4,62.01,4.71,0,0.341,0.388,0.328,400,0.47,Green
Amethyst,1.46,Fair,SI1,61.78,,8.08,4.93,3.37,60.64,4.8,-4.59,0.194,0.485,0.166,550,0.31,Green
Topaz,1.16,Good,SI1,61.23,65.53,8.53,5.45,6.42,62.76,1.08,4.91,0.412,0.196,0.309,650,,Green
Amethyst,0.27,Very Good,VVS1,55.98,61.67,7.19,6.74,6.14,74.38,3.84,2.08,0.487,0.531,0.253,650,0.31,FaintYellow
Diamond,3.72,Premium,VVS2,61.66,58.44,5.02,3.4,5.94,79.35,1.13,-3.87,0.444,0.174,0.113,600,0.54,Red
Amethyst,3.53,Fair,IF,59.48,58.18,5.5,3.08,2.82,73.06,1.39,-4.57,0.38,0.144,0.588,450,0.58,Green
Topaz,4,Very Good,VS2,62.07,69.29,6.57,3.73,2.38,77.54,1.16,4.91,0.195,0.259,0.477,600,0.59,LightYellow
Diamond,,Fair,SI1,63.35,57.38,4.72,8.15,6.34,60.53,1.12,1.26,0.232,0.405,0.402,400,0.53,LightYellow
Emerald,2.33,Fair,SI2,55.39,59.81,8.97,4.33,3.96,68.21,2.65,1,0.151,0.105,0.246,550,0.47,Blue
Diamond,3.36,Ideal,VS1,61.48,54.97,8.23,6.6,5.94,71.51,2.81,-2.78,0.211,0.542,0.179,700,0.44,LightYellow
Emerald,2.31,Good,VS2,56.05,55.07,9.86,4.3,4.19,68.11,2.88,3.75,0.194,0.186,0.299,550,0.41,White
Diamond,3.55,Ideal,VVS1,58.79,57.12,5.91,4.99,4.92,74.29,1.62,-4.3,0.558,0.338,0.106,500,0.64,Violet
Topaz,3.24,Fair,VVS2,55.13,68.5,9.1,3.27,5.4,64.43,2.07,2.66,0.156,0.267,0.372,650,0.55,
Amethyst,0.75,Premium,VVS2,58.29,57.93,8.45,5.57,4.41,65.25,4.01,-3.67,0.572,0.322,0.102,550,0.48,Blue
Ruby,3.95,Premium,IF,56.69,61.05,8.82,3.95,6.22,70.14,2.4,3.03,0.171,0.364,0.247,450,0.49,FaintYellow
Diamond,3.66,Ideal,VVS2,60.56,60.92,7.82,,2.22,73.29,2.04,-2.85,0.391,0.262,0.184,400,0.38,LightYellow
Topaz,3.35,Premium,VVS1,60.12,61.66,5.44,8.85,5.76,62.61,2.35,4.75,0.195,0.494,0.543,400,0.32,Violet
Topaz,,Fair,VVS1,62.93,66.4,4.71,9.15,5.1,66.01,4.58,-2.97,0.429,0.372,0.531,550,0.43,Red
Diamond,1.49,Very Good,,61.4,68.02,4.91,9.53,3.49,65.62,4.56,1.01,0.515,0.562,0.489,550,0.31,White
Topaz,2.09,Fair,VS2,62.15,54.17,6.97,3.87,4.12,69.69,2.75,3.68,0.146,0.16,0.463,700,0.35,FaintYellow
Ruby,1.54,Very Good,SI2,55.92,67.21,9.16,6.62,4.12,79.29,4.43,-0.67,0.575,0.262,0.493,450,0.36,Red
Emerald,1.29,Premium,VS2,55.28,60.95,6.14,3.8,2.19,67.82,2.47,-0.28,0.177,0.396,0.155,550,0.59,FaintYellow
Ruby,4.07,Good,VS2,64.7,68.49,7.19,5.15,4.41,77.18,1.31,4.47,0.33,0.455,0.472,450,0.36,White
Sapphire,3.26,Good,SI2,59.27,68.32,8.14,4.62,2.3,68.01,2.81,-4.28,0.568,0.453,0.524,450,0.4,Blue
,2.91,Fair,VS1,58.95,57.79,8.99,3.09,4.32,66.47,4.62,0.12,0.541,0.374,0.228,400,0.38,Green
Emerald,1.28,Fair,VS1,55.35,63.04,7.54,9.52,2.97,61.83,1.27,-0.99,0.153,0.345,0.398,500,0.35,FaintYellow
Ruby,4.61,Premium,VS1,56.19,67.43,7.41,8.47,5.75,74.2,1.99,-0.04,0.41,0.286,0.379,650,0.64,Blue
Topaz,1.12,Good,IF,64.4,57.69,9.91,6.63,2.31,65.77,1.2,-2.06,0.499,0.56,0.221,600,0.37,LightYellow
Amethyst,4.02,Good,VS1,61.95,50.88,9.04,5.41,,74.02,4.04,-4.28,0.474,0.453,0.12,450,0.54,Red
Emerald,4.84,Fair,VVS2,59.09,57.2,8.13,5.88,3.84,67.31,4.24,-2.5,0.223,0.397,0.551,500,0.32,Blue
Amethyst,3.69,Good,SI1,64.04,57.31,8.82,4.44,4.71,60.32,4.57,-4.79,0.271,0.557,0.385,700,0.54,LightYellow
Topaz,4.97,Fair,IF,60.9,66.13,10,9.78,6.44,63.16,1.32,-3.77,0.225,0.477,0.327,700,0.48,Blue
Diamond,3.33,Ideal,SI2,62.46,56.19,6.54,5,2.58,75.55,3.61,-2.55,0.426,0.513,0.532,700,0.58,FaintYellow
Diamond,1.24,Good,VVS2,59.32,67.88,7.94,3.52,3.68,64.33,3.11,-2.05,0.346,0.569,0.46,700,0.47,Violet
Ruby,1.18,Very Good,SI2,59.32,60.97,8.69,6.95,5.06,64.6,2.03,-1.24,0.564,0.395,0.187,550,0.51,FaintYellow
Diamond,1.76,,VS2,55.68,61.72,6.11,8.24,3.68,66.67,,4,0.25,0.164,0.349,500,0.61,White
Sapphire,0.23,Fair,VVS1,62.34,66.14,9.68,9.8,3.08,63.69,1.07,0.66,0.478,0.465,0.42,400,0.55,LightYellow
Amethyst,3.47,Good,VS2,55.99,52.69,5.68,7.35,5.67,70.77,1.5,3.94,0.153,0.59,0.454,700,0.48,Blue
Sapphire,1.49,Good,VS1,62.64,50.36,4.7,4.29,2.84,70.28,4.65,-4.36,0.262,0.399,0.404,500,0.64,Violet
Diamond,4.11,Fair,VVS1,56.91,51.13,7.74,5.74,3.51,72.63,3.55,-1.67,0.352,0.54,0.34,600,,Green
Ruby,1.92,Very Good,VS2,57.47,50.61,3.57,5.22,3.08,79.34,1.43,-1.14,0.22,0.302,0.103,700,0.67,
Sapphire,2.5,Good,IF,64.18,64,3.89,3.14,6.32,62.39,3.63,-4.4,0.487,0.119,0.275,550,0.41,Blue
Emerald,4.84,Ideal,VS1,59.72,54.9,9.79,5.75,5.76,67.69,2.03,4.23,0.473,0.474,0.396,700,0.38,Red
Diamond,1.36,Premium,VS2,56.25,67.15,4.97,8.6,4.07,69.99,2.35,-2.12,0.53,0.121,0.329,600,0.45,Blue
Amethyst,3.66,Fair,VVS1,64.05,67.66,3.23,5.84,5.78,78.08,1.44,2.82,0.381,0.574,0.108,550,0.69,Violet
Emerald,3.82,Good,VVS2,,57.12,6.32,8.96,5.07,72.65,3.91,-0.32,0.321,0.366,0.113,550,0.43,Violet
Amethyst,1.26,Premium,VS2,56.31,53.9,9.07,8.2,,68.44,2.16,-0.51,0.167,0.571,0.573,650,0.67,Violet
Sapphire,2.6,Fair,IF,58.91,59.98,5.33,8.04,2.94,61.03,1.62,3.48,0.477,0.21,0.215,600,0.54,FaintYellow
Ruby,1.88,Fair,VVS1,60.89,66.32,5.94,5.67,3.62,75.16,4.91,-1.66,0.392,0.498,0.479,500,0.37,Blue
Sapphire,3.91,Fair,VS2,58.62,63.7,4.1,3.37,4.33,71.15,1.68,-4.59,0.115,0.272,0.407,700,0.61,Red
Emerald,3.19,Very Good,VVS2,64.24,50.51,5.42,9.18,2.9,73.53,3.5,0.17,0.174,0.216,0.461,400,0.3,FaintYellow
Emerald,2.48,Ideal,VS1,57.7,50.14,9.76,7.47,3.23,66.35,1.52,-2.62,0.215,0.12,0.114,600,0.58,Blue
Emerald,3.94,Fair,VS1,56.76,52.28,9.14,3.63,4.91,65.14,4.83,-1.55,0.489,0.163,0.187,400,0.63,LightYellow
Sapphire,1.33,Very Good,SI2,57.21,56.74,8.18,3.57,5.26,72.68,2.83,,0.575,0.298,0.415,650,0.54,Blue
Ruby,3.82,Fair,VS1,55.84,60.74,8.5,7.3,,68.47,3.42,3.9,0.52,0.32,0.145,550,0.59,Green
Emerald,4.35,Fair,SI1,59.52,66.35,7.69,5.96,6.36,67.02,1.22,3.69,0.48,0.314,0.482,500,0.6,FaintYellow
Emerald,4.42,Very Good,VVS1,63.78,52.86,3.83,4.34,3.37,64.24,4.78,4.34,0.264,0.212,0.591,500,0.38,Violet
Diamond,3.96,Ideal,SI2,58.05,53.05,3.82,4.68,6.1,68.13,3.65,0.76,0.309,0.5,0.355,500,0.46,LightYellow
Diamond,2.16,Premium,SI2,57.58,67.27,6.76,5.7,3.23,78.68,1.57,,0.528,0.44,0.29,550,0.46,FaintYellow
Amethyst,4.91,Good,SI2,63.37,68.48,7.17,8.25,5.31,62.19,3.11,-0.09,0.352,0.136,0.131,400,0.42,LightYellow
Sapphire,2.02,Fair,SI1,58.06,61.03,9.8,4.38,6.49,63.25,4.34,2.35,0.518,0.311,0.202,500,0.43,Red
Topaz,3.27,Ideal,SI2,59.77,65.7,6.16,7.92,5.75,72.11,4,4.23,0.406,0.304,0.595,500,0.58,White
Topaz,,Good,VVS2,55.31,56.85,9.42,4.25,4.14,64.81,4.67,-4.75,0.33,0.541,0.215,700,0.42,Violet
Ruby,4.91,Fair,VVS2,57.87,68.93,9.93,8.35,2.56,77.43,4.79,-2.27,0.286,0.473,0.145,550,0.62,Blue
Diamond,3.58,Good,VS2,56.31,68.1,8.91,9.3,6.35,77.01,1.13,-4.48,0.106,0.574,0.56,700,0.67,FaintYellow
Ruby,3.82,Very Good,VS1,56.06,66.99,5.79,6.1,5.24,68.4,3.56,-1.6,0.595,0.393,0.407,500,0.65,White
Topaz,0.52,Ideal,VVS1,59.31,50.26,8.27,7.49,5.77,73.61,1.23,3.48,0.538,0.448,0.143,700,0.64,Green
Sapphire,3.86,Ideal,SI1,57.77,60.47,6.82,4.86,4.58,75.52,1.02,-0.17,0.109,0.409,0.362,500,0.54,Green
Topaz,3.92,Premium,SI1,56.66,50.53,4.39,9.49,4.15,66.61,1.32,3.91,0.241,0.193,0.421,700,0.44,LightYellow
Topaz,3.42,Premium,VS1,60.11,63.55,3.91,5.98,2.35,66.37,4.97,3.6,0.252,0.125,0.349,550,0.58,Green
Topaz,1.6,Good,SI1,62.84,53.67,3.49,6.48,2.28,60.05,1.01,-3.58,0.267,0.169,0.442,500,0.33,FaintYellow
,2.55,Very Good,VS1,62.35,62.79,5.29,4.83,4.62,64.7,3.64,-2.16,0.246,0.412,0.236,450,0.5,Blue
Amethyst,0.73,Good,VS2,57.51,51.96,7.82,4.36,2.85,73.63,3.45,0.55,0.561,0.16,0.115,400,0.59,Violet
Amethyst,2.46,Fair,VS2,57.63,65.13,9.4,4.59,5.04,68.86,4.16,-1.34,0.445,0.263,0.58,700,0.52,Green
Emerald,1.37,Ideal,VS2,62.32,64.53,5.24,6.33,6.31,72.61,3.69,1.19,0.398,0.207,0.429,500,0.39,Red
Sapphire,1.88,Good,IF,60.57,50.09,6.72,3.96,3.6,,4.76,0.97,0.316,0.407,0.186,650,0.38,FaintYellow
Amethyst,0.98,Good,IF,62.42,,6.28,5.72,5.32,72.19,4.42,-4.68,0.447,0.4,0.106,400,0.31,Blue
Diamond,1.3,Ideal,SI1,55.01,53.28,3.76,5.67,6.1,64.89,2.13,-1.02,0.41,0.284,0.21,700,0.66,White
Ruby,0.57,Ideal,VVS1,55.87,52.19,8.32,6.03,5.8,74.12,4.51,-0.51,0.188,0.175,0.312,450,0.41,Green
Emerald,4.62,Premium,VVS1,63.02,60,6.64,,2.38,63.13,2.12,3.9,,0.542,0.586,500,0.43,FaintYellow
Emerald,2.75,Premium,VS2,63.51,61.8,9.42,4.92,5.05,65.79,3.64,2.11,0.583,0.283,0.461,450,0.35,Red
Emerald,2.1,Ideal,VVS2,58.43,52.06,8.85,5.57,3.36,64.13,1.98,-2.67,0.593,0.294,0.242,400,0.44,Blue
Ruby,2.77,Good,VVS1,64.58,56.09,4.95,,6.06,60.51,4.75,0.85,0.122,0.224,0.516,550,0.45,White
Diamond,3.22,Fair,SI1,58.02,58.16,5.19,3.26,2.77,78.24,3.82,-0.84,0.254,0.457,0.447,650,0.62,LightYellow
Emerald,4.63,Good,SI2,63.9,68.87,6.76,3.61,3,61.51,2.92,4,0.593,0.142,0.358,400,0.46,FaintYellow
Sapphire,1.06,Fair,IF,59.22,55.03,3.88,9.5,4.21,68.31,4.21,-4.65,0.108,0.45,0.134,600,0.65,FaintYellow
Ruby,1.62,Ideal,SI2,60.62,55.21,4.76,4.9,3.49,67.08,1.11,4.97,0.577,0.517,0.399,550,0.52,White
Ruby,4.88,Fair,SI2,61.43,63.19,8.75,5.13,3.62,63.65,3.54,-3.65,0.441,0.15,0.16,700,0.68,White
Topaz,1.98,Premium,SI1,56.33,64.54,4.07,5.41,3.91,68.89,1.12,1.31,0.414,,0.522,500,0.7,Violet
Amethyst,0.31,Ideal,SI1,55.37,50.22,6.82,3.72,2.65,70.08,1.91,-2.03,0.512,0.136,0.182,700,0.37,White
Diamond,0.91,Very Good,IF,59.27,52.68,5.76,8.38,2.43,65.33,2.25,0.09,0.599,0.595,0.235,600,0.39,FaintYellow
Diamond,0.33,Fair,VS1,56.6,57.15,4.41,4.14,2.87,70.52,4,-1.96,0.28,0.349,0.261,450,0.63,Violet
Topaz,4.95,Fair,SI2,60.49,62.64,9.79,7.91,4.4,72.84,4.67,-0.64,0.541,0.421,0.487,450,0.56,Green
Amethyst,1.54,Very Good,VS2,59.54,52.68,8.78,4.63,3.81,70.41,2.48,-2.69,0.348,0.204,0.319,650,0.55,LightYellow
Amethyst,4.63,Very Good,SI2,56.22,57.14,4.87,7.77,4.99,77.96,3.47,-4.17,0.465,0.311,0.526,600,0.69,LightYellow
Sapphire,4.98,Ideal,SI1,61.66,51.6,8.5,9.8,5.12,62.74,4.11,1.23,0.512,0.472,0.281,500,0.63,FaintYellow
Sapphire,3.08,Good,VVS2,55.2,61.42,3.04,,4.84,76.78,4.38,3.76,0.242,,0.229,500,0.46,Violet
Emerald,0.36,Very Good,VS2,56.26,58.53,4.94,5.23,3.02,62.91,4.85,0.61,0.19,0.398,0.547,600,0.53,LightYellow
Amethyst,0.59,Fair,SI2,62,65.76,3.76,5.65,4.8,68.6,,-0.35,0.103,0.403,0.513,700,0.48,Red
Amethyst,2.51,Very Good,IF,60.28,61.48,5.97,5.69,4.53,63.06,1.13,-4.73,0.256,0.59,0.459,400,0.56,Blue
Sapphire,2.15,Ideal,VVS2,57.82,63.18,7.47,3.88,4.87,72.09,1.41,-0.09,0.279,0.58,0.179,650,0.47,White
Emerald,3.11,Ideal,VVS1,56.8,63.42,4.2,8.73,3.12,66.91,4.34,2.36,0.3,0.496,0.218,,0.47,FaintYellow
Emerald,2.31,Fair,VS1,61.42,,4.67,5.65,6.45,69.04,2.12,-3.42,0.548,0.558,0.575,550,0.58,Red
Diamond,4.68,Fair,SI1,57.06,50.32,5.75,8.03,6.44,63.28,1.33,2.64,0.178,0.486,0.29,550,0.32,White
Emerald,2.77,Fair,IF,64.85,66.64,7.42,4.89,5.95,69.47,4.83,-0.16,0.492,0.209,0.432,600,0.42,Violet
Sapphire,3.53,Good,VS1,63.69,68.33,5.18,5.49,3.07,74.73,2.52,2.63,0.144,0.108,0.256,400,,LightYellow
Diamond,4.5,Fair,SI1,56.32,60.68,7.21,9.21,,78.69,2.47,-3.51,0.235,0.524,,650,0.57,White
Sapphire,0.9,Ideal,SI2,63.59,52.24,5.44,5.97,2.56,65.68,1.46,-2.98,0.246,0.249,0.257,550,0.34,Blue
Topaz,1.3,Ideal,SI2,,63.09,4.81,5.47,6.13,68.68,4.3,-0.54,0.231,0.548,,500,0.4,Violet
Emerald,0.72,Very Good,SI1,59.9,57.27,8.99,5.2,3.01,75.66,2.81,-0.23,0.588,0.27,0.58,700,0.44,Green
Amethyst,0.87,Fair,VS2,56.43,51.47,5.68,9.25,3.98,71.16,2.21,4.94,0.517,0.548,0.536,700,0.62,Blue
Ruby,2.66,Good,VVS2,56.19,67.08,9.43,5.96,4.9,74.8,4.31,4.86,0.176,0.508,0.469,550,0.45,White
Ruby,1.74,Premium,VS2,63.65,64.23,5.14,9.14,3.65,75.7,4.42,-0.43,0.573,0.122,0.382,500,0.64,Green
Topaz,2.23,Very Good,VS1,61.3,66.1,6.8,5.1,3.07,74.67,3.86,-2.6,,0.261,0.564,550,0.63,Violet
Diamond,4.92,Good,SI2,59.6,65.92,3.38,,5.57,79.04,2.7,1.93,0.388,0.171,0.492,600,0.57,Red
Emerald,0.95,Fair,IF,55.36,57.15,7.76,6.52,5.66,74.63,,-3.06,0.133,0.452,0.53,550,0.44,LightYellow
Diamond,2.8,Good,VS1,64.22,59.64,8.57,4.15,4.15,62.38,3.06,-2.24,0.444,0.191,0.475,550,0.69,White
Ruby,0.67,Premium,IF,58.76,54.67,9.8,5.97,3.35,76.02,3.23,0.39,0.108,0.378,0.557,650,0.37,Red
Topaz,1.73,Good,SI2,59.17,65.1,8.86,7.77,5.19,61.78,3.27,4.45,0.414,0.16,0.398,400,0.4,LightYellow
Sapphire,2.73,Premium,SI2,57.9,60.48,5.19,9.21,6.05,67.94,3.99,-4.71,0.395,0.393,0.387,600,0.62,Violet
Ruby,4.74,Premium,VS1,63.91,63,6.9,3.89,5.62,67.02,1.24,1.74,0.415,0.4,0.369,400,0.57,White
Ruby,2.08,Premium,VS2,58.45,57.13,7.14,6.91,4.53,63.13,3.59,3.65,0.129,0.385,0.49,450,0.58,White
Sapphire,0.51,Good,SI2,56.74,63.58,3.4,6.73,2.27,62.15,4.47,2.34,0.585,,0.145,600,0.32,Blue
Emerald,2.06,Fair,VS1,60.01,63.42,3.51,5.3,6.14,65.79,1.53,-0.18,0.375,0.108,0.504,700,0.64,Green
Emerald,0.9,Ideal,VVS1,62.81,65.4,5.28,5.86,6.09,73.73,3.22,3.57,0.45,0.336,0.274,550,0.37,Violet
Amethyst,1.3,Ideal,SI2,58.71,53.11,8.21,5.13,3.15,64.12,3.75,2.82,0.36,0.1,0.532,450,0.46,Violet
Topaz,3.17,Good,VS2,61.52,62.47,5,5.12,5.09,79.4,4.84,2.34,0.481,0.117,0.349,650,0.67,White
Ruby,0.52,Fair,VS1,58.04,67.59,9.12,6.73,3.68,60.1,1.38,-3.94,0.196,0.432,0.364,500,0.31,Violet
Topaz,2.43,Ideal,VS1,62.2,51.88,7.51,3.42,2.99,71.38,3.91,2.05,0.43,0.537,0.504,600,0.44,Red
Sapphire,3.13,Premium,VVS2,61.69,69.21,6.28,6.37,,71.18,3.33,-3.44,0.417,0.509,0.351,600,0.39,FaintYellow
Diamond,2.22,Good,SI2,61.81,54.16,6.78,5.27,3.64,65.49,2.37,3.98,0.431,0.28,0.264,650,0.65,Blue
Diamond,0.29,Good,VS2,61.46,68.73,5.32,6.25,2.95,71.91,1.2,1.48,0.428,0.29,0.141,550,0.52,Red
Sapphire,4.93,Very Good,VVS2,56.56,67.36,9.82,9.82,2.11,71.22,2.32,3.78,0.117,0.289,0.569,700,,Violet
Ruby,1.96,Very Good,VS2,63.88,65.4,4.23,8.19,4.37,73.76,4.3,-3.29,0.406,0.295,0.468,600,0.67,White
Topaz,3.94,Very Good,IF,60.86,54.19,9.02,9.03,3.05,77.46,3.54,0.79,0.524,0.28,0.412,650,0.67,White
Sapphire,1.76,Fair,VS2,58.82,54.33,7.75,,4.65,62.01,1.91,-4.86,0.387,0.214,0.473,550,0.38,Green
Emerald,2.48,Good,VS2,56.72,55.19,7.98,7.94,3.88,76.71,4.97,-4.07,0.564,0.541,0.462,550,0.4,White
Ruby,2.06,Very Good,VS1,62.84,66.21,8.85,6.24,3.54,60.41,3.98,-1.53,0.116,0.479,0.137,650,0.44,LightYellow
Sapphire,1.84,Good,VVS1,60.09,53.75,3.95,7.18,3.69,61.23,1.76,-2.17,0.342,0.236,0.156,600,0.7,Red
Sapphire,0.3,Premium,SI1,56.47,61.62,7.87,6.07,4.58,78.15,4.12,3.01,0.262,0.362,0.378,600,0.6,White
Diamond,1.93,Very Good,VS2,64.21,65.55,8.43,3.92,5.75,74.11,4.32,0.44,0.222,0.184,0.47,700,0.52,Violet
Sapphire,4.47,Good,VVS2,56.06,59.21,9.89,9.63,5.01,72.85,4.48,4.05,0.263,0.437,0.25,500,0.56,Red
Emerald,3.51,Fair,VVS1,60.24,66.81,8.23,7.94,2.5,70.36,3.96,4.52,0.121,0.196,0.563,650,0.32,White
Amethyst,0.9,Fair,VS2,61.11,61.24,9.66,7.2,4.55,75.6,1.32,3.71,0.144,0.501,0.187,550,0.48,White
Amethyst,3.04,Fair,VVS1,64.99,61.9,8.95,6.93,5.46,74.58,4.25,-2.15,0.453,0.484,0.492,400,0.62,LightYellow
Amethyst,4.48,Very Good,IF,56.41,63.54,9.13,8.06,3.4,,4.71,1.11,0.141,0.505,0.171,500,0.33,
Amethyst,3.56,Fair,VVS1,61.14,66.92,9.42,6.73,,69.91,3,2.62,0.548,0.403,0.214,500,0.54,FaintYellow
Sapphire,0.91,Ideal,IF,59.77,50.09,6.72,4.51,2,69.65,4.04,0.31,0.442,0.132,0.31,400,0.66,Blue
Topaz,4.37,Premium,VVS1,57.57,57.85,7.98,3.05,6.23,68.68,3.02,-1.66,0.422,0.294,0.343,600,0.36,LightYellow
Amethyst,1.65,Good,VVS1,64.42,69.26,3.87,5.68,3.2,73.64,3.56,-3.18,0.393,0.153,0.241,600,0.47,Violet
Emerald,2.38,Ideal,VVS2,,51.97,5.5,6.95,6.08,76.22,3.59,4.64,0.557,0.308,0.197,550,0.4,Red
Topaz,2.73,Very Good,SI1,62.77,54.67,9.16,5.6,2.97,79.11,2.81,-2.94,0.278,0.546,0.585,600,0.47,Red
Sapphire,4.28,Good,VVS2,63.99,61.42,9.84,6.73,6.03,68.26,2.42,3.12,0.223,0.266,0.535,400,0.59,Blue
Sapphire,4.67,Good,VS1,62.25,67.16,3.78,7.65,4.5,73.97,2.74,-3.67,0.431,0.307,,500,0.63,Blue
Sapphire,4.66,Fair,VVS1,60.07,51.94,7.1,8.67,2.82,71.26,3.32,4.88,0.343,0.478,0.479,650,0.44,Blue
Emerald,0.24,Good,IF,58.92,50.08,8.14,5.09,3.44,63.62,3.11,-1.63,0.551,0.218,0.308,500,0.4,LightYellow
Ruby,4.63,Good,SI2,62.04,63.74,6.61,7.43,5.73,66.11,3.57,2.79,0.132,0.514,0.462,450,0.33,FaintYellow
Ruby,0.46,Premium,VVS1,61.03,61.95,4.63,9.24,6.29,76.98,1.19,-3.48,0.42,0.586,0.237,700,0.62,White
Sapphire,1.48,Very Good,SI2,60.43,55.42,3.29,4.07,5.94,,2.84,2.17,0.523,0.581,0.179,650,0.37,Red
Ruby,2.67,Ideal,VS2,60.89,69.15,9.66,7.83,5.92,77.03,1.28,1.9,0.216,0.12,0.467,700,,Green
Sapphire,2.5,Fair,IF,61.55,61.18,4.66,9.4,2.02,60.85,4.02,-1.2,0.511,0.338,0.533,600,0.63,Green
Diamond,3.1,Premium,VS2,64.69,63.27,5.09,7.7,4.02,79.8,2.07,-4.6,0.386,0.214,0.213,400,0.48,FaintYellow
Diamond,2.5,Ideal,,62.53,57.58,7.5,3.65,5.77,71.14,2.38,-0.88,0.562,0.106,0.482,600,0.51,LightYellow
Amethyst,4.69,Ideal,VS2,56.76,68.43,6,4.98,2.16,70.12,3.62,0.6,0.326,0.313,0.406,600,0.69,Blue
Ruby,1.35,Premium,VS1,59.67,55.52,5.96,4.33,5.12,74.69,2.39,-4.45,0.231,0.442,0.561,700,0.39,Red
Diamond,1.52,Fair,VS1,61.78,64.98,3.58,9.39,4.25,62.63,3.92,-2.31,0.472,0.113,0.587,550,0.55,LightYellow
Emerald,4.62,Very Good,VS1,56.76,52.33,9.94,9.94,5.56,64.57,4.45,4.79,0.267,0.384,0.424,450,0.64,Violet
Topaz,0.57,Premium,VS2,64.33,60.76,4.99,6.03,3.17,78.84,3.55,4.2,0.21,0.135,0.425,600,0.53,Blue
Sapphire,3.13,Premium,VS1,55.77,61.56,3.77,9.27,5.97,64.14,1.63,3.18,0.456,0.418,0.509,450,0.49,FaintYellow
Diamond,3.47,Premium,VS1,61.11,53.77,7.77,3.95,3.34,66.73,2.8,-3.5,0.513,0.345,0.571,400,0.57,White
Topaz,2.63,Fair,VVS2,64.76,56.48,8.27,3.02,6.28,64.92,3.93,-0.94,0.573,0.436,0.194,400,0.69,FaintYellow
Diamond,3.53,Premium,SI2,62.28,53.57,3.18,6.98,4.88,69.67,2.09,-2.93,0.25,0.154,0.254,500,0.45,Red
Sapphire,1.03,Premium,SI1,61.77,66.9,4.88,9.91,2.89,76.08,4.79,-2.85,0.335,0.44,0.283,400,0.68,Violet
Ruby,4.29,Good,VVS1,64.97,63.14,4.36,6.94,5.49,76.75,4.77,3.8,0.192,0.226,0.142,500,0.63,Blue
Emerald,0.87,Good,VS1,62.92,58.93,8.52,9.86,4.41,66.5,2.35,-0.88,0.57,0.101,0.219,600,0.49,Blue
Amethyst,2.12,Good,IF,64.7,61.12,4.29,6.16,3.84,61.48,3.46,3.49,0.511,0.541,0.23,400,0.54,LightYellow
Topaz,0.56,Good,IF,61.99,56.88,4.65,5.67,4.12,62.25,2.55,-1.33,0.383,0.285,0.465,400,0.41,Violet
Ruby,2.82,Premium,VVS2,61.65,58.57,9.91,9.51,3.8,76.33,3.9,-4.46,0.558,0.56,0.237,400,0.5,LightYellow
Ruby,3.41,Good,VS2,62.63,62.39,7.91,3.34,5.18,68.58,4.17,-3.66,0.51,0.362,0.338,550,0.64,Red
Topaz,,,VS2,56.89,54.23,5.71,5.29,3.16,76.42,1.67,-4.55,0.115,0.172,0.589,400,0.48,Violet
Diamond,3.75,Very Good,VS2,63.06,52.68,8.28,6.1,4.3,60.28,3.08,-2.21,,0.468,0.426,700,0.62,Violet
Emerald,2.8,Good,VS1,64.7,68.89,6.27,3.61,5.4,60.7,2.38,0.19,0.161,0.582,0.25,700,0.37,Green
Diamond,4.68,Fair,SI1,61.12,54.74,4.49,6.62,2.65,66.31,4.7,-2.8,0.266,0.449,0.421,450,0.36,FaintYellow
Ruby,2.5,Very Good,SI2,55.12,59.9,6.42,5.63,3.31,64.08,1.79,0.78,0.159,0.542,0.22,500,0.31,White
Amethyst,2.89,Ideal,SI1,55.72,65.23,8.4,6.06,2.96,72.9,4.79,-2.06,0.132,0.172,0.2,700,0.32,Red
Sapphire,3.06,Very Good,VS2,57.35,61.12,4.25,7.8,4.57,71.71,2.68,-0.13,0.403,0.17,0.295,600,0.39,Red
Diamond,2.17,Very Good,VS2,59.91,62.7,6.4,3.49,3.85,77.89,4.49,-1.86,0.576,0.124,0.172,550,0.67,FaintYellow
Amethyst,4.22,Ideal,VVS1,59.14,53.27,3.84,9.73,3.46,75.77,2.86,0.99,0.136,0.329,0.302,400,0.69,FaintYellow
Topaz,1.09,Good,SI1,64.79,57.9,8.9,6.66,3.61,62.02,3.46,1.36,0.475,0.22,0.53,500,0.33,White
Diamond,2.86,Ideal,VS1,64.46,63.8,8.73,8.87,4.11,77.74,4.95,3.59,0.24,0.503,0.329,650,0.56,Blue
Ruby,3.67,Fair,VS1,58.93,54.2,,5.23,3.88,62.4,3.93,3.25,0.145,0.17,0.192,550,0.48,LightYellow
Emerald,4.54,Ideal,SI2,62.94,59.67,9.44,5.19,5.18,63.93,1.78,0.5,0.561,0.592,0.234,700,0.59,Blue
Sapphire,4.44,Premium,IF,61.36,61.78,5.8,9.33,5.12,70.11,2.05,-1.02,0.127,0.427,0.316,650,0.3,LightYellow
Ruby,2.64,Premium,IF,57.43,65.79,3.92,3.82,2.12,62.23,2.85,-2.89,0.153,0.254,0.355,600,0.69,LightYellow
Emerald,3.29,Very Good,VVS1,64.31,54.33,9.83,3.73,5.19,64.54,3.34,1.18,0.213,0.579,0.434,700,0.52,White
Amethyst,2.09,Good,VVS2,57.6,69.56,6.59,7.88,3,68.95,1.24,0.46,0.565,0.475,0.529,650,0.69,Blue
Topaz,2.45,Good,VS1,63.7,69.35,6.33,6.26,3.89,64.97,1.17,-4.62,0.252,0.144,0.206,650,0.64,Blue
Sapphire,4.55,Premium,SI2,61.38,50.25,3.45,8.02,3,78.93,2.83,-4.63,0.115,0.547,0.484,650,0.38,Red
Amethyst,4.67,Fair,IF,61.21,57.36,6.99,6.03,2.54,63.24,3.09,-3.5,0.194,0.422,0.428,,0.54,Blue
Ruby,4.5,Ideal,VS2,63.38,51.36,7.51,4.48,4.63,71.46,1.32,2.17,0.323,0.207,0.293,550,0.41,FaintYellow
Diamond,0.86,Ideal,VS1,59.94,56.34,6.31,8.01,6.28,69.96,2.9,3.59,0.541,0.11,0.187,500,0.46,Red
Emerald,4.28,Ideal,VS1,63.53,62.14,9.37,3.27,3.67,69.05,4.12,-4.74,0.23,0.5,0.478,400,0.6,Red
Amethyst,4.75,Fair,VS1,60.5,62.17,8.2,,5.05,64.68,3.2,3.18,,0.333,0.212,650,0.68,Green
Emerald,1.93,Fair,SI1,,51.93,3.27,6.21,4.04,63.81,2.91,-0.35,0.251,0.159,0.346,600,0.37,FaintYellow
Sapphire,2.69,Ideal,IF,61.6,63.54,6.8,3.55,2.82,66.07,1.29,-0.99,0.387,0.396,,550,0.46,Violet
Amethyst,3.94,Ideal,VVS1,58.74,66.93,9.96,4.69,6.14,71.85,4.92,0.45,0.144,0.502,0.458,500,0.44,White
Diamond,2.9,Fair,IF,62.63,62.62,4.4,4.82,4.02,71.62,3.16,4.37,0.35,0.427,0.4,500,0.56,White
Diamond,4.97,Ideal,VS2,,56.2,7.32,9.25,2.04,75.45,2.8,0.69,0.136,0.515,0.224,550,0.48,Green
Diamond,2.39,Fair,VS2,63.06,50.05,4.91,6.59,4.05,66.07,1.3,-3.95,0.59,0.425,0.475,500,0.63,
Topaz,3.63,Very Good,VVS2,63.33,62.97,5.6,7.7,2.03,74.19,3.95,-0.28,0.559,0.6,0.442,600,0.32,Blue
Amethyst,4,Premium,IF,61.17,63.56,3.24,3.38,5.57,77.64,2.1,4.78,0.423,0.3,0.399,550,0.68,Blue
Ruby,2.57,Premium,IF,63.72,64.17,7.82,3.72,3.66,77.16,1.32,-3.37,0.56,0.186,0.127,450,0.7,Green
Amethyst,4.31,Fair,VVS2,59.03,50.79,8.36,6.94,4.77,69.31,,-0.38,0.394,0.517,0.576,600,0.69,
Ruby,2.82,Ideal,VVS2,55.57,60.33,8.41,8.85,5.45,73.23,2.92,1.97,0.253,0.309,0.116,500,0.42,Violet
Topaz,2.18,Premium,VS1,61.63,58.27,9.79,3.37,2.12,76.63,1.23,-1.35,0.173,0.362,0.499,600,0.39,LightYellow
Diamond,0.72,Good,VS1,62.64,65.35,8.87,9.88,4.33,63.1,4.4,2.69,0.597,0.449,0.206,700,0.33,Blue
Diamond,2.09,Ideal,VS2,55.73,64.45,4.45,9.2,4.87,79.15,2.79,-2.88,0.222,0.148,0.101,450,0.63,White
Topaz,3.72,Fair,SI2,62.71,69.01,4.61,9.11,4.12,72.04,1.58,-4.06,0.533,0.183,0.118,400,0.66,Red
Ruby,4.62,Good,,61.39,67.95,8.38,3.06,3.38,65.65,2.35,-1.71,0.316,0.205,0.134,550,0.44,Violet
Diamond,1.41,Fair,SI2,56.16,61.16,8.44,5.84,4.08,70.48,1.11,3.69,0.262,0.227,0.543,550,0.37,Blue
Emerald,1.91,Ideal,SI2,60.4,69.61,3.86,8.57,3.77,74.73,4.92,2.14,0.224,0.393,0.475,700,0.61,FaintYellow
Diamond,0.94,Very Good,VVS1,56.09,53,3.05,8.31,4.75,76.42,4,4.83,0.531,0.493,0.348,450,0.45,Red
Topaz,3.52,Very Good,VS2,58.22,50.14,5.81,5.42,4.11,66.16,1.2,-1.7,0.521,0.466,0.555,450,0.58,Blue
Emerald,4.81,Very Good,SI1,63.04,52.16,7.86,9.14,2.59,66.84,1.96,0.02,0.536,0.168,0.372,650,0.47,White
Sapphire,3.28,Ideal,IF,56.01,57.1,9.07,7.45,2.38,76.36,2.91,-0.77,0.467,0.31,0.264,650,0.59,Red
Diamond,3.16,Ideal,SI2,59.59,65.11,4.16,9.96,2.73,76.79,3.87,-0.13,0.132,0.481,0.103,400,,Blue
Sapphire,2.86,Good,VVS1,61.06,57.66,8.71,5.34,2.3,73.75,3.54,-3.58,0.277,0.274,0.499,500,0.64,Red
Amethyst,0.62,Ideal,VS1,64.41,65.61,7.79,7.5,3.14,73.67,2.76,-3.03,0.507,0.228,0.583,500,0.57,Violet
,3.7,Ideal,VVS2,62.37,64.86,4.16,5.97,2.31,65.03,3.19,0.01,0.587,0.142,0.176,450,0.64,Blue
Sapphire,3.09,Good,VVS2,56.39,65.89,9.11,7.53,4.72,79.12,1.17,4.68,0.53,0.392,0.587,500,0.4,LightYellow
Emerald,3.38,Good,SI2,64.69,53.75,9.53,4.82,4,77,5,4.45,0.434,0.218,0.215,600,0.45,LightYellow
Topaz,4.51,Fair,VS2,59.78,60.32,4.86,5.68,3.15,77.43,4.47,-4.06,0.512,0.29,0.386,650,0.65,LightYellow
Emerald,3.96,Premium,SI2,58.7,64.25,4.04,9.53,2.06,63.91,2.29,0.83,0.284,0.323,0.193,650,0.59,Blue
Ruby,3.95,Premium,IF,56.29,55.68,9.77,5.02,2.66,79.68,1.43,1.2,0.435,0.249,0.239,700,0.4,Red
Emerald,4.65,Fair,IF,64.33,66.76,3.16,7.34,5,68.91,3.51,1.36,0.479,0.582,0.594,550,0.41,Violet
,4.95,Very Good,VVS2,60.86,65.59,9.64,9.43,3.12,73.64,4.67,1.42,0.351,0.509,0.303,,0.46,Blue
Ruby,2.99,Ideal,VS2,64.88,52.4,,6.37,3.5,77.97,3.74,-4.39,0.23,0.175,0.262,600,0.35,Red
Topaz,,Good,SI1,56.74,54.36,6.07,7.87,2.34,62.02,1.27,0.07,0.564,0.155,0.402,500,0.63,Violet
Amethyst,2.4,Good,VS2,60.46,54.75,5.16,8.24,4.47,66.37,2.52,-4.98,0.5,0.321,0.127,500,0.37,LightYellow
Emerald,3.98,Very Good,VS1,56.1,67.57,4.08,6.81,5.62,67.36,3.87,4.18,0.223,0.369,0.2,500,0.65,FaintYellow
Diamond,0.33,Good,SI2,60.24,53.73,5.47,5.65,3.59,75.48,1.97,-4.83,0.16,0.191,0.572,500,0.45,FaintYellow
Amethyst,0.47,Very Good,VS1,63.9,62.44,6.77,8.66,2.52,65.91,3.57,2.77,0.469,0.4,0.534,400,0.31,FaintYellow
Topaz,0.52,Fair,VS1,56.09,51.3,3.66,6.88,6.29,67.82,3.34,-2.6,0.43,0.364,0.338,600,0.44,Blue
Sapphire,3.71,Very Good,SI2,57.7,61.05,8.66,3.81,4.3,67.59,1.39,0.86,,0.314,0.478,450,0.47,Green
Diamond,2.61,Premium,SI1,61.82,52.83,8.6,9.12,2.4,78.24,3.95,-0.49,0.579,0.223,0.266,550,0.32,
Ruby,1.97,Very Good,VVS1,55.76,61.51,8.58,5.08,4.24,60.07,,0.44,0.27,0.306,0.494,700,0.44,Green
Emerald,0.71,Fair,VS2,59.54,57.36,7.81,6.45,2.2,62.81,1.64,1.01,0.161,0.57,0.394,600,0.5,Red
Emerald,3.71,Very Good,VS2,58.33,62.11,6.19,4.5,2.25,78.57,4.71,4.83,0.203,0.305,0.141,450,0.68,White
Diamond,1.74,Fair,SI1,63.38,57.89,8.84,6.45,3.43,72.19,3.98,2.82,0.461,0.478,0.392,550,0.39,Blue
Topaz,1.47,Premium,SI2,55.49,67.09,8.96,,5.05,61.81,3.89,3.02,0.556,0.108,0.306,500,0.42,FaintYellow
Topaz,3.33,Ideal,VS1,63.63,,5,6.96,,69.48,2.79,3.97,0.443,0.174,0.297,450,0.31,Violet
Ruby,2.88,Fair,VVS2,62.04,66.89,6.37,6.66,6.06,78.74,3.58,4.11,0.173,0.223,0.413,,0.34,LightYellow
Topaz,1.94,Ideal,VS1,57.97,54.44,4.42,8.73,2.49,75.12,3.56,3.53,0.453,0.43,0.224,550,0.52,White
Ruby,3.28,Fair,VVS1,56.98,52.98,4.79,6.92,4.09,65.12,1.55,2.5,0.258,0.369,0.426,400,0.68,LightYellow
Diamond,1.5,Very Good,SI1,64.5,61.15,4.67,5.86,4.14,68.69,4.52,-4.99,0.299,0.397,0.533,450,0.68,White
Sapphire,4.02,Ideal,SI2,60.54,67.46,8.79,6.26,4.07,69.81,4.27,1.02,0.422,0.32,0.514,700,0.44,Violet
Diamond,1.3,Fair,VVS2,58.45,52.21,4.76,7.23,5.79,75.3,1.55,-4.34,0.314,0.483,0.375,450,0.31,Blue
Ruby,0.96,Fair,VS2,55.44,54.68,6.82,8.88,5.65,75.56,2.29,-4.88,0.581,0.157,0.431,700,0.41,White
Ruby,3.96,Ideal,VVS1,56.66,64.92,7.4,3.29,4.28,65.87,1.28,-4.8,0.497,0.326,0.163,500,0.54,LightYellow
Ruby,3.6,Fair,VVS1,60.98,,8.21,9.49,5.5,74.52,2.38,4.34,0.372,0.463,0.272,550,0.6,Green
Topaz,,Ideal,SI1,60.13,62.07,3.2,3.59,2.27,79.47,3.92,-2.13,0.316,0.3,0.165,650,0.61,Blue
Diamond,0.76,Premium,VVS2,62.58,61.84,6.33,5.41,4.39,61.45,1.01,0.69,0.265,0.281,0.504,650,0.68,Green
Sapphire,4.22,Good,VS1,63.35,58.25,5.05,5.35,2.43,76.31,3.03,-3.1,0.266,0.341,0.454,450,0.49,Red
Topaz,3.93,Premium,VS1,58.97,64.11,8.84,6.72,5.9,71.87,4.47,2.57,0.422,0.113,0.26,400,0.39,FaintYellow
Sapphire,1.77,Ideal,IF,56.01,67.05,3.26,5.48,4.26,67.61,2.25,3.08,0.516,0.48,0.517,550,0.62,LightYellow
Topaz,3.36,Very Good,VVS2,62.92,68.16,4.45,4.53,2.08,75.79,3.9,-1.46,0.196,0.471,0.442,700,0.3,Red
Sapphire,0.8,Very Good,VS1,60.54,50.93,5.21,4.7,4.47,66.52,1.22,-4.89,0.563,0.518,0.313,600,0.51,Red
Ruby,2.63,Good,VVS1,64.8,61.07,3.54,9.9,5.32,66.7,3.23,1.36,0.25,0.169,0.425,600,0.32,Blue
Amethyst,0.29,Ideal,SI1,62.96,50.81,5.77,8.86,2.61,70.01,4.51,3.75,0.453,0.497,0.43,700,0.4,Violet
Emerald,2.08,Fair,VS1,58.29,68.02,8.21,8.64,3.27,69.15,2.63,-3.72,0.481,0.478,0.125,700,0.7,LightYellow
Amethyst,0.56,Premium,SI1,59.28,58.59,4.49,5.93,4.02,62.66,3.49,2.02,0.511,0.546,0.502,,0.63,Violet
Topaz,2.48,Premium,VS1,57.36,68.01,8.28,9.55,3.87,60.5,3.54,-2.33,0.295,0.155,0.454,550,0.69,LightYellow
Diamond,2.22,Good,SI1,60.12,53.75,6.7,3.44,4.26,72.65,3.93,-0.64,0.305,0.507,0.17,500,0.45,
Topaz,2.33,Good,VVS1,62.11,53.25,5.41,3.88,2.07,66.7,1.91,-1.66,0.438,0.292,0.469,400,0.34,White
Sapphire,0.42,Good,VVS2,61.12,68.17,5.58,4.73,5.32,70.47,3.99,4.07,0.576,0.141,0.557,650,0.67,LightYellow
Sapphire,1.94,Good,IF,58.42,68.77,3.81,7.49,3.42,64.11,1.95,-2,0.565,0.504,0.415,700,0.43,Violet
Ruby,3.83,Good,SI1,63.23,65.34,4.75,4.17,5.16,71.35,3.39,4.6,0.473,0.487,0.581,650,0.39,Violet
Amethyst,1.97,Good,VS1,56.05,54.44,8.12,5.35,,66.62,1.64,-3.85,0.196,0.41,0.3,400,0.48,Violet
Emerald,,Fair,SI1,56.43,53.44,9.04,4.24,5.09,72.22,3.95,4.23,0.435,0.34,0.374,650,0.39,Red
Emerald,1.97,Fair,SI1,59.04,64.96,4.86,8.6,5.02,73.54,2.15,1.61,0.51,0.239,0.537,550,0.63,Red
Topaz,2.23,Premium,VS1,62.02,62.7,7.12,9.36,4.61,60.06,3.61,-2.34,0.593,,0.286,450,0.43,FaintYellow
Topaz,2.91,Premium,SI2,61.94,67.44,3.24,8.95,2,68.62,1.62,-4.74,0.374,0.457,0.103,400,0.46,Red
Ruby,4.76,Good,VS1,58.67,55.54,3.54,3.19,6.07,74.52,1.92,-3.5,0.394,,0.127,600,0.45,Violet
Emerald,0.72,Premium,VVS2,61.97,55.91,9.75,5.22,5.75,74.8,4.27,4.3,0.592,0.296,0.448,500,0.57,Blue
Topaz,0.36,Good,VVS1,55.61,64.63,9.28,,2.88,67.62,1.37,-0.01,0.523,,0.425,650,0.42,Red
Amethyst,3.12,Fair,VVS1,57.9,55.36,3.57,3,2.81,76.42,1.39,0.77,0.136,0.294,0.501,600,0.68,Blue
Emerald,4.76,Very Good,VVS1,61.94,59.25,8.76,8.22,2.17,73.01,4.1,3.29,0.582,0.213,0.148,600,0.63,FaintYellow
Emerald,4.95,Fair,VVS1,56.84,60.4,3.72,9.08,3.71,79.78,1.49,1.24,0.223,0.361,0.483,400,0.69,LightYellow
Sapphire,2.52,Ideal,VVS1,57.13,63.38,8.8,3.54,6.43,70.25,4.58,-2.99,0.526,0.474,0.487,500,0.49,White
Emerald,2.45,Fair,SI2,55.87,56.89,9.39,6.02,2.44,67.51,1.56,0.73,0.295,0.574,0.504,700,0.42,Violet
Topaz,3.3,Ideal,VVS1,58.64,67.17,4.07,5.12,4.54,78.39,3.73,1.55,0.176,0.234,0.124,600,0.36,Violet
Ruby,2.87,Premium,VS1,63.25,58.05,4.03,9.63,3.19,68.07,3.39,-2.63,0.528,0.277,0.518,450,0.34,Red
Ruby,3.24,Fair,VS1,63.36,50.83,9.49,5.27,5.88,72.81,3.91,4.32,0.112,0.156,0.538,500,0.38,White
Sapphire,4.4,Very Good,VVS1,63.62,51.34,5.11,7.07,4.28,76.52,3.78,-3.23,0.392,0.525,0.39,550,0.57,Blue
Amethyst,3.78,Fair,VVS1,55.37,69.43,6.31,3.06,5.84,69.21,2.46,2.12,0.217,0.422,0.581,400,0.34,Violet
Ruby,2.59,Fair,VVS2,64.93,62.44,5.13,8.86,6.18,68.84,4.78,4.06,0.188,0.502,0.357,700,0.56,FaintYellow
Sapphire,2.42,Fair,SI1,60.03,59.82,8.25,3.21,4.85,65.77,3.03,-1.7,0.373,0.134,0.507,600,0.67,LightYellow
Diamond,3.27,Good,VVS2,63.73,67.39,4.48,6.98,3.27,79.24,4.89,3.51,0.557,0.317,0.189,450,0.38,Green
Sapphire,2.39,Fair,VS2,64.05,64.34,6.46,8.18,4.02,78.88,2.52,0.91,0.582,0.509,0.295,650,0.59,Green
Ruby,2.4,Fair,VS1,60.14,53.63,8.95,5.78,4.84,69.32,3.11,-1.96,0.172,0.169,0.307,500,0.55,Violet
Diamond,0.28,Very Good,SI2,55.51,50.15,9.6,3.22,4.93,66.54,3.34,,0.477,0.38,0.278,650,0.55,FaintYellow
,1.04,Ideal,VVS1,60.97,69.64,,9.31,2.3,62.56,3.25,-0.87,0.444,0.356,0.156,650,0.59,FaintYellow
Diamond,2.54,Ideal,SI2,58.34,62.58,3.8,5.56,3.58,69.56,3.65,-2.98,0.299,0.1,0.301,650,0.57,White
Diamond,4.15,Very Good,SI1,57.07,59.54,8.67,6.26,4.4,77.88,2.15,4.17,0.149,0.255,0.575,400,0.3,LightYellow
Topaz,1.54,Premium,SI2,56.83,68.89,3.78,8.69,3.51,77.38,1.26,0.04,0.359,0.326,0.386,400,0.41,White
Ruby,2.71,Fair,VS1,60.59,57.38,8.46,7.62,4.6,62.32,1.79,2.93,0.492,0.531,0.581,450,0.67,White
Topaz,1.86,Premium,SI2,56.04,64.45,7.82,5.28,2.79,69.72,3.24,4.46,0.103,0.381,0.449,700,0.31,FaintYellow
Emerald,0.7,Very Good,VS2,63.22,63.4,,6.78,2.16,76.31,,2.34,0.289,0.22,0.305,450,0.48,Blue
Sapphire,4.8,Premium,VVS2,57.27,63.54,9.58,3.66,3.54,76.7,2.9,-0.3,0.136,0.219,0.259,450,0.31,White
Topaz,4.3,Ideal,VS2,60.49,63.54,5.26,6.37,4.56,78.69,2.28,3.57,0.128,0.535,0.149,550,0.66,LightYellow
Emerald,0.58,Good,IF,56.25,50.21,3.65,6,2.05,64.06,3.92,0.89,0.215,0.347,0.331,650,0.66,FaintYellow
Diamond,3.65,Premium,SI2,63.6,66.49,9.87,8.32,4.75,68.3,2.58,-3.99,0.544,0.54,0.515,400,0.65,Blue
Sapphire,1.87,Good,VVS2,61.92,68.46,6.09,8.6,3.6,79.09,4.29,1.12,0.32,0.442,0.168,550,0.68,White
Ruby,4.98,Premium,VS1,57.07,58.99,6.03,9.11,6.47,65.42,1.05,-4.95,0.464,0.327,0.563,600,0.66,LightYellow
Diamond,1.65,,VVS2,62.16,61.21,3.63,9,5.52,66.7,1.46,4.76,0.579,0.564,0.446,550,0.31,White
Topaz,1.35,Good,VS2,55.83,56.49,8.2,9.99,3.31,64.51,,0.21,0.103,0.148,0.458,600,0.51,Red
Diamond,2.93,Premium,VVS1,62.72,65.7,8.04,7.95,6.37,70.77,1.14,-4.08,0.499,0.42,0.407,550,0.55,Violet
Sapphire,4.21,Very Good,SI1,59.9,64.73,4.02,7.35,3.25,70.59,1.67,-2,0.162,0.593,0.215,650,0.59,FaintYellow
Emerald,1.12,Ideal,VS2,56.2,64.77,4.64,4.03,2.49,76.34,4.95,1.59,0.127,0.566,0.242,550,0.56,White
Diamond,3.61,Fair,VS2,60.5,64.7,3.11,6.28,2.12,68.26,2.93,-2.11,0.43,0.311,0.57,450,0.58,Red
Ruby,0.49,Very Good,SI2,57.01,54.37,9.23,6.01,5.53,65,2.69,-0.79,0.456,0.214,0.37,400,0.56,Violet
Ruby,4.61,Very Good,SI2,61.73,52.25,4.71,8.14,3.44,76.61,4.64,-2.01,0.458,0.202,0.264,500,0.36,Blue
Ruby,0.59,Ideal,VVS1,62.09,56.22,9.49,4.92,6.43,72.99,4.18,1.29,0.23,0.136,0.111,450,0.52,LightYellow
Emerald,4.59,Good,SI1,62.61,61.51,7,9.1,4.78,63.13,2.09,-2.16,0.176,0.584,0.302,700,0.48,Violet
Amethyst,,Premium,VS1,63.95,57.99,5.98,4.54,2.74,71.4,4.22,3.13,0.162,0.459,0.149,650,0.7,FaintYellow
Topaz,2.35,Good,SI1,61.55,54.98,3.05,6.39,3.51,69.2,1.33,,0.236,0.294,0.202,500,0.56,White
Emerald,4.87,Very Good,SI2,59.92,50.45,3.65,9.61,4.31,76.92,3.86,-1.75,0.306,0.363,0.457,550,0.65,Blue
Diamond,4.95,Premium,VS1,63.54,52.42,,5.41,5.25,72.03,1.07,1.24,,0.34,0.132,700,0.35,Violet
Diamond,3.32,Fair,VVS2,64,52.11,3.74,8.1,4.66,75.82,1.84,-0.15,0.584,0.252,0.104,,0.42,FaintYellow
Topaz,0.81,Fair,VS2,62.82,69.13,4.79,5.35,3.17,69.27,4.55,-4.46,0.116,0.278,0.383,650,0.61,LightYellow
,2.63,Premium,VVS2,64.42,65.58,4.08,6.6,4.14,79.61,2.49,-0.85,0.11,0.436,0.405,450,0.6,Violet
Amethyst,2.74,Very Good,VVS1,64.79,52.46,7.65,8.43,2.97,76,2.88,-3.69,0.392,0.223,0.202,400,0.36,White
Amethyst,2.67,Ideal,IF,57.51,59.34,5.08,8.7,3.57,71.97,3.59,-3.81,0.332,0.101,0.579,700,0.53,Red
Topaz,2.93,Good,SI2,56.84,,8.03,8.9,3.29,76.26,3.78,,0.354,0.571,0.505,650,0.4,Blue
,0.29,Good,VS1,59.49,69.22,3.95,3.7,6.04,66.41,1.58,-0.71,0.589,0.12,0.232,500,0.55,White
Ruby,3.61,Ideal,VVS1,64.97,55.38,4.46,8.98,5.55,79.55,4.71,4.17,0.462,0.357,0.585,500,0.36,Blue
Diamond,3.62,Ideal,VS1,55.88,55.28,8.51,4.02,4.39,68.3,3.27,2.72,0.177,0.402,0.291,550,0.46,Green
Topaz,0.75,Fair,VVS2,62.12,61.37,7.44,4.91,2.78,67.41,3.4,3.53,0.593,,0.148,700,0.4,Red
Ruby,2.94,Ideal,IF,63.51,67.15,3.68,9.8,4.67,75.75,3.56,2.36,0.352,0.236,0.357,700,0.49,LightYellow
Sapphire,2.93,Premium,SI2,64.96,55.59,9.72,4.01,3.6,72.61,4.41,4.7,0.385,0.312,0.529,450,0.44,Green
Topaz,3.48,Fair,SI1,61.2,52.52,,4.76,2.17,75.37,1.84,2.41,0.59,0.15,0.219,700,0.64,Red
Sapphire,0.61,Very Good,VS2,58.8,55.32,6.87,5.35,5.1,75.59,4.65,2.91,0.151,0.295,0.439,650,0.63,FaintYellow
Amethyst,3.21,Fair,SI1,56.66,58.98,5.4,8.64,3.15,72.73,4.12,3.13,0.143,0.598,0.424,650,0.62,LightYellow
,1.55,Fair,VS1,64.82,57.2,3.66,5.25,3.05,76.89,1.9,1.89,0.182,0.574,0.322,550,0.37,Red
Amethyst,2.63,Good,VS2,64.24,67.22,5.51,8.78,4.99,74.53,4.2,-2.96,0.208,0.299,0.335,500,0.44,FaintYellow
Ruby,3.91,Ideal,SI2,63.05,68.86,5.26,4.44,5.92,71.55,3.02,4.71,0.358,0.541,0.361,500,0.44,FaintYellow
Emerald,3.59,Premium,VVS2,64.44,57.57,3.55,7.21,3.27,75.22,3.3,-0.19,0.31,0.375,,700,0.67,White
Topaz,0.77,Ideal,VS1,55.61,66.47,8.49,9.72,5.5,69.96,4.97,3.29,0.419,0.591,0.238,450,0.49,Red
Emerald,3.04,Good,SI1,61.31,51.37,5.91,3.29,5.99,69.71,1.05,2.99,0.335,0.393,0.184,550,0.45,FaintYellow
Topaz,4.85,Ideal,VVS2,57.75,61.07,9.23,9.36,2.95,66.79,4.74,-0.72,0.44,0.141,0.278,400,0.48,White
Ruby,0.95,Premium,VS2,62.66,66.63,4.11,4.15,6.13,76.94,3.9,3.4,0.221,0.414,0.519,600,0.59,FaintYellow
Diamond,4.29,Ideal,VVS2,55.96,58.37,5.22,7.07,3.27,65.99,2.39,-2.52,0.465,0.287,0.367,450,0.38,Blue
Sapphire,3.57,Good,SI2,57.59,52.87,4.95,3.34,2.98,65.03,3.92,-1.46,0.583,0.46,0.291,650,0.63,LightYellow
Ruby,3.92,Premium,SI2,63.5,55.68,9.06,7,3.62,64.39,1.81,-2.71,0.12,0.282,0.5,450,0.69,Violet
Amethyst,1.55,Ideal,SI2,62.49,59.84,6.55,7.31,3.03,73.21,3.05,-4.43,0.299,0.266,0.375,600,0.65,White
Ruby,1.58,Good,SI2,64.92,66.87,3.99,8.65,4.58,63.99,4.26,-2.65,0.457,0.432,0.223,450,0.65,Blue
Ruby,4.55,Good,SI2,61.44,64.97,,5.91,4.13,77.35,1.84,1.49,0.197,0.15,0.196,400,0.36,Blue
Topaz,1.93,Fair,VVS2,58.03,51.67,9.6,9.41,5.01,73.96,3.24,2.62,0.235,0.19,0.593,400,0.55,Red
Diamond,0.5,Premium,VVS2,60.48,60.92,6.86,5.59,5.26,75.8,1.17,-1.49,0.577,0.305,0.148,400,0.55,White
Topaz,3.08,Premium,VVS1,64.44,67.45,3.26,3.64,2.37,62.82,4.35,2.37,0.472,0.106,0.562,700,0.58,FaintYellow
Ruby,0.8,Ideal,VVS1,61.52,61.54,3.4,5.71,2.69,60.3,2.4,-4.93,0.574,0.196,0.444,650,,Red
Sapphire,4.02,,VS1,63.81,51.3,4.65,5.14,5.55,61.63,2.31,2.59,0.595,0.379,0.218,450,0.42,Blue
Topaz,3.28,Premium,VVS2,55.23,66.46,7.35,6.13,2.3,73.54,2.02,3.4,0.245,0.464,0.309,400,0.47,White
Topaz,4.4,Good,SI1,58.7,68.14,4.72,4.4,4.96,62.07,3.88,4.92,0.526,0.282,0.518,700,0.64,FaintYellow
Amethyst,3.97,Premium,VVS2,64.35,57.78,8.95,5.59,4.99,69.44,1.7,3.94,0.227,0.322,0.301,400,0.65,
Topaz,0.74,Fair,SI2,55.39,56.2,7.41,9.2,5.32,76.06,1.14,1.91,0.49,0.274,0.249,600,0.52,Green
Diamond,2.03,Very Good,VVS2,60.19,60.87,5.11,7.57,2.98,67.15,2.11,-1.53,0.498,0.142,0.188,600,0.43,LightYellow
Sapphire,3.92,Good,VVS1,58.47,69.68,5.76,4.39,2.68,60.94,3.65,-2.16,0.584,0.57,0.138,650,0.55,Violet
Topaz,2.2,Premium,VS2,61.46,66.75,5.63,3.37,4.02,77.67,1.2,-3.83,0.598,0.345,0.571,500,0.34,LightYellow
Diamond,4.87,Good,VVS2,56.62,66.22,5.2,4.52,2.19,74.17,2.71,-2.13,0.418,0.161,0.433,450,0.56,LightYellow
Ruby,3.73,Ideal,SI2,61.53,53.86,7.41,5.86,5.79,60.7,4.23,-1.95,0.468,0.542,0.212,550,0.6,Blue
Amethyst,0.27,Good,IF,64.92,67.9,4.41,5.57,5.36,66.49,2.71,2.14,0.507,0.331,0.374,400,0.37,FaintYellow
Sapphire,4.42,Premium,VS1,57.71,61.12,5.04,8.94,5.98,67.45,3.21,2.26,0.517,0.356,,600,0.34,Violet
Diamond,0.68,Ideal,VVS1,59.61,68.34,3.6,7.1,2.31,77.37,2.71,0.21,0.355,0.482,0.363,700,0.43,Blue
Topaz,0.87,Ideal,,55.3,63.03,5.63,8.9,6.14,61.72,1.7,2.72,0.211,0.338,0.245,400,0.63,Red
Emerald,3.73,Ideal,SI2,59.34,66.68,3.45,9.99,5.4,75.4,4.88,-1.58,0.512,0.353,0.241,,0.49,Green
Topaz,4.35,Very Good,IF,59.06,53.31,3.13,5.03,2.51,79.48,1.76,-0.29,0.411,0.134,0.116,500,0.64,White
Sapphire,2.77,Very Good,VVS2,60.65,64.13,7.52,6.34,2.47,67.71,,-4.52,0.431,,0.111,700,0.37,LightYellow
Emerald,1.59,Ideal,SI1,57.57,55.15,4.14,7.94,6.05,60.48,2.09,0.37,0.305,0.222,0.326,400,0.4,White
Sapphire,1.89,Premium,SI1,58.29,53.38,3.25,6.58,4.1,64.8,4.29,-1.12,0.562,0.292,0.332,400,0.33,Violet
Amethyst,1.85,Ideal,VVS1,61.1,61.48,3.48,5.29,6.49,62.53,4.18,-4.33,0.542,0.391,0.459,500,0.41,FaintYellow
Ruby,1.77,Ideal,VVS2,64.08,62.05,4.39,8.71,4.86,75.78,2.82,-4.07,0.172,0.131,0.59,400,0.33,Violet
Emerald,1.37,Good,VS1,,59.81,8.05,9.25,,67.03,1.76,1.57,0.193,0.144,0.153,700,0.46,Violet
Ruby,3.12,Good,VVS1,61.77,51.78,3.08,4.95,4.11,77.97,1.19,2.43,0.336,0.3,0.101,450,0.33,White
Sapphire,4.52,Good,IF,60.24,54.89,8.09,4.97,,78.28,2.91,-4.02,0.426,0.427,0.132,550,0.57,Red
Ruby,1.67,Fair,SI1,56.05,54.71,7.18,6.97,5.61,67.37,1.66,2.75,0.243,0.452,0.289,550,0.56,Blue
Diamond,1.1,Good,SI2,60.65,56.27,6.6,8.71,4.02,,4.8,3.64,0.316,0.574,0.501,550,0.36,LightYellow
Emerald,4.23,Good,VS2,62.09,62.56,9.36,6.64,4.24,78.88,1.55,0.66,0.181,0.116,0.223,650,0.3,FaintYellow
Sapphire,3.76,Premium,VS2,60.98,58.76,8.81,3.42,3.76,61.73,1.94,-0.11,0.256,0.226,0.171,550,0.61,Violet
Amethyst,4.67,Very Good,VS1,56.04,69.37,5.93,5.07,2.88,75.46,4.07,-0.4,0.402,0.532,0.104,650,0.57,White
Amethyst,0.99,Very Good,VS2,63.55,50.32,3.05,6.52,5.82,60.98,2.72,-2.03,0.206,0.224,0.397,500,0.47,Green
Amethyst,0.89,Very Good,VS2,55.41,54.32,7.97,8.16,2.99,68.87,2.43,3.97,0.572,0.323,0.347,700,0.67,Blue
Amethyst,2.8,Fair,SI2,57.36,61.47,3.33,8.42,3.36,70.25,2.45,3.69,0.575,0.42,0.442,550,0.54,Green
Ruby,3.15,Ideal,VS1,61.16,67.59,4.95,8.27,4.67,70.99,3.12,0.12,0.406,0.572,0.426,700,0.64,LightYellow
Diamond,2.5,Good,SI1,57.18,50.68,6.45,3.66,3.47,76.98,3.14,-2.58,0.164,0.551,0.433,600,0.58,White
Ruby,3.08,Premium,IF,56.02,,3.7,7.31,3.59,64.13,2.3,4.1,0.294,0.405,0.425,650,0.57,FaintYellow
Amethyst,1.07,Fair,VVS1,60.12,60.15,7.75,5.98,2.02,68.82,3.78,2.31,0.467,0.439,0.197,600,0.42,White
Topaz,2.5,Very Good,SI1,62.22,65.71,5.25,5.19,5.6,65.49,2.15,3.23,0.22,0.543,0.31,550,0.52,LightYellow
Sapphire,3.36,Fair,VVS1,59.11,68.97,5.53,8.79,4.22,71.81,1.96,3.28,0.502,0.404,0.199,700,0.42,FaintYellow
Sapphire,2.28,,VS1,61.98,54.31,7.54,5.51,2.88,71.16,4.47,-3.11,0.104,0.215,0.544,700,0.38,Red
Ruby,,Fair,SI1,63.61,61.76,5.79,4.28,5.2,75.75,1.45,-4.46,0.195,0.128,0.392,500,0.32,FaintYellow
,2.37,Very Good,VVS2,64.59,67.67,4.57,7.87,4.95,63.55,4.88,0.05,0.257,0.394,0.491,500,0.59,White
Diamond,1.8,Ideal,VS1,57.33,66.89,4.24,3.95,3.69,76.32,3.26,-0.34,0.583,0.484,0.237,550,0.42,Green
Topaz,1.66,Very Good,VS1,61.05,60.42,8.07,5.06,4.6,,4.71,-1.79,0.478,0.451,0.514,600,0.68,LightYellow
Topaz,2.17,Very Good,VS1,57.67,68.99,8.25,6.11,5,71.37,4.93,2.23,0.11,0.393,0.174,550,,FaintYellow
Emerald,0.31,,VS1,63.71,64.17,4.37,3.99,2.28,64.57,2.67,1.07,0.332,0.344,0.102,450,0.37,Blue
Diamond,3.41,Fair,VS2,63.9,60.48,5.23,5.01,3.88,69.55,1.77,-1.15,0.446,0.442,0.592,450,0.59,
Diamond,4.26,Premium,VS2,58.22,51.16,9.7,7.49,4.36,63.33,4.75,-0.12,0.409,0.138,0.12,500,0.44,Blue
Amethyst,1.9,Very Good,SI1,61.45,59.75,,,5.25,73.71,4.4,0.39,0.332,0.364,0.245,550,0.56,Blue
Amethyst,0.42,Fair,IF,63.88,58.44,7.1,8.91,3.72,60.91,1.72,4.41,0.23,0.202,0.218,550,0.6,Violet
Topaz,4.94,Premium,VS1,60.08,56.11,8.3,3.99,2.77,72.02,1.61,0.18,0.286,0.411,0.23,550,0.53,Red
Topaz,1.47,Ideal,VVS1,62.2,68.86,8.24,9.05,2.4,75.02,4.96,1.55,0.455,0.11,0.211,450,0.6,White
Diamond,0.81,Very Good,VVS2,63.01,68.51,5.77,3.53,5.64,77.63,3.31,4.1,0.479,0.526,0.161,450,0.56,Violet
Emerald,1.97,Good,VS2,63.72,56.75,3.34,8.2,4.16,76.35,2.82,2.17,0.346,0.358,0.486,450,0.34,FaintYellow
Diamond,3.75,Fair,VVS1,60.15,58.72,8.18,4.45,3.03,77.89,3.5,0.44,0.557,0.337,0.477,400,0.66,Green
Emerald,1.61,Ideal,VS2,64.42,,3.95,9.32,5.62,72.29,,-0.98,0.579,0.559,0.46,600,0.44,FaintYellow
Diamond,2.96,Ideal,SI1,61.29,66.7,5.03,3.29,5.65,61.04,1.06,-3.88,0.491,0.225,0.426,550,0.5,White
Topaz,2.19,Ideal,IF,56.52,52.2,5.21,7.06,4.93,79.41,1.4,2.86,0.202,0.213,0.345,700,0.4,FaintYellow
Emerald,0.77,Fair,,61.12,59.82,5.44,3.09,2.54,75.56,,2.87,0.54,0.107,0.392,500,0.54,FaintYellow
Diamond,1.79,Premium,VS2,57.98,,6.26,8.15,3.37,71.86,3.72,4.72,0.327,0.135,0.115,500,0.32,Violet
Diamond,3.68,Good,,58.72,63.29,6.51,3.24,5.97,69.19,4.94,0.11,0.211,0.182,0.339,400,0.5,Blue
Emerald,3.14,Premium,VVS2,63.09,60.86,6.38,8.09,2.55,61.95,1.11,2.02,0.493,0.328,0.526,450,0.62,LightYellow
Diamond,0.77,Very Good,SI1,64.73,64.36,4.14,8.66,5.15,60.21,1.32,4.78,0.301,0.494,0.205,450,0.35,Green
Sapphire,0.98,Good,VVS1,63.7,63.23,7.54,9.27,3.15,68.7,2.92,1.12,0.219,0.178,0.454,650,0.7,FaintYellow
Diamond,3.28,Premium,VS2,58.26,,8.53,5.52,2.15,79.47,3.63,3.25,0.394,0.2,0.148,550,0.69,Green
Emerald,4.1,Very Good,VVS2,59.54,68.25,6.23,6.8,5.1,70.51,2.03,-0.89,0.159,0.318,0.139,650,0.62,
Ruby,1.88,Good,SI1,64.83,57.96,8.87,8.13,3.19,67.85,2.02,-3.14,0.289,0.581,0.47,400,0.59,Violet
Ruby,3.06,Fair,VS1,64.24,50.64,6.11,8.75,5.34,69.11,1.16,3.43,0.273,0.592,0.254,450,0.59,White
Diamond,1.02,Very Good,SI2,64.77,56.65,6.98,8.48,3.65,65.97,1.19,-0.7,0.301,0.531,0.267,450,0.35,FaintYellow
,1.69,Premium,,59.33,54.06,3.49,8.93,2.99,79.53,1.36,2.44,0.322,0.103,0.376,700,0.58,Violet
Emerald,0.3,Good,VVS2,63.01,52.63,4.03,9.28,,62.66,1.28,0.26,0.419,0.394,0.488,700,0.46,White
Amethyst,3.89,Very Good,VS2,63.71,67.76,8.37,7.55,3.6,73.9,4.52,-0.43,0.129,0.186,0.57,500,0.58,White
Sapphire,2.12,Very Good,SI2,55.44,64.2,4.74,4.22,6.12,69.03,2.63,-4.48,0.331,0.535,0.228,500,0.47,Green
Amethyst,4.12,Fair,VS1,57.66,50.65,3.66,8.83,6.33,63.05,4.03,2.69,0.349,0.361,0.356,450,0.4,Blue
Amethyst,3.6,Very Good,VVS2,63.83,68.4,6.98,6.24,3.83,71.76,1.51,-1.79,0.268,0.388,0.339,600,0.64,Red
Ruby,4.18,Good,VS2,58.89,68.06,3.66,3.35,5.23,71.89,1.04,-1.09,0.472,0.296,0.258,500,0.39,Blue
Diamond,1.57,Ideal,VS2,57.79,68.99,7.79,7.38,3.78,63.6,4.99,-1.5,0.458,0.202,0.492,600,0.33,Red
Ruby,1.09,Good,SI1,57.73,66.6,7.82,8.09,4.95,69.22,4.19,1.94,0.361,0.468,0.314,700,0.41,White
Amethyst,4.87,Good,SI2,58.75,51.58,6.17,6.21,5.47,77.97,4.33,2.13,0.529,0.361,0.323,400,0.65,Violet
Emerald,3.64,Fair,VVS2,57.44,62.46,7.8,6.55,4.87,62.28,3.41,3.15,0.159,0.549,0.114,500,0.42,Blue
Amethyst,4.2,Fair,IF,55.03,51.66,8.6,6.85,3.3,79.51,1.79,1.77,0.288,0.224,0.359,500,0.53,FaintYellow
Sapphire,0.26,Very Good,IF,56.73,64.27,4.38,4.77,3.39,60.16,1.09,4.08,0.44,0.194,0.523,450,0.63,Violet
Sapphire,1.9,Fair,VVS1,63.83,53.94,7.55,5.62,5.88,72.46,3.99,-2.59,0.562,,0.245,650,0.44,Violet
Topaz,3.77,Very Good,IF,55.76,68.72,7.85,8.65,4.54,71.23,4.24,-0.05,0.53,0.461,0.574,700,0.55,Violet
Emerald,0.57,Ideal,IF,59.13,68.68,4.36,3.21,6.06,60.23,2.92,4.69,0.182,0.112,0.375,550,0.61,Blue
Emerald,2.92,Premium,VS2,59.56,61.89,8.09,6.9,3.88,72.41,3.49,-2.51,0.131,0.248,0.328,650,0.46,Red
Ruby,2.26,Fair,VS2,62.78,65.05,8.04,3.22,3.18,75.94,4.91,2.25,0.378,0.358,0.353,400,0.42,Violet
Emerald,0.28,Fair,SI1,57.53,67.16,4.1,4.41,4.74,61.17,2.35,-1.86,,0.202,0.257,450,0.39,FaintYellow
Emerald,1.33,Ideal,SI2,58.1,57.78,5.22,5.61,6.01,70.04,4.4,-0.44,0.281,,0.448,550,0.54,Green
Amethyst,1.57,Fair,VVS2,,61.58,9.59,4.31,4.26,74.6,4.49,0.38,0.204,0.442,0.494,550,0.5,Green
Diamond,0.74,Ideal,SI2,64.03,53.52,3.5,8.94,3.25,75.86,1.33,3,0.3,0.523,0.112,700,0.54,FaintYellow
Topaz,3.23,Very Good,SI2,61.86,69.71,4.6,9.09,3,76.46,2.9,1.2,0.338,0.138,0.524,500,0.41,FaintYellow
Emerald,1.36,Fair,VVS2,57.63,68.59,7.05,4.07,4.02,61.63,3.32,-4.99,0.247,0.148,0.114,450,0.61,Blue
Ruby,1.53,Fair,VS2,63.88,59.67,9.78,9.25,5.84,73.27,1.58,-1.63,0.106,,0.469,600,0.45,Green
Ruby,4.51,Very Good,VVS2,55.87,61.07,4.8,4.61,,74.41,2.64,-1.54,0.379,0.573,0.422,550,0.64,LightYellow
Amethyst,2.44,Fair,VS2,58.68,58.73,8.72,3.08,4.49,65.5,2.81,-0.1,0.578,0.456,0.431,600,0.39,LightYellow
Topaz,2.08,Good,,60.64,50.03,5.57,8.16,2.78,79.5,2.11,4.07,0.274,0.383,0.393,650,0.7,FaintYellow
Emerald,3.67,Ideal,SI2,60.06,54.6,5.47,6.63,5.34,74.37,1.36,4.13,0.485,0.549,0.587,650,0.44,Blue
Diamond,4.57,Premium,IF,61.55,52.03,9.97,6.49,4.07,78.34,2.39,-0.4,0.547,0.475,0.114,400,0.34,Red
Topaz,0.32,Good,VVS2,57.98,56.46,8.72,3.02,3.07,73.88,3.45,2.26,0.317,0.404,0.473,550,0.32,FaintYellow
Amethyst,2.35,Premium,IF,62.58,54.72,4.74,9.85,5.4,62.6,2.49,-1.46,0.281,0.506,0.293,450,0.54,LightYellow
,3.13,Good,VVS1,59.05,65.23,4.3,8.83,5.28,65.18,1.94,-2.13,0.546,0.272,0.384,600,0.48,LightYellow
Topaz,1.73,Good,SI1,56.25,60.1,3.59,9.77,2.15,68.47,1.79,-0.37,0.153,0.117,0.415,600,0.53,FaintYellow
Topaz,3.91,Good,SI1,62.4,66.34,6.38,4.71,3.99,68.57,2.63,3.46,0.345,0.224,,,0.37,Violet
Ruby,4.86,Ideal,SI2,64.12,62.71,5.34,7.23,4.67,72.91,4.87,0.21,0.422,0.55,0.159,500,0.45,Red
Amethyst,4.73,Premium,SI2,58.64,63.12,5.67,8.23,3.15,71.58,3.52,-0.28,0.437,0.525,0.198,650,0.48,FaintYellow
Diamond,1.48,Very Good,VVS2,60.9,67.52,6.02,,2.25,61.72,1.42,-3.42,0.157,0.262,0.237,700,0.45,Red
Amethyst,1.29,Very Good,SI2,61.88,66.94,9.94,8.47,3.28,76.81,1.55,2.43,0.156,0.444,0.278,700,0.65,Violet
Diamond,4.8,Fair,VS2,63.32,51.27,3.02,7.01,5.9,77.07,3.38,-1.38,0.243,0.589,0.14,500,,Red
Sapphire,2.4,Ideal,SI1,56.98,61.57,5.98,3.22,3.53,77.02,1.99,2.55,0.491,0.543,0.303,450,0.62,White
Diamond,1.2,Ideal,VS2,60.7,58.26,3.45,9.96,5.54,64.4,4.33,4.71,0.591,0.422,0.561,400,0.58,Blue
Diamond,3.59,Ideal,SI1,62.4,61.99,7.71,3.8,5.16,66.38,1.28,-4.09,0.395,0.324,0.471,550,0.69,Violet
,1.57,Good,VVS1,56.99,67.25,3.35,4.27,6.31,74.72,1.95,3.62,0.432,0.407,0.466,500,0.63,Red
Diamond,1.48,Ideal,VS2,59.72,50.24,8.37,8.77,5.92,68.11,3.54,-3.33,0.591,0.592,0.282,550,0.69,LightYellow
Diamond,4.42,Very Good,IF,59.64,50.22,9.07,3.7,6.24,68.95,3.63,3.69,0.216,0.256,0.4,650,0.62,LightYellow
Amethyst,0.98,Ideal,VS2,63.39,51.25,9.8,4.49,2.1,71.94,3.85,2.27,0.146,0.142,0.237,400,0.47,Red
Sapphire,0.51,Good,VVS1,62.77,67.5,3.85,3.14,3.34,60.66,4.47,-0.78,0.186,0.59,0.293,450,0.35,Green
Amethyst,1.49,Premium,VS1,57.32,57.07,9.85,4.1,5.93,60.61,4.88,-0.44,0.254,0.282,0.29,700,0.45,FaintYellow
Sapphire,3.11,Ideal,VS1,57.33,57.42,5.89,7.61,3.68,61.2,1.8,-2.09,0.441,0.324,0.488,450,0.67,Red
Amethyst,0.79,Premium,IF,62.23,56.91,7.43,5.52,2.24,64.46,2.04,1.99,0.251,0.262,0.361,650,0.49,Green
Topaz,2.46,Fair,VS1,62.4,54.62,3,3.95,6.18,79.63,,3.97,0.349,0.263,0.298,400,0.43,FaintYellow
Sapphire,3.21,Good,SI2,56.79,50.78,5.59,4.85,4.03,61.96,2.53,0.83,0.114,0.226,0.184,450,0.5,Blue
Ruby,4.27,Ideal,VS2,59.11,68.13,5.47,8.28,2.23,77.68,2.41,-2.06,0.569,0.283,0.56,450,0.62,LightYellow
Topaz,1.3,Fair,VVS1,63.26,54.66,6.53,6.9,3.28,62.4,1.25,2.17,0.395,0.483,0.278,550,0.55,White
Topaz,4.12,Fair,SI1,55.79,67.88,3.93,6.33,5.85,74.74,4.45,-2.46,0.373,0.31,0.267,500,0.51,White
Emerald,1.33,Premium,IF,58.74,69.11,7.83,3.33,5.55,72.73,3.65,-2.34,0.472,0.442,0.282,,0.69,Blue
Amethyst,3.45,Very Good,VS1,,61.53,7.17,6.58,6.49,74.56,4.15,1.38,0.574,0.428,0.228,550,0.54,Red
Amethyst,2.27,Very Good,VS2,62.71,57.45,4.49,6.37,3.98,61.73,5,,,0.428,0.518,400,0.35,Green
Diamond,0.75,Very Good,SI1,61.53,65.32,9.89,6.1,3.36,75.04,2.96,-1.04,0.439,0.489,0.447,550,0.61,FaintYellow
Topaz,3.63,Very Good,SI1,58.98,50.51,3.04,6.41,2.6,66.53,1.53,-1.32,0.239,0.468,0.444,650,0.37,Blue
Amethyst,1.25,Good,VS2,64.92,68.58,5.35,3.52,3.34,65.04,4.33,-4.47,0.512,0.314,0.354,700,0.64,Red
Sapphire,1.05,Ideal,VVS2,55.42,58.16,4.83,9.53,2.9,72.49,3.97,4.18,0.494,0.236,0.206,400,0.39,Violet
Sapphire,1.92,Ideal,VVS2,59.95,56.17,6.92,5.14,5.01,62.01,4.07,4.38,0.111,0.369,0.322,650,0.66,LightYellow
Diamond,3.34,Good,SI2,60.1,52.54,9.22,7.57,5.45,64.83,1.64,-1.03,0.489,0.272,0.524,700,0.58,Green
Topaz,1.32,Premium,VVS1,57.4,69.1,7.6,5.51,5.62,71.06,4.02,-1.31,0.196,0.246,0.465,500,0.61,Blue
Topaz,1.08,Ideal,SI2,60.59,,3.33,5.3,5.38,75.59,3.37,-3.78,0.189,0.32,0.366,700,0.69,LightYellow
Ruby,0.25,Fair,SI2,57.2,64.48,9.04,8.07,4.21,77.38,1.2,0.63,0.264,0.347,0.504,600,0.42,Red
Diamond,2.46,Ideal,IF,59.43,68.62,4.86,5.93,3.77,68.53,2.17,,0.575,0.212,0.324,550,0.44,LightYellow
Ruby,2.26,Good,VS1,59.32,69.2,3.77,7.31,2.45,79.52,1.88,3.43,0.395,0.494,0.501,700,0.51,FaintYellow
Amethyst,1.32,Premium,VS1,62.73,55.37,6.03,4.92,4.6,75.47,2.16,2.33,0.573,0.172,0.376,550,0.53,Blue
Topaz,0.46,Ideal,VS2,64.43,65.73,9.29,4.86,4.04,68.05,1.8,-3.77,0.139,0.503,0.245,700,0.52,Green
Ruby,2.26,Good,VS1,57.03,65.34,3.24,4.39,3.09,67.83,2.59,-2.85,0.366,0.19,0.405,400,0.56,Blue
Topaz,3.98,Fair,SI2,64.92,61.15,7.38,5.11,5.61,68.8,1.87,-3.82,0.353,0.375,0.452,600,0.67,Blue
Ruby,3.63,Very Good,VVS1,64.4,53.01,5.33,3.45,5.2,74.94,2.58,-3.64,0.321,0.172,0.445,700,0.4,Blue
Emerald,4.33,Fair,VVS2,56.13,68.81,7.36,3.54,4.56,66.4,1.07,-4.33,0.596,0.469,0.464,450,0.34,FaintYellow
Diamond,0.25,Fair,VS2,64.12,56.31,4.86,8.97,2.9,,3.94,-1.34,0.337,0.438,0.546,700,0.34,Red
Amethyst,4.84,Premium,IF,60.65,61.58,9.77,4.96,4.57,71.26,2.39,1.06,0.219,0.329,0.179,450,0.48,White
Amethyst,1.84,Ideal,VS2,63.79,50.39,3.8,6.77,2.92,72.34,2.15,4.63,0.422,0.499,0.453,,0.49,Green
Topaz,4.95,Very Good,SI2,64.46,58.58,4.11,6.47,5.3,78.81,4.44,-0.76,0.223,0.279,0.53,650,0.7,Red
Diamond,1.41,Good,VS1,63.59,62.34,3.32,7.44,2.78,62.69,3.99,4.52,0.166,0.246,0.286,500,0.35,FaintYellow
,2.46,Very Good,VVS1,59.03,57.62,8.56,7.54,5.33,70.67,4.45,-4.05,0.392,0.246,0.301,700,0.43,Violet
Topaz,1.9,Ideal,SI2,61.37,59.54,3.66,5.57,4.43,64.33,4.49,-3.37,0.462,0.318,0.193,700,0.61,Blue
Ruby,1.91,Premium,IF,59.65,53.84,4.94,3.93,6.39,75.12,3.92,-0.98,0.326,0.311,0.386,700,0.37,Red
Amethyst,4.24,Ideal,VS2,58.66,57,4.44,4.24,4.1,67.08,1.23,-1.06,0.261,0.235,0.573,650,0.64,FaintYellow
Sapphire,3.78,Good,,57.51,64.47,5.47,5.52,3.08,72.76,1.38,-4.83,0.177,0.524,0.202,550,0.42,Violet
,4.96,Very Good,VS2,59.42,69.39,8.36,6.92,5.78,63.45,1.29,-4.41,0.501,0.538,0.505,450,0.3,Violet
Emerald,3.14,Fair,IF,63.06,59.38,9.65,7.3,4.61,71.62,1.99,-1.74,0.546,0.47,0.208,550,0.46,Red
Emerald,2.42,Ideal,SI2,63.44,63.72,9.15,9.53,4.42,60.31,4.46,-1.87,0.227,0.273,0.172,450,0.43,Violet
Emerald,0.63,Premium,VS1,64.58,69.52,,5.14,2.47,76.81,1.15,,0.314,0.4,0.396,650,0.57,FaintYellow
Ruby,4.98,Premium,VVS2,57.91,65.5,5.92,3.77,3.71,71.81,1.23,0.23,0.253,0.19,0.418,450,,FaintYellow
Ruby,2.85,Very Good,SI1,61.5,,8.61,6.76,,64.41,1.47,-3.01,0.515,0.365,0.487,700,0.38,Blue
Ruby,3.56,Fair,IF,61.94,68.71,8.44,3.47,2.97,66.69,3.31,0.06,0.561,0.16,0.378,550,0.38,Blue
Emerald,2.15,Good,VVS2,56.91,67.33,4.73,4.16,4.36,63,2.28,-4.49,0.176,0.196,0.304,450,0.56,White
Emerald,2.83,Fair,VVS2,58.67,55.42,4.84,6.88,4.13,73.46,4.76,-0.02,0.118,0.407,0.173,400,0.58,White
,4.72,Very Good,VS1,58.42,53.63,6.49,9.47,4.55,67.49,1.54,2.48,0.143,0.344,0.326,700,0.63,Violet
Amethyst,1,Fair,VS2,64.86,67.98,9.74,4.37,5.91,79.09,4.22,4.23,0.245,0.516,,400,0.69,LightYellow
Ruby,1.6,Very Good,SI2,64.58,63.77,3.76,5.54,3.17,77.89,3.58,3.95,,0.528,0.566,550,0.51,Green
Sapphire,0.93,Fair,VS2,63.22,54.74,9.92,6.1,5.05,76.28,3.61,1.47,0.263,0.138,0.44,400,0.63,Green
Sapphire,4,Ideal,VVS1,59.73,64.28,4.11,9.67,4.48,65.3,2.41,4.82,0.592,0.144,0.506,600,0.36,LightYellow
Sapphire,0.5,Premium,IF,57.64,62,6.4,8.15,5.69,65.83,1.02,-1.34,0.143,0.557,0.445,550,0.37,FaintYellow
Diamond,0.59,Very Good,IF,64.16,56.18,5.13,5.33,3.2,68.18,2.47,1.93,0.436,0.362,0.218,500,0.61,Red
Amethyst,1.63,Very Good,SI2,57.68,61.14,5.94,4.9,6.46,78.37,3.41,4.89,0.331,0.103,0.522,450,0.33,Red
Diamond,2.67,Premium,VS1,60.22,60.55,9.7,6.63,4.99,69.47,3.95,1.95,0.255,0.499,0.479,,0.59,FaintYellow
Emerald,2.15,Good,VS1,57.45,60.2,7.42,5.67,2.18,61.92,3.21,-2.41,0.38,0.491,0.207,550,0.37,White
,0.42,Very Good,VVS1,64.71,60.35,5.08,7.32,2.02,64.67,4.92,3.13,0.224,0.335,0.353,650,0.4,LightYellow
Sapphire,4.8,Ideal,VVS1,55.42,50.01,7.4,6.74,5.91,60.95,3.35,-1.5,0.407,0.558,0.567,450,0.41,Violet
Diamond,4.77,Fair,VVS2,56.74,55.37,6.17,3.24,3.18,61.15,1.33,-2.18,0.598,0.384,0.44,550,0.64,LightYellow
Emerald,1.54,Ideal,SI1,62.65,58.62,9.6,3.52,3.07,78.46,4.42,3.27,,0.318,0.55,400,0.37,Green
Topaz,3.71,Very Good,VVS1,56.51,52.55,5.47,3.94,4.47,72.34,3.61,-0.99,0.286,0.313,0.23,450,0.36,
Amethyst,2.98,Good,VS2,64.79,64.98,7.09,7.56,,62.03,3.07,1.46,0.535,0.366,0.514,400,0.32,Green
Topaz,1.34,Very Good,VVS2,58.21,66.94,,9.84,3.3,71.67,4.12,3.68,0.279,0.202,0.19,450,0.69,Blue
Emerald,1.46,Good,SI1,64.19,66.36,9.71,6.17,4.32,79.43,3.76,-3.47,0.555,0.238,0.487,600,0.52,FaintYellow
Sapphire,2.56,Premium,VVS1,,59.19,8.59,4.05,,60.3,4.8,1.15,0.449,0.285,0.43,500,0.55,Blue
Ruby,2.21,,SI1,61.34,63.81,9.55,7.27,2.69,74.9,2.86,-3.2,0.11,0.173,0.505,700,0.66,Green
Topaz,1.6,Ideal,VS2,64.15,51.54,6.25,7.38,2.19,63.53,3.84,1.04,0.289,0.175,0.478,650,0.35,Green
Amethyst,4.08,Good,VS2,60.13,53.99,8.35,8.29,5.19,67.54,2.84,-0.09,0.293,0.142,0.334,550,0.35,FaintYellow
Amethyst,2.51,Ideal,VVS2,59.01,50.94,3.66,7.97,4.77,62.28,2.11,3.73,0.222,0.559,0.553,700,0.42,Green
Ruby,3.34,Premium,VVS2,57.18,69.31,7.16,7.81,3.41,60.13,2.28,4.01,0.394,0.554,0.295,550,0.32,FaintYellow
Amethyst,1.11,Very Good,VS2,56.45,61.49,3.09,8.07,3.26,62.01,3.37,2.7,0.12,0.557,0.317,550,0.7,Red
Amethyst,2.76,Good,VS1,62.92,53.5,4.82,8.73,,71.46,1.72,1.29,0.398,0.566,0.48,400,0.59,LightYellow
Sapphire,1.73,Fair,SI2,56.28,64.15,7.66,9.27,3.45,78.02,3.02,-2.17,0.379,0.227,0.504,700,0.63,White
Diamond,2.73,Good,VVS2,58.94,59.78,4.2,3.02,4.67,60.43,3.77,-0.12,0.445,0.481,0.268,450,0.66,Green
Sapphire,3.95,Very Good,SI2,59.09,58.69,4.4,7.66,3.91,61.26,3.15,-3.45,0.369,0.342,0.369,450,0.6,Red
Sapphire,3.89,Very Good,IF,61.64,68.27,3.43,9.59,4.37,63.26,3.25,-4.92,0.267,0.1,0.197,400,0.45,Blue
Sapphire,1.9,Fair,VS1,57.79,64.16,8.23,8.31,6,79.46,1.85,0.67,0.585,0.515,0.134,550,0.31,Red
Amethyst,3.53,Fair,IF,63.38,63.81,6.14,3.57,4.01,63.4,3.63,-2.38,0.166,0.446,,450,0.33,Red
Diamond,4.72,Premium,SI1,57.07,51.95,9.22,8.15,5.71,69.39,3.39,-2.21,0.471,0.453,0.572,450,0.31,FaintYellow
Sapphire,3.2,Ideal,SI1,62.89,51.84,5.54,4.77,4.71,60.84,3.13,-3.22,0.203,0.476,0.234,500,0.66,Violet
Ruby,0.91,Good,SI1,63.5,63.29,6.05,4.29,3.64,77.01,3.78,-4.22,0.131,0.245,0.12,450,0.49,Violet
Ruby,3.46,Premium,VVS1,56.93,53.13,6.46,4.42,2.11,78.95,3.8,-2.51,0.483,0.36,0.423,700,0.7,White
Sapphire,0.7,Ideal,VVS2,63.09,59.07,9.03,9.8,5,75.12,3.77,-2.65,0.529,0.296,0.29,600,0.46,LightYellow
Emerald,4.39,Premium,VVS2,62.14,61.4,5.05,7.61,5.13,71.27,1.56,-0.87,0.161,0.431,0.47,600,0.46,Red
Diamond,2.68,Fair,VS2,63.74,57.76,3.36,9.84,6.47,64.98,3.36,-4.24,0.363,0.382,0.23,500,0.39,FaintYellow
Topaz,2.05,Fair,SI2,60.1,51.7,7.39,8.93,5.2,63.58,3.8,-0.36,0.464,0.16,0.453,700,0.43,White
Diamond,0.47,Very Good,VVS2,57.34,64.87,8.78,9.47,5.69,70.31,3.43,-4.45,0.291,0.264,0.531,550,0.43,Blue
Emerald,2.03,Good,SI2,64.12,67.7,6.89,6.88,2.75,65.81,1.77,-3.04,0.321,,0.349,650,0.69,Red
Topaz,4.54,Good,SI1,62.9,53.23,5.24,5.44,5.43,73.41,1.1,3.43,0.589,0.297,0.577,550,0.36,Red
Ruby,0.3,Good,IF,55.21,67.08,7.41,8.17,3.58,65.3,,-4.36,0.465,0.371,0.502,400,0.68,LightYellow
Emerald,2.48,Premium,VS1,64.39,65.77,9.94,3.13,6.41,63.4,1.88,-3.95,0.561,0.116,0.32,650,0.67,Blue
Diamond,4.67,Premium,VVS1,64.49,61.28,7.02,7.51,4.03,71.63,4.31,0.84,0.316,0.333,0.267,600,0.55,Violet
Amethyst,2.1,Good,SI2,58.55,61.92,5.21,9.7,4.09,75.22,4.74,-2.37,0.338,0.179,0.597,650,0.54,Blue
Topaz,2.26,,SI2,55.1,63.03,4.71,8.92,4.24,61.48,4.35,2.73,0.585,0.157,0.566,700,0.43,
Amethyst,2.98,Ideal,VS1,60.53,60.5,9.99,4.33,3.38,72.38,1.68,-0.73,0.314,0.2,0.466,550,,Blue
Amethyst,2.42,Premium,IF,64.14,66.89,8.95,3.9,3.71,76.31,4.27,0.73,0.306,0.557,0.277,400,0.39,Green
Amethyst,1.01,Good,VVS1,56.24,59.48,4.96,8.79,3.77,60.13,1.71,-3.89,0.449,0.112,0.147,600,0.45,Blue
Topaz,0.29,Fair,SI2,60.91,60.94,4.84,3.37,4.31,64.48,2.19,1.97,0.122,0.552,0.166,650,0.5,Violet
Amethyst,3.13,Premium,VS2,62.32,50.74,8.63,9.97,2.64,65.97,4.31,4.47,0.322,0.385,0.48,400,0.64,Violet
Diamond,4.62,Ideal,VVS2,56.35,53.6,9.95,6.27,4.69,60.28,1.58,4.61,0.57,0.525,0.426,700,0.43,Violet
Diamond,0.71,Premium,VVS2,60.13,68.08,6.26,9.49,4.43,73.56,1.75,1.49,0.548,0.438,0.231,550,0.46,White
Sapphire,1.21,Ideal,VS2,55.89,52.43,4.59,8.68,6.42,68.39,4.38,-4.18,0.43,0.155,0.142,650,0.36,FaintYellow
Diamond,1.98,Ideal,,60.58,68.08,4.61,7.88,5.93,72.95,4.95,3.59,0.322,0.317,0.594,650,0.34,Blue
Amethyst,4.08,Premium,SI2,59.42,62.72,8.58,,4.08,68.1,3.54,4.93,0.355,0.562,0.445,600,0.3,LightYellow
Topaz,1.49,,VS2,57.65,68.4,7.24,3.6,5.14,63.48,,-3.65,0.233,0.546,0.104,500,0.61,Green
Sapphire,4.43,Premium,SI2,63.53,66.29,7.44,7.59,4.95,70.32,3.16,3.29,0.202,0.542,0.18,650,0.52,FaintYellow
Sapphire,0.46,Premium,SI1,58.82,67.31,4.36,4.33,3.06,74.47,1.98,-3.44,0.234,0.434,0.413,600,0.52,Blue
Sapphire,4.72,Very Good,SI2,62,60.49,3.91,8.8,3.5,63.09,1.15,-0.53,0.551,0.237,0.165,650,0.36,Violet
Ruby,2.89,Fair,IF,62.91,66.51,3.07,3.47,2.15,67.07,2.8,4.25,0.229,0.541,0.285,550,0.6,Red
Diamond,3.36,Ideal,VVS1,56.79,59.21,9.41,6.67,2.43,74.69,4.39,4.32,0.335,0.586,0.433,550,0.5,White
Amethyst,1.96,Premium,VS1,56.19,50.88,5.48,5.95,3.39,73.13,4.55,0.53,0.458,0.175,0.102,550,0.51,LightYellow
Emerald,3.95,Ideal,,55.08,63.03,8.31,9.47,5.5,79.99,3.02,4.36,0.471,0.299,0.101,500,0.69,Red
Emerald,1,Premium,VS2,58.06,,9.19,9.29,5.22,63.47,4.76,-4.62,0.255,0.177,0.284,600,0.57,Blue
Sapphire,,Premium,VVS2,63.16,52.03,7.19,8.04,6.34,66.88,3.26,1.86,0.229,0.583,0.592,500,0.62,Green
Emerald,2.1,Premium,VS2,62.73,66.32,5.97,8.29,3.65,63.96,4.04,-0.72,0.285,0.182,0.199,400,0.54,Red
Amethyst,4.3,Fair,VVS2,63.72,51.5,3.27,7.95,3.54,64.88,2.77,0.54,0.15,0.375,0.322,400,0.56,Blue
Emerald,3.82,Ideal,VS2,62.61,58.83,5.36,7.72,2.46,63.91,1.33,-3.06,0.373,,0.44,400,0.68,Blue
Topaz,2.68,Fair,VS2,55.24,59.76,5.25,9.98,5.54,79.78,4.35,-2.98,0.466,0.205,0.291,700,0.69,White
,2.95,,,58.86,50.74,6.96,8.15,2.74,72.93,4.77,2.29,0.218,0.293,0.399,600,0.45,White
Ruby,0.82,Fair,VS1,55.06,51.32,8.35,9.62,6.29,61.69,3.89,2.68,0.145,0.2,0.121,700,0.54,Red
Topaz,4.24,Fair,SI1,55.36,59.01,7.98,6.06,3.42,70.41,2.64,1.4,0.522,0.515,0.358,450,0.65,Green
Emerald,3.98,Very Good,VVS2,59.79,56.23,9.09,9.99,4.91,61.66,4.44,-1.54,0.541,0.21,0.245,700,0.57,Violet
Diamond,3.35,Ideal,SI1,58.6,66.32,3.33,7.3,4.03,67.81,3.52,2.06,0.53,0.335,0.563,700,,White
Topaz,,Ideal,SI1,60.59,58.28,7.24,9.33,3.01,72.8,1.01,0.18,0.312,0.458,0.364,550,0.58,Blue
Diamond,4.83,Premium,SI1,55.66,52.11,4.32,3.64,4.05,60.95,4.74,2.01,0.171,0.572,0.266,600,0.5,Green
Sapphire,4.42,Ideal,VS1,60.88,53.16,9.81,7.27,3.47,60.93,2.85,-2.85,0.445,0.27,0.232,450,0.63,Green
Sapphire,3.29,Fair,SI1,55.65,63.47,5.86,9.95,4.81,65.01,1.7,-0.08,0.15,0.124,0.145,450,0.51,Blue
Topaz,1.98,Good,SI2,59.24,69,7.37,3.47,4.48,73.18,1.73,-3.74,0.446,0.474,0.396,400,0.52,Red
Emerald,3.17,Ideal,VVS2,58.52,67.39,5.46,9.63,2.37,78.49,2.36,4.62,0.209,0.513,0.191,650,0.57,FaintYellow
Diamond,2.96,Good,VVS1,57.24,52.59,4.54,4.02,2.32,65.44,1.17,4.94,0.154,0.468,0.551,600,0.52,Red
Topaz,2.09,Very Good,SI1,,,7.82,,6.34,79.13,2.22,-0.71,0.101,0.343,0.571,450,0.59,White
Amethyst,1.67,Premium,SI1,55.01,50.53,9.57,5.02,3.36,70.97,1.36,-1.04,0.355,0.22,0.332,700,0.43,LightYellow
Sapphire,2.15,Premium,VVS1,58.24,61.1,,8.56,2.41,70.06,1.81,-0.72,0.532,0.308,0.286,450,0.39,Red
Sapphire,2.95,Premium,SI1,55.78,59.72,8.78,3.19,2.82,62.06,1.07,-3.13,0.474,0.176,0.311,450,0.6,Blue
Emerald,2.26,Very Good,VVS1,64.21,50.27,5.39,5.01,2.7,79.11,3.72,-2.92,0.231,0.409,0.261,650,0.61,Red
Ruby,1.47,Fair,IF,55.74,51.14,3.85,7.22,2.94,75.83,3.3,4.75,0.174,0.123,0.56,600,0.54,Green
Emerald,3.85,Good,VS1,64.53,70,7.99,4.59,2.21,60.06,1.37,-1.61,0.579,0.176,0.573,600,0.53,White
Ruby,2.75,Ideal,VS1,59.91,69.3,3.58,8.33,2.89,75.86,4.1,3.7,0.514,0.4,0.295,550,0.39,FaintYellow
Diamond,0.52,Fair,VVS1,60.13,52.53,8.09,7.73,6.24,71.07,3.75,-4.92,0.412,0.423,0.537,450,0.34,Violet
Diamond,1.97,Premium,VS2,62.88,53.28,6.05,9.94,4.57,,1.62,0.96,0.275,0.331,0.414,700,0.31,LightYellow
Sapphire,4.45,Premium,VS1,61.95,68,4.15,7.09,3.46,74.03,1.17,-2.72,0.494,0.189,0.519,550,0.58,Violet
Amethyst,3.83,Fair,VVS2,57.37,60.15,4.1,8.38,5.55,73.32,1.54,0.7,0.288,0.24,0.361,650,0.64,Blue
Amethyst,1.75,Good,VS1,55.25,69.16,8.24,3.52,6.03,73.64,1.47,1.7,0.45,0.233,0.158,400,0.69,FaintYellow
Emerald,4.7,Fair,VS1,62.78,60.41,8.8,3.3,2.32,77.51,3.44,3.13,0.372,0.247,0.317,550,0.69,Blue
Sapphire,0.57,Very Good,VVS2,56.3,61.54,7.8,7.07,3.55,75.2,1.2,-2.55,0.375,0.13,0.354,650,0.67,Blue
Diamond,4.81,Premium,VVS1,60.98,54.4,8.05,9.9,5.68,78.22,2.24,1.39,0.366,0.104,0.453,400,0.4,White
Diamond,1.38,Good,SI2,64.43,67.52,8.94,4.88,4.73,67.64,2.44,-4.96,,0.104,0.492,450,0.34,Violet
Emerald,0.24,Ideal,SI2,60.49,66.5,6,3.01,5.07,71.24,1.34,4.99,0.55,0.202,0.157,650,0.35,Green
Emerald,2.28,Premium,VVS1,57.86,56.75,4.17,5.39,4.52,79.72,2.37,-0.82,0.322,0.21,0.426,650,0.4,LightYellow
Topaz,1.92,Fair,VVS2,56.79,62.25,5.64,8.17,2.37,71.8,3.26,-3.02,0.571,0.3,,550,0.32,Green
Amethyst,2.79,Good,SI2,55.27,56.83,9.86,8.62,5.83,68.45,2.29,1.45,0.427,0.366,0.375,400,0.59,Green
Emerald,4.02,Premium,VS1,61.23,59.28,6.14,8.47,3.07,69.34,4.72,0.34,0.521,0.577,0.189,650,0.64,FaintYellow
Diamond,4.24,Ideal,SI1,60.58,67.07,9.47,3.57,2.46,74.77,2.14,-4.97,0.507,0.2,0.15,600,0.39,White
Emerald,2.13,Ideal,VS1,59.62,58.31,7.92,8.4,3.53,67.3,3.6,-0.98,0.581,0.473,0.254,650,0.36,Red
Diamond,2.26,Fair,VVS1,56.94,66.81,8.16,3.57,5.35,60.96,3.15,3.28,0.2,0.151,0.246,500,0.35,Blue
Ruby,0.91,Very Good,SI1,57.37,69.2,4.33,9.91,5.96,,2.5,-2.41,0.452,0.466,0.254,600,0.44,LightYellow
Ruby,0.43,Fair,IF,64.59,58.33,5.58,5.59,4.93,69.64,4.88,4.6,0.572,0.315,0.598,650,0.64,Blue
Topaz,3.28,Good,VVS1,55.2,,8.13,7.85,3.61,70.38,4.44,3.65,0.132,0.424,0.369,450,0.54,White
Topaz,0.51,Fair,VVS2,58.63,56.08,7.59,,5.28,67.24,1.8,-1.29,0.562,0.552,0.552,550,0.53,LightYellow
Ruby,3.72,Good,SI1,55.39,50.06,9.04,4.68,5.45,78.4,4.89,-0.99,0.567,0.458,0.433,400,0.64,LightYellow
Amethyst,2.79,Very Good,IF,56.92,51.69,4.47,7.28,6.15,63.69,1.08,-0.48,0.354,0.433,0.145,450,0.46,Blue
Diamond,1.15,Fair,SI2,64.33,64.74,8.24,3.11,2.53,67.81,1.04,1.37,0.446,0.521,0.307,650,0.36,Violet
Diamond,2.79,Ideal,IF,56.5,52,3.28,6.54,2.63,,1.38,-1.72,0.107,,0.386,650,0.33,Violet
Sapphire,1.08,Good,VVS2,61.01,68.78,5.1,3.27,3.96,70.06,2.42,-4.99,0.111,0.31,0.47,550,0.54,Green
Diamond,2.31,Good,SI1,58.47,,7.41,6.97,3.53,79.38,2.46,-0.63,0.109,0.337,0.423,450,0.34,Red
Topaz,4.04,Ideal,,61.33,60.3,9.86,6.2,5.48,64,1.22,-0.05,,0.494,0.516,700,0.69,FaintYellow
Emerald,2.42,Fair,VVS1,63.52,61.63,9.93,9.26,4.65,72.7,3.97,2.09,0.157,0.541,0.444,650,0.54,LightYellow
Emerald,0.91,Very Good,VS1,57.87,63.89,6.07,9.76,2.43,71.16,2.28,-4.82,0.494,0.329,0.11,650,0.35,Blue
Ruby,3.67,Premium,SI2,55.79,64.63,8.35,7.56,4.41,65.25,,1.32,0.217,0.424,0.139,500,0.58,Blue
Topaz,1.1,Fair,SI1,57.04,59.82,7.2,4.3,3.29,68.27,4.99,-4.24,0.18,0.479,0.439,550,0.34,Red
Diamond,3.75,Fair,VVS1,59.39,56.27,7.96,6.66,3.83,68.45,3.76,0.25,0.272,0.338,0.386,450,0.63,White
Diamond,2.5,Good,VVS2,60.15,68.2,8.12,3.01,2.37,64.63,1.46,-2.99,0.211,0.321,0.206,500,0.54,LightYellow
Ruby,2.38,Good,VS1,64.42,50.93,6.83,8.38,2.16,69.69,3.07,3.79,0.463,0.428,0.238,450,0.47,White
Amethyst,4.29,Very Good,VS2,55.16,57.12,8.7,3.29,6.34,63.72,4.14,-0.73,0.28,0.117,0.284,600,0.49,Blue
Topaz,3.6,Very Good,SI2,62.58,63.33,7.09,8.65,5.34,64.13,4.67,-3.75,0.489,0.486,0.368,650,0.33,LightYellow
Ruby,0.36,Very Good,VVS2,55.73,67.82,3.7,4.85,4.94,76.98,2.71,-4.72,0.508,0.186,0.599,600,0.6,Violet
Diamond,1.62,Ideal,VVS1,55.78,51.48,9.92,4.75,5.04,78.68,1,3.52,0.395,0.26,0.579,550,0.44,Blue
Sapphire,4.38,Premium,SI2,61.54,,5.13,3.63,4.87,67.79,2.63,4.38,0.412,0.205,0.333,550,0.39,LightYellow
Emerald,,Premium,IF,64.09,59.74,9.75,7.8,3.71,60.21,3.29,2.26,0.242,,0.462,600,0.53,Blue
Sapphire,2.82,Very Good,VVS2,57.88,63.73,5.05,5.56,4.24,77.81,1.44,1.64,0.423,0.55,0.19,700,0.61,White
,3.69,Good,VVS2,57.69,56.34,8.97,3.63,6.16,75.82,3.58,-2.51,0.354,0.592,0.272,650,0.36,
Topaz,3.18,Premium,VVS1,61.18,64.21,7.83,5.25,3.67,68.32,3.25,2.25,0.45,0.116,0.555,600,0.33,Red
Ruby,3.85,Fair,VS2,62.76,53.61,5.5,9.45,2.86,72.39,2.91,-3.46,0.434,0.165,0.167,600,0.59,LightYellow
,3.68,Ideal,VVS1,63.69,65.51,9.57,3.24,2.24,78.28,3.17,3.15,0.447,0.303,0.527,700,0.36,Blue
Emerald,,Good,VVS1,57.5,64.99,7.08,7.68,3.17,79.75,1.12,-0.63,0.527,0.117,0.127,600,0.36,White
Amethyst,4.14,Ideal,VS2,62.4,68.94,8.81,6.51,2.59,69.32,4.01,3.75,0.395,0.332,0.248,600,0.62,Green
Amethyst,3.3,Fair,VS2,58.07,53.46,8.58,,4.93,69.38,3.8,-1.57,0.49,0.257,0.234,500,0.69,FaintYellow
Sapphire,2.13,Premium,VVS2,60.45,64.44,3.32,5.74,3.06,77.42,1.8,-4.89,0.263,0.358,0.398,700,0.58,Red
Emerald,2.47,Ideal,IF,56.91,56.45,4.88,6.37,3.5,74.92,1.31,3.12,0.496,0.172,0.214,500,0.38,Green
Ruby,3.64,Ideal,VVS1,56.46,55.64,6.31,8.32,2.43,75.92,2.57,3.81,0.257,,0.2,500,0.41,Blue
,4.41,Ideal,IF,64.35,58.03,9.53,6.38,,72.38,4.03,-4.81,0.282,0.478,0.407,500,0.59,White
Topaz,1.51,Fair,VS2,60.47,55.7,3.44,5.63,6.3,67.3,2.58,-2.43,0.537,0.29,0.569,700,0.47,Green
Diamond,1.84,Good,,55.05,54.96,4.3,4.93,3.98,63.82,3.89,-1.83,0.226,0.534,0.102,600,0.6,Blue
Ruby,4.67,Good,VVS1,62.93,65.37,7.37,6.15,5.38,79.06,4.11,0.98,0.469,0.188,0.572,400,0.65,FaintYellow
Ruby,2.98,Fair,VVS2,61.91,63.99,7.57,7.03,4.57,63.04,1.18,-2.64,0.217,0.29,0.262,650,0.34,White
Amethyst,1.06,Ideal,SI2,58.26,52.19,4.15,5.62,3.43,68.95,2.58,4.26,0.221,0.129,0.2,400,0.51,Blue
Sapphire,3.39,Ideal,VVS1,59.64,61.2,9.64,9.31,6.24,69.56,4.95,4.63,0.402,0.134,0.314,700,0.55,Green
Diamond,4.96,Very Good,VVS2,59.5,56.62,4.24,9.97,4.33,77.81,1.11,0.85,0.118,0.38,0.599,650,0.59,FaintYellow
Diamond,4.15,Premium,VS1,57.75,69.42,4.28,4.43,5.47,74.2,4.58,4.86,0.425,0.479,0.385,600,0.5,Red
Topaz,3.78,Premium,VVS2,64.81,58.5,7.45,7.51,2.55,64.81,1.47,-3.29,0.468,0.562,0.557,700,0.55,Green
Ruby,1.2,Good,VVS1,60.44,50.81,5.95,4.44,3.02,64.01,3.44,-3.85,0.557,0.278,0.446,450,0.44,LightYellow
Sapphire,4.41,Fair,VVS1,63.97,56.63,3.18,6.79,4.04,78.94,4.8,-0.94,0.476,,0.41,550,0.41,LightYellow
Topaz,2.72,Ideal,VVS2,60.85,56.25,9.44,5.75,5.46,60.87,3.46,2.96,0.522,0.12,0.177,650,0.39,FaintYellow
Emerald,4.47,Premium,IF,61.9,50.11,3.53,4.72,5.67,77.9,1.76,0.89,0.217,0.203,0.315,600,0.42,Blue
Diamond,1.78,Fair,VVS2,55.3,59.76,4.09,5.39,6.4,64.36,1.83,1.3,0.256,0.326,0.359,650,0.45,Violet
Ruby,0.5,Fair,VS1,60.12,68.12,9.28,3.86,6.28,61.8,1.12,4.59,0.573,0.498,0.507,700,0.5,LightYellow
Topaz,2.48,Ideal,VS1,62.21,66.05,4.93,3.56,3.9,65.68,2.42,0.98,0.409,0.266,0.494,650,0.69,FaintYellow
Emerald,1.5,Fair,IF,56.22,63.69,8.72,6.15,4.39,71.04,3.34,-0.66,0.435,0.562,0.542,,0.58,Blue
Topaz,3.63,Premium,VS1,61.78,56.87,4.2,8.71,2.11,77.21,4.24,2.85,0.436,0.448,0.515,650,0.44,Violet
Diamond,4.79,Very Good,VVS1,55.84,54.64,3.34,7.78,4.2,73.53,3.33,2.65,0.598,0.349,0.528,450,0.33,Red
Ruby,3.52,Premium,IF,63.07,56.85,4.64,7.17,2.17,75.46,4.65,4.47,0.455,0.387,0.102,700,0.52,LightYellow
Diamond,4.46,Very Good,IF,64.78,52.46,8.19,5.94,2.06,78.28,3.77,1.14,0.481,0.386,0.189,700,0.39,White
Emerald,,Fair,IF,61.27,51.99,7.64,6.28,4.5,60.11,3.21,-4.85,0.557,0.41,0.151,650,0.61,LightYellow
Emerald,3.9,Premium,SI1,55.77,61.49,5.17,3.15,6.04,73.02,1.82,-1.66,0.256,0.488,0.156,700,0.35,Blue
Topaz,4.25,Ideal,VVS2,60.87,66.28,7.43,9.58,,67.71,4.14,-0.79,0.511,0.483,0.153,450,0.62,Green
Sapphire,3.61,Fair,VVS2,62.41,51.99,7.65,5.18,5.3,72.26,2.21,2.26,0.113,0.33,0.332,650,0.56,Blue
Topaz,2.64,Ideal,IF,64.33,56.7,6.95,9.4,5.36,61.06,2.28,0.95,0.16,0.332,0.313,400,0.38,Red
,3.2,Very Good,SI2,55.45,52.46,9.55,8.01,3.99,63.01,1.42,1.35,0.166,0.372,0.305,650,0.48,White
Diamond,3.56,Good,VS1,62.75,56.21,8.56,,4.55,74.36,1.2,-2.35,0.103,0.193,0.206,500,0.52,White
Ruby,1.41,Good,SI1,56.33,66.61,8.71,6.12,4.63,77.63,2.82,3.29,0.318,0.404,0.316,550,0.31,Blue
Topaz,4.09,Very Good,SI1,62.91,50.7,5.98,5.26,2.31,69.95,1.49,-1.8,0.593,0.51,0.165,600,0.33,LightYellow
Diamond,4.76,Good,VVS1,63.89,62.94,7.79,,2.21,63.88,2.35,2.16,0.239,0.283,0.491,450,0.39,Blue
Sapphire,2.43,Fair,VVS1,63.61,51.2,4.28,9.79,2.65,74.74,4.35,-2.38,0.19,0.296,0.504,550,0.49,FaintYellow
Diamond,3.57,Fair,VVS2,61.53,58.53,5.07,8.63,5.58,61.03,2.32,1.33,0.325,0.401,0.521,650,0.56,Blue
Ruby,3.74,Premium,VS2,60.01,59.48,6.52,5.74,4.53,74.58,3.48,0.08,0.469,0.313,0.597,550,0.49,Blue
Sapphire,3.38,Fair,IF,63.75,58.03,8.71,6.38,4.66,76.17,4.4,-3.71,0.125,,0.118,550,0.54,Red
Amethyst,2.83,Good,VS2,60.19,62.75,5.36,6.28,3.57,61.22,1.6,-1.96,0.367,0.155,,600,0.34,Green
,,Ideal,VVS1,56.9,69.47,6.08,4.82,5.91,68.07,4.79,0.41,0.337,0.401,0.221,400,0.42,FaintYellow
Ruby,2.35,Premium,SI2,64.43,55.35,9.7,8.93,6.34,62.45,3.24,-0.61,0.384,0.302,0.301,700,0.67,Green
,0.49,Ideal,VVS2,58.73,62.2,4.99,7.85,2.96,76.41,3.94,-0.96,0.402,0.494,0.517,400,0.51,Green
Sapphire,4.25,Good,VVS2,61.24,57.1,7.33,7.18,3.42,76.41,4.43,2.24,0.245,0.463,0.216,650,0.47,FaintYellow
Ruby,3.44,,VVS2,56.99,69.99,3.7,6.03,3.48,78.45,4.12,2.17,0.257,0.554,0.542,700,0.63,Violet
Topaz,4.28,Good,VVS2,56.11,,5.88,4.67,6.33,62.65,1.96,4.93,,0.372,0.478,450,0.67,LightYellow
Emerald,0.87,Fair,VVS2,60.51,51.87,5.31,7.48,4.33,74.4,2,-3.78,0.588,0.178,0.268,600,0.68,FaintYellow
Topaz,0.35,Premium,IF,60.55,69.47,3.09,4.66,4.55,77.78,1.71,-2.52,0.4,0.237,0.255,450,0.52,White
Emerald,4.68,Very Good,SI1,58.7,64.77,7.1,3.06,3.66,68.81,1.78,-2.12,0.182,0.563,0.242,700,0.62,Violet
Topaz,0.91,Good,VS2,58.12,69.85,5.32,3.47,6.05,66.57,4.22,-1.91,0.182,0.251,0.126,650,0.65,Violet
Emerald,4.09,Fair,SI2,58.74,65.42,4.76,7.86,2.86,74.29,3.24,-1.69,0.444,0.34,0.122,600,0.45,LightYellow
Ruby,4.15,Ideal,SI1,62.95,52.58,9.25,5.64,4.06,68.13,1.51,0.66,0.332,0.309,0.196,650,0.62,FaintYellow
Diamond,3.6,Fair,VVS1,58.58,65.01,4.61,4.44,3.01,68.91,2.24,-4.52,0.527,0.549,0.469,550,0.47,Violet
Amethyst,0.83,Ideal,VVS1,64.21,64.53,5.84,4.67,4.63,74.44,1.31,-0.34,,0.487,,,0.53,Red
Diamond,3.4,Ideal,SI1,56.13,53.33,9.65,6.46,4.47,69.05,4.31,2.08,0.111,0.118,0.426,400,0.41,Red
Topaz,4.47,Ideal,VVS2,64.32,65.06,3.56,9.34,2.59,76.49,3.46,2.25,0.421,0.333,0.399,700,0.35,Red
Emerald,2.24,Ideal,VVS2,61.9,63.5,9.57,4.88,5.74,74.1,1.66,0.53,,0.348,0.139,400,0.67,Green
Diamond,2.18,Premium,SI1,58.44,69.89,5.73,7.59,2.55,78.94,4.35,4.21,0.593,0.134,0.149,700,0.62,White
Diamond,2.33,Ideal,VVS2,55.07,62.37,8.54,8.78,2.79,70.78,4.59,-3.09,0.103,0.278,0.407,600,0.37,Blue
Topaz,0.59,Premium,SI1,63.02,58.29,5.49,6.42,3.22,73.17,3.82,4.86,0.204,0.309,0.462,700,0.31,Violet
Emerald,4.48,Very Good,SI2,64.69,69.08,5.91,3.19,5.66,61.18,2.99,-3.32,0.424,0.524,0.166,550,0.5,Red
Emerald,4.37,Premium,,64.82,62.56,6.06,8.57,2.92,75.46,4.09,-1.56,0.187,0.58,0.221,450,0.66,Blue
Ruby,4.99,Ideal,VVS1,59.23,56.97,9.63,9.16,2.99,72.44,2.53,-4.48,0.452,0.27,0.353,700,0.42,LightYellow
Diamond,3.01,Very Good,VVS2,55.71,50.42,6.85,3.22,4.93,69.62,2.79,4.62,0.358,,0.193,500,0.4,FaintYellow
Amethyst,3.81,Fair,VS2,58.14,65.13,4.52,3.81,5.73,79.44,2.72,0.81,0.169,0.567,0.159,450,0.59,Violet
,1.17,Premium,VS1,58.1,52.39,7.28,3.61,5.15,67.91,4.9,1.75,0.3,0.335,0.536,550,0.41,Green
Topaz,3.4,,IF,56.02,68.47,9.23,4.55,4.42,62.71,2.32,4.6,0.375,0.26,0.212,700,0.52,Red
Diamond,3.32,Very Good,SI2,60.25,69.23,4.5,6.47,4.93,65.58,2.99,2.56,0.378,0.156,0.127,500,,Blue
Emerald,4.53,Premium,VS1,61.05,54.73,5.36,3.23,4.46,78.21,4.54,4.79,0.345,0.399,0.553,650,0.67,White
,4.19,Ideal,VS1,62.29,52.26,7,4.18,3.61,64.19,1.34,0.34,0.467,0.413,0.129,400,0.45,Violet
Amethyst,4.7,Premium,SI2,55.51,61.91,9.91,5.85,5.11,79.32,2.16,2.2,0.28,0.33,0.47,600,0.35,Green
Emerald,4.37,Ideal,VS1,57.75,54.27,6.26,7.43,5.09,73.59,4,-3.43,0.41,0.454,0.541,700,0.56,LightYellow
,4.37,Good,VS2,58.55,60.84,7.09,9.37,4.85,64.04,3.95,-4.58,0.195,0.347,0.292,400,0.51,White
Emerald,0.51,Premium,SI2,63.92,58.28,3.95,8.81,4.86,61.33,3.23,-0.55,0.586,0.467,0.274,500,0.34,LightYellow
Diamond,4.26,Premium,VVS1,64.01,65.84,8.31,3.38,3.06,69.45,3.78,,0.219,0.167,0.197,650,0.46,Red
Sapphire,3.12,Fair,SI2,57.6,70,4.54,9.77,6.17,70.05,2.13,0.02,0.531,0.146,0.289,500,0.6,FaintYellow
Emerald,2.03,Fair,VVS2,59.87,59.14,5.3,4.87,6.47,66.98,3.59,-1.47,0.187,0.479,0.323,400,0.35,Green
Ruby,0.47,Very Good,VS2,59.25,63.7,7.97,5.54,4.5,60.91,1.19,-3.14,0.582,0.508,0.163,650,0.66,Red
Ruby,3.45,Ideal,VS2,60.27,56.84,7.99,3.52,3.01,78.49,4.94,4.85,0.593,0.207,0.208,450,0.59,White
Topaz,1.78,Fair,SI2,57.86,67.25,5.23,9.55,3.43,71.97,3.56,4.4,0.234,0.133,0.287,500,0.58,Green
Diamond,2.45,Very Good,SI1,59.63,50.74,8.95,6.82,5.33,69.69,1.72,-2.21,0.208,0.134,0.283,600,0.38,FaintYellow
Emerald,3.47,Ideal,VVS2,56.45,59.87,8.56,6.61,3.22,67.13,3.89,-0.72,0.473,0.217,0.169,500,0.64,Blue
Diamond,4.58,Ideal,SI1,62.1,53.54,7.31,3.11,4.74,73.54,3.56,1.69,0.44,0.372,0.586,650,0.62,LightYellow
Sapphire,4.16,Ideal,SI1,58.7,53.54,4.25,3.02,2.46,70.56,4.86,0.27,0.455,0.412,0.542,550,0.65,Green
Sapphire,2.36,Good,SI2,60.42,60.66,9.33,7.78,6.35,76.96,2.16,4.12,0.145,0.527,0.545,450,0.49,Violet
Topaz,2.06,Ideal,VS1,61.05,,6.69,6.38,5.78,71.13,1.23,4.88,0.38,0.526,0.172,700,0.3,LightYellow
Ruby,1.35,Very Good,SI1,63.37,59.18,5.63,6.55,5.7,70.44,1.73,-4.38,0.438,0.523,0.343,550,0.4,Green
Diamond,1.99,Ideal,IF,55.82,56.11,9.49,7.55,5.49,63.97,2.68,-0.51,0.258,0.223,0.443,600,0.4,White
Emerald,0.73,Ideal,VS1,59.83,59.1,9.8,4.02,2,61.48,1.95,-1.23,0.445,0.371,0.122,500,0.41,Red
Ruby,4.86,Very Good,VS1,63.94,55.72,8.02,9.99,2.31,64.22,3.97,-4.48,0.301,0.408,0.111,450,0.4,LightYellow
Ruby,2.95,Premium,SI1,58.3,66.07,8.54,3.57,4.65,63.23,1.19,4.12,0.264,0.337,0.196,450,0.67,Red
Sapphire,0.81,Ideal,SI1,59.45,61.16,4.73,4.88,5.46,74.48,1.51,-3.44,0.495,0.113,0.284,600,0.66,Red
Topaz,1.89,Very Good,VVS1,55.85,53.23,4.81,7.86,5.4,65.11,2.23,-4.63,0.204,0.286,0.166,400,0.67,Red
Diamond,2.83,Fair,VS1,62.51,,6.98,6.61,4.38,73.52,3.24,-4.04,0.102,0.17,0.186,550,0.38,Violet
Topaz,2.76,Very Good,IF,55.85,50.35,9.88,3.68,4.34,71.63,2.17,-0.62,0.489,0.108,0.508,400,0.6,LightYellow
Ruby,0.37,,VS2,61.31,58.43,8.2,8.42,2.39,65.02,3.25,-0.89,0.557,0.157,0.499,700,0.56,Violet
Ruby,4.76,Fair,SI2,,56.28,8.22,9.79,6.18,72.24,2.25,4.05,0.3,0.481,0.488,450,0.56,Green
Amethyst,1.52,Premium,SI1,58.38,55.24,4.8,6.31,3.41,73.91,,-4.81,0.294,0.439,0.22,500,0.39,White
Emerald,0.28,Premium,VS1,60.86,62.46,5.94,4.77,2.94,60.37,3.97,4.25,0.587,0.362,0.209,700,0.5,Violet
Sapphire,0.57,Very Good,VS2,60.68,66.26,5.4,3.75,4.69,71.17,4.16,-0.96,0.198,0.516,0.544,400,0.59,FaintYellow
Diamond,2.98,Very Good,SI1,59.05,51.27,5.12,4.44,2.11,75.44,4.83,-2.8,0.479,0.305,0.534,400,0.49,Red
Sapphire,0.86,Ideal,VVS1,57.78,52.2,8.12,5.18,6.33,62.28,4.3,4.77,0.137,0.25,0.284,500,0.65,White
Amethyst,0.4,Ideal,SI2,60.08,57.37,3.7,4.32,3.65,67.84,4.32,4.14,0.584,0.305,0.389,,0.4,FaintYellow
Sapphire,2.02,Good,SI1,57.67,58.83,4.16,7.79,,65.91,2.52,1.29,0.46,0.171,0.458,550,0.46,White
Emerald,3.19,Ideal,IF,56.03,57.9,5.89,3.16,2.68,72.76,2.24,-4.1,0.175,0.425,0.567,450,0.62,White
Diamond,0.74,Very Good,VVS2,62.99,62.77,5.12,,4.29,75.23,1.89,2.72,,0.343,0.13,650,0.64,Blue
Diamond,1.7,Very Good,VVS2,62.02,51.74,9.32,5.62,3.75,79.29,2.77,-4.23,0.534,0.583,0.386,450,0.33,Violet
Topaz,2.21,Ideal,SI1,55.84,59.89,4.4,9.15,3.38,69.95,2.51,-2.4,,0.424,0.558,,0.33,Red
Topaz,0.97,Good,VVS1,56.63,66.23,4.74,,2.6,74.37,1.89,1.04,0.499,0.43,0.231,650,0.64,FaintYellow
Topaz,2.63,Very Good,IF,56,68.57,4.25,7.08,3.46,70.48,1.01,-4.65,0.58,0.438,0.138,600,0.46,FaintYellow
Ruby,0.61,Good,SI1,62.91,61.21,9.01,3.03,5.69,67.17,2.82,-2.02,0.562,0.163,0.162,550,0.37,FaintYellow
Emerald,0.42,Very Good,VS2,,52.77,4.41,9.42,5.58,64.09,4.92,-1.42,,0.555,0.148,500,,FaintYellow
Sapphire,2.7,Good,VVS1,59.08,64.55,5.46,7.46,4.58,77.76,3.92,-4.49,0.441,,0.137,400,0.33,Violet
Amethyst,1.39,Good,VS1,63.21,65.93,7.69,8.56,5.39,71.69,4.76,0.66,0.308,0.228,0.185,500,0.67,LightYellow
Ruby,0.66,Good,VS2,64.74,53.93,3.54,6.99,4.76,72.81,3,1.75,0.149,0.119,,650,0.4,Green
Emerald,2.23,Ideal,SI1,64.7,63.55,8.72,8.71,2.52,72.34,4.95,-4.06,0.238,0.46,0.113,,0.35,Violet
Sapphire,4.59,Premium,VS1,64.81,68.61,7.94,3.59,6.17,64.74,1.8,-1.25,0.337,0.416,0.26,600,0.32,White
Amethyst,3.68,Good,VS1,63.46,64.38,4.83,7.97,4.25,66.46,3.21,-1.81,0.435,0.284,0.34,500,0.33,FaintYellow
Ruby,4.11,Good,SI2,57.17,58.31,5.74,4.04,5.33,76.9,2.04,-0.09,0.218,0.273,0.191,400,0.6,
Topaz,4.39,Very Good,VS2,55.57,58.86,7.34,7.04,5.94,68.98,1.91,4.33,0.435,0.393,0.164,400,0.54,FaintYellow
Sapphire,4.87,Premium,SI2,,51.59,9.63,9.9,5.96,60.29,4.74,-0.11,0.597,0.14,0.129,700,0.32,Green
Ruby,3.86,Very Good,,58.09,60.52,,4.26,6.2,68.73,3.31,-4.97,0.356,0.576,0.599,600,0.55,Blue
Topaz,3.12,Very Good,SI2,58.38,66.05,4.77,4.79,4.91,64.65,1.33,-4.64,0.463,0.227,0.174,450,0.63,Violet
Topaz,1.95,Good,VVS2,55.73,69.57,6.38,4.48,4.85,77.24,2.47,-1.59,0.493,0.262,,550,0.31,
Ruby,1.07,Fair,SI2,62.15,57.99,6.15,5.89,3.08,70.24,,-3.95,0.217,0.275,0.434,450,0.35,Blue
Ruby,3.5,Premium,VS2,59.31,58.71,6.73,6.42,3.41,79.88,1.37,-2.02,0.129,0.514,0.402,400,0.55,Red
Amethyst,4.98,Very Good,VVS1,57.04,51.1,6.63,4.12,4.72,60.65,1.09,1.4,0.4,0.129,0.485,600,0.37,LightYellow
Sapphire,2.44,Fair,VVS2,61.52,65.5,5.55,3.19,3.13,71.04,4.38,-2.41,0.327,,0.281,600,0.33,LightYellow
Topaz,3.67,Fair,VVS1,64.8,64.33,9.1,5.39,3.61,61.05,3.73,-3.85,0.516,0.502,0.392,550,0.59,Violet
Sapphire,2.58,Very Good,IF,59.98,58.06,5.31,5.67,2.75,65.68,1.28,2.01,0.393,0.526,0.184,500,0.51,White
Amethyst,2.27,Good,VVS1,61.06,64.19,6.71,5.68,5.38,64.6,1.73,4.17,0.373,0.403,0.288,400,0.46,FaintYellow
Emerald,2.17,Ideal,VS2,56.63,62.46,4.83,7.65,4.84,65.64,1.28,4.11,0.233,0.281,0.587,400,0.43,Green
Diamond,2.62,,VVS1,56.61,65.38,6.04,6.14,5.26,79.62,1.28,1.53,0.418,0.426,0.414,650,0.55,Red
Diamond,1.96,Good,IF,59.58,56.28,7.77,3.76,4,65.57,4.6,-3.15,0.143,0.232,0.187,500,0.44,Green
Ruby,3.79,Premium,VS1,63.45,63.02,8.3,9.53,5.31,63.29,4.01,3.73,0.294,0.171,0.561,400,0.5,Green
Ruby,4.4,Good,VS2,64.09,62.51,8.64,7.9,4.1,79.03,3.05,2.62,0.577,0.214,0.311,450,0.37,LightYellow
Emerald,4.44,Fair,SI1,61.42,51.81,8.16,4.49,4.4,,2.28,3.39,0.13,0.459,0.28,450,0.66,FaintYellow
Sapphire,1.29,Premium,VVS2,58.61,55.62,6.27,9.55,2.57,65.73,3.45,-3.51,0.578,0.514,0.308,400,0.34,Green
Emerald,4.5,Premium,VVS2,62.5,67.2,3.26,9.94,2.16,73.18,2.14,-0.16,0.347,0.241,0.336,,0.32,FaintYellow
Amethyst,1.84,Ideal,VVS1,57.92,53.12,6.67,4.38,,75.77,1.57,0.33,,0.526,0.274,500,0.48,White
Amethyst,1.68,Ideal,VVS2,57.2,57.59,3.39,5.66,6.01,60.34,2.95,2.75,0.428,0.423,0.192,700,0.65,LightYellow
Topaz,3.69,Very Good,SI2,62.95,54.5,9.77,3.48,3.62,64.7,4.38,-1.74,0.136,0.276,0.173,,0.6,Red
Sapphire,1.66,Good,IF,62.51,52.8,5.65,6.38,5.81,71.42,,-1.53,0.519,0.589,0.365,550,0.32,White
Ruby,0.45,Very Good,SI1,63.82,52.73,6.53,8.51,3.24,70.22,4.14,3.86,0.482,0.173,0.217,400,0.66,Red
Diamond,1.99,Ideal,SI2,60.76,56.96,3.91,9.33,5.29,68.43,1.72,2.4,0.539,0.502,0.544,700,0.38,Red
Sapphire,3.66,Fair,VVS2,63.97,66.07,9.97,6.82,4.62,60.62,4.85,1.39,0.414,0.427,0.554,500,0.5,Green
Ruby,1.77,Ideal,SI2,55.26,69.33,6.45,5.28,2.15,79.02,1.3,-3.79,0.29,0.584,0.267,550,0.42,White
Ruby,3.22,Good,VVS1,57.54,61.44,5.09,7.02,3.09,74.3,3.04,-4.31,0.561,0.518,0.187,400,0.38,Violet
Sapphire,3.37,Fair,VVS2,63.04,62.7,4.35,3.81,4.83,79.91,2.49,1.46,0.585,0.328,0.488,450,0.55,Green
Diamond,3.72,Very Good,,59.24,65.57,7.55,8.85,2.93,77.5,3.37,0.13,0.467,0.515,0.15,600,0.57,Violet
Ruby,4.51,Very Good,VS1,57.39,63.24,6.05,6.64,4.65,71.47,4.76,4.85,0.19,0.1,0.544,550,0.52,Violet
Topaz,2.28,Ideal,VS1,62.96,66.97,5.22,9.88,5.18,67.05,1.44,3.52,0.237,0.125,0.294,700,0.36,Blue
Ruby,1,Ideal,VVS2,63.22,67.68,3.07,5.81,3.56,63.28,1.53,0.7,0.489,0.348,0.217,550,0.51,Green
Sapphire,1.73,Very Good,VS2,59.56,62.55,3.25,7.57,5.11,64.23,2.34,-3.81,0.206,0.432,0.527,450,0.51,FaintYellow
Emerald,2.27,Very Good,SI1,59.67,60.66,7.86,5.38,4.89,77.36,3.56,-4.02,0.233,0.127,0.422,650,0.47,White
Emerald,3.63,Premium,VVS2,62.81,57.82,6.36,4.03,6.44,77.22,1.59,-0.38,0.136,0.487,0.113,550,0.7,White
Emerald,0.26,Good,,62.71,59.23,8.94,8.28,4.77,77.21,1.52,-3.51,0.408,0.468,0.585,650,0.65,FaintYellow
Amethyst,1.72,Premium,VS1,63.67,56.91,8.27,7.71,3.24,77.21,4.17,1.85,0.301,0.157,0.59,700,0.63,Blue
Sapphire,3.94,Premium,IF,61.46,58.54,7.01,8.46,3.11,63.73,4.18,-4.53,0.213,0.333,0.522,450,0.46,Violet
Diamond,,Very Good,VVS1,56.86,67.99,6.93,9.86,4.97,77.07,3.72,4.94,0.365,0.302,0.516,650,0.56,Red
Diamond,3.71,Good,IF,60.5,69.45,8.22,9.95,2.47,62.51,2.64,4.46,0.372,0.349,0.156,550,0.66,FaintYellow
Emerald,4.1,Very Good,VS2,58.82,57.23,8.19,9.5,3.02,68.29,3.29,1.04,0.194,0.142,0.149,650,0.59,Violet
Topaz,3.96,Premium,VVS1,55.27,54.41,5.34,9.26,2.04,79.85,3.46,-3.02,0.113,0.22,0.13,600,0.45,FaintYellow
Emerald,3.47,Premium,VVS2,56.97,51.56,3.74,5.11,4.3,73.96,3.72,-2.18,0.538,0.599,0.26,500,0.49,Blue
Emerald,2.31,Very Good,VVS2,57.06,66.74,8.4,6.28,5.54,72.94,1.93,-2.06,0.179,0.41,0.207,600,0.69,Violet
Ruby,4.92,Ideal,VS2,55.82,67.41,4.56,3.33,4.3,64.54,3.06,-3.14,0.524,0.425,0.261,450,0.33,LightYellow
Topaz,,Ideal,SI1,59.53,,8.54,7.79,3.29,74.73,4.99,-3.9,0.335,0.396,0.429,400,0.38,White
Amethyst,1.17,Very Good,VS1,60.08,60.85,7.33,6.82,5.77,70.95,1.7,1.63,0.422,0.467,0.234,550,0.66,Violet
Diamond,1.61,Fair,SI1,58.4,64.8,5.51,7.95,4.18,69.63,1.31,2.48,0.312,0.49,0.343,650,0.34,White
Amethyst,3.53,Fair,VVS2,59.12,57.52,8.97,7.77,,64.68,1.28,-2.56,0.449,0.106,0.44,450,0.54,Violet
Diamond,4.64,Ideal,IF,60.49,54.03,7.84,4.9,6.44,62.5,3.67,2.58,0.235,0.31,0.177,700,0.55,Violet
Diamond,1.06,Good,VS1,56.2,52.29,6.82,6.23,5.66,64.57,4.26,-3.35,0.211,0.585,0.596,650,0.35,Blue
Emerald,0.6,Premium,VVS2,60.62,54.7,5.11,3.74,5.83,70.1,1.95,-2.67,0.312,0.427,0.534,,0.38,FaintYellow
Ruby,4.43,Good,VS1,62.1,62.91,9.9,3.59,2.54,79.29,1.14,2.84,0.328,0.545,0.468,500,0.38,LightYellow
Topaz,4.59,Ideal,SI1,63.75,56.95,8.87,6.22,,65.05,3.86,4.78,,0.29,0.594,500,0.63,Violet
Amethyst,1.53,Very Good,VVS1,58.02,67.35,3.96,6.89,6.49,73.55,3.99,2.78,0.538,0.156,0.142,700,0.57,Blue
Sapphire,2.01,Fair,VVS2,62.47,51.75,8.64,5.23,3.46,63.51,2.05,-3.03,0.271,0.185,0.126,550,0.54,Red
Diamond,3.37,Ideal,VVS2,61.06,58.33,3.84,3.43,2.19,68.15,,-2.02,0.532,0.27,0.228,500,0.7,Green
Diamond,1.78,Good,VS1,60.03,55.14,4.73,7.63,2.15,65.53,4.2,1.4,0.319,0.575,0.268,600,0.58,White
Sapphire,4.41,Good,VVS1,64.2,67.75,9.7,7.74,6.4,66.91,2.44,4.55,0.28,0.585,0.433,700,0.68,White
Amethyst,0.72,Ideal,IF,61.2,66.12,9.09,5.25,3.95,64.45,3.08,4.95,0.524,0.531,0.599,400,0.48,Red
Ruby,0.38,Premium,VVS1,58.66,69.69,7.24,3.01,3.28,79.46,4.6,0.88,0.211,0.38,0.554,550,0.62,White
Topaz,1.2,Good,IF,62.13,52.39,7.89,7.45,4.31,66.64,1.82,-0.64,0.138,0.381,0.425,400,0.41,Green
Diamond,1.57,Premium,SI2,64.6,65.64,3.63,3.49,4.75,77.45,1.52,-2.58,0.22,0.517,0.203,600,0.41,Red
Diamond,0.74,Premium,SI2,64.18,52.52,5.33,4.56,5.96,66.74,3.33,-4.24,0.108,0.128,0.378,,0.63,Blue
Sapphire,0.52,Very Good,VS2,64.8,53.1,5.26,4.73,3.99,70.25,3.66,-1.93,0.323,0.311,0.476,700,0.65,LightYellow
Diamond,3.83,Ideal,SI1,55.95,50.78,3.23,4.84,5.84,78.28,2.57,0.6,0.434,0.413,0.496,400,0.45,Green
Topaz,0.99,Ideal,VVS1,59.43,59.29,7.93,7.32,3.17,64.37,1.13,1.39,0.28,0.148,0.595,550,0.35,Violet
Emerald,,Premium,IF,59.33,52.52,5.15,3.55,4.47,69.22,1.36,-1.69,0.583,0.143,0.133,600,0.43,Blue
Emerald,1.97,Very Good,VS1,58.84,56.97,7.43,7.52,5.52,78.96,2.07,4.6,0.14,0.216,0.571,600,0.37,Blue
Diamond,3.42,Good,IF,56.78,55.52,3.19,6.39,3.99,77.03,1.88,-4.06,0.191,0.392,0.183,650,0.55,LightYellow
,1.28,Good,VS2,63.32,69.53,3.01,5.44,3.25,70.81,2.26,2.09,0.25,0.519,0.418,500,0.41,Blue
Topaz,1.35,Ideal,IF,61.73,63.17,4.19,7.23,5.64,64.82,3.15,-1.23,0.214,0.401,0.436,600,0.59,Blue
Topaz,2.96,Premium,SI1,61.06,58.21,7.92,9.11,5.63,70.92,1.22,2.8,0.217,0.432,0.236,500,0.32,Blue
Sapphire,2.89,Very Good,SI2,59.47,67.57,7.23,6.81,3.27,76.71,1.91,3.35,0.184,0.26,0.178,550,0.48,FaintYellow
Amethyst,3.89,Very Good,VVS1,58.89,51.28,4.41,4.09,4.72,73.62,4.2,2.25,0.373,0.303,0.256,550,0.34,White
Diamond,3.84,Good,IF,62.86,56.69,6.66,6.9,3.11,70.18,1.67,0.71,0.462,0.493,0.248,600,0.61,FaintYellow
Topaz,3.42,Good,VVS1,60.27,60.29,7.33,6.18,6.03,,2.2,-4.23,0.349,0.49,0.496,500,0.45,FaintYellow
Diamond,2.36,Fair,VS2,61.08,51.08,9.57,9.58,2.34,72.74,2.83,-3.59,0.391,0.595,0.205,700,0.62,FaintYellow
Amethyst,,Fair,IF,56,52.92,8.34,7.15,3.72,65.95,1.65,0.97,0.261,0.103,0.464,600,0.58,FaintYellow
,3.19,Premium,IF,59.71,67.9,3.95,3.25,4.93,60.25,4.04,4.64,0.257,0.455,0.175,450,0.65,Red
Diamond,4.95,Fair,VS2,56.3,53.59,4.89,3.85,5.87,67.59,1.11,0.3,0.532,0.586,0.301,550,0.67,Green
Diamond,4.13,Very Good,SI1,55.54,68.43,5.82,6.73,5.58,64.04,2.71,4,0.365,,0.185,500,0.34,White
Sapphire,0.41,Fair,IF,61.89,51.92,3.74,8.57,5.08,77.88,3.19,4.26,0.264,0.283,0.564,550,0.33,LightYellow
Topaz,1.74,Ideal,VVS1,57.75,67.76,6.89,3.67,6.17,62.42,1.5,-3.8,0.485,0.337,0.502,400,0.57,Green
Diamond,2.95,Ideal,SI1,64.65,,9.35,6.96,2.11,66.78,3.75,-0.44,0.351,0.338,0.109,700,0.35,White
Emerald,3.66,Good,VVS2,61.05,61.47,5.14,6.17,6.41,64.3,1.39,2.53,0.132,0.41,0.279,700,0.61,White
Ruby,2.84,Good,SI1,61.45,55.63,9.89,5.54,3.56,63.38,3.22,-0.91,0.247,0.295,0.274,700,0.63,FaintYellow
Ruby,3.97,Premium,SI2,56.97,55.47,4.75,3.57,5.37,69.91,4.59,-2.06,0.579,0.167,0.339,700,0.65,Red
Topaz,1.56,Ideal,VVS2,56.29,59.84,6.31,9.16,3.26,79.62,1.66,4.14,0.364,0.521,0.209,450,0.45,White
Topaz,1.08,Premium,SI2,60.25,57.12,5.4,8.34,3.87,67.64,3.28,0.97,0.513,0.384,0.367,600,0.7,LightYellow
Ruby,0.46,Premium,VVS1,64.26,51.55,5.16,9.45,5.94,69.77,4.3,1.28,0.209,0.578,0.26,400,0.55,Red
Topaz,2.95,Fair,SI2,55.56,57.07,5.65,4.17,4.02,72.73,1.86,1.99,0.507,0.234,0.307,700,0.6,Violet
Diamond,3.51,Good,IF,60.08,55.09,3.23,7.01,5.98,73.86,1.08,4.73,0.503,0.392,0.308,400,0.61,Red
Diamond,1.77,Premium,VVS1,56.99,66.99,6.72,3.13,,69.02,1.09,1.15,0.232,0.146,0.499,450,0.51,Violet
Sapphire,3.15,Premium,VS2,62.82,66.77,8.19,4.24,3.19,61.6,1.98,-4.84,0.418,0.207,0.404,650,0.58,LightYellow
Amethyst,0.45,Good,VVS1,61.82,52.83,9.05,8.52,4.19,76.78,3.86,4.66,0.273,0.461,0.268,450,0.59,LightYellow
Amethyst,0.68,Good,VVS2,55.97,64.6,5.27,5.01,2.4,71.04,2.36,-2.73,0.298,0.398,0.508,400,0.61,LightYellow
Emerald,3.57,Ideal,SI2,61.16,59.02,6.85,4.38,4.15,69.36,2.92,4.61,0.49,0.591,0.233,500,0.48,FaintYellow
Amethyst,1.97,Good,SI1,64.84,67.37,9.25,6.8,5.54,76.83,1.23,,0.404,0.275,0.189,600,0.67,Blue
Ruby,3.42,Fair,SI2,60.28,55.48,8.6,7.59,2.31,71.97,4.53,3.59,0.182,0.363,0.152,500,0.46,Green
Amethyst,,Ideal,VS1,57.85,51.76,6.25,7.27,3.05,64.25,2.64,-0.99,,0.6,0.44,650,0.67,LightYellow
Emerald,4.29,Premium,VS2,56.52,66.01,4.15,3.69,3.9,68.47,4.15,,0.259,,0.241,500,0.46,Violet
Topaz,1.03,Fair,IF,64.9,67.37,6.91,,5.41,73.77,1.07,,0.558,0.403,0.305,650,0.47,Red
Amethyst,2.53,Fair,SI2,60.64,66.81,9.93,4.24,5.38,79.71,3.8,2.39,0.231,0.588,0.559,500,0.6,Green
Amethyst,3.72,Ideal,SI1,58.75,56.59,8.3,9.48,5.99,72.25,3.01,3.05,0.558,0.241,0.331,400,0.64,Blue
Amethyst,3.92,Premium,VVS1,57.14,50.62,8.94,6.39,2.65,63.89,2.04,3.49,0.24,0.101,0.215,500,0.56,FaintYellow
Ruby,3.97,Ideal,VS2,64.5,52.79,4.32,3.72,2.7,60.35,3.86,-2.77,0.503,0.22,0.462,500,0.53,Green
Ruby,1.3,Very Good,VVS2,61.27,68.39,9.33,4.04,5.01,66.07,2.96,3.31,0.226,0.343,0.474,650,0.46,Violet
Diamond,1.12,Very Good,SI2,55.58,57.28,3.1,6.02,2.81,68.56,3.4,-0.96,0.59,0.167,0.595,400,0.47,Red
Ruby,3.03,Ideal,IF,55.59,67.6,9.04,9.99,3.86,72.45,3.94,1.07,0.545,0.378,0.158,400,0.54,LightYellow
Diamond,3.76,Premium,VVS1,64.39,69.62,4.67,9.2,4.43,63.89,1.36,-4.38,0.179,0.474,0.24,700,0.41,Blue
Amethyst,1.73,Premium,SI2,62.1,57.91,7.36,9.86,3.16,61.68,3.76,1,0.4,0.176,0.201,600,0.49,LightYellow
Topaz,0.7,Good,SI1,,65.53,5.05,6.18,5.11,64.47,2.71,3.25,0.227,0.294,0.378,700,,Red
Emerald,3.64,Fair,VVS1,61.24,53.38,3.95,7.76,5.86,70.69,4.72,-2.17,0.24,0.331,0.567,550,0.39,White
Ruby,1.64,Ideal,IF,59.19,57.67,4.73,6.63,2.05,62.6,4.51,-0.38,0.485,0.422,0.383,550,0.44,White
Sapphire,1,Fair,SI1,62.89,64.1,6.31,3.21,3.3,63.07,4.01,3.21,0.135,0.428,0.224,650,0.68,Green
Sapphire,0.91,Fair,VS1,57.74,54.14,9.44,3.99,5.2,77.92,3.93,-2,0.426,0.37,0.298,450,0.58,LightYellow
Amethyst,1.71,Very Good,VS1,58.83,56.4,5.72,5,3.24,61.79,4.54,4.19,0.365,0.121,0.487,600,0.38,FaintYellow
Sapphire,3.04,Very Good,VS2,56.67,61.28,3.39,5.19,,73.98,4.18,-3.46,0.503,0.354,0.355,600,0.42,Violet
Sapphire,1.92,Ideal,SI2,57.52,63.82,3.17,7.86,5.4,60.49,4.85,-0.24,0.132,0.116,0.204,700,0.64,FaintYellow
Topaz,,Ideal,VVS1,56.89,57.14,4.47,8.05,3.55,71.74,4.45,1.34,0.26,0.523,0.448,700,0.67,Green
Amethyst,0.67,Premium,VS2,55.24,57.54,3.36,6.15,5.54,76.5,2.32,-0.29,0.198,0.469,0.449,450,0.61,Blue
Amethyst,1.59,Ideal,IF,55.46,52.2,5.6,5.65,5.67,70.69,3.79,-0.87,0.41,0.327,0.58,550,0.64,FaintYellow
Amethyst,3.37,Premium,SI1,63.36,69.68,5.69,4.24,6.46,65.11,4.46,1.37,0.45,0.38,0.527,600,0.66,Green
Emerald,0.67,Premium,VS2,63.04,62.24,9.8,3.29,3.95,60.41,,3.88,0.103,0.301,0.524,400,0.39,Blue
Amethyst,2.89,Ideal,SI2,56.41,60.61,,7.1,4.14,60.2,3.49,1.63,0.393,0.479,0.551,550,0.49,FaintYellow
Ruby,0.78,Premium,VVS1,61.68,54.23,7.19,5.44,5.52,76.42,,1.24,0.294,0.578,0.412,400,0.56,White
Sapphire,1.22,Fair,SI2,62.46,59.76,8.73,6.34,5.91,72.56,1.33,2.45,0.493,0.473,0.339,600,,White
Emerald,1.03,Premium,VS1,55.51,58.95,6.59,9.31,4.27,69.1,2.28,-0.96,0.398,0.324,0.124,400,0.53,Blue
Diamond,0.52,Fair,VS1,55.89,55.17,7.88,7.67,2.1,70.12,3.42,-4.83,0.374,0.164,0.297,450,0.67,Violet
Topaz,3.42,Fair,IF,60.63,58.93,9.82,8.45,,70.61,3.31,4.39,0.468,0.241,0.35,550,0.42,Violet
Emerald,2.42,Fair,VVS2,58.74,54.07,5.27,4.26,3.01,67.17,4,,0.437,0.384,0.572,600,0.59,LightYellow
Ruby,4.19,Good,VS2,61.99,64.2,3.52,3.01,2.44,,4.5,2.68,0.379,0.117,0.372,450,0.45,White
Topaz,0.67,Good,IF,60.58,68.18,6.01,3.95,3.53,79.87,3.25,0.89,0.324,0.412,0.398,450,0.59,White
Amethyst,0.89,Premium,VS1,55.31,50.05,6.78,8.38,3.76,70.23,3.57,1.94,0.461,0.253,0.417,600,0.41,White
Ruby,1.67,Ideal,SI2,61.84,61.13,7.06,6.11,6.42,69.87,2.7,3.18,0.525,0.199,0.561,400,0.44,White
Amethyst,3.88,Premium,VVS1,57.04,64.65,8.17,4.5,4.05,78.53,1.23,-0.07,0.271,0.381,0.297,650,0.55,Red
Diamond,1.67,Good,VVS1,58.13,68.14,9.29,9.73,6.35,73.25,2.31,-4.66,0.567,0.345,0.557,450,0.58,FaintYellow
Diamond,2.16,Very Good,SI1,62.36,57.17,6.5,6.41,5.3,72.77,3.16,4.63,0.531,,,550,0.37,Blue
Ruby,1.65,Very Good,VVS2,,68.14,4,5.58,3.14,61.24,2.97,3.03,0.33,0.244,0.128,700,0.37,Blue
Emerald,0.59,Premium,,58.46,66.51,5.82,9.84,5.16,69.79,3.25,1.42,0.113,0.279,0.302,450,0.67,LightYellow
Sapphire,4.71,Good,VS1,,60.5,4.09,3.94,3.81,72.03,3.5,3.89,0.572,0.218,0.144,450,0.42,FaintYellow
Sapphire,2.83,Fair,VVS2,62.7,55.14,4.28,7.2,4.61,,1.28,4.24,0.33,0.581,0.205,400,0.55,Green
Sapphire,3.98,Good,VVS2,63.7,63.06,3.01,8.24,4.34,74.67,1.05,3.77,0.363,0.466,0.281,700,0.31,Blue
Ruby,,Premium,VVS1,64.64,55.21,9.51,9.59,6.19,79.81,1.91,-3.58,0.499,0.243,0.581,700,0.69,LightYellow
Topaz,2.67,Good,SI1,58.18,56.98,8.22,8.84,2.58,61.57,,2.29,0.208,0.391,0.394,550,0.66,Green
Amethyst,0.63,Very Good,VS2,56.24,59.34,3.7,5.03,4,70.94,2.36,-1.81,0.197,0.229,0.592,550,0.47,Violet
Sapphire,3.29,Fair,SI2,64.38,59.96,9.44,4.82,2.37,62.22,3.33,-4.58,0.479,0.129,0.253,550,0.32,FaintYellow
Emerald,0.95,Premium,VVS1,59,53.78,9.09,,3.15,76.08,3.55,-2.21,0.259,0.263,0.434,550,0.63,Red
Emerald,2.19,Premium,SI1,55.94,63.88,9.37,4.17,2.35,71.5,1.7,1.55,0.411,0.167,0.374,650,0.46,Red
,3.22,Ideal,VVS1,59.99,69.84,3.68,8.11,6.22,65.48,3.35,4.13,0.339,0.475,0.295,450,0.36,White
Emerald,3.95,Fair,VS1,56.91,54.88,3.56,5.02,3.42,68.81,4.98,1.91,0.174,0.569,0.554,550,0.4,Violet
Topaz,3.49,Premium,SI1,58.55,61.09,3.47,6.09,5.52,78.62,4.85,0.82,0.581,,0.335,600,0.42,Red
Amethyst,3.42,Good,SI1,58.2,59.09,9.77,7.83,5.37,75.59,2.41,-1.66,0.284,0.562,0.297,500,0.46,Blue
Emerald,0.92,Good,VS1,64.87,56.16,7.62,7.65,2.63,70.64,1.81,-2.78,0.261,0.492,0.221,500,0.66,White
Amethyst,1.86,Good,SI1,61.4,58.4,4.25,8.55,2.63,76.02,4.62,0.52,0.562,0.469,0.471,600,0.63,Violet
Ruby,0.41,Good,SI2,59.92,64.65,9.5,3.41,3.7,60.61,4.01,-0.16,0.199,0.13,0.406,450,0.53,Green
Emerald,3.65,Premium,VS2,60.14,58.29,6.1,7,4.56,77.94,1.95,1.85,0.107,0.266,0.221,600,0.39,LightYellow
Diamond,4.77,Very Good,IF,61.04,60.14,8.5,9.25,3.92,75.04,2.33,0.38,0.29,0.404,0.51,400,0.62,Violet
Diamond,,Fair,VVS2,63.73,59.54,7.45,5.61,5.46,75.93,2.72,-0.84,0.505,0.544,0.574,700,0.57,FaintYellow
Ruby,0.62,Good,SI1,56.46,61.1,7.55,4.34,4.41,70.73,2.56,3.47,0.114,0.259,0.445,650,0.62,Red
Sapphire,2.48,Premium,VVS2,61,55.82,6.08,3.48,5.97,73.9,3.46,2.95,0.519,0.354,0.311,650,0.42,Blue
Topaz,4.31,Premium,VVS1,58.22,60.19,5.76,9.58,4.67,72.84,3.89,3.13,0.213,0.418,0.496,450,0.49,Green
Sapphire,2.85,Good,VVS1,60.71,52.7,4.13,3.03,4.67,76.26,4.6,-4.09,0.457,0.182,0.377,400,0.37,FaintYellow
Topaz,0.42,Ideal,SI1,60.18,64.83,3.5,8.54,4.97,74.09,1.7,-3.51,0.328,0.33,0.114,,0.49,Green
Topaz,4.88,Premium,SI1,55.3,52.22,9.5,4.85,4.71,70.06,2.46,-3,0.155,0.415,0.427,550,0.69,White
Ruby,4.18,Fair,SI1,60.82,65.7,9.56,4.7,4.75,61.7,4,4.1,0.325,0.161,0.48,700,0.52,FaintYellow
Emerald,0.83,Fair,SI2,62.09,66.51,7.49,4.1,4.02,79.88,3.78,-1.38,0.221,0.201,0.245,650,0.38,LightYellow
Topaz,4.62,Ideal,SI2,57.46,50.38,5.72,4.36,2.41,67.04,4.59,1.55,0.245,0.146,0.249,650,0.38,Blue
Emerald,2.36,Premium,VS2,56.07,66.62,3.18,6.6,3.66,75.21,3.84,-4.58,0.499,0.406,0.265,400,0.32,Red
,1.99,Ideal,SI1,57.12,62.96,6.13,9.13,5.46,72.22,1.46,2.33,0.529,0.526,0.44,500,0.46,Blue
Diamond,2.41,Premium,SI2,61.36,51.94,7.61,5.57,2.17,79.56,3.88,2.63,0.386,0.307,0.212,400,0.41,Violet
Topaz,4.21,Premium,VVS2,59.69,69.96,5.1,8.22,5.11,79.28,1.12,,0.537,0.386,0.455,450,0.43,White
Diamond,3.37,Ideal,VVS1,63.65,62.31,5.4,4.73,6.41,68.69,3.25,-4.57,0.442,0.571,0.157,450,0.57,FaintYellow
Diamond,,Very Good,VVS1,57.85,58.02,6.31,9.33,3.96,77.04,,-4.02,0.233,0.58,0.357,550,0.55,White
Amethyst,4.8,Good,SI2,58.65,67.7,6.46,9.4,2.96,62.41,4.3,2.43,0.527,0.39,0.478,450,0.68,Blue
Ruby,0.91,Good,SI1,60.28,50.83,8.2,3.76,2.1,64.23,3.4,1.27,0.159,0.405,0.434,450,0.45,FaintYellow
Amethyst,3.78,Good,VS1,59.6,64.35,6.5,8.87,5.85,71.47,3.54,-1.36,0.32,0.364,0.412,650,0.64,FaintYellow
Topaz,3.25,Ideal,SI2,60.48,52.87,8.92,7.91,2.66,,1.61,0.54,0.308,0.267,0.466,400,0.66,FaintYellow
Diamond,1.1,Premium,IF,58.12,61.05,6.38,5.76,2.19,62.38,1.25,-4.96,0.365,0.196,0.161,500,0.42,White
Amethyst,1.02,Premium,SI1,56.67,51.92,3.22,8.84,4.18,64.06,1.41,-0.69,0.473,0.311,0.365,400,0.43,White
Topaz,4.38,Fair,VS2,63.03,63.58,3.99,9.32,3.72,66.65,1.92,-3.33,0.162,0.582,0.512,400,0.68,White
Sapphire,2.21,Premium,IF,55.39,59.3,8.03,6.47,6.32,79.65,2.79,4.66,0.458,0.345,0.319,550,0.46,Red
Topaz,3.34,Very Good,IF,58.7,50.13,6.16,6.56,4.08,61.76,2.57,-1.83,0.331,0.284,0.215,400,0.68,Red
Ruby,2.62,Good,SI1,55.87,51.43,6.23,7.93,5.76,61.71,2.21,2.97,0.234,0.428,0.146,450,0.42,Red
Amethyst,3.69,Very Good,VS2,62.36,64.06,9.85,4.71,6.19,60.88,4.55,-3.73,0.504,0.399,0.522,650,0.65,LightYellow
Diamond,2.5,Good,SI2,58.66,57.99,7,3.54,2.83,64.79,1.35,-3.2,0.35,0.33,,650,0.48,Blue
Emerald,1.58,Ideal,VVS2,55.3,63.44,3.82,6.7,3.56,62.24,1.58,1.98,0.498,0.402,0.414,450,0.53,White
Topaz,1.94,Very Good,SI1,55.76,57.8,6.04,5.24,6.15,60.88,2.74,2.73,0.231,0.438,0.104,450,0.5,White
Sapphire,4.32,Premium,VVS1,56.99,57.23,6.93,3.86,4.5,68.9,1.52,3.99,0.521,0.489,0.123,,0.63,LightYellow
Topaz,2.45,Good,VS2,62.87,67.1,3.26,3.98,3.45,76.09,1.62,1.94,0.161,0.27,0.186,650,0.4,Violet
Emerald,1.22,Fair,VVS1,62.99,67.1,5.55,4.49,4.34,61.99,4.87,2.08,0.598,0.136,0.106,550,0.34,
Topaz,4.69,Very Good,SI2,64.97,68.4,9.77,5.36,5.29,62.12,2.98,-2.67,,0.573,0.359,450,0.41,Violet
Emerald,4.02,Ideal,SI2,57.41,66.46,8.26,6.06,4.78,76.23,1.42,4.46,0.43,0.249,0.239,550,0.69,Violet
,0.47,Fair,SI2,55.6,52.55,5.61,9.7,6.2,66.55,1.21,2.13,0.271,0.376,,600,0.65,Violet
Amethyst,4.99,Ideal,SI1,57.83,51.33,4.83,6.4,6.33,70,3.94,-3.23,0.425,0.394,0.301,450,0.37,Green
Sapphire,3.54,Good,SI2,56.79,51.17,4.98,9.39,5.2,75.62,2.54,1.49,0.551,0.146,0.181,650,0.67,Green
Topaz,0.97,Very Good,SI1,62.1,69.6,8.8,6.82,4.99,68.18,2.14,3.1,0.214,0.462,0.394,700,0.49,Red
Diamond,1.34,Ideal,VS1,64.69,60.02,5.81,4.11,2.06,60.4,3.75,-0.37,0.292,0.183,0.139,450,0.44,FaintYellow
Sapphire,3.52,Fair,IF,57.73,52.3,8.9,8.9,5.53,68.32,3.79,-1.62,0.159,0.475,0.225,400,0.5,White
Topaz,3.94,,VS1,58.29,60.89,9.36,3.12,4.25,77.73,2.44,3.6,0.413,0.188,0.145,650,0.33,White
Ruby,1.35,Premium,SI2,58.51,64.21,6.25,6.95,5.94,62.45,4.8,3.55,0.301,0.255,0.549,,0.42,FaintYellow
Ruby,1.43,Ideal,IF,63.57,51.89,9.62,5.39,6.2,73.52,2.6,2.85,0.51,0.266,,450,0.7,Red
Ruby,1.67,Very Good,SI2,60.78,56.93,5.1,6.07,3.66,69.95,2.52,-2.95,0.161,0.537,0.477,600,0.65,Violet
Amethyst,3.07,,SI2,64.74,53.76,4.82,8.58,6.07,70.64,4.11,0.6,0.168,0.187,0.165,550,0.7,Red
Amethyst,1.02,Premium,VVS2,61.27,69.51,,3.04,4.97,76.6,4.26,-0.6,0.261,0.421,0.487,650,0.62,Blue
Topaz,0.7,Fair,VS2,62.06,56.36,4.72,4.28,3.93,75.72,2.15,1.98,0.26,0.309,0.342,550,0.39,White
Topaz,3.46,Ideal,VVS2,55.89,63.81,8.41,8.69,2.23,79.7,3.76,3.95,0.451,0.232,0.473,650,0.6,FaintYellow
Diamond,3.94,Fair,IF,64.52,68.37,5.83,6.82,5.34,63.36,3.56,-2.53,0.292,0.125,0.344,450,0.34,Green
Ruby,2.6,Ideal,SI1,61.28,67.26,4.04,4.81,6.02,65.07,1.13,-1.9,0.376,0.481,0.186,700,0.55,Red
Topaz,1.95,Ideal,SI2,60.2,57.88,3.75,6.48,4.62,74.93,1.78,-2.64,0.376,0.188,0.165,700,0.66,White
Amethyst,2.27,Ideal,VS1,58.87,56.22,6.43,5.82,3.81,76.78,1.4,2.57,0.217,0.591,0.211,650,0.47,LightYellow
Topaz,2.06,Fair,SI2,55.77,66.18,6.78,8.38,4.03,76.44,4.54,-0.03,0.562,0.325,0.332,400,0.56,Red
Diamond,4.81,Fair,,56.33,54.1,8.56,8.3,5.19,69.13,4.82,-0.24,0.206,0.179,0.347,650,0.62,Violet
Ruby,3.89,Fair,SI2,55.12,64.35,8,6.24,2.89,62.16,4.3,-0.04,0.443,0.132,0.345,700,0.69,Green
Ruby,1.2,Good,SI1,64.99,66.71,4.17,4.93,2.92,67.34,2.24,-1.92,0.331,0.383,0.401,500,0.61,Violet
Amethyst,2.04,Fair,VVS2,62.86,66.98,4.94,3.08,3.56,65.61,4.44,-2.71,0.375,0.285,0.16,700,0.46,FaintYellow
Sapphire,2.81,Premium,SI1,62.97,50.18,7.86,6.31,2.13,70.22,1.23,3.04,0.448,0.379,0.529,400,0.37,FaintYellow
Emerald,3.14,Good,SI1,62.3,60,4.26,7.15,5.01,63.29,3.74,1.3,0.579,0.514,0.532,650,0.57,Blue
Emerald,2.45,Ideal,VVS2,59.84,57.15,,7.24,4.02,72.78,1.5,2.21,0.101,0.455,0.41,650,0.39,Blue
Topaz,4.09,Very Good,VS1,55.88,69.58,7.6,9.08,6.02,79.31,1.05,-2.01,0.46,0.514,0.51,650,0.69,White
Sapphire,3.88,Good,SI2,55.72,60.88,6.75,6.27,4.91,74.71,1.7,-3.28,0.179,0.191,0.199,500,0.61,FaintYellow
Sapphire,2.62,Good,SI1,64.16,58.55,7.51,8.04,5.17,79.68,4.85,-2.29,0.488,0.379,0.349,700,0.57,LightYellow
Emerald,4.3,Ideal,VS1,55,54.89,3.7,3.89,5.02,74.23,4.02,3.93,0.544,0.55,0.166,450,0.62,Red
Emerald,3.81,Fair,SI1,61.99,66.91,6.84,8.35,3.88,74.83,3.07,-1.63,0.368,0.107,0.382,650,0.42,FaintYellow
Diamond,3.94,Fair,SI1,61.29,56.39,6.16,6.12,6.2,70.64,4.75,-4.36,0.334,,0.592,650,0.31,Violet
Ruby,4.79,Good,VVS2,60.01,66.54,6.59,7.86,6.11,78.96,2.66,,0.124,0.163,0.196,650,0.45,White
Amethyst,1.48,Fair,IF,64.75,67.83,5.36,8.85,4.17,67.19,1.16,-1.71,0.524,0.502,0.196,450,0.52,Red
Emerald,1.48,Good,SI2,56.98,51.16,6.28,,5.51,75.28,3.38,-0.21,0.558,0.174,0.506,650,0.63,White
Ruby,4.47,Very Good,IF,62.85,60.2,9.18,7.67,6.43,60.03,4.31,1.89,0.459,0.523,0.302,450,0.68,Green
Amethyst,3.91,Very Good,VS2,61.75,58.41,5.41,3.86,3.49,76.18,2.14,4.55,0.221,0.492,0.233,450,0.32,FaintYellow
Ruby,4.65,Ideal,VVS2,64.74,57.86,3.31,3.78,4.81,65.88,2.27,2.79,0.222,0.476,0.203,450,0.31,Blue
Ruby,0.5,Premium,VS2,64.34,57.43,4.8,4.99,,61.68,3.69,-0.05,0.548,0.397,0.386,400,0.53,Violet
Topaz,3.21,Premium,SI1,56.29,60.64,6.18,3.92,4.43,74.47,4.22,2.73,0.126,0.458,0.363,550,0.41,LightYellow
Topaz,0.89,Fair,VVS2,58.08,52.6,6.73,6.17,6.2,70.44,2.74,-2.61,0.142,0.404,0.559,400,0.64,Violet
Ruby,2.62,Premium,VS2,63.51,67.43,5.99,9.07,2.57,65.73,1.36,3.27,0.407,0.185,0.338,550,0.64,Blue
Emerald,0.95,Very Good,VVS1,57.29,61.16,8.79,3.52,4.32,75.08,3.99,0.52,0.352,0.259,0.393,450,0.69,Blue
Topaz,0.81,Ideal,IF,58.79,56.94,9.41,5.54,2.12,68.52,2.71,3.12,0.117,0.264,0.341,600,0.39,White
Diamond,0.26,Very Good,IF,61.26,54.86,6.41,4.45,3.39,73,4.64,0.73,0.545,0.311,0.527,500,0.33,
Topaz,3.23,Good,VVS1,60.63,62.33,3.53,6.21,5.04,79.96,2.01,-1.68,0.256,0.399,0.161,500,0.66,FaintYellow
Topaz,1.92,Fair,VS1,61.41,65.73,5.95,7.44,5.51,60.08,2.85,-3.91,0.233,0.174,0.317,400,0.57,Blue
Amethyst,0.7,Fair,VVS1,62.13,58.82,4.27,8.97,5.84,76.96,3.83,-0.35,0.544,0.576,0.534,650,0.66,White
Topaz,1.75,Premium,SI2,62.29,69.69,4.98,3.16,2.34,71.17,1.98,2.37,0.415,0.142,0.119,550,0.61,White
Diamond,1.01,Good,IF,62.38,60.71,8.83,6.98,2.83,67.44,1.91,-2.04,0.301,0.358,0.477,550,0.53,Red
Emerald,4.72,Premium,SI2,64.92,69.58,6.75,7.83,3.81,79.03,3.91,-2.04,0.309,0.119,0.23,550,0.45,White
Ruby,1.74,Premium,VVS2,58.57,69.25,8.8,3.94,3.72,78.78,1.72,2.69,0.35,0.241,0.489,550,0.51,FaintYellow
Sapphire,1.8,Premium,VS2,55.44,61.99,9.9,9.56,3.14,61.21,1.48,-3.13,0.335,0.373,0.396,450,0.48,White
Diamond,4.23,Good,IF,58.49,61.63,6.82,3.57,6.22,73.92,2.04,-0.93,0.14,0.422,0.303,600,0.52,LightYellow
Sapphire,3.31,Premium,SI2,64.12,52.11,9.39,5.24,4.4,72.06,4.28,1.18,0.57,0.323,0.492,500,0.65,Red
Emerald,3.61,Fair,VVS1,55.83,68.59,7.78,4.67,4.96,73.56,4.46,-1.3,0.19,0.417,0.22,500,0.43,LightYellow
Diamond,3.25,Premium,VVS2,61.47,66.06,3.71,3.47,5.37,78.97,1.42,4.64,0.138,0.367,0.302,400,0.39,Red
Sapphire,4.74,Good,IF,59.23,60.01,5.93,7.9,4.45,79.81,1.44,4.2,0.14,0.211,0.163,600,0.31,Red
Diamond,1.19,Good,VVS1,64.22,56.13,7.61,6.58,5.75,64.9,4.35,4.49,0.413,0.267,0.191,650,0.44,LightYellow
Sapphire,4.95,Very Good,SI2,64.29,66.77,7.94,5.99,6.43,65.88,4.78,4.82,0.54,0.105,0.355,600,0.33,Red
Ruby,4.19,Premium,IF,62.85,55.83,9.02,4.4,3.76,74.7,2.92,4.73,0.439,0.109,0.222,400,0.6,White
Ruby,3.03,Good,VVS1,55.99,60.84,7.46,6.1,4.9,74.05,4.4,-1.84,0.276,0.298,0.173,700,0.32,LightYellow
Sapphire,3.38,Premium,SI1,55.25,53.98,,9.31,3.43,62.92,4.56,0.28,0.366,0.326,0.317,650,0.57,Violet
Amethyst,3.31,Ideal,VVS1,56.37,66.09,4,5.49,2.31,78.97,2.44,2.84,,0.518,0.187,600,0.62,Violet
Emerald,0.48,Fair,IF,58.22,65.06,5.3,6.56,2.12,76.12,3.02,2.2,0.154,0.115,0.54,650,0.35,Red
Sapphire,1.25,Fair,VVS2,57.41,55.84,,9.5,3.05,66.63,3.28,-2.38,0.145,0.174,0.544,400,0.6,Green
Topaz,4.82,Premium,IF,58.7,52.35,4.55,7.84,2.73,71.61,4.1,-1.37,0.444,0.321,0.554,,0.6,LightYellow
Topaz,2.76,Fair,IF,56.43,53.54,7.32,3.29,5.25,74.48,2.84,4.38,0.311,0.197,0.581,400,0.42,LightYellow
Amethyst,2.02,Fair,SI1,62.53,62.33,6.01,5.33,4.09,77.65,3.03,4.33,0.414,0.509,0.223,650,0.43,Green
Emerald,3.86,Ideal,VVS2,63.45,53,7.79,9.83,4.43,79.79,1.3,2.26,0.437,0.455,0.383,600,0.69,Red
Amethyst,,Fair,SI1,59.88,56.4,5.71,9.06,2.37,74.14,1.22,-4.93,0.579,0.579,0.248,650,0.41,FaintYellow
Emerald,0.26,Fair,IF,64.57,66.78,4.92,9.18,2.09,71.71,3.96,0.16,0.279,0.202,0.187,600,0.55,Green
Topaz,3.73,,SI1,56.2,51.64,6.85,9.54,3.96,79.13,2.93,-2.9,0.199,0.274,0.236,550,0.44,LightYellow
Diamond,3.71,Fair,VS2,56.06,61.62,3.68,7.43,3.15,70.32,1.36,2.75,0.165,0.266,0.262,500,0.63,Blue
Amethyst,0.99,Premium,VS2,57,58,9.92,8.46,4.8,64.56,1.96,-4.19,0.109,0.323,0.33,500,0.39,LightYellow
Diamond,4.79,Fair,VS2,64.82,52.41,7.59,7.57,4.3,61.89,3.71,3.08,0.176,0.157,0.175,600,0.43,Red
Topaz,1.27,Premium,VVS1,59.16,60.19,3.86,6.7,5.73,63.17,3.02,-1.94,0.446,0.473,0.137,450,0.49,LightYellow
Diamond,2.4,Fair,VS1,64.24,60.33,,6.64,5.77,71.84,4.18,-1.28,0.315,0.12,0.295,500,0.48,Blue
Sapphire,0.75,Premium,SI2,57.02,57.56,3.52,3.09,4.42,73.45,2.57,1.94,0.537,0.435,0.385,500,0.64,Violet
Diamond,3.1,Fair,SI1,63.46,51.11,6.54,4.62,6.08,75.48,1.46,-2.71,0.107,0.359,0.507,450,0.5,Red
Topaz,2,Premium,IF,58.1,54.14,5.04,3.2,6.2,66.05,2.07,3.42,0.565,0.525,0.349,700,0.51,Violet
Sapphire,1.9,Fair,VS1,62.34,58.09,7.91,6.15,3.1,,1.44,4.3,0.126,0.25,0.449,650,0.6,Blue
Ruby,4.17,Ideal,SI1,64.74,55.54,6.41,8.05,6.4,75.94,2.92,4.88,0.591,0.286,0.531,600,0.56,FaintYellow
Emerald,0.25,Good,VS2,64.33,53.21,8.5,9.57,6.44,62.91,2.9,1.93,0.152,0.239,0.438,500,0.61,LightYellow
Amethyst,4.03,Good,,63.31,59.74,4.61,3.1,2.29,77.22,1.3,0.61,0.204,0.222,0.19,650,0.39,Violet
Sapphire,2.94,Good,VVS2,55.5,57.95,7.59,6.43,2.01,65.65,1.77,3.91,0.462,0.361,0.421,550,0.51,Blue
Amethyst,4.93,Good,VS2,61.08,63.3,7.81,7.9,2.26,69.2,4.88,-2.17,0.294,0.281,0.59,450,0.52,LightYellow
Sapphire,3.03,Ideal,SI2,63.35,61.21,6.34,7.67,3.57,64.54,4.93,0.33,0.567,0.416,0.508,550,0.68,LightYellow
Topaz,0.47,Ideal,IF,58.99,53.39,9.01,8.27,5.64,62.9,,-2.83,0.156,0.526,0.373,650,0.38,Green
Diamond,0.44,Fair,VS1,62.31,63.75,4.03,8.92,4.27,75.11,1.58,-1.74,0.467,0.311,0.543,650,0.64,Blue
Amethyst,4.44,Ideal,VS1,56.38,59.31,8.31,9.4,3.33,75.88,1.75,2.02,0.371,0.245,0.127,450,0.66,White
Amethyst,4.24,Good,SI1,56.77,52.27,3.92,4.26,2.25,66.5,1.33,-4.03,0.529,0.339,0.49,500,0.52,LightYellow
Amethyst,1.86,Very Good,VVS1,61.44,50.37,4.1,9.69,3.78,78.03,1.34,-0.14,0.156,0.467,0.418,650,0.51,White
Amethyst,3.17,Fair,VVS2,59.37,62.53,4.41,8.64,2.16,73.57,1.77,3.41,0.552,0.427,0.191,700,,White
Sapphire,2.55,Premium,SI2,57.18,62.37,7.63,9.3,2.78,70.47,2.88,-0.04,0.118,0.158,0.49,700,0.47,Red
Emerald,4.84,Good,VS2,57.83,66.41,7.47,5.4,5.95,76.97,3.85,-2.59,0.541,0.203,0.567,700,0.36,Green
Sapphire,4.76,Good,SI2,61.19,65.25,6.12,9.99,5.43,77.55,1.63,-1.45,0.578,0.268,0.477,400,0.59,LightYellow
Amethyst,4.92,Good,SI2,62.25,67.55,5.2,3.09,6.48,71.99,2.67,0.79,0.149,0.4,0.45,600,0.34,Green
Topaz,4.36,Ideal,VVS2,,55.85,7.29,9.09,6.02,71.69,1.34,1.23,0.282,0.449,0.475,600,0.41,FaintYellow
Sapphire,4.57,Premium,IF,64.55,58.26,4.01,7.75,5.85,73.69,3.49,-4.92,0.532,0.46,0.156,500,0.46,LightYellow
Topaz,1.24,Fair,VVS1,55.08,51.24,7.4,3.96,2.79,71.38,2.72,-3.21,0.273,0.591,0.546,400,0.39,FaintYellow
Amethyst,4.19,Good,VS2,62,58.23,3.08,8.82,4.92,71.58,4.2,1.92,0.219,0.136,0.413,450,0.54,White
Sapphire,3.6,Premium,IF,57.91,54.4,4.01,8.55,4.7,71.96,4.53,-4.17,0.196,0.28,0.243,450,0.34,Green
Ruby,4.82,Very Good,VVS2,59.79,66.11,7.96,6.78,6.13,66.44,1.97,3.51,0.417,0.233,0.137,650,0.33,FaintYellow
Topaz,2.94,,VVS1,60.7,63.13,9.12,7.44,,75.07,2.6,-1.95,0.186,0.112,0.481,550,0.67,White
Topaz,0.61,Good,VS2,60.62,65.63,3.53,3.89,5.49,67.16,2.99,2.88,0.171,0.599,0.428,600,0.64,Violet
Topaz,3.07,Premium,VVS2,62.76,61.85,7.47,6.21,3.46,72.95,4.99,3.42,0.178,0.326,0.432,550,0.38,Green
Topaz,3.5,Premium,VS2,63.24,61.96,3.43,3.28,2.56,74.53,4.66,4.38,0.434,,0.331,400,0.42,Green
Amethyst,1.26,Good,,55.73,54.7,9.15,7.04,3.66,71.14,4.88,2.09,0.512,0.366,0.53,500,0.54,Violet
Amethyst,2.09,Premium,VVS1,62.03,63.4,5.74,6.16,2.94,64.66,2.86,3.62,0.527,0.464,0.551,450,0.67,FaintYellow
Sapphire,3.07,Premium,VVS1,58.99,52.88,8.19,3.6,,71.57,5,-2.27,0.482,0.558,0.382,450,0.63,Green
Amethyst,2,Fair,VVS2,63.19,55.52,4.21,5.88,4.07,76.34,1.13,-4.84,0.268,0.435,0.495,400,0.36,White
Amethyst,2,Ideal,VS2,61.09,53.6,9.03,6.07,3.05,61.6,4.87,1.79,0.129,0.525,0.494,450,0.48,Red
Amethyst,0.84,Fair,VS1,55.1,68.99,6,8.16,4.96,73.17,1.77,-2.44,0.435,0.116,0.44,650,0.66,FaintYellow
Diamond,4.72,,IF,61.66,67.96,4.46,3.37,2.31,62.17,4.92,2.5,0.513,0.201,0.295,500,,Blue
Emerald,3.8,Ideal,VVS1,64.26,,,7.3,6.13,72.95,2.82,-1.25,0.476,0.342,0.296,650,0.61,Red
Amethyst,0.21,Fair,VS2,55.83,69.2,5.02,6.59,4.6,65.58,3.32,2.68,0.526,0.522,0.208,400,0.65,
Ruby,3.87,Good,VVS2,,62.25,5.01,4.92,4.07,77.81,4.63,2.62,0.403,0.352,0.118,600,0.65,FaintYellow
Emerald,3.75,Premium,SI2,61.26,,3.8,8.21,3.12,67.92,4.94,-0.58,0.513,0.309,0.282,550,0.39,LightYellow
Emerald,0.25,Very Good,VVS2,56.96,55.84,4.5,6.94,4.47,67.7,1.69,3.59,0.385,0.311,0.43,600,0.52,Red
Diamond,1.97,Fair,VVS1,61.51,57.7,8.59,6.64,3.29,77.07,3.44,-0.31,0.109,0.103,0.302,450,0.34,Red
Diamond,3.11,Fair,SI1,,59.34,6.67,9.67,3.78,79.26,3.77,4.59,0.218,0.208,0.414,700,0.67,Green
Sapphire,2.37,Good,VVS1,64.06,51.79,5.48,8.7,6,60.57,3.83,-4.6,0.359,0.103,0.513,550,0.58,White
Amethyst,3.93,Premium,SI2,62.63,66.49,9.51,4.45,2.87,69.81,1.84,0.42,0.163,0.517,0.375,450,0.31,Green
Ruby,2.24,Fair,SI1,64.41,52.38,8.58,5.72,3.57,71.32,,-4.81,0.409,0.489,0.302,650,0.31,Red
Amethyst,0.94,Very Good,VS1,59.18,65.99,5.17,7.64,4.95,78.53,2.5,-1.85,0.119,0.123,0.118,600,0.3,White
Topaz,4.89,Premium,VVS2,55.34,68.45,3.78,6.85,5.26,71.89,4.25,-0.38,0.312,0.116,0.293,600,0.62,Green
Emerald,1.36,Fair,VS2,58.42,61.36,4.29,6.01,2.52,71.55,4.88,-3.29,0.458,0.397,0.407,400,0.35,FaintYellow
Topaz,3.64,Fair,SI1,60.16,,7.73,9.87,6.21,74.79,2.78,3.14,0.183,0.465,0.536,450,,FaintYellow
Diamond,0.89,Ideal,IF,64.36,58.73,6.94,4.16,2.12,75.82,4.66,-0.81,0.389,0.135,0.244,,0.47,LightYellow
Diamond,1.78,Ideal,IF,63.83,52.78,9.87,5.37,2.3,69.37,3.89,-3.56,0.352,0.12,0.283,400,0.67,Blue
Emerald,2.32,Fair,VS1,60.94,52.38,3.09,5.77,5.43,63.22,1.47,-2.08,0.471,0.161,0.298,400,0.62,Green
Ruby,1.12,Good,SI1,62.3,65.12,9.14,3.48,5.47,77.11,2.38,-3.66,0.515,0.529,0.492,600,,Blue
Amethyst,2.36,Ideal,SI1,64.54,57.86,3.1,6.28,5,63.3,3.98,0.43,0.317,0.292,0.452,500,0.6,LightYellow
Amethyst,0.95,Fair,VS2,63.51,50,5.97,6.67,4.35,79.6,2.79,-0.32,0.596,0.237,0.149,450,0.33,FaintYellow
Sapphire,2.88,Premium,IF,61.59,50.97,9.42,,3.3,67.26,3.62,-2.89,0.162,0.2,0.251,600,0.53,Violet
Emerald,3.39,Very Good,IF,60.4,66.36,7.61,9.73,5.78,79.03,4.04,4.72,0.559,0.433,0.55,450,0.33,Blue
Diamond,0.5,Ideal,SI2,59.76,62.39,7.08,6.75,5.14,74.03,4.92,1.6,0.339,0.544,0.462,700,0.36,FaintYellow
Sapphire,4.38,Fair,VS2,62.57,66.89,5.19,7.07,6.36,77.3,4.67,-1.8,0.535,0.513,0.516,500,0.51,Violet
Sapphire,1.09,Ideal,SI2,63.09,55.47,9.76,9.26,4.04,78.85,2.38,-1.32,0.488,0.138,0.418,650,0.41,FaintYellow
Sapphire,1.28,Premium,SI1,57.18,56.29,4.18,4.92,4.12,73.39,4.21,4.42,0.354,0.205,0.512,700,0.51,LightYellow
Diamond,3.37,Good,VS2,59.74,62.34,4.89,7.44,5.56,75.61,2.49,0.78,0.399,0.449,0.472,600,0.66,Blue
Sapphire,2.45,Fair,VVS1,62.71,63.3,6.17,6.14,6.47,64.06,3.59,-3.88,0.24,0.501,0.48,500,0.61,Blue
Emerald,2.6,Premium,IF,61.76,50.53,3.88,5.6,6.03,67.64,1.25,3.06,0.388,0.226,0.338,500,0.41,White
Sapphire,0.82,Very Good,SI1,60.92,68.14,5.96,5.64,3.34,68.01,4.14,3.79,0.341,0.277,0.395,700,0.36,Violet
Sapphire,4.07,Fair,IF,58.24,65.98,3.28,3.17,6.29,63.42,4.96,1.5,0.225,0.585,0.434,650,0.64,Red
Sapphire,3.16,Very Good,SI2,61.09,,9.47,8.75,2.89,71.21,3.16,,0.225,0.392,0.162,600,0.36,FaintYellow
Diamond,0.85,Good,VS1,61.12,50.21,5.25,7.1,3.9,74.92,4.73,-2.05,0.221,0.548,0.553,600,0.5,FaintYellow
Emerald,2,Fair,VVS1,59.32,65.38,7.44,9.53,5.99,65.04,4.49,2.32,0.437,0.298,0.253,500,0.34,White
Topaz,4.09,Fair,VVS1,64.6,68.06,9.09,8.92,3.41,74.53,1.05,-2.47,0.315,0.211,0.236,450,0.63,Green
Emerald,2.93,Premium,IF,61.53,56.44,8.73,9.89,3.59,76.51,1.36,,0.507,0.54,0.339,550,0.42,FaintYellow
Amethyst,0.72,Ideal,VVS2,63.51,56.42,9.11,3.24,6.48,60.3,2.75,-2.17,0.422,0.109,0.446,600,0.53,Violet
Emerald,1.99,Fair,VVS2,56.29,60.29,8.04,7.54,4.03,76.8,2.06,-3.98,0.325,0.506,0.411,400,0.69,Violet
Ruby,1.36,Good,SI2,62.57,63.49,4.36,9.68,6.26,64.34,2.61,-0.46,0.428,0.423,0.357,500,0.36,LightYellow
Topaz,2.68,Fair,VS2,61.02,62.95,5.57,8.38,3.23,60.34,3.04,1.27,0.515,0.292,0.148,550,0.52,FaintYellow
Ruby,4.25,Fair,VVS1,58.08,65.05,6.58,5.22,4.25,76.03,2.91,-2.11,0.546,0.326,0.577,550,0.35,
Amethyst,2.29,Fair,IF,56.36,52.28,5.36,3.79,3.72,75.78,1.65,-2.73,0.294,0.467,0.101,550,0.48,Violet
Sapphire,2.28,Fair,SI2,58.8,60.4,9.69,7.68,4.54,60.28,1.59,-3.75,0.405,0.431,0.315,650,0.56,LightYellow
Sapphire,4.55,Good,SI2,59.41,60.13,8.65,7.61,6.04,61.43,2.65,1.82,0.305,0.343,0.522,500,0.46,Violet
Topaz,2.97,Premium,SI1,56.41,69,8.59,5.05,6.46,78.43,3.76,-2.72,0.502,0.401,0.11,550,0.47,White
Emerald,2.92,Ideal,IF,61.7,68.37,5.53,8.64,4.25,78.1,3.37,-0.69,0.105,0.118,0.402,650,0.54,White
Diamond,1.46,Good,IF,58.07,65.01,8.28,7.42,2.79,70.44,1.34,-3.32,0.259,0.246,0.56,550,0.63,LightYellow
Diamond,3.12,Good,SI2,63.06,67.54,7.3,5.9,2.23,77.08,2.13,1.16,0.511,0.142,0.17,700,0.38,Violet
Topaz,2.96,Very Good,SI1,61.48,64.91,5.63,6.26,2.72,65.96,2.66,1.24,0.341,0.467,0.326,600,0.67,Red
Emerald,2.1,Ideal,SI1,58.11,64.41,5.16,4.73,5.36,,2.33,3.56,0.536,0.267,0.574,550,0.69,FaintYellow
Amethyst,4.96,Premium,VS1,58.6,54.31,8.52,6.77,4.67,79.52,2.79,4.85,0.481,0.118,0.542,550,0.61,Green
Diamond,4.43,Premium,VVS2,64.42,62.35,7.18,6.51,5.37,71.56,2.76,4.01,0.43,0.43,0.131,450,0.64,Green
Emerald,3.8,Very Good,VS1,64.48,68.32,3.26,9.6,6.29,65.93,4.33,3.23,0.157,0.448,0.343,450,0.59,FaintYellow
Topaz,2.78,Very Good,IF,,65,3.15,6.57,5.18,70.35,4.34,3.83,0.107,0.254,0.568,600,0.59,LightYellow
Amethyst,2.42,Good,IF,61.79,62.09,8.89,8.44,5.5,72.02,,-4.46,0.326,0.115,0.46,500,0.61,Green
Emerald,1.09,Premium,VVS1,64.8,55.16,3.63,7.3,3.92,66.62,3.09,2.62,0.143,,0.352,550,0.33,Blue
Topaz,1.67,Premium,VVS1,,63.57,,4.58,4.3,75.34,2.11,-1.3,0.438,0.403,0.103,600,0.64,FaintYellow
Topaz,3.92,Premium,VVS2,55.72,56.94,7.26,3.35,5.7,60.8,3.77,-3.12,0.446,0.565,0.359,400,0.39,Red
Sapphire,2.38,Good,SI1,60.53,51.3,9.41,7.91,4.88,64.83,4.06,-0.68,0.505,0.585,0.56,400,0.51,Blue
Diamond,4.43,Premium,VS2,62.27,54.79,6.6,8.62,4.41,66.24,2.4,-3.85,,0.167,0.373,600,0.67,Blue
Sapphire,0.91,Fair,IF,56.87,57.78,4.36,9.12,3,74.47,4.3,-2.32,0.103,0.375,0.176,450,0.47,White
Sapphire,2.64,Very Good,VVS1,63.22,69.93,4.82,7.79,4.71,75.93,3.78,-0.87,0.147,,0.473,500,0.54,FaintYellow
Sapphire,3.31,Very Good,VVS2,59.68,65.2,3.34,6.04,3.31,72.5,4.88,0.87,0.31,0.522,0.305,700,0.56,Blue
Sapphire,2.68,Very Good,VS1,59.98,55.59,4.55,6.45,4.66,66.63,2.38,4.34,0.133,0.52,0.407,400,0.69,LightYellow
Ruby,4.47,Very Good,IF,57.74,65.25,8.71,8.32,4.09,65.23,4.69,-4.26,0.276,0.392,0.595,,0.46,White
Sapphire,4.95,Fair,VS2,58,57.15,8.3,4.25,2.46,67.94,2.39,1.21,0.345,0.17,0.566,450,0.38,Red
Amethyst,0.76,Ideal,VVS2,55.84,62.16,3.57,6.17,5.86,68.79,4.47,-4.23,0.507,0.306,0.348,,0.45,Violet
Sapphire,0.82,Premium,SI1,64.32,65.29,6.36,3.38,4.62,71.89,2.31,0.93,0.134,0.137,0.227,400,0.49,FaintYellow
Topaz,0.83,Very Good,VS2,58.82,64.82,,3.74,6.06,73.55,4.63,1.04,0.583,0.112,0.112,550,0.69,Blue
Ruby,3.47,Premium,IF,56.62,52.8,7.55,4.62,6.17,67.56,1.07,,0.39,0.521,0.304,700,0.66,Blue
Amethyst,1.99,Premium,VVS2,56.42,66.51,9.73,7.41,4.33,62.4,2.62,-4.48,0.557,0.553,0.17,700,0.54,Blue
Diamond,3.72,Fair,SI1,59.07,68.46,7.41,9.44,5.05,68.79,1.2,3.21,0.493,0.479,0.213,600,0.34,Blue
Diamond,2.15,Premium,SI2,61.32,54.67,8.22,5.55,6.03,67.23,2.63,-1.63,0.103,0.414,0.455,700,0.51,Red
Ruby,3.21,Very Good,SI2,62.78,56.59,5.79,,5.06,61.19,2.69,-4.4,0.548,0.183,0.171,400,0.68,White
Sapphire,3.9,Premium,VVS1,64.25,68.76,3.23,6.99,3.1,64.11,4.63,-4.47,0.521,0.329,0.59,700,0.46,Red
Topaz,2.83,Fair,VS2,61.36,69.67,5.93,4.99,3.16,68.3,4.2,-4.12,0.594,0.276,0.177,500,0.31,LightYellow
Sapphire,2.79,Very Good,VS1,59.21,59.07,6.58,7.83,3.88,71.06,2.07,3.66,0.164,0.331,0.548,450,0.58,Green
Diamond,0.62,Fair,VS1,59.22,50.69,6.45,4.49,2.17,70.89,4.34,-0.26,0.494,0.346,,650,0.56,Blue
Sapphire,2.17,Good,SI2,60.74,,4.63,4.33,3.67,64.25,1.73,3.73,0.118,0.13,0.411,600,0.41,Red
Sapphire,2.82,Ideal,VS2,60.38,50.51,6.32,4.44,2.65,64.62,3.77,2.49,0.503,0.359,0.367,450,0.67,FaintYellow
Sapphire,2.42,Premium,IF,61.41,56.6,8.03,6.35,5.72,74.22,2.11,-4.86,0.294,0.532,0.125,400,,Blue
Ruby,4.52,Premium,IF,60.03,51.79,5.18,4.75,5.52,66.83,4.87,-1.95,0.571,0.538,0.488,400,0.69,Red
Emerald,4.55,Premium,IF,55.59,60.23,7.44,6.03,2.79,63.79,4.73,0.22,0.222,0.245,0.185,400,0.6,Violet
Amethyst,4.15,Good,SI2,60.01,50.75,4.07,5.64,3.28,69.06,2.21,-4.7,0.392,0.492,0.201,500,0.67,White
Amethyst,2,Ideal,VS1,55.23,54.51,4.95,8.82,4.56,69.86,1.12,4.58,0.236,0.31,0.359,600,0.51,
Emerald,3.64,Fair,VS1,56.81,59.18,9.19,4.53,3.12,63.99,3.59,4.09,0.552,0.571,0.111,400,0.53,LightYellow
Amethyst,2.1,Good,VVS1,58.87,51.48,7.39,5.14,2.25,69.34,1.65,-2.64,0.45,0.114,0.451,450,0.49,FaintYellow
Sapphire,1.32,Good,IF,60.51,59.61,3.6,9.67,5.44,74.96,1.47,-1.34,0.273,0.47,0.214,700,0.56,FaintYellow
Diamond,1.85,Very Good,VS1,56.85,55.3,4.85,4.71,,63.41,4.63,2.27,0.341,0.528,,500,0.61,White
Diamond,0.54,Good,VS1,57.76,55.34,9.96,8.58,5.05,67.17,3.25,-4.83,0.595,0.381,0.183,700,0.33,FaintYellow
Sapphire,1.79,Good,IF,58.74,68.74,4.89,3.99,2.67,62.03,4.74,-2.75,0.299,0.312,,500,0.36,LightYellow
Ruby,2.41,Premium,IF,56.97,63.8,7.06,7.11,2.03,64.3,2.06,0.13,0.121,0.214,0.107,550,0.47,LightYellow
Ruby,4.79,Very Good,VS1,64.99,68.59,6.85,3.64,4.53,68.64,2.33,-1.37,0.584,0.116,0.267,400,0.49,LightYellow
Amethyst,1.7,Fair,SI1,63.05,61.51,5.82,5.87,3.28,79.49,4.75,-3.9,0.585,,0.341,500,0.63,White
Emerald,4.53,Ideal,VS2,63.11,68.14,3.24,9.69,2.59,73.98,2.78,0.55,0.417,0.148,0.185,500,0.66,White
Ruby,1.3,Fair,VS1,60.69,66.75,4.99,7.5,5.08,78.63,1.94,3.22,0.358,0.558,0.1,600,0.49,Red
Ruby,1.12,Very Good,VVS1,64.61,69.96,9.67,4.45,4.9,62.09,2.66,-2.69,0.536,0.391,0.549,600,0.41,Blue
Topaz,2.69,Premium,VVS2,62.32,60.06,3.13,8.66,3.85,78.84,2.4,-2.77,0.599,0.357,0.52,400,0.55,LightYellow
,3.43,Ideal,SI1,58.31,,8.01,7.58,2.4,70.22,4.15,-4.29,0.596,0.477,0.124,450,0.57,LightYellow
Diamond,0.41,Fair,IF,61.11,53.21,9.25,9.49,4.1,65.65,2.64,0.54,0.471,0.345,0.48,450,0.38,FaintYellow
Emerald,1.26,Ideal,SI2,60.44,68.79,8.34,4.6,2.47,76.9,1.31,-0.95,0.228,0.289,0.227,500,0.44,Blue
Topaz,2.39,Ideal,VVS1,60.8,57.97,5.26,3.85,6.47,72.03,3.42,1.32,0.406,0.598,0.116,450,0.58,Green
Topaz,1.79,Ideal,VS2,63.18,68.33,6.64,7.44,3.06,61.81,4.55,-4.65,0.136,0.505,0.365,700,0.66,Blue
Ruby,3.62,Good,SI2,60.1,52.01,9.07,9.4,2.01,70.71,4.65,1.4,0.467,0.441,0.558,550,0.49,Blue
Diamond,2.65,Very Good,VVS2,62.29,60.31,9.83,8.44,,72.84,2.93,4.32,0.167,0.594,0.204,550,0.32,Violet
Topaz,0.97,Very Good,SI1,57.51,50.03,3.68,,4.79,60.36,1.05,3.22,0.266,0.132,0.188,600,0.44,Red
Topaz,4.49,Premium,VS1,64.32,58.32,3.87,6.02,6.39,70.99,3.4,-1.55,0.558,,0.558,550,0.67,LightYellow
Sapphire,1.61,Fair,IF,55.86,51.66,9.69,5.33,4.36,67.26,2.87,-3.89,0.402,0.198,0.183,500,0.66,Blue
Topaz,3.71,Premium,VS1,64.94,58.98,9.11,9.42,4,69.14,4.77,0.38,0.42,0.443,0.105,400,0.45,LightYellow
Amethyst,3.94,Fair,VVS1,61.33,61.12,4.48,8.68,6.47,62.18,4.54,-2.16,0.176,0.18,0.529,700,0.36,Red
Diamond,4.82,Ideal,SI2,59.7,67.05,9.79,4.87,2.74,70.06,4.6,-4.89,0.471,0.446,0.123,650,0.56,Green
Sapphire,2.59,Fair,SI2,58.11,55.91,4.46,5.24,2.89,79.69,4.13,-0.91,0.493,0.177,0.243,400,0.43,FaintYellow
Sapphire,,Fair,IF,59.05,61.34,3.62,8.18,3.71,74.76,2,0.4,0.58,0.538,0.228,550,0.43,
Diamond,1.81,Ideal,VS1,62.82,51.33,7.77,5.97,5.36,78.56,3.31,2.75,0.411,0.561,0.426,600,0.56,White
Emerald,3.46,Premium,SI2,56.39,68.27,6.78,7.27,3.36,65.55,4.38,4.8,0.547,0.326,0.216,500,0.59,FaintYellow
Sapphire,2.42,Fair,IF,57.53,59.03,4.68,4.09,4.11,67.65,4.15,3.67,0.485,0.177,0.284,600,0.47,Green
Topaz,2.3,Premium,VVS1,56.24,55.05,9.5,8.79,6.23,72.98,4.3,0.42,0.295,0.354,0.457,450,0.48,
Ruby,4.31,Premium,VS1,59.27,59.26,5.83,6.89,5.93,74.79,2.91,3.07,0.186,0.151,0.348,550,0.65,LightYellow
Emerald,0.44,Very Good,VVS2,58.87,59.63,5.82,8.78,6.26,66.08,2.06,3.29,0.576,0.339,0.432,400,0.45,Green
Diamond,4.43,Ideal,SI2,,64.87,7.42,8,2.75,66.95,1.25,4.67,0.578,0.327,0.184,450,0.42,Green
Sapphire,4.29,Ideal,VS2,64.96,69.49,4.62,6,4.17,62.63,2.11,-2.53,0.226,0.217,0.574,600,0.58,Green
Diamond,2.63,Good,VS1,63.92,53.72,7.11,7.76,5.21,73.57,1.08,-2.48,0.589,0.433,0.362,450,0.53,Red
Emerald,2.55,Premium,IF,63.8,51.09,5.55,3.42,5.3,66.97,2.31,-2.81,0.385,0.101,0.107,650,0.35,LightYellow
Emerald,1.94,Good,SI1,61.46,63.11,7.87,6.05,4.48,62.77,4.81,4.01,0.244,0.512,0.283,550,0.68,FaintYellow
Diamond,4.97,Ideal,VS1,57.71,67.69,4.73,6.05,5.69,72.68,2.07,1.84,0.533,0.179,0.47,650,0.59,LightYellow
Ruby,0.73,Ideal,IF,58.84,,4.3,5.94,2.19,60.25,4.72,,0.442,0.186,0.279,500,0.66,Violet
Emerald,3.03,Good,SI2,57.5,51.6,4.75,3.82,2.89,79,4.89,4.61,0.336,0.427,0.332,600,0.42,White
Amethyst,3.47,Ideal,SI1,56.35,58.44,9.55,6.41,3.48,72.82,1.41,1.05,0.342,0.469,0.186,650,0.54,Blue
Amethyst,4.68,Ideal,VVS1,59.36,63.09,8.94,8.33,5.28,72.16,4.25,-4.98,0.574,0.342,0.222,400,0.4,Green
Topaz,3.94,Very Good,SI1,63.98,56.56,8.8,5.26,6.06,72.94,4.8,-0.63,0.291,0.373,0.115,550,0.52,White
Diamond,3.29,Fair,VS2,62.44,66.9,8.46,8.73,4.38,66.33,1.84,2.73,0.286,0.13,0.367,600,0.65,Violet
Sapphire,0.76,Very Good,IF,64.85,54.49,7.46,7.1,5.19,64.66,2.54,-1.9,0.288,0.449,0.391,650,0.66,Violet
Amethyst,1.99,Fair,VS1,56.95,57.29,3.69,8.07,,70.74,4.35,1.71,0.571,0.419,0.165,450,0.7,Violet
Diamond,0.87,Very Good,SI2,60.01,68.33,5.27,9.28,6.16,78.88,1.56,2.18,0.41,0.177,0.27,450,0.69,
Sapphire,4.43,,SI1,62.93,61.47,6.93,6.38,6.05,65.62,3.24,3.29,0.582,0.14,0.332,650,0.51,Violet
Topaz,3.8,Premium,VVS1,59.6,50.12,3.74,8.91,5.64,74.33,1.97,0.8,0.467,0.23,0.592,400,0.42,White
Diamond,3.84,Good,SI1,58.55,54.88,3.21,3.98,3.26,79.47,4.06,-3.08,0.512,0.13,0.306,650,0.67,Green
Sapphire,3.33,Very Good,,63.16,65.07,3.65,8.45,3.68,70.99,3.47,3.42,0.363,0.244,0.249,400,0.4,Red
Ruby,2.63,Premium,VS1,59.3,51.04,3.76,8.84,3.87,69.17,3.47,-3.17,0.45,0.362,0.368,400,0.45,Blue
Sapphire,0.92,Very Good,VS2,64.13,69.86,3.77,9.32,2.02,74.96,4.66,-0.41,0.245,0.387,0.424,500,0.7,
Amethyst,1.78,Good,VVS1,57.68,67.96,4.33,3.57,3.04,62.83,3.69,-4.1,0.139,0.57,0.347,400,0.4,Red
Topaz,0.86,,VS1,63.96,54.48,6.49,3.82,5.21,60.66,1.59,-3.41,0.183,0.283,0.315,700,0.55,Blue
Amethyst,3.68,Fair,IF,57.78,67.91,5,3.16,4.45,67.04,1.7,-3.08,0.586,0.104,0.39,400,0.37,Blue
Diamond,,Good,IF,57.9,63.99,9.02,6.54,6.31,76.74,2.1,2.19,0.134,0.11,0.371,700,0.38,LightYellow
Sapphire,3.57,Ideal,IF,59.21,58.51,9.13,4.35,2.13,61.55,1.15,-2.8,0.316,0.341,0.258,400,0.34,LightYellow
Diamond,3.52,,VS1,60.16,53.92,9.44,6.97,3.7,71.82,2.46,0.12,0.588,0.24,0.314,400,0.32,White
Ruby,2.4,Ideal,VS2,59.18,54,6.3,9.25,5.18,61.03,2.53,1.77,0.3,0.185,0.27,450,0.62,FaintYellow
Emerald,0.85,Premium,IF,63.62,61.88,8.42,5.29,2.6,70.02,3.84,0.5,0.53,0.388,0.329,600,0.64,Blue
Emerald,1.71,Fair,VS1,62.96,58.32,7.14,3.04,4.25,62.6,,1.61,0.181,0.152,0.523,400,0.32,FaintYellow
Sapphire,1.74,Premium,VS1,58.1,61.9,4.01,9.23,2.07,72.15,4.43,3.99,0.355,0.404,0.356,700,0.6,Violet
Sapphire,3.56,Very Good,SI2,60.12,56.61,7.45,7.35,2.81,66.2,2.54,4.66,0.291,0.551,0.284,700,0.37,White
Topaz,0.75,Ideal,VS2,59.31,54.6,8.86,4.41,6.22,67.41,5,1.84,0.471,0.145,0.549,500,0.44,Red
Topaz,4.18,Ideal,VVS1,55.56,66.73,5.44,7.85,4.7,61.26,2.9,-3.13,0.113,0.587,0.26,700,0.34,Blue
Amethyst,3.85,Premium,VVS1,62.48,68.4,,7.43,5.42,75.52,4.55,4.79,0.484,0.385,0.377,450,0.4,LightYellow
Diamond,1.09,Very Good,VS1,56.82,64.11,8.42,5.66,2.46,72.05,1.88,-4.3,0.241,0.211,0.346,450,0.51,Green
Amethyst,3.65,Very Good,VVS1,64.34,53.23,7.51,4.49,3.06,71.63,1.01,4.28,0.495,0.298,0.567,500,0.68,Violet
Topaz,3.41,Premium,VVS2,58.98,51.85,9.18,9.95,2.86,73.16,3.05,-0.48,0.28,0.335,0.276,550,0.5,Red
Sapphire,3.79,Good,VS2,61.22,60.78,4.01,7.5,3.24,73.27,3.06,3.42,,0.142,0.452,700,0.66,FaintYellow
Diamond,1.11,Fair,VS1,63.18,61.01,8.9,3.01,3.16,67.05,4.82,-1.6,,0.446,0.42,600,0.32,Blue
Emerald,0.96,Premium,VVS1,56.8,62.78,7.28,3.88,4.54,65.49,1.78,0.61,0.548,0.552,0.101,700,0.49,Blue
Emerald,1.34,Very Good,SI1,60.41,68.12,8.99,4.73,5.18,65.95,1.79,-3.58,0.568,0.534,0.458,600,0.33,Violet
Amethyst,1.96,Fair,VVS1,57.37,62.94,6.73,8.69,4.47,76.23,2.68,4.05,0.268,0.317,0.405,400,0.42,Blue
Diamond,4.01,Premium,VS2,60.1,68.32,5.3,6.32,3.35,63.39,3.07,-2,0.31,0.109,0.293,400,0.32,Red
Topaz,3.74,Fair,SI1,60.79,52.35,9.28,3.42,5.13,69.74,3.57,-2.38,0.566,0.59,0.527,400,0.45,Green
Diamond,4.64,Good,IF,56.69,64.18,9.14,4.86,4.48,72.51,2.18,-0.54,0.339,0.142,0.194,450,0.47,Green
Emerald,0.48,Very Good,VVS1,60.81,68.55,4.87,9.87,4.87,70.32,2.06,-1.34,0.439,0.481,0.516,400,0.44,Blue
Sapphire,0.26,Good,SI1,59.55,59.26,8.21,8.38,2.95,71.07,4.36,-3.62,0.353,0.254,0.598,700,0.55,White
Sapphire,3.56,Good,VS2,60.22,69.35,3.64,3.03,6.32,76.78,2.98,-4.75,0.533,0.544,0.323,450,0.51,FaintYellow
Topaz,1.54,Very Good,SI1,64.05,61.05,3.6,8.87,3.47,66.59,4.73,-1.79,0.575,0.552,0.326,500,0.39,
Emerald,1.8,Good,SI2,59.84,68.86,6.58,4.35,3.66,66.92,3.73,2.2,0.464,0.289,0.514,650,0.39,
Amethyst,2.82,Premium,IF,59.76,64.97,3.25,5.32,4.43,63.32,1.25,-3.11,0.221,0.272,0.381,450,0.49,Violet
Diamond,0.69,Premium,SI1,59.7,59.16,6.04,3.83,2.22,75.01,1.43,-3.28,0.174,0.552,0.296,450,0.4,LightYellow
Sapphire,3.28,Fair,SI2,61.23,50.69,8.54,3.07,2.86,64.15,4.48,0.32,0.115,0.434,0.307,600,0.53,LightYellow
Sapphire,1.76,Premium,VS1,58.68,63.15,9.23,6.53,5.66,70.4,,1.72,0.44,0.11,0.144,650,0.69,White
Emerald,3.24,Premium,SI2,63.01,55.09,4.78,5,5.57,77.08,1.67,4.87,0.489,0.153,0.357,500,0.31,FaintYellow
Diamond,4.2,Fair,IF,57.86,55.77,3.54,5.52,2.64,,4.55,-4.17,0.423,0.161,0.2,700,0.45,White
Diamond,1.02,Ideal,VVS1,58,50.4,7.41,4.18,4.65,63.37,4.82,-0.36,0.154,0.599,0.45,550,0.61,Red
Topaz,4.67,Very Good,VS1,60.89,61.15,4.85,8.65,2.3,63.67,3.61,4.69,0.162,0.255,0.497,400,0.41,LightYellow
Diamond,2.75,Premium,VS1,57.6,55.79,3.16,4.21,2.34,62.69,,1.43,0.408,0.189,0.336,500,0.49,LightYellow
Diamond,4.63,Fair,IF,55.9,69.65,3.92,6.62,5.6,78.9,1.09,1.51,0.428,0.586,0.264,550,0.39,Violet
Amethyst,1.2,Good,VS1,57.06,64.98,9.57,6.29,4.12,74.8,3.4,3.99,0.221,0.277,0.402,450,0.58,LightYellow
Diamond,3.1,Good,SI2,64.14,57.15,9.13,9.44,6.17,69.1,1.24,-1.6,0.301,0.206,0.104,550,0.35,Green
Topaz,2.14,Premium,SI2,55.11,55.89,8.81,9.91,4.15,65.95,3.19,0.48,0.567,0.467,0.389,600,0.61,Red
Ruby,3.92,Very Good,IF,56.33,64.3,5.38,9.34,5.63,62.3,,-0.32,0.134,0.486,0.443,700,0.5,LightYellow
Emerald,3.11,Fair,IF,62.58,55.08,8,8.13,4.87,60.47,1.13,-1.58,0.211,0.534,0.22,450,0.38,White
Amethyst,2.57,Fair,SI1,64.8,58.96,,6.01,3.94,73,4.82,3.83,0.512,0.158,0.492,600,0.51,Blue
Sapphire,4.58,Fair,SI2,61.88,53.21,6.97,3.91,4.5,70.1,1.04,-0.81,0.443,0.217,0.418,,0.68,
Topaz,2.01,Fair,IF,64.22,55.08,5.33,9.09,6.2,71.85,2.42,-3.59,0.367,0.526,0.329,600,0.64,White
Sapphire,1.26,Fair,SI2,63.55,51.97,8.6,,2.34,63.35,4.22,-3.45,0.396,0.467,0.116,550,0.69,FaintYellow
Ruby,3.12,Very Good,VS2,59.8,58.54,6.01,3.92,4.38,71.77,,-3.85,0.176,0.448,0.114,700,0.43,Green
Ruby,3.2,Fair,VVS1,58.34,68.54,7.04,3.62,2.23,64.09,1.18,2.45,0.425,0.411,0.137,450,0.69,Red
Topaz,2.31,Very Good,VS1,61.32,52.02,6.79,7.72,4.5,60.82,4.8,4.61,0.297,0.543,0.398,450,0.46,Red
Ruby,2.54,Very Good,VVS2,60.34,58.75,4.52,9.34,4.73,77.44,2.35,-2.58,0.598,0.277,0.409,450,0.51,Violet
Sapphire,4.81,Very Good,SI1,55.26,55.97,3,4.5,5.63,76.55,1.63,-4.5,0.113,0.495,0.414,550,0.56,Blue
Sapphire,3.72,Good,VVS1,64.57,57.26,9.99,5.88,5.59,71.78,4.29,-3.73,0.575,0.275,0.114,550,0.68,Green
Sapphire,0.73,Ideal,VVS2,60.7,65.43,5.92,9.75,2.05,78.3,3.57,2.38,0.217,0.496,0.423,600,0.63,Red
Emerald,1.22,Premium,IF,63.74,58.7,4.99,9.62,2.32,75.44,1.4,2.97,0.267,0.171,0.29,450,0.6,Green
Emerald,4.88,Good,VS1,62.35,63.01,8.36,7.89,5.08,65.49,3.47,-1.52,0.13,0.415,0.403,600,0.42,White
Emerald,3.69,Ideal,,58.41,69.44,7.15,6.32,2.82,78.29,4.27,-4.92,0.418,0.229,0.514,450,0.52,Blue
Ruby,4.59,Good,VVS1,64.01,62.33,9.16,5.61,4.38,67.76,3.2,3.67,0.386,,0.113,650,0.6,Blue
Diamond,1.66,Very Good,VVS2,62.9,56.75,8.47,5.74,3.04,79.67,2.37,-4.09,0.497,0.113,0.527,450,0.53,LightYellow
Topaz,3.76,Very Good,VVS2,59.3,57.95,4.97,6.53,5.76,73.95,1.86,-3.47,0.344,0.549,0.284,500,0.38,Green
Topaz,3.63,Fair,VVS2,63.4,63.92,7.15,7.81,5.06,64.17,4,-2.53,0.436,0.453,0.387,500,0.53,Green
Topaz,1.61,Very Good,VVS1,57.72,63.89,6.52,6.58,3.96,67.91,2.6,1.36,0.576,0.533,0.486,450,0.55,FaintYellow
Sapphire,2.84,Good,VS2,61.71,57.36,9.69,4.61,3.01,73.31,4.33,-1.51,0.306,0.496,0.457,500,0.51,Red
Ruby,3.21,Premium,IF,56.15,64.49,4.68,8.27,,75.77,4.06,-4.55,0.337,0.297,0.108,400,0.57,LightYellow
Emerald,2.51,Very Good,VS1,63.66,61.01,4.99,6.17,,71.53,4.01,2.6,0.352,0.46,0.327,450,0.49,LightYellow
Amethyst,4.17,Ideal,VVS2,62.29,69.61,9.44,7.01,4.65,74.81,4.18,0.54,0.369,0.147,0.503,450,0.58,Blue
Sapphire,4.2,Good,SI1,56.53,68.16,6.2,8.43,5.01,69.63,3.22,3.3,0.225,0.455,0.205,600,0.47,Violet
Sapphire,4.28,Ideal,VVS1,55.21,66.48,6.2,5.69,2.62,65.7,4.12,-4.34,0.215,0.563,0.554,400,0.46,Green
Topaz,4.06,Fair,SI1,58.9,50.69,9.08,9.51,2.22,74.1,,4.51,,0.569,0.333,700,0.55,LightYellow
Topaz,2.54,Fair,VVS2,61.75,57.61,5.07,6.57,4.22,76.49,2.2,-3.97,0.531,0.225,0.51,400,0.64,FaintYellow
Sapphire,2.03,Premium,VVS1,57.83,61.47,7.88,7.93,2.71,66.36,2.01,0.58,0.51,0.369,0.527,400,0.62,Green
Sapphire,4.19,Good,SI1,64.73,60.43,8.05,8.29,2.4,68.55,2.84,0.2,0.121,0.175,0.204,650,0.57,Red
Emerald,2.55,Premium,VS2,64.35,65.27,6.1,5.55,2.4,66.76,3.21,3.92,0.504,0.422,0.572,450,0.6,Blue
Diamond,1.38,Ideal,VVS2,60.98,68.18,5.34,4.81,5.16,62.91,1.11,0.62,0.247,,0.48,400,0.43,LightYellow
Ruby,2.64,Premium,SI2,58.16,65.74,8.23,9.46,6.07,75.33,1.73,-2.21,0.125,0.343,0.308,550,0.54,LightYellow
Diamond,0.88,Ideal,VVS2,63.96,54.4,4.79,5.19,6.19,70.2,1.09,-3.28,0.297,0.127,0.517,500,0.43,White
Sapphire,3.52,Premium,VS1,63.03,59.71,8.74,3.77,6.21,63.24,3.25,-2.4,0.148,0.264,0.155,400,0.61,Green
Diamond,1.81,Fair,VVS1,55.86,57.87,5.91,6.47,5.02,66.93,4.08,-2.3,0.22,0.583,0.138,700,0.37,Blue
Ruby,1.45,Good,VVS1,59.76,65.32,3.13,8.77,6.17,74.81,4.31,-2.88,0.474,0.453,0.497,400,0.31,Blue
Ruby,4.79,Premium,VS2,64.81,67.9,6.98,4.97,2.59,67.57,3.23,-2.66,0.126,0.216,0.24,500,0.59,LightYellow
Topaz,3.93,Ideal,VVS2,59.54,55.74,4.36,6.46,4.71,61.44,1.16,3.57,0.321,0.117,0.538,600,0.32,FaintYellow
Topaz,3.98,Good,VS1,64.33,59.78,6.27,5.53,5.42,62.11,3.36,3.71,0.2,0.434,0.126,700,0.45,Green
Ruby,3.19,Fair,SI1,64.77,64.64,8.66,3.17,6.24,79.96,2.6,0.31,0.315,0.561,0.183,550,0.55,Blue
Topaz,4.23,Fair,IF,58.87,51,4.33,3.96,3.48,68.56,4.4,4.15,0.539,0.393,0.476,650,0.7,Blue
Ruby,3.84,Very Good,VS1,64.65,69.26,4.46,8.58,4.63,72.72,2.63,0.05,0.506,0.316,0.548,700,0.49,White
Diamond,3.07,Good,SI1,56.38,66,6.32,9.54,3.82,72.39,3.87,1,0.306,0.513,0.425,600,0.59,Green
Emerald,4.81,Premium,VS1,56.6,60.86,6.34,,4.42,63.32,1.78,4.94,0.178,0.355,0.569,,0.64,Green
Emerald,1.12,Fair,SI1,57.77,65.57,6.18,9.03,4.27,67.98,4.69,-1.27,0.58,0.545,,600,0.62,Green
Sapphire,4.73,Premium,VS1,,66.73,7.86,8.07,5.82,74.29,2.18,1.28,0.344,0.433,0.508,700,0.65,Green
Topaz,2.13,Premium,SI2,56.81,59.88,4.88,7.79,5.71,68.49,1.02,1.84,0.174,0.124,0.227,500,0.52,Blue
Ruby,2.74,Ideal,VS1,58.4,58.8,4.82,6.01,3.78,71.79,1.33,0.96,0.224,0.41,0.591,450,0.7,Red
Amethyst,0.79,Premium,VVS2,56.04,66.75,3.16,5.32,3.26,67.42,1.92,-1.85,0.514,0.303,0.275,600,0.66,
Topaz,2.79,Very Good,VS1,59.3,67.19,5.67,5.87,5.83,65.3,1.66,4.22,0.207,0.355,0.565,450,0.43,White
Emerald,3.13,Good,SI1,63.27,52.47,4.37,7.21,6.3,60.37,1.76,3.96,0.147,0.413,0.214,700,0.49,FaintYellow
Diamond,4.99,Good,SI1,60.95,68.16,7.14,9.63,2.08,68.49,3.32,4.52,0.253,0.506,0.146,650,0.46,Blue
Amethyst,4.88,Ideal,VVS1,63.1,55.54,4.27,4.45,4.25,67.93,2.89,-1.2,0.472,0.205,0.282,650,0.56,Green
Emerald,4.84,Very Good,SI1,56.36,63.34,9.26,9.82,5.47,69.21,3.85,3.88,0.297,0.289,0.105,550,0.55,White
Sapphire,1.87,Very Good,VVS1,58.99,64.19,8.94,4.63,6.44,60.13,4.16,1.32,0.195,0.165,0.121,450,0.35,LightYellow
Sapphire,4.96,Good,SI2,55.39,55.59,8.36,8.92,4.39,70.35,,4.96,0.549,0.353,0.566,600,0.58,Red
Amethyst,2.39,Very Good,SI2,58.7,56.08,8.66,7.62,5.24,62.36,3.37,-0.91,0.364,0.401,0.574,650,0.37,Violet
Amethyst,4.29,Fair,SI1,61.14,64.13,9.72,8.22,6.2,69.92,4.1,-4.95,0.578,0.128,0.106,500,0.47,Violet
Ruby,1.24,Premium,VS1,60.69,53.5,5.24,8.82,3.69,66.84,1.36,0.04,0.573,0.321,0.117,700,0.39,FaintYellow
Amethyst,2.63,Premium,SI1,55.6,67.17,9.86,3.08,5.98,60.88,2.74,0.39,0.404,0.217,0.334,700,0.63,Green
Amethyst,4.84,Good,SI2,55.62,54.46,9.23,8.07,3.2,63.31,3.11,-0.36,0.327,0.371,0.171,700,0.6,LightYellow
Ruby,4.75,Good,VVS1,58.05,57.02,5.53,9.97,5.26,65.16,3.39,-0.94,0.307,0.411,0.402,500,0.63,Blue
Emerald,3.48,Very Good,SI2,62.71,55.33,9.05,6.46,6.3,64.67,3.17,-2.8,0.315,0.418,0.558,400,0.51,FaintYellow
Emerald,4.03,Ideal,VVS2,55.21,54.91,9.28,6.79,4.92,72.07,2.4,2.31,0.116,0.108,0.551,650,0.37,Green
Ruby,1.05,Good,SI2,61.16,69.58,3.25,3.74,3.69,60.88,2.15,0.32,0.441,0.283,0.449,550,0.5,FaintYellow
Emerald,3.66,Good,SI2,56.84,55.07,9.13,5.39,2.35,68.88,2.76,-3.96,0.256,0.344,0.424,550,0.65,LightYellow
Amethyst,3.17,Good,IF,64.44,61.57,6.03,7.29,2.9,76.33,1.27,-3.99,0.266,0.459,0.348,600,0.65,Green
Amethyst,0.64,Very Good,VS1,59.3,64.91,8.68,3.84,5.28,65.71,2.88,2.77,0.492,0.137,0.296,700,0.37,Green
Emerald,0.74,Fair,SI1,55.48,50.84,3.78,5.33,6.45,72.1,4.86,0.86,0.59,0.562,0.576,600,0.54,LightYellow
Ruby,0.72,Good,VVS1,62.14,67.63,4.21,5.44,5.82,78.45,1.22,0.05,0.156,0.132,0.473,450,0.56,Violet
Topaz,3.68,Fair,VVS1,59.85,53.06,9.85,8.69,5.56,75.77,1.61,-2.79,0.207,0.143,0.538,650,0.56,White
Amethyst,0.88,Very Good,SI2,63.81,61.76,5.91,6.76,2.08,76.63,3.52,-1.87,0.144,0.236,0.507,500,0.33,LightYellow
Amethyst,2.45,Ideal,VVS2,61.52,62.82,8.59,6.88,,68.76,3.83,3.15,0.495,0.305,0.594,500,0.35,Red
Diamond,1.91,Premium,SI2,61.93,,8.25,4.98,5.72,61.67,2.9,-2.21,0.462,0.128,0.472,500,,White
Amethyst,2.84,Premium,SI1,62.67,64.67,8.5,5.19,3.46,69.73,4.67,-3.24,0.419,0.146,0.357,650,0.66,
Diamond,3.59,Premium,VVS2,59.2,68.62,8.35,6.16,6.5,61.46,2.93,1.59,0.196,0.508,0.583,500,0.4,Green
Topaz,3.49,Premium,IF,62.93,68.54,9.4,8.72,2.16,69.95,1.44,2.7,0.372,0.234,0.571,450,0.4,Violet
Diamond,2.67,Very Good,SI1,55.51,61.56,7.15,5.22,3.76,69.94,2.92,-3.25,0.4,0.568,0.153,450,0.47,LightYellow
Topaz,2.43,Premium,VS2,62.66,57.4,5.98,5.25,,76.34,3.06,-2.48,0.575,0.358,0.156,700,,FaintYellow
Amethyst,2.11,,VS2,61.36,56.43,9.48,6.98,6.38,70.93,2.72,-4.68,0.438,0.553,0.26,650,0.46,FaintYellow
Sapphire,4.34,Ideal,SI1,60.67,67.73,5.5,8.88,5.02,62.01,4.66,-4.71,0.533,0.487,0.5,650,0.67,Green
Emerald,1.79,Good,VS2,58.18,67.06,7.41,6.53,3.88,69.14,2.92,-4.45,0.519,0.19,0.509,400,0.67,Red
Diamond,1.44,Good,IF,56.14,55.92,8.99,3.9,6.38,74.65,3.77,-4.43,0.477,0.494,0.435,700,0.68,FaintYellow
Diamond,3.77,Good,VS1,61.47,53.05,9.41,9.41,2.28,62.09,3.03,2.78,0.284,0.325,0.489,400,0.43,FaintYellow
Emerald,1.93,Very Good,SI2,59.72,67.22,9.65,6.3,2.99,69.8,3.91,0.88,0.539,0.278,0.53,700,0.48,FaintYellow
Diamond,4.27,Very Good,VS2,57.18,62.17,7.62,8.42,3.9,70.1,1.44,-2.3,0.479,0.302,0.228,700,0.59,Green
Emerald,1.77,Very Good,SI2,55.43,56.26,8.04,3.3,2.56,78.62,4.78,-3.86,0.464,0.132,0.187,400,0.68,LightYellow
Topaz,3.57,Ideal,VS2,60.39,62.21,6.48,8.85,6.49,75.54,3.45,4.52,0.169,0.592,0.351,550,0.55,Green
Amethyst,0.42,Fair,SI1,56.26,51.32,4.99,3.41,4.58,64.89,2.23,-1.27,0.564,0.277,0.432,700,0.5,Green
Diamond,2.05,Very Good,VVS1,,53.8,3.11,9.77,2.73,76.16,1.93,,0.101,0.443,0.46,450,0.53,Red
Emerald,1.85,Very Good,VVS1,56.51,60.92,4.55,9.23,3.12,68.57,,-4.84,0.255,0.577,0.134,400,0.38,White
Diamond,4.12,Good,VS1,55.32,60.78,9.86,4.87,3.78,69.97,2.07,-2.87,0.439,0.317,0.343,450,0.67,White
Diamond,4.84,Premium,SI1,57.62,54.93,8.64,4.56,5.27,67.4,2.8,3.06,0.175,0.401,0.33,700,0.56,White
Sapphire,2.41,Premium,VVS2,56.75,69.64,6.35,8.48,3.37,61.81,3.47,2.91,0.486,0.53,0.13,600,0.38,Violet
Ruby,4.16,Ideal,IF,62.91,58.25,5.41,4.06,3.34,79.8,4.43,-4.76,0.172,0.245,0.31,400,0.48,White
Sapphire,3.56,Premium,VS2,57.89,64.17,3.45,9.08,4.82,61.73,4.32,-2.99,,0.183,0.582,500,0.39,White
Diamond,4.84,Fair,SI1,57.45,55.17,3.07,3.22,2.21,61.67,3.67,2.38,0.114,0.125,0.147,550,0.59,Red
Topaz,4.09,Good,SI2,64.95,58.49,8.29,7.56,5.2,62.39,2.06,-4.27,0.208,0.231,0.19,500,0.61,LightYellow
Ruby,0.57,Ideal,SI2,56.5,66.62,9.9,4.82,4.46,65.54,1.65,-0.84,0.372,0.249,0.235,650,0.64,Red
Ruby,3.62,Premium,SI1,55.85,66.97,4.78,8.9,3.95,70.9,3.18,4.61,0.138,0.434,0.334,600,0.65,White
Amethyst,2.77,Premium,IF,58.06,52.71,4.92,5.64,3.77,75.49,4.53,0.79,0.28,0.37,0.341,400,0.44,Violet
Amethyst,0.28,Good,VVS1,59.05,57.09,9.54,6.03,2.99,75.28,,-0.69,0.195,0.232,0.345,500,0.66,Blue
Topaz,1.41,Ideal,IF,62.6,54.06,7.21,4.02,3.08,70.04,3.95,4.61,0.54,0.525,0.501,,0.47,Blue
Amethyst,4.62,Good,VVS1,64.55,67.81,4.22,7.38,4.25,76.91,4.33,0.06,0.234,0.379,0.485,450,0.67,Violet
Ruby,4.65,Ideal,IF,62.64,65.08,3.32,6.29,2.89,60.42,2.05,1.02,0.426,0.105,0.484,450,0.56,Red
Diamond,4.03,Premium,SI2,62.27,61.27,6.95,3.06,4.55,60.8,4.86,0.12,0.467,0.103,0.379,550,0.62,Green
Amethyst,4.91,Good,VVS1,64.91,63,6.17,8.12,4.92,72.92,,2.5,0.169,0.358,0.418,650,0.66,Green
Diamond,4.07,Good,IF,62.65,68.28,6.02,,4.06,69.3,3.36,-1.68,0.161,0.467,0.144,650,0.34,Blue
Topaz,0.25,Fair,VS2,56.4,56.07,9.78,6.68,2.48,70.09,3.67,-3.48,0.555,0.122,0.415,500,0.46,Red
Diamond,1.58,Good,VS2,59.62,50.27,4.84,6.77,6.22,64.36,3.21,-0.28,0.179,0.505,0.206,650,0.68,Red
Topaz,0.35,Ideal,VS1,60.04,,6.42,5.1,5.75,76.74,3.49,2.33,0.375,0.143,0.412,500,0.5,Blue
Topaz,0.65,Fair,IF,58.05,50.93,4.49,4.6,6.29,70.06,1.84,-0.33,0.402,0.491,0.579,500,0.61,LightYellow
Emerald,1.25,Good,VVS2,56.64,52.57,5.25,5.18,3.66,64.22,1.58,-2.98,0.26,0.103,0.357,450,0.67,Blue
Emerald,2.62,Good,VS1,62.12,61.42,8.36,5.79,2.14,62.77,1.06,-3.5,0.341,,0.106,700,0.61,Red
Amethyst,4.27,Fair,IF,57.77,69.62,4.38,9.54,3.96,79.91,3.44,4.71,0.252,0.304,0.133,400,0.42,FaintYellow
Diamond,4.34,Premium,VVS2,61.25,58.4,7.74,7.68,4.09,74.55,4.7,4.22,0.514,0.513,0.122,450,0.54,Violet
Sapphire,3.16,Good,VS2,58.23,64.25,3.91,9.76,5.18,70.65,3.72,-1.89,0.176,0.176,0.408,700,0.36,Blue
Diamond,4.66,Very Good,SI2,60.06,65.84,4.33,3.59,5.31,71.33,3.6,4.63,0.251,0.172,0.122,600,0.42,Red
Amethyst,2.6,Premium,SI2,58.37,66.03,3.16,3.32,3.91,62.21,3.13,1.2,0.353,0.6,0.355,400,0.34,White
Sapphire,4.47,Good,VS2,59.12,58.87,7.41,3.41,6.4,74.43,3.47,-1.92,0.25,0.246,0.147,500,0.57,Violet
Topaz,2.38,Premium,SI2,62.32,61,9.93,9.01,2.51,78.38,3.89,,0.531,0.427,,650,0.38,LightYellow
Ruby,1.53,Ideal,SI1,63.84,56.58,7.6,8.84,6.06,77.94,1.6,4,0.548,0.282,0.431,400,0.36,FaintYellow
Sapphire,4.6,Premium,VS2,60.09,63.76,9.46,6.07,5.46,75.76,3.92,-1.29,0.503,0.166,0.561,,0.62,Red
Topaz,2.06,Fair,SI1,61.1,57.66,6.68,6.05,4.4,73.05,1.62,-4.22,0.543,0.139,0.154,400,0.5,LightYellow
Amethyst,2.62,Good,SI2,63.64,56.22,7.76,5.99,5.43,65.34,2.18,2.4,0.315,0.171,0.465,600,0.59,Blue
Emerald,1.78,Premium,VVS2,56.43,62.55,9.48,9.61,5.39,66.89,2.36,-3.53,0.37,0.461,0.395,400,0.49,White
Sapphire,3.38,Very Good,VVS1,56.62,56.83,3.6,4.83,2.75,76.64,2.14,1.91,0.417,0.543,0.55,500,0.45,Green
Amethyst,4.98,Ideal,IF,58.59,58.16,7.18,8.03,4.4,74.33,3.1,1.93,0.491,0.564,0.451,650,0.54,FaintYellow
Amethyst,0.32,Ideal,VS1,58.09,64.22,7.03,3.77,4.12,79.81,3.22,0.7,0.275,0.103,,600,0.66,White
Emerald,4.52,Premium,SI1,64.86,67.07,3.23,4.83,4.22,61.7,4.28,0.73,0.131,0.355,0.507,700,0.59,White
Amethyst,0.22,Fair,VS1,60.64,58.7,4.09,7.19,2.76,66.96,3.31,-1.5,0.535,0.351,0.347,500,0.51,LightYellow
Ruby,1.95,Ideal,SI2,60.24,60.44,6.87,7.18,3.73,77.59,4.99,-0.89,0.486,0.171,0.244,450,0.38,Violet
Ruby,1.01,Premium,VS2,,64.93,6.48,6.88,4.33,60.52,3.78,-3.79,0.348,0.395,0.481,400,0.38,Blue
Sapphire,3.84,Premium,VVS1,63.75,54.5,5.41,3.86,5.08,66.72,3.92,0.55,0.142,0.359,0.294,700,0.67,Green
Topaz,0.44,Ideal,SI1,57.44,58.3,7.88,8.28,3.9,79.48,,3.17,0.317,0.567,0.457,650,0.43,White
Topaz,2.86,Premium,IF,,66.23,5.52,7.98,4.91,70.93,1.94,-4.7,0.127,0.127,0.249,500,0.64,Violet
Diamond,1.62,Premium,SI1,57.71,67.89,8.38,7.77,4.78,66.17,3.59,2.09,0.371,0.399,0.483,650,0.66,Red
Sapphire,0.84,Very Good,IF,62.81,62.9,8.66,3.91,5.66,78.6,4.55,-3.66,0.138,0.103,,400,,Green
Ruby,3.9,Premium,VS1,62.77,57.87,7.51,4.55,3.87,66.94,4.87,2.99,0.471,0.351,0.569,600,0.46,Red
Diamond,1.24,Premium,VS1,64.57,62.12,4.95,9.38,5.93,62.67,2.79,-4.99,0.16,0.527,0.285,400,0.52,Green
Topaz,1.27,Fair,VS1,59.47,53.58,8.62,6.38,2.12,71.58,2.72,-4.23,0.282,0.333,0.247,700,0.32,Red
Ruby,1.52,Ideal,IF,56.59,50.59,4.76,5.93,6.05,74.29,,3.22,0.251,0.358,0.287,650,0.3,White
Diamond,3.02,Fair,SI1,63.96,51.49,5.12,9.11,6.28,61.59,4.62,-2.31,0.206,0.221,0.149,650,0.43,Red
Topaz,3.37,Good,VS1,63.91,52.16,7.26,5.06,3.86,72.44,4.75,3.94,0.574,0.255,0.13,650,0.58,Green
Topaz,0.28,Fair,IF,57.35,54.51,7.82,8.78,6.27,67.44,4.54,2.81,0.478,0.39,0.375,700,0.56,White
Amethyst,1.36,Good,VS2,57.76,59.23,5.6,6.09,5.89,62.49,1.9,1.41,0.475,0.154,0.597,550,0.41,White
Diamond,2.27,Good,SI2,58.13,54.65,7.14,7.35,2.26,72.71,2.21,-2,0.296,0.27,0.517,500,0.67,LightYellow
Emerald,1.79,Fair,SI2,59.52,61.7,4.74,5.55,4.93,65.38,4.79,3.4,0.465,0.143,0.289,650,0.44,LightYellow
Topaz,4.44,Very Good,SI2,63.29,69.97,8.56,9.41,6.13,63.39,3.46,-3.06,0.345,0.542,0.477,650,0.49,Violet
Sapphire,3.98,Fair,SI1,56.44,59.96,9.94,3.74,2.93,61.87,3.53,3.92,0.332,0.379,0.52,550,,LightYellow
Ruby,3.2,Ideal,SI1,62,65.14,7.89,4.52,6.14,68.03,2.67,2.56,0.509,0.363,0.357,650,0.33,LightYellow
Amethyst,1.82,Fair,SI1,58.53,55.85,5.24,4.42,2.93,72.41,3.46,-1.52,0.274,0.468,0.152,400,0.59,FaintYellow
Topaz,3.56,Very Good,VVS1,56.96,69.26,5.44,4.82,4.84,79.51,1.64,-3.26,0.145,0.115,0.418,550,0.66,White
Diamond,4.25,Fair,VS1,58.38,54.98,3.21,6.18,3.71,66.76,4.8,-0.58,0.125,0.463,0.273,650,,Violet
Ruby,3.06,Very Good,IF,60.33,61.93,7.53,3.82,4.47,72.25,4.78,-3.69,0.523,0.56,0.112,600,0.45,Violet
Sapphire,3.97,Ideal,VS2,64.21,69.67,7.2,3.27,3.27,62.35,,-0.15,0.499,0.54,0.46,500,0.4,Blue
Sapphire,3.8,Premium,VVS2,61.28,66.16,9.68,6.96,3.83,78.72,2.02,-2.73,0.377,0.183,0.197,400,,FaintYellow
Amethyst,2.94,Very Good,VS2,61.07,69.84,5.81,6.51,4.27,74.81,4.5,-4.96,0.273,0.26,0.416,550,0.68,Red
Sapphire,1.7,Very Good,VVS1,56.09,57.59,9.53,5.38,4.26,74.23,3.8,0.32,0.218,0.162,0.358,500,0.41,Blue
Ruby,3.78,Very Good,VS2,55.8,51.55,8.32,4.19,6.47,70.95,1.98,-2,0.515,0.351,0.305,500,0.51,Green
Diamond,1.19,Ideal,VS1,56.29,54.87,5.02,3.82,5.85,71.27,4.34,1.11,0.158,0.218,0.276,400,0.67,Blue
Sapphire,3.94,Good,VS1,55.96,69.15,3.12,9.22,2.66,68.94,1.36,-1.87,0.525,0.182,0.15,650,0.31,LightYellow
Topaz,4.06,Very Good,VVS2,60.76,57.41,8.09,6.04,6.32,60.91,3.87,1.84,0.251,0.228,0.1,650,0.51,LightYellow
Diamond,4.15,Ideal,SI1,59.53,52.5,6.47,9.67,4.56,61.41,4.99,1.67,0.21,0.378,0.534,400,0.57,White
Diamond,2.47,Premium,IF,55.05,61.86,9.73,5.28,4.74,63.84,2.72,-4.75,0.565,0.315,0.453,700,0.67,LightYellow
Sapphire,1.12,Very Good,SI2,58.51,60.01,3.15,7.29,3.24,63.76,3.49,1.89,0.297,0.138,0.108,500,,Green
Ruby,0.68,Good,VS2,56.27,51.25,,6.97,3.36,61.14,1.87,-3.17,0.577,0.319,0.163,500,0.58,Red
Topaz,3.77,Ideal,VVS2,64.88,59.06,8.52,4.14,2.62,69.93,2.87,3.21,0.422,0.252,0.129,450,0.67,LightYellow
Ruby,4.45,Premium,,59.6,62.66,8.53,6.46,5.73,70.18,1.43,-3.81,0.403,0.589,0.177,600,0.34,LightYellow
Sapphire,3.32,Good,VS1,59.26,54.65,7.7,6.39,4.18,71.99,3.78,-2.53,0.291,0.452,0.417,500,0.61,Violet
Amethyst,0.89,Premium,SI2,61.44,52.49,5.76,6.54,2.44,,4.09,0.74,0.23,0.284,0.113,650,0.57,White
Diamond,4.69,Good,SI1,58.57,67.3,3.47,5.11,4,78.72,3.35,-0.8,0.153,0.16,0.351,450,0.62,Blue
Emerald,4.95,Fair,IF,62.16,62.51,5.11,4.7,3.53,78.96,3.96,4.91,0.394,0.13,0.411,400,0.4,White
Diamond,2.28,Fair,IF,64.05,53.11,7.56,5.87,5.11,77.99,3.76,2.2,0.125,0.423,0.128,450,0.64,FaintYellow
Emerald,3.06,Fair,VVS1,59.99,62.58,8.4,9.46,2.84,74.83,4.69,-2.8,0.303,0.136,0.398,600,0.64,
Topaz,3.93,Premium,SI1,58.83,64.71,8.72,6.99,6.21,73.41,2.91,2.33,0.529,0.468,0.348,400,0.3,White
Topaz,3.73,Fair,VS1,60.22,61.95,8.42,6.28,5.52,62.35,3.15,-1.44,0.556,0.157,0.149,600,,White
Amethyst,4.85,Ideal,IF,61.04,52.32,5.27,4.37,3.76,73.13,2.49,-4.77,0.316,0.126,0.351,700,0.42,Violet
Ruby,0.75,Ideal,VVS1,63.48,52.49,7.86,9.48,2.85,63.14,2.41,-2.18,0.275,0.594,0.247,400,0.54,Violet
,2.99,Fair,VVS1,58.94,50.9,9.78,7.62,5.45,74.91,4.27,4.41,0.358,0.581,0.307,,0.65,Green
Emerald,,Good,VS1,55.51,54.68,3.96,9.92,2.53,63.24,4.72,-3.72,0.151,0.387,0.347,600,0.31,FaintYellow
Sapphire,4.47,Good,IF,61.31,51.19,8.12,4.18,2.39,73.63,2.24,0.72,0.154,0.556,0.114,450,0.39,FaintYellow
Topaz,4.4,Premium,SI2,64.87,66.11,5.87,5.73,5.06,61.44,2.68,4.78,0.12,0.586,0.455,400,0.5,Red
Topaz,4.89,Good,SI1,63.54,50.31,4.57,5.33,2.9,66.27,2.41,0.21,0.536,0.322,0.418,500,0.7,Red
Sapphire,2.66,Very Good,IF,62.58,61.62,5.24,5.33,4.89,67.48,4.42,-1.7,0.498,0.105,0.166,400,0.33,FaintYellow
Sapphire,4.19,Good,VS2,56.77,66.2,4.17,3.23,3.6,66.27,4.79,0.99,0.23,0.41,0.216,650,0.63,Blue
Ruby,2.25,Ideal,IF,62.49,67.9,8.71,6.77,2.43,66.22,4.61,-2.43,0.444,0.299,0.12,550,0.45,Blue
Amethyst,2.23,Good,VVS1,55.81,58.19,5.71,7.26,4.81,70.65,1.05,2.76,0.545,0.437,0.284,650,0.61,Blue
Amethyst,1.42,Premium,VVS2,59.94,62.42,9.56,3.33,4.91,76.47,1.69,3.63,0.507,0.189,0.463,600,0.47,Red
Amethyst,4.13,Good,VS1,,69.02,9.76,9.16,4.43,77.47,4.58,-1.48,0.196,0.593,0.35,600,0.41,LightYellow
Ruby,4.93,Premium,VVS2,64.05,63.43,9.76,4.41,3.57,61.47,3.1,2.73,0.248,0.485,0.404,650,0.47,
Emerald,1.43,Very Good,IF,56.6,68.02,4.09,4.03,6.11,63.85,2.51,3.35,,0.248,0.318,600,0.47,LightYellow
Amethyst,0.47,Fair,SI1,62.89,63.69,5.42,4.26,5.06,66.19,2.63,-0.92,0.323,0.485,0.369,400,0.63,White
Topaz,4.11,Very Good,SI1,55.49,51.36,5.17,5.95,4.49,73.68,4.3,4.5,0.341,0.526,0.291,550,0.61,Red
Diamond,3.18,Ideal,SI2,62.02,53.94,9.46,3.58,4.16,68.05,4.25,1.9,0.244,0.346,0.108,,0.33,Red
Diamond,4.81,Very Good,SI2,57.94,68.81,3.61,8.77,5.79,69.54,4.31,-0.43,0.525,0.304,0.509,650,0.62,LightYellow
Diamond,1.41,Very Good,VVS1,64.76,66.89,7.12,7.76,6.33,75.69,4.39,1.11,0.131,0.218,,450,0.37,Red
Sapphire,0.54,Ideal,VVS2,61.72,58.45,6.4,6.31,4.51,72.84,1.28,-0.03,0.358,0.518,0.479,550,0.3,Violet
Diamond,2.56,Ideal,VS1,58.09,53.22,9.83,6.5,2.22,71.75,4.03,-3.35,0.278,0.305,0.578,500,0.38,Green
Sapphire,0.61,Fair,VS2,57.36,53.14,9.74,5.84,4.21,71.6,3.44,-0.38,0.503,0.499,0.389,700,0.34,Violet
Sapphire,1.46,Fair,VVS2,61.39,68.1,5.97,8.01,4.9,63.99,2.01,0.58,0.573,0.537,0.532,600,0.42,Blue
Diamond,0.8,Good,SI1,57.73,53.32,6.09,9.67,5.68,62.21,3.37,-3.39,0.156,0.376,0.362,650,0.67,Red
Diamond,1.28,Premium,VS2,56.87,57.73,5.69,6.87,3.4,66.53,3.74,3.92,0.324,0.187,0.472,600,0.51,Red
Diamond,0.71,Ideal,SI1,61.48,68.02,8.52,6.94,5.04,75.37,3.28,,0.305,0.119,0.265,450,0.34,Green
Emerald,4.78,Very Good,SI2,62.24,50.67,3.7,6.66,2.21,77.06,2.41,-0.36,0.11,0.453,0.375,400,0.61,White
Sapphire,1.54,Very Good,SI2,57.38,62.61,3.81,9.37,3.58,75.95,1.98,2.84,0.531,0.53,0.396,550,0.53,Violet
Topaz,2.33,Fair,IF,60.36,57.01,7.93,7.45,3.35,63.16,1.35,2.66,0.205,0.533,0.559,650,0.32,Green
Sapphire,4.51,Premium,IF,61.64,52.16,3.12,9.12,2.39,78.38,1.23,-1.13,0.143,0.279,0.203,700,0.51,Red
Sapphire,3.45,Ideal,VS1,64.42,61.35,,7.09,5.16,67.75,2.41,-0.53,0.553,0.206,0.581,500,0.58,Blue
Emerald,3.17,Fair,VS2,63.03,59.7,3.9,7.89,3.66,76.75,1.95,-0.3,0.243,0.129,0.559,500,0.38,White
Topaz,3.59,Premium,VS2,59.21,51.98,8.5,7.59,2.98,72.52,2.98,-3.51,0.378,0.216,0.282,700,0.69,FaintYellow
Amethyst,,Ideal,VS1,63.44,55.34,,6.08,2.66,75.87,3.25,2.25,0.383,0.229,0.174,650,0.6,Green
Topaz,4.41,Very Good,SI2,59.42,64.81,4.28,3.96,6.07,60.61,2.52,-3.23,0.6,0.393,0.299,,0.35,LightYellow
Emerald,3.28,Very Good,SI1,56.3,,8.3,5.95,2.62,68.69,2.52,-4.28,0.513,0.219,0.37,600,0.47,Violet
Ruby,4.47,Fair,VVS2,58.41,61.97,8.53,9.1,5.9,72.13,3.99,1.72,0.216,0.22,0.384,550,0.48,Blue
Ruby,2.77,Premium,VS1,63.05,52.21,9.48,7.59,4.34,67.4,1.02,-4.18,0.406,0.272,0.588,650,0.52,FaintYellow
Diamond,1.53,Very Good,SI2,64.56,67.06,8.07,9.6,2.14,75.79,4.99,3.67,0.112,0.43,0.263,700,0.33,Green
Topaz,4.42,Premium,IF,64.84,53.45,9.07,4.95,6.31,74.47,2.76,-1.69,0.389,0.299,0.168,450,0.36,Blue
Emerald,2.8,Fair,VS2,61.39,64.42,7.46,6.3,4.49,67.8,3.35,-2.67,0.563,0.466,0.24,700,,FaintYellow
Sapphire,4.55,Good,,59.78,50.85,7.38,8.2,3.43,68.78,1.97,-0.72,,0.317,0.127,600,0.41,Violet
Emerald,0.39,Premium,SI1,56.62,56.64,7.73,3.93,3.21,69.83,1.84,-0.17,0.151,0.497,0.514,500,0.69,Violet
Sapphire,2.11,Premium,SI2,56.03,59.57,5.84,3.69,3.43,70.9,3.69,-3.58,0.121,0.33,0.436,450,0.37,LightYellow
Emerald,4.75,Fair,VVS1,60.19,50.56,4.6,8.27,2.97,65.97,4.89,3.92,0.385,0.509,0.34,700,0.33,Green
Amethyst,1.4,Good,IF,62.28,53.43,5.89,7.66,3.1,64.58,4.63,-3.22,0.275,0.521,0.26,450,0.3,White
Sapphire,4.72,Very Good,VS2,58.24,56.38,7.15,6.37,3.71,62.25,4.73,0.11,0.142,0.486,0.327,450,0.58,Violet
Amethyst,4.78,Ideal,VS2,61.75,69.65,7.83,3.47,4.34,62.81,3.03,1.01,0.218,0.368,0.599,500,0.58,LightYellow
Topaz,4.43,Fair,VS1,60.71,65.59,6.2,7.39,5.27,69.35,2.44,1.51,0.553,0.421,0.11,550,0.3,White
Topaz,2.91,Ideal,VVS2,64.41,66.81,5.31,7.68,3.36,73.29,4.06,0.09,0.267,0.111,0.157,650,0.53,Blue
Sapphire,3.31,Good,VS1,57.1,63.35,4.73,5.1,2.61,73.32,3.17,-2.4,0.179,0.241,0.219,450,0.67,Red
Emerald,4.37,Good,VVS1,60.91,55.85,4.28,3.63,2.09,69.13,4.25,-4.29,0.292,0.3,,600,0.37,LightYellow
Emerald,3.92,Premium,VS2,59.14,64.19,6.33,6.53,3.67,72.38,3.8,4.43,0.262,0.127,0.194,600,0.42,White
Emerald,3.22,Ideal,VVS2,57.62,63.47,7.94,6.4,5.56,79.18,2.46,2.99,0.43,0.513,0.592,500,0.3,LightYellow
Amethyst,,Ideal,VS1,58.57,62.2,8.81,5.07,3.48,79.65,1.27,-2.24,0.222,0.237,0.126,550,0.69,Green
Amethyst,3.49,Good,VVS2,57.95,55.97,5.42,6.95,2.98,76.9,2.18,-3.98,0.103,0.189,0.444,650,,FaintYellow
Ruby,4.88,Ideal,SI2,60.28,55.26,7.28,7.26,6.1,78.29,4.32,4.77,0.474,0.561,0.233,650,0.32,Blue
Sapphire,0.48,Very Good,SI1,60.58,56.73,6.34,9.46,4.98,62.72,2.85,3.77,0.351,0.103,0.565,400,0.47,Blue
Sapphire,0.87,Good,SI1,63.66,56.25,9.76,8.42,6.39,65.58,4.29,1.1,0.206,0.456,0.222,550,0.32,Red
Ruby,2.37,Premium,VVS1,62.81,51.56,9.18,8.66,4.52,79.08,3.79,0.17,0.311,0.121,0.568,600,0.38,Violet
Amethyst,2.05,Premium,VVS2,58.03,66.05,9.18,4.3,4.43,62.61,2.24,-2.13,0.328,0.274,0.209,600,0.43,LightYellow
Topaz,3.96,Premium,SI2,64.31,57.39,7.05,6.21,6.37,77.49,2.76,-1.49,0.553,0.239,0.328,500,0.47,Green
Diamond,0.97,,SI1,63.68,64.13,6.06,4.45,4.75,68.78,3.63,3.67,0.109,0.309,0.186,450,0.46,Red
Sapphire,4.89,Good,VS2,61.26,55.6,7.56,4.31,4.32,79.5,4.51,0.79,0.565,0.262,0.164,550,0.43,Violet
Topaz,1.71,Premium,SI1,55.19,62.04,4.12,6.54,3.07,74.33,1.16,3.97,0.118,0.463,0.272,650,0.45,Blue
Ruby,2.26,Good,VVS2,57.09,50.69,9.18,4.96,3.72,66.74,4.97,3.67,0.594,0.418,0.182,700,0.6,Violet
Amethyst,1.52,Ideal,VVS2,62.89,52.12,4.9,4.5,4.53,,2.63,-0.79,0.353,0.352,0.314,600,0.69,Red
Amethyst,2.98,Very Good,VS1,59.54,57.29,8.79,8.08,4.54,64.78,1.52,-3.55,0.321,0.278,0.289,550,0.37,FaintYellow
Sapphire,0.48,Very Good,SI2,56.26,55.37,5.09,3.24,4.05,74.08,2.32,4.43,0.465,0.137,0.338,400,0.59,FaintYellow
Emerald,0.92,Very Good,SI2,59.08,57.07,6.65,8.26,5.1,66.42,4.18,3.04,0.114,0.419,0.475,600,0.59,Red
Ruby,,Ideal,VVS2,57.12,68.61,8.41,9.29,2.71,78.98,3.3,-1.34,0.517,0.231,0.474,600,0.57,White
Sapphire,1.1,Premium,VVS2,63.93,51.48,5.76,7.93,5.9,70.7,1.44,3.86,0.552,0.222,0.576,550,0.49,Green
Topaz,1.33,Ideal,VVS1,63.89,59.25,5.51,4.35,5.32,70.49,2.55,-1.36,0.132,0.475,0.145,500,0.3,FaintYellow
Emerald,4.01,Good,VVS2,58.87,53.97,9.22,8.15,5.71,76.14,1.22,1.49,0.334,0.251,0.247,400,0.4,Violet
Sapphire,0.65,Very Good,SI2,56.37,57.12,3.48,6.51,2.16,75.94,1.27,-1.86,0.279,0.471,0.266,700,0.33,FaintYellow
Diamond,2.3,Good,VS1,58.59,63.54,8.89,7.47,5.52,73.74,1.88,4.08,0.469,0.475,0.341,600,0.55,Violet
Ruby,0.31,Ideal,SI2,56.29,69.46,9.5,5.75,5.33,79.04,2.4,-4.62,0.48,0.178,0.346,600,0.61,FaintYellow
Diamond,1.86,Fair,VS1,58.04,63.89,6.94,4.33,2.09,71.6,3.77,1.8,0.397,0.246,0.511,600,0.44,Blue
Sapphire,3.56,Fair,SI2,62.71,67.7,7.87,3.16,4.03,78.01,1.07,-3.08,0.508,0.385,0.381,600,0.46,Red
Sapphire,0.63,Ideal,SI2,57.92,52.95,9.03,8.19,3.37,69.41,2.26,-4.05,0.433,0.591,0.466,450,0.43,White
Topaz,4.46,Premium,VS2,60.44,53.63,6.05,5.99,3.15,75.24,2.43,0.81,0.349,0.272,0.385,400,0.54,FaintYellow
Diamond,4.57,Good,SI1,56.19,67.54,9.15,4.69,2.71,64.68,2.24,2.32,0.383,0.53,0.223,400,0.37,Violet
Sapphire,0.7,Ideal,VVS1,58.48,62.15,5.61,7.36,3.14,77.01,1.57,4.91,0.254,0.532,0.597,450,0.7,Green
Diamond,4.96,Ideal,IF,55.4,65.84,5.15,8.55,5.43,67.06,4.44,-3.76,0.324,0.258,0.487,400,0.39,LightYellow
Emerald,1.63,Fair,VS2,60.48,54.46,9.88,6.7,6.09,74.52,2.28,-2.7,0.568,0.582,0.314,550,0.43,Violet
,0.6,Very Good,VVS2,58.48,56.97,3.22,8.33,3.58,66.45,4.38,4.8,0.474,0.128,0.377,450,0.57,LightYellow
Amethyst,0.22,Very Good,SI1,63.72,51.62,5.24,5.37,3.28,79.06,1.76,-2.71,0.211,0.23,0.318,450,0.52,Green
Sapphire,2.16,Premium,VVS1,58.93,67.91,6.21,7.57,3.32,63.81,3.89,1.21,0.146,0.361,0.112,,0.55,LightYellow
Amethyst,3.22,Premium,VS2,60.58,69.13,5.18,7.31,4.4,70.54,1.8,1.68,0.134,0.145,0.148,600,0.7,Green
Topaz,1.79,Premium,VS1,64.77,67.15,4.98,4.21,2.21,67.89,2.37,3.09,0.526,0.502,0.131,700,0.39,Green
Emerald,4.22,Fair,VVS1,61.43,58.74,5.59,8.17,4.59,70.7,3.71,-1.36,0.518,0.192,0.271,400,0.43,FaintYellow
Ruby,3.64,Ideal,VVS1,60,56.82,5.79,8.32,6.14,64.61,3.19,-3.7,0.26,0.551,0.54,700,0.43,LightYellow
Diamond,1.88,Premium,SI2,55.98,59.25,3.5,7.6,4.22,70.07,2.07,-4.53,0.106,0.588,0.389,550,0.63,Blue
Topaz,3.72,Fair,SI2,63.21,62.75,8.43,5.66,3.79,62.64,4.53,-4.11,0.313,0.467,0.265,450,0.47,White
Diamond,4.71,Good,VVS2,61.42,58.63,4.18,6.82,2.18,64.62,2.89,0.6,0.268,,0.405,700,0.53,Blue
Sapphire,0.65,Ideal,VVS1,56.09,,3.29,6.07,,73.44,4.15,-1.36,0.164,0.393,0.214,500,0.32,FaintYellow
Topaz,1.67,Good,SI1,57.46,58.62,7.13,3.02,2.61,69.38,4.45,3.25,0.199,0.453,0.243,650,0.62,LightYellow
Emerald,2.42,Very Good,SI2,60.38,,7.68,3.08,4.08,69.94,2.8,-0.94,0.401,0.541,0.434,550,0.41,Green
Sapphire,2.59,Very Good,SI2,55.45,65.74,8.32,4.38,3.39,78.63,2.33,0.2,0.459,0.456,0.203,500,0.41,Blue
Topaz,2.8,Ideal,SI1,62.18,67.41,3.61,9.39,3.17,64.3,3.21,4.5,0.386,0.499,,,0.49,Blue
Amethyst,1.64,Premium,VVS1,57.28,54.86,4.2,7.42,6.31,71.04,1.33,0.32,0.184,0.24,0.518,500,0.3,White
Amethyst,3.4,Ideal,IF,59.9,53.15,4.28,5.73,5.54,70.63,3.74,2.97,0.256,0.513,0.164,650,0.34,LightYellow
Ruby,3.3,Premium,SI2,57.42,56.9,7.16,7.25,2.54,68.9,4.02,2.63,0.452,0.187,,450,0.62,FaintYellow
Emerald,2.97,Very Good,VVS2,59.89,58.41,9.23,3.45,3.42,76.6,1.42,-2.45,0.141,0.114,0.278,600,0.68,LightYellow
Emerald,0.75,Ideal,SI2,56.9,64.04,7.94,3.73,,71.34,2.19,0.39,0.442,0.351,0.137,550,0.6,Violet
Diamond,2.49,Ideal,VVS1,60.94,65.16,5.2,3.57,5.71,76.41,4.07,-3.51,0.527,0.312,0.376,450,0.3,LightYellow
Topaz,1.91,Premium,VVS1,64.1,69.68,8.97,8.72,4.37,77.2,2.27,-2.68,0.496,0.257,0.463,550,0.5,Blue
Sapphire,2.56,Very Good,IF,63.07,57.56,7.69,10,6.05,61.42,3.46,4.63,0.388,0.184,0.242,400,0.6,Green
Topaz,4.62,Very Good,IF,57.42,58.05,7.82,4.56,3.63,78.76,3.4,-3.32,0.547,0.309,0.475,450,0.53,LightYellow
Diamond,2.51,Premium,VS1,59.98,60.84,9.7,6.38,2.34,75.26,2.04,4.61,0.129,0.463,0.285,650,0.64,FaintYellow
Emerald,0.27,Premium,VVS2,59.23,66.41,9.65,3.93,6.24,69.69,4.06,2.02,0.366,0.519,0.352,600,0.38,Violet
Sapphire,2.31,Premium,IF,64.65,63.22,5.7,9.17,,76.4,2.98,3.65,0.486,0.277,0.293,600,0.68,Red
Diamond,4.14,Very Good,VVS1,62.99,61.45,7.45,4.09,2.1,64.6,1.48,-2.86,0.329,0.119,0.532,700,0.64,Blue
Amethyst,3.94,Very Good,IF,56.07,62.96,4.41,6.67,5.24,76.39,1.41,-1.14,0.594,0.186,0.527,600,0.67,White
Ruby,2.66,Ideal,VS2,56.69,59.29,5.88,7.07,3.13,71.13,4.67,3.37,0.109,0.208,0.56,400,0.35,FaintYellow
Diamond,1.4,Very Good,VS1,62.02,65.18,4.91,6.36,2.41,68.88,2.53,2.86,0.266,0.536,0.2,450,0.51,Red
Diamond,,Good,VS1,56.6,51.51,5.57,3.43,5.8,71.42,3.22,2.16,0.546,0.202,0.351,500,0.42,FaintYellow
Emerald,2.91,Good,SI1,64.5,60.18,7.73,7.8,3.09,74.33,3.56,-2.02,0.185,0.123,0.464,650,,
Sapphire,5,Premium,VVS2,64.93,66.13,4.47,9.2,4.45,65.55,3.9,-0.27,0.329,0.343,0.355,500,0.55,
Topaz,3.29,Premium,VS1,62.78,56.05,4.26,3.63,4.76,61.95,2.65,-0.29,,0.138,0.471,550,0.41,White
Ruby,3.53,Premium,VVS2,55.27,66.87,5.66,8.1,6.25,78.14,2.95,4.46,0.35,0.149,0.355,600,0.53,White
Emerald,2.56,Ideal,VS2,59.83,65.66,3.69,8.75,3.78,79.01,3.92,1.47,0.291,0.285,0.484,600,0.65,Red
Diamond,1.9,Good,SI1,59.06,61.61,8.7,4.14,4.26,72.49,3.63,-1.58,0.11,0.53,0.267,500,0.66,Green
Sapphire,4.1,Good,VVS1,63,55.04,9.71,9.96,3.36,70.21,3.47,0.12,0.496,0.536,0.337,400,0.55,Green
Amethyst,2.58,Very Good,VS2,57.87,67.22,8.61,5.09,4.1,61.08,2.55,3.87,0.456,0.487,0.307,450,0.54,Green
Emerald,4.97,Good,VVS2,58.86,50.6,6.72,5.17,2.03,68.31,4.86,2.22,0.555,0.163,0.168,650,0.56,Blue
Sapphire,2.39,Very Good,VVS2,55.94,61.85,7.72,6.97,5.86,66.81,1.74,1.09,0.553,0.307,0.566,500,0.51,FaintYellow
Ruby,0.53,Ideal,VVS2,58.43,65.65,8.64,8.73,2.3,67.67,1.47,0.41,0.526,0.207,0.216,550,0.5,Blue
Emerald,3.48,,VVS1,64.74,59.71,3.48,6.21,3.11,74.39,2.14,0.07,0.281,0.168,0.106,650,0.45,Violet
Sapphire,0.42,Premium,SI1,64.42,52.06,5.93,6.82,5.24,67.22,2.01,,0.315,0.457,0.443,650,0.46,White
Topaz,1.4,Very Good,SI1,62.5,66.68,4.01,7.32,4.89,75.82,4.84,3.91,0.562,0.208,0.263,450,0.37,Red
Ruby,1.9,Fair,VVS2,64.07,68.18,3.64,8.55,5.38,79.82,1.03,-4.61,0.175,0.593,0.283,500,0.32,Violet
Topaz,3.75,Very Good,VS2,57.11,61.27,8.31,7.53,4.27,70.93,4.52,-1.96,0.113,0.497,0.573,700,0.55,FaintYellow
Emerald,2.57,Ideal,SI1,61.22,65.74,,4.18,6.18,65.55,2.63,2.09,0.422,0.499,0.59,500,0.46,FaintYellow
Ruby,0.34,Good,VVS1,60,62.21,3.59,7.2,6.25,79.16,3.27,3.76,0.265,0.457,0.131,550,0.5,FaintYellow
Topaz,3.16,Very Good,VS2,59.23,61.47,4.25,4.49,5.41,74.64,3.77,4.68,0.198,0.216,0.12,500,0.55,Green
Emerald,2.17,Ideal,SI2,58.25,52.62,4.55,6.05,3.45,64.5,1.18,4.51,,0.201,0.476,500,0.52,Green
Diamond,4.62,Premium,VVS1,63.66,58.74,9,9.06,2.19,79.89,3.07,-1.24,0.222,0.213,0.577,550,0.47,Violet
Diamond,2.6,,VVS2,59.85,63.58,9.39,3.87,4.47,60.2,1.16,3.76,0.236,0.357,0.196,650,0.6,Green
Ruby,3.6,Fair,SI1,62.24,59.09,8.35,5.53,2.04,71.52,1.39,0.48,0.204,0.167,0.575,550,0.38,FaintYellow
Amethyst,1.25,Very Good,VVS1,62.06,62.36,8.57,6.93,5.64,73.69,3.51,-1.29,0.481,0.458,0.202,600,0.33,
Diamond,3.85,Good,IF,56.36,67.9,5.4,9.1,4.65,63.65,2.1,4.07,0.581,0.497,0.455,700,0.6,Violet
Amethyst,3.66,Very Good,VS2,55.49,57.32,,8.45,4.79,61.03,1.57,1.08,0.419,0.493,0.13,650,0.36,FaintYellow
Sapphire,4.54,Fair,IF,63.4,66.57,4.96,5.97,2.27,60.15,1.2,2.69,0.378,0.6,0.233,500,0.69,LightYellow
Ruby,0.36,Fair,IF,59.9,50.58,9.71,6.5,4.64,78.52,4.22,-2.48,0.544,0.544,0.293,700,0.42,Violet
Topaz,2.35,Premium,VVS2,63.1,67.05,8.09,8.92,2.81,71.66,3.53,-1.04,0.111,0.526,0.399,600,0.52,White
Topaz,3.46,Good,SI2,57.97,52.13,5.39,9.14,3.81,63.42,1.13,-4.51,0.207,0.112,0.553,550,0.51,Violet
Diamond,0.66,Good,VVS2,63.62,56.43,3.95,6.7,3.44,72.31,3.53,,0.332,0.45,0.518,500,0.47,Blue
Amethyst,2.17,Fair,IF,63.31,60.27,4.36,4.39,3.11,60.05,1.41,1.5,0.153,0.397,0.302,500,0.54,LightYellow
Ruby,4.72,Fair,VVS1,58.82,63,4.43,6.49,4.01,67.47,2.31,-2.78,0.298,0.455,0.364,450,0.65,Blue
Emerald,2.29,Very Good,VVS2,59.12,69.06,7.3,9.49,5.43,75.36,3.64,-0.84,0.291,0.195,0.44,400,0.56,White
Emerald,4.93,Very Good,VS2,58.51,56.14,9.32,7.27,3.05,61.99,2.14,-0.88,0.573,0.335,0.118,650,0.32,White
Emerald,0.47,Premium,IF,55.35,51.71,9.08,8.41,4.3,72.07,4.03,2.68,0.182,0.158,0.326,500,0.48,Red
Sapphire,3.65,Fair,VS2,61.88,59.18,3.49,3.13,3.6,66.31,3.07,0.67,,0.583,0.426,550,0.31,Blue
Ruby,2.99,,SI2,57.73,56.91,7.96,7.44,4.94,61.97,2,1.77,0.154,0.122,0.576,600,0.65,Green
Amethyst,2.6,Premium,,63.84,62,4.17,7.19,4.55,76.49,3.23,-3.78,0.493,0.569,0.507,450,0.64,LightYellow
Emerald,4.86,Good,SI2,63.97,68.46,5.17,6.3,4.93,70.97,1.14,1.07,0.475,0.174,0.184,500,0.49,Violet
Amethyst,0.82,Fair,VS2,62.23,62.87,6.81,7.75,6.42,75.82,2.76,1.18,0.584,0.154,0.462,600,0.69,Red
Diamond,4.5,Ideal,VS2,56.82,61.56,8.89,9.04,4.28,79.37,2.3,0.33,0.279,0.511,0.177,450,0.59,White
Amethyst,3.52,Fair,IF,55.89,54.92,4.66,9.5,2.46,63.67,2.67,-3.99,0.595,0.425,0.324,550,0.42,LightYellow
Ruby,1.44,Very Good,VS1,63.16,55.3,9.12,4.8,2.2,62.74,3.45,2.71,0.447,0.23,0.44,400,0.31,LightYellow
Diamond,4.53,Fair,SI2,63.93,58.72,8.14,6.53,2.23,79.62,2.7,0.45,0.142,0.176,0.298,650,0.59,Blue
Amethyst,2.26,Ideal,SI1,58.52,67.83,7.72,5.11,3.58,64.67,3.22,0.42,0.12,0.138,0.42,550,0.38,Violet
Sapphire,4.11,Fair,VVS2,58.53,61.59,3.93,5.93,5.26,68.54,1.45,3.5,0.161,,0.57,550,0.69,LightYellow
Diamond,2.07,Very Good,VS2,58.9,59.89,6.32,6.49,5.78,76.73,2.24,-2.57,0.1,0.185,0.342,400,0.54,FaintYellow
Topaz,4.28,Good,IF,63.28,60.85,4.93,8.5,4.67,64.61,2.69,0.07,0.446,0.319,0.492,400,0.45,Red
Ruby,3.26,Very Good,VS1,62.07,66.68,7.12,9.41,4.16,74.23,1.21,2.4,0.579,0.562,0.183,500,0.34,FaintYellow
Sapphire,0.88,Premium,IF,56.22,63.56,7.72,7.11,5.81,75.74,4.79,4.12,0.122,0.485,0.58,500,0.58,White
Diamond,3.32,Very Good,VVS2,61.35,68.55,3.46,9.95,2.26,69.93,4.62,3.5,0.199,0.373,0.428,700,0.34,
Amethyst,1.12,Premium,SI2,55.1,61.63,7.51,6.97,3.46,69.75,2.33,2.73,0.58,0.445,0.45,400,0.48,Red
Amethyst,2.18,Fair,SI2,62.1,53.92,6.49,8.64,2.26,64.57,3.51,3.74,0.224,0.441,0.589,400,0.67,Red
Sapphire,1.02,Premium,IF,62.65,50.37,8.87,3.97,6.19,72.52,2.89,-2.32,0.528,0.443,0.294,500,0.62,Blue
Ruby,0.31,Fair,SI2,63.15,56.34,8.55,3.05,2.4,64.02,3.25,-0.54,0.198,0.491,0.311,400,0.58,Violet
Diamond,1.22,Premium,VVS1,61.26,51.25,5.89,3.19,6.32,65.25,1.49,4.8,0.585,0.561,0.384,500,0.38,Violet
Diamond,2.77,Very Good,SI1,56.81,58.14,9.83,9.24,5.29,71.93,3.17,-4.85,0.295,0.558,0.287,650,0.51,White
Sapphire,2.51,Ideal,VVS1,62.94,53.76,7.11,3.52,,65.55,2.01,4.9,0.453,0.179,0.135,700,0.69,Red
Amethyst,2.61,Fair,SI2,64,58.1,9.75,7.29,3.41,69.28,3.44,-3.95,,0.445,0.364,,0.53,Violet
Amethyst,1.39,Premium,VS2,61.34,57.98,8.03,7.03,4.42,79.01,4.07,4.1,0.239,0.504,0.126,700,0.33,LightYellow
Emerald,3.49,Ideal,IF,57.75,55.53,5.85,8.46,4.89,71.89,4.61,0.62,0.316,0.219,0.348,600,0.51,Violet
Sapphire,3.58,Premium,IF,56.79,63.06,4.64,5.19,4.17,75.02,1.13,-2.04,0.237,0.594,0.142,650,0.37,Red
Topaz,1.92,Premium,VS2,57.31,58.67,6.26,5.47,6.13,74.06,3.09,4.5,0.344,0.104,0.505,400,0.32,
Ruby,4.43,Premium,VS2,,67.87,9.55,5.47,2.63,79.06,2.63,1.04,0.553,0.468,0.237,650,0.66,White
Emerald,3.29,Very Good,SI2,55.1,51.52,3.91,4.18,2.58,62.14,1.9,3.88,0.198,0.394,,650,0.54,LightYellow
Emerald,3.62,Premium,SI1,57.97,58.21,6.22,4.46,5.51,63.67,2.06,-1.17,,0.136,0.426,550,0.36,Blue
Amethyst,1.53,Ideal,SI2,64.23,65.52,5.43,4.38,4.52,73.72,4.29,1.54,0.177,0.289,0.258,500,,Blue
Sapphire,0.2,Premium,VS1,61.21,59.89,9.07,4.02,3.83,76.93,3.95,-1.48,0.303,0.265,0.346,500,0.37,White
Amethyst,4.35,Good,IF,58.86,69.32,8.63,8.4,5.69,74.93,4.61,4.92,0.201,0.108,0.53,400,0.58,
Emerald,4.15,Fair,VVS2,55.11,53.5,6.86,,6.23,62.95,4.14,0.52,0.214,0.408,0.545,400,0.56,Blue
Emerald,0.79,Very Good,VVS2,64.9,56.32,5.91,6.98,4.36,73.6,1.23,2.05,0.335,0.199,0.222,600,0.34,FaintYellow
Emerald,2,Good,VVS2,59.56,52.32,7.79,7.74,4.56,72.56,1.45,-1.93,0.471,0.346,0.358,700,0.49,Violet
Sapphire,3.37,Good,VS2,64.92,54.93,9.67,5.41,2.25,70.74,3.72,2.7,0.164,0.569,0.391,550,0.41,FaintYellow
Sapphire,3.33,Ideal,VS2,62.2,63.45,3.71,8.11,4.24,71.28,3.63,-0.68,0.495,0.251,0.531,550,0.36,Violet
Ruby,4.33,Ideal,VS2,55.51,59.74,9.29,4.91,2.09,72.14,4.57,4.02,0.594,0.163,0.157,550,0.47,White
Amethyst,0.87,Very Good,SI2,63.59,53.24,5.06,8.72,3.83,63.62,3.11,0.46,0.253,0.139,0.212,450,0.52,LightYellow
Topaz,2.26,Very Good,VVS2,60.3,59.49,3.03,7.31,6.35,66.65,3.3,-1.18,0.2,0.205,0.199,600,0.31,Green
Topaz,0.67,Fair,VS1,59.53,66.95,8.19,8.75,5.43,72.25,3.09,3.24,0.114,0.53,0.457,600,0.48,Red
Amethyst,2.07,Premium,SI1,62.58,58.8,8.52,3.38,5.3,61.59,3.72,1.03,0.197,0.568,0.172,700,0.53,Red
Sapphire,0.27,Very Good,VVS1,62.75,50.26,5.13,8.9,5.53,74.2,2.58,2.85,0.399,0.192,0.315,650,0.55,Blue
Sapphire,4.51,Very Good,IF,62.96,51.1,8.45,3.71,5.82,74.91,3.45,2.01,0.523,0.545,0.563,650,0.39,FaintYellow
Topaz,2.73,Premium,VVS1,62.61,58.76,8.59,7.68,,62.88,2.96,-0.26,0.103,0.559,0.593,700,0.35,Green
Ruby,4.28,Fair,IF,61.41,61.86,7.73,4.6,5.96,65.68,4.78,1.57,0.415,0.42,0.367,500,0.67,LightYellow
Emerald,0.49,Ideal,VS2,61.76,67.73,3.27,3.33,5.49,64.62,2.68,2.58,0.173,0.317,0.593,650,0.66,Violet
Amethyst,1.29,Fair,VVS2,63.59,69.64,7.67,4.82,5.08,64.2,,1.98,0.5,0.351,0.199,400,0.39,Violet
Sapphire,1.45,Premium,VVS1,61.91,69.61,9.53,5.82,3.83,67.33,4.29,-1.78,0.209,0.125,0.286,700,0.59,FaintYellow
Ruby,2.06,Ideal,VS2,56.01,61.16,7.34,4.01,3.35,75.09,3.02,-1.05,0.133,0.315,,500,0.51,Red
Amethyst,4.05,Ideal,IF,61.46,50.71,5.57,3.7,2.86,68.13,1.64,4.52,0.59,0.467,0.378,,0.6,White
Topaz,2.06,Ideal,SI1,56.7,54.27,6.94,9.96,3.54,70.7,4.71,-1.9,0.332,0.442,0.323,500,0.62,Red
Ruby,1.18,Fair,SI1,55.14,58.69,9.95,3.56,5.95,62.45,1.49,3.12,0.289,0.121,0.579,500,0.48,FaintYellow
Sapphire,0.51,Premium,VVS1,57.14,67.59,6.31,4.33,2.25,72.29,1.27,-3.14,0.388,0.298,0.245,600,0.67,White
Topaz,0.58,Fair,VVS1,56.54,50.43,8.89,4.77,5.27,79.98,2.07,-1.08,0.378,0.573,0.498,550,0.51,White
Ruby,3.85,Fair,VVS1,56.02,60.19,3.97,5.22,2.38,74.58,3.62,-1.62,0.123,0.558,0.162,650,0.35,Violet
Amethyst,2.34,Good,VVS1,,63.07,3.4,3.92,2.53,69.7,1.45,1.16,0.273,0.254,0.535,600,0.6,Blue
Diamond,3.69,Very Good,VVS1,60.64,55.76,5.73,8.88,2.9,69.43,4.87,4.28,0.406,0.373,0.233,650,0.62,LightYellow
Ruby,3.47,Fair,VS2,56.51,56.31,3.96,9.47,5.03,78.45,3.14,2.23,0.572,0.455,0.245,500,0.66,Violet
Ruby,0.85,Good,SI2,57.79,57.77,5.31,6.84,5.83,68.16,3.29,-3.5,0.426,0.117,0.346,700,0.67,White
Amethyst,0.89,Premium,IF,63.5,55.49,8.01,6.97,2.64,74.53,4.8,2.23,0.185,0.233,0.131,600,0.55,FaintYellow
Ruby,3.83,Good,IF,63.88,58.74,6.12,9.96,3.05,72.2,2.87,-4.81,0.105,0.417,0.131,600,0.35,
Sapphire,3.66,Fair,VS1,58.33,53.16,5.25,9.19,4.86,72.53,3.78,1.64,0.493,0.486,0.546,600,0.51,FaintYellow
Topaz,2.01,Premium,SI2,63.99,53.99,9.24,5.85,4.05,61.67,1.14,3.78,0.516,0.183,0.322,450,0.47,Blue
Amethyst,0.57,Good,SI2,60.86,50.74,3.07,,4.85,73.32,1.15,-1.35,0.192,0.286,0.101,600,,LightYellow
Sapphire,0.26,Fair,VVS2,57.26,58.23,8.7,4.86,2.71,72.84,3.97,2.18,0.26,0.15,0.376,450,0.39,Green
Diamond,1.58,Premium,SI1,62.54,64.15,7.35,3.36,4.07,74.83,4.75,1.32,0.493,0.177,0.378,550,0.36,Violet
Ruby,0.24,Premium,VVS1,64.22,60.12,3.33,3.16,3.53,73.55,3.89,-4.08,0.442,0.16,0.46,700,0.44,FaintYellow
Ruby,1.3,Very Good,SI1,61.59,60.61,3.24,6.77,,77.6,1.62,-1.9,0.166,0.542,0.555,450,0.34,Violet
Amethyst,2.21,Fair,IF,57.01,59,4.2,6.5,3.33,79.95,4.31,1.82,0.432,0.371,0.499,450,0.42,Green
Amethyst,0.78,Very Good,VVS2,55.86,61.7,9.84,4.06,2.64,63.82,3.37,-4.71,0.455,0.107,0.481,550,0.58,FaintYellow
Amethyst,0.7,Premium,VVS2,57.29,54.59,3.6,8.97,5,77.77,1.26,0.49,0.594,0.251,0.221,700,0.54,White
Emerald,4.5,Premium,VS2,58.39,54.15,8.17,7.08,5.01,65.84,2.55,0.45,0.546,0.102,0.268,500,0.37,Green
Sapphire,3.01,Good,VVS1,58.34,68.84,5.81,5.67,3.19,65.24,4.1,2.81,0.118,0.331,0.516,700,0.48,Red
Amethyst,4.69,Very Good,VS1,59.99,59.01,4.66,6.54,4.6,64.49,1.83,4.77,,0.351,0.132,500,0.4,Blue
Ruby,1.86,Ideal,VVS2,60.05,66.54,7.03,3.68,6.33,70.92,4.29,-4.51,0.301,0.34,0.156,400,0.47,Violet
Sapphire,3.45,Fair,VS2,59.71,68.34,5.58,9.3,4.42,70.54,3.3,-4.08,0.26,0.409,0.298,500,0.41,
Amethyst,1.18,Very Good,,58.44,62.3,5.17,5.03,3.41,77.01,2.8,-1.92,0.152,0.452,0.324,650,0.32,Green
Ruby,3.17,Premium,IF,56.07,55.98,4.68,4.22,3.39,68.78,1.01,0.75,0.48,0.422,0.354,550,0.58,White
Amethyst,0.82,Good,VS1,59.18,63.6,6.2,5.98,5.74,75.67,2.04,-4.81,0.246,0.583,0.534,650,0.54,FaintYellow
Diamond,0.21,Fair,VVS1,64.86,58.62,4.19,4.97,4.2,79.49,4.28,-2.09,0.524,0.586,0.368,500,0.57,Blue
Ruby,4.67,Fair,VS2,61.54,69.46,8.96,5.15,3.18,63.89,1.43,-3.8,0.277,0.204,0.14,650,0.59,White
Ruby,2.86,Good,SI1,59.4,66.23,7.14,8.77,4.84,61.67,3.04,1.27,0.472,0.147,0.213,650,0.58,White
Ruby,4.65,Premium,VS2,55.83,66.3,3.44,6.83,5.89,67,1.12,2.13,0.205,0.35,0.5,400,0.68,Blue
,1.8,Ideal,VS2,57.13,61.77,6.2,9.52,5.27,79.16,2.04,-4.78,0.335,0.462,0.571,600,0.64,Red
Diamond,1.77,Good,VS2,60.75,50.17,7.41,9.65,2.39,75.66,1.66,4.35,0.377,0.588,0.301,450,0.53,White
Diamond,2.12,Ideal,VS2,59.98,66.64,9.03,9.94,3.54,69.08,2.67,2.37,0.324,0.322,0.305,700,0.35,White
Ruby,3.59,Very Good,VS1,55.19,50.51,3.16,3.92,5.66,61.86,3.38,-1.7,0.489,0.173,0.578,700,0.3,FaintYellow
Topaz,2.92,Fair,VVS2,55.86,52.45,6.19,9.28,3.88,65.93,2.76,2.22,0.431,0.358,0.452,400,0.33,Green
Sapphire,4.64,Premium,SI2,58.56,66.77,7.94,5.06,6.49,77.74,4.28,-0.44,0.391,0.263,0.128,450,0.65,White
Emerald,0.32,Ideal,VVS2,56.41,,4.37,7.4,3.54,63.08,1.68,1.78,0.216,0.27,0.429,700,0.66,FaintYellow
Diamond,3.6,Premium,SI2,64.58,66.82,4.55,9.14,6.08,73.09,3.48,-0.78,0.362,0.337,0.4,700,0.55,Red
Emerald,1.79,Very Good,IF,55.34,54.73,6.43,3.65,4.07,72.26,4.44,-0.58,0.452,0.169,0.144,500,0.64,Violet
Amethyst,1.07,Ideal,SI2,64.74,65.41,9.19,4.06,6.21,66.21,3.4,-3.11,0.571,0.134,0.282,650,0.67,LightYellow
Diamond,2.65,Premium,VVS2,61.57,60.84,5.79,8.13,3.9,71.81,,3.67,0.169,0.401,0.189,400,0.34,Green
Diamond,2.62,Premium,VS2,59.07,63.42,6.39,5.43,4.11,74.75,3.95,4.13,0.533,0.242,0.252,500,0.37,Violet
,0.86,Very Good,VVS2,60.39,66.76,7.45,7.59,4.43,61.18,1.37,-1.01,0.16,0.459,0.228,450,,Red
Diamond,1.17,Good,SI2,59.1,69.68,5.18,3.8,2.18,75.94,4.86,-1.13,0.441,0.437,0.359,650,0.34,Green
Sapphire,2.16,Very Good,SI1,60.73,51.71,9.07,9.81,2.38,69.21,2.35,-3.42,0.421,0.491,0.272,650,0.42,White
Topaz,2.16,Ideal,SI2,56.52,63.71,9.73,6.51,5.85,64.44,1.8,-1.76,0.537,0.126,0.408,650,0.4,Red
Emerald,1.72,Ideal,SI1,56.2,69.17,7.55,9.09,3.19,70.79,4.84,3.02,0.13,0.131,0.405,400,0.59,FaintYellow
Amethyst,0.91,Fair,VVS2,60.29,57.48,7.47,7.72,4.82,61.18,1.02,-0.84,0.543,0.108,0.158,650,0.39,FaintYellow
Amethyst,0.22,Premium,VS2,55.71,56.67,7.71,9.66,3.17,76.83,4.15,2.86,0.263,0.328,0.544,400,0.33,Violet
Ruby,4.86,Ideal,SI2,57.92,63.6,4.36,6.99,3.58,79.84,2.68,3.54,0.34,0.174,0.33,600,0.66,LightYellow
Emerald,4.73,Good,VS1,64.27,58.04,8.13,5.14,4.72,73.55,4.24,-1.57,0.529,0.514,0.117,450,0.35,Green
Diamond,2.52,Good,VS2,63.76,54.29,5.43,7.29,3.52,66.36,4.44,4.88,0.374,0.393,0.184,650,0.54,Blue
Emerald,4.98,Very Good,VVS2,63.31,53.23,9.95,9.98,5.27,77.86,2.26,0.95,0.27,0.223,0.499,600,0.64,Violet
Topaz,3.43,Ideal,VVS2,60.07,53.85,8.27,,4.32,66.24,4.56,-1.64,0.49,0.424,0.585,500,0.6,LightYellow
Sapphire,0.53,Ideal,IF,55.28,64.09,7.09,6.18,5.41,67.23,4.96,-3.85,0.134,0.598,0.521,400,0.47,Violet
Amethyst,0.77,Fair,VS2,56.21,68.37,9.39,8.72,2.96,78.44,4.8,-1.8,0.435,0.257,0.485,450,0.57,White
Amethyst,4.6,Fair,IF,64.19,66.12,9.79,7.92,4.9,72.41,3.11,-3.51,0.101,0.11,,500,0.59,Blue
Emerald,3.22,Fair,IF,63.36,58.96,8.73,9.57,3.41,67.6,1.8,2.66,0.119,0.232,0.378,700,0.52,White
Emerald,4.25,Ideal,VVS1,58.77,60.57,8.3,5.55,3.59,68.84,4.23,-2.38,0.581,0.113,,700,0.68,White
Emerald,4.51,Very Good,SI1,62.29,62.4,3.42,3.28,2.84,73.6,4.77,-1.55,0.337,0.423,0.455,400,0.67,FaintYellow
Ruby,2.35,Very Good,IF,63.55,61.6,7.94,3.6,2.58,73.06,4.85,-1.81,0.13,0.497,0.156,650,0.59,Violet
Sapphire,0.43,Very Good,SI1,61.2,69.37,5.35,8.37,5.97,67.27,4.49,1.03,0.545,0.536,0.172,550,0.63,White
,1.1,Very Good,VVS2,63.54,67.73,9.51,7.84,6.26,62.39,1.86,-1.46,0.16,0.517,0.421,400,0.63,Red
Sapphire,0.52,Good,SI2,,50.87,7.28,8.13,3.77,68.42,3.58,-3.56,0.117,0.562,0.205,450,0.61,Red
Sapphire,1.11,Ideal,VVS2,59.62,66.72,5.59,7.67,5.44,73.4,4.69,1.26,0.296,0.47,0.437,700,0.62,Violet
Ruby,2.17,Premium,VVS1,60.79,52.28,5.37,6.2,5.62,65.32,2.95,0.08,0.182,0.101,0.124,600,0.43,Green
Diamond,0.77,Ideal,VVS1,61.31,63.8,6.88,3.48,2.64,77.69,4.27,2.58,0.138,0.444,0.131,600,0.46,Red
Sapphire,1,Very Good,SI2,64.87,55.71,6.44,8.85,6.23,66.79,1.42,-2.44,0.213,0.418,0.266,450,0.48,Red
Topaz,2.34,Good,VS2,63.46,65.47,5.74,4.27,5.64,64.09,4.09,3.62,0.131,0.219,0.518,,0.53,Green
Emerald,1.83,Good,SI2,55.55,50.17,4.46,9.93,5.55,68.4,1.26,-1.18,0.293,0.595,0.165,550,0.62,FaintYellow
Emerald,2.44,Ideal,VVS1,56.69,57.65,8.58,4.44,6.16,64.75,3.21,1.23,0.554,0.392,0.299,500,0.58,White
Amethyst,2.26,Premium,VS1,61.57,50.43,6.03,3.59,3.59,69.09,,4.91,0.233,0.293,0.576,500,0.35,Red
Emerald,3.29,Very Good,VVS2,57.41,69.07,3.69,5.63,5.99,61.77,1.73,1.9,0.467,0.276,0.209,650,0.37,FaintYellow
Emerald,4.7,Good,VVS2,56.59,50.31,3.6,5.28,6.49,68.75,2.75,0.17,0.139,0.433,0.136,400,0.34,FaintYellow
Diamond,0.72,Very Good,SI1,61.67,53.11,4.67,9.84,3.04,74.77,3.88,-2.31,0.117,0.345,0.336,700,0.35,White
Amethyst,0.68,Very Good,VVS1,60.36,60.79,6.87,5.76,2.55,65.65,4.05,-1.01,0.212,0.478,0.147,500,0.68,LightYellow
Diamond,4.29,Very Good,SI1,63.05,62.92,4.04,3.33,2.49,79.68,4.69,-4.13,0.458,0.132,0.152,550,0.32,Green
Amethyst,2.63,Fair,VVS1,58.19,64.58,4.51,9.91,3.7,63.69,3.79,-2.48,0.212,0.234,0.208,550,0.5,Blue
Topaz,3.88,Very Good,VVS2,58.3,54.94,6.51,8.51,5.64,66.87,4.99,-1.6,0.151,0.179,0.199,600,0.31,Blue
Topaz,1.23,Very Good,VVS1,56.5,56.02,4.52,9.99,5.38,69.84,,3.4,0.296,0.138,0.435,500,0.46,FaintYellow
,4.18,Premium,VS2,61.52,54.8,,5.22,2.89,76.87,1.62,-4.07,0.423,0.182,0.407,,0.56,LightYellow
Amethyst,4.63,Premium,VVS1,62.09,54.88,7.13,3.82,4.41,68.7,1.39,-0.9,0.459,0.456,0.558,450,0.62,Red
Diamond,3.25,Fair,VVS1,56.38,65.64,3.6,5.78,3.63,74.71,3.34,0.12,0.152,0.249,0.567,450,0.56,Violet
Amethyst,0.71,Fair,SI2,57.54,68.96,3.98,3.98,5.74,60.3,2.39,4.58,0.175,0.128,0.186,550,0.66,Violet
Sapphire,4.5,Very Good,VS2,56.54,61.92,4.37,4.03,5.62,60.51,1.81,-1.25,0.104,0.233,0.46,550,0.4,Violet
Topaz,4,Good,VS2,62.48,53.15,7.41,9.32,5.65,60.76,1.85,4.8,0.567,0.46,0.583,700,0.5,White
Topaz,3.8,Good,VS2,57.09,51.31,3.74,9.96,4.36,60.46,2.39,-0.02,0.315,0.27,0.408,600,0.48,FaintYellow
Amethyst,0.38,Ideal,SI1,56.52,54.78,3.3,9.96,5.63,64.09,3.74,2.11,0.1,0.588,0.53,650,0.44,White
Emerald,4.04,Good,VVS2,55.7,53.56,8.1,6.07,5.3,71.92,3.41,-4.08,0.42,0.177,0.565,650,0.32,Red
Sapphire,,Good,SI2,63.31,61.57,6.35,4.68,,75.81,4.17,1.88,0.453,0.496,0.202,450,0.37,Green
Amethyst,1.27,Premium,VVS1,56.24,63.96,8.94,4.2,5.48,71.35,2.27,-4.03,0.262,0.484,0.577,600,0.37,FaintYellow
Sapphire,2.97,Ideal,,55.3,50.09,8.55,5.67,,61.63,3.86,0.34,0.112,0.238,0.479,650,0.41,Red
Topaz,1.47,Ideal,VS2,55.64,58.79,4.91,7.19,5.51,74.07,4.48,-1.65,,0.421,0.298,600,0.48,Red
Emerald,3.37,Premium,VVS2,58.67,62.46,4.35,8.21,4.81,71.06,4.35,-1.78,0.247,0.296,0.26,650,0.41,Red
Amethyst,3.12,Good,VS1,60.97,53.86,6.61,6.61,5.88,,3.64,-4.16,0.141,0.298,0.326,,0.52,Green
,0.72,Good,VVS1,58.98,68.02,3.56,8.9,6.02,63.54,4.4,1.9,0.581,0.141,0.538,400,0.41,Blue
Sapphire,3.35,Ideal,VS1,59.55,60.98,7.43,9.44,3.75,61.62,1.35,0.54,0.207,0.115,0.362,500,0.54,Violet
Amethyst,4.63,Good,VS1,64.19,56.91,3.09,9.2,3.3,69.89,2.91,-1.07,0.422,0.325,0.214,550,0.4,FaintYellow
Sapphire,0.97,Ideal,VS2,62.59,50.37,,,3.26,76.82,2.12,4.77,0.348,0.363,0.476,500,0.57,LightYellow
Sapphire,3.07,Good,SI1,58.41,59.69,9.23,9.65,3.47,62.01,2.96,-4.7,0.492,0.418,0.328,450,0.62,LightYellow
Amethyst,1.84,Very Good,VVS2,56.54,56.72,9.97,9.46,2.23,62.12,1.51,1.47,0.154,0.344,0.374,400,0.5,FaintYellow
Amethyst,2.41,Premium,VVS1,62.49,69.39,5.41,5.88,6.19,65.49,1.44,-0.25,0.482,0.425,0.249,550,0.59,Red
Topaz,1.58,,VVS1,60.74,57.58,6.93,5.95,2.56,67.6,1.44,3.54,0.32,0.175,0.199,400,0.59,FaintYellow
Diamond,1.9,Very Good,VVS1,64.62,68.42,9.04,3.55,5.95,79.86,1.37,2.78,0.171,0.231,0.381,650,0.49,Violet
Topaz,0.34,Good,SI1,64.08,63.72,6.23,9.56,4.19,70.79,2.95,-3.43,0.427,0.252,0.109,650,0.45,FaintYellow
Topaz,4.91,Fair,VS1,60.64,51.48,5.3,3.62,6.05,76.56,1.48,-1.29,0.553,0.13,0.321,600,0.42,Red
Topaz,3.2,Very Good,IF,55.7,68.65,3.34,6.44,6.2,64.51,4.36,2.06,0.263,0.357,0.213,450,0.4,Red
Sapphire,2.6,Premium,VVS2,55.31,53.37,5.76,8.05,5.7,78.2,2.15,-0.87,0.484,0.298,0.395,600,0.36,LightYellow
Topaz,2.04,Fair,IF,63.38,58.96,3.55,9.16,3.83,74.88,4.83,1.86,0.175,0.284,0.571,500,0.39,White
Ruby,2.79,Fair,VS1,61.98,68.46,5.54,7,3.86,66.69,3.27,3.66,0.595,0.138,0.556,450,0.6,Red
Sapphire,2.02,Premium,VS2,60.6,66.57,5.4,7.78,6.35,75.09,,2.23,0.452,0.17,0.349,550,0.33,
Diamond,1.93,Very Good,IF,61.89,59.75,7.53,7.97,3.52,77.73,3.49,0.41,0.377,0.131,0.355,550,0.57,Violet
Topaz,2.43,Fair,IF,60.4,54.14,5.56,3.11,3.85,67.19,2.33,2.93,0.336,0.468,0.129,500,0.41,Red
Diamond,1.52,Premium,VVS2,60.78,60.19,5.69,9.6,3.31,76.63,4.48,3.77,0.427,0.456,0.247,500,0.64,Green
Emerald,1.06,Very Good,VS1,57.26,60.95,5,5.52,4.31,68.9,4.97,-0.97,0.493,0.13,0.359,550,0.59,Red
Amethyst,2.87,Good,VVS2,59.56,69.94,7.26,4.24,4.75,74.91,1.65,3.57,0.161,0.181,0.366,550,0.38,Red
Topaz,4.25,Ideal,VS2,55.11,66.48,5.73,6.31,4.98,65.89,2.97,3.04,0.431,0.37,0.317,600,0.59,Blue
Amethyst,0.93,,SI1,61.69,67.23,9.64,8.13,2.71,73.82,3.01,-0.89,0.56,0.409,0.389,400,0.52,LightYellow
Amethyst,0.36,Good,SI1,58.32,69.72,9.24,8.79,3.56,77.52,4.13,-4.42,0.237,0.286,0.535,600,0.58,LightYellow
Amethyst,1.38,Ideal,SI1,61.56,60.47,4.66,8.04,6.48,69.59,2.72,4.01,0.487,0.328,0.453,650,0.33,Violet
Ruby,4.9,Good,VVS1,64.26,61.7,5.83,5.8,2.32,75.57,,-2.67,0.153,0.592,0.258,700,0.51,White
Ruby,4.18,Good,SI1,60.92,59.09,7.44,7.77,3.67,71.14,2.43,3.77,0.55,0.275,0.39,500,0.4,FaintYellow
Sapphire,3.06,Premium,SI2,58.28,52.51,,6.02,2.95,76.98,1.25,2.05,0.119,0.237,0.239,500,0.67,Blue
Diamond,4.66,Premium,SI1,57.07,60.51,4.59,9.91,3.27,64.74,2.84,4.9,0.105,0.404,0.101,550,0.49,Green
Amethyst,2.34,Very Good,VS1,57.52,61.65,5,9.98,4.1,60.47,4.02,-2.92,0.288,0.293,0.593,550,0.68,LightYellow
Diamond,4.92,Fair,SI2,64.87,54.75,5.82,4.75,6.44,73.4,3.59,-2.11,0.365,0.305,0.139,450,0.58,Blue
Emerald,1.62,Very Good,SI1,61.15,65.66,,6.38,5.66,75.54,3.11,-4.07,0.327,0.542,0.267,650,0.31,Blue
Topaz,1.35,Premium,SI1,59.41,,3.67,7.04,3.08,61.57,4.65,4.89,0.191,0.454,0.581,450,0.34,FaintYellow
Amethyst,3.26,Premium,VS2,57.31,60.04,3.46,7.45,2.62,73.17,2.93,1.2,0.501,0.319,0.49,400,0.68,FaintYellow
Emerald,2.02,Ideal,VS2,62.73,63.25,7.65,6.04,4.73,64.21,2.45,-2.31,0.452,0.303,0.362,600,0.44,White
Amethyst,3.21,Ideal,IF,58.87,51.1,5.55,6.67,5.94,79.8,2.58,-0.16,0.538,0.296,0.14,600,0.46,Green
Topaz,1.66,Premium,SI2,58.01,66.08,4.24,6.88,2.9,75.66,3.89,4.71,0.11,0.592,0.58,550,0.37,Green
Ruby,3.17,Good,VVS2,57.22,56.08,7.91,5.72,2.88,63.09,2.32,-1.53,0.272,0.384,0.124,500,0.31,White
Ruby,1.52,Very Good,IF,56.86,64.35,4.7,5.24,5.08,69.5,3.56,3.08,0.199,0.502,0.563,700,0.34,Blue
Sapphire,0.44,Premium,IF,57.73,52.16,6.96,7.44,3.34,75.75,2.54,-3.7,0.419,0.244,0.107,450,0.3,Violet
Sapphire,,Premium,VVS1,61.27,62.41,5.86,6.09,2.19,70.44,3.3,2.27,0.588,0.456,0.388,700,0.67,White
Ruby,,Ideal,VVS2,57.4,61.14,5.53,9.81,3.36,79.57,1.92,-1.18,0.248,0.45,,400,0.58,Green
Sapphire,4.86,Very Good,VVS1,55.61,53,,5.63,2.95,68.65,1.8,-3.06,0.527,0.595,0.321,650,0.4,Red
Amethyst,3.64,Very Good,SI1,58.59,62.49,7.29,4.37,3.47,77.74,3.16,3.81,0.534,0.256,0.576,700,0.4,LightYellow
Amethyst,3.48,Fair,VS2,60.85,63.83,6.6,5.99,5.67,61.85,2.07,0.5,0.243,0.359,0.39,650,0.46,White
Ruby,2.88,Premium,SI1,55.6,59.97,3.9,,,70.98,1.39,-1.25,0.139,0.35,0.573,500,0.42,Red
Emerald,0.8,Fair,VVS1,59.53,61.57,7.1,6.09,3.26,79.91,2.06,-0.96,0.533,0.539,0.187,550,0.63,Violet
Sapphire,1.11,Ideal,VS2,55.52,67.75,7.85,5,3.84,73.57,2.58,-4.27,0.501,0.232,0.204,400,0.33,Violet
Sapphire,1.59,Fair,IF,62.68,63.95,8.7,6.47,2.96,63.08,2.28,-0.07,0.411,0.292,0.387,450,0.37,FaintYellow
Sapphire,4.47,Good,SI1,63.72,68.12,5.1,6.13,4.49,73.21,3.43,2.25,0.292,0.575,0.122,700,0.53,White
Diamond,1.03,Premium,VVS1,64.64,61.05,4.85,9.61,3.02,68.51,2.43,3.23,0.208,0.157,0.15,450,0.43,Blue
Ruby,4.63,Premium,SI1,61.91,53.5,8.24,3.13,6.17,74.08,1.77,3.32,0.264,0.197,0.585,600,0.36,White
Ruby,2.71,Very Good,VVS2,61.32,54.93,6.27,5.76,3.21,67.03,4.64,3.44,0.153,0.32,0.151,450,0.61,Red
Amethyst,3.63,Fair,VVS1,61.94,53.53,5.84,5.39,5.2,69.89,3.31,3.48,0.513,0.319,0.479,450,0.39,Red
Amethyst,0.73,Very Good,VS2,63.55,56.7,4.12,4.56,3.77,,1.91,-0.31,0.169,0.365,0.448,400,0.68,Green
Diamond,1.49,Fair,VS1,63.07,59.55,6.04,6.82,6.02,63.22,2.33,-0.67,0.168,0.305,0.476,700,0.42,Violet
Diamond,4.8,Fair,SI1,59.38,55.12,8.08,7.3,3.42,65.97,3.28,-3.89,0.544,0.367,0.385,650,0.36,Blue
Ruby,1.48,Ideal,SI2,61.51,59.51,6.15,3.07,2.07,75.52,1.52,-2.08,0.445,0.502,0.374,450,0.53,Violet
Sapphire,1.62,Fair,SI1,,57.29,9.11,7.73,2.48,75.87,2.54,-2.75,0.228,0.326,0.388,600,0.64,FaintYellow
Sapphire,1.15,Very Good,SI2,61.95,61.11,3.03,5.68,2.31,70.87,1.75,1.1,0.236,0.13,0.114,500,0.6,Red
Ruby,0.82,Fair,VVS2,62.31,58.57,4.26,9.46,3.4,63.74,2.46,-1.76,0.533,0.59,0.469,650,0.34,LightYellow
Amethyst,1.32,Fair,VS2,63.01,58.68,7.3,8.2,5.03,76.18,2.74,0.33,0.394,0.573,0.284,450,0.44,Green
Ruby,,Premium,SI1,63.18,59.81,7.7,6.6,4.32,77.34,3.2,-1.22,0.309,0.233,0.475,550,0.6,LightYellow
Emerald,2.39,Premium,SI2,59.4,,4.93,9.66,3.12,,1.09,3.9,0.549,0.172,0.56,400,0.35,Red
Amethyst,2.86,Premium,VS1,64.04,61.13,9.59,7.81,6.49,68.29,3.77,-0.75,0.203,0.259,0.192,450,0.47,Red
Topaz,0.79,Good,SI1,64.81,64.47,5.31,8.66,2.3,71.02,4.65,3.38,0.372,0.46,0.233,650,0.52,White
Sapphire,4.05,Premium,VVS2,64.78,58.33,5.88,9.69,4.8,76.12,2.21,-4.59,0.565,0.55,0.309,400,0.41,
Sapphire,3.96,Good,VS1,60.86,56.52,9.83,9.23,5.61,72.64,1.42,-4.67,0.34,0.116,0.473,600,0.68,LightYellow
Ruby,0.3,Good,IF,60.59,68.33,6.35,3.49,6.31,68.24,4.61,2.31,0.247,0.573,0.26,450,0.5,Violet
Topaz,2.04,Very Good,,59.57,64.85,7.29,4.47,3.59,69.27,2.71,2.1,0.597,0.115,0.372,650,0.66,LightYellow
Diamond,0.53,Premium,SI1,58,61.65,6.78,7.41,4.57,68.58,3.75,-4.77,0.363,0.555,0.417,600,0.52,Violet
Sapphire,4,Fair,VVS1,58.34,56.73,4.24,4.13,3.13,62.54,3.46,-0.12,0.306,0.375,0.251,450,,Green
Topaz,3.74,Ideal,VVS1,57.16,55.16,9.94,6.25,2.15,75.72,4.42,-4.51,0.265,0.187,0.104,500,0.68,Blue
Emerald,4.53,Fair,VVS1,64.56,55.04,3.41,6.36,4.33,61.28,2.95,-3.33,0.26,0.518,0.291,600,0.67,Blue
Diamond,,Premium,VVS1,61.2,60.07,9.88,6.24,4.66,73.72,3.81,,0.18,0.445,0.177,550,0.47,Green
Sapphire,2.39,Fair,SI2,64.34,67.5,6.28,8.76,3.24,63.06,1.19,-1.6,0.49,0.583,0.512,400,0.69,Blue
Amethyst,1.09,Premium,SI1,58.87,67.62,4.33,6.43,3.05,68.38,1.04,,0.299,0.265,,650,0.42,Green
Sapphire,1.98,Premium,VS1,57.98,64.9,4.17,9.08,3.26,62.42,4.11,1.83,0.384,0.18,0.477,500,0.55,Red
Diamond,2.71,Fair,VVS2,,60.85,7.59,8.42,4.36,71.83,4.08,4.2,0.438,0.591,0.441,650,0.62,Violet
Ruby,0.46,Good,VVS2,58,54.7,7.98,7.5,5.06,78.03,1.61,-3.51,0.362,0.531,0.178,650,0.33,Green
Emerald,3.63,Very Good,SI2,63.9,59.58,9.29,7.05,5.24,72.18,3.47,-2.73,0.253,0.483,0.476,450,0.61,Blue
Diamond,2.81,Very Good,VVS1,60.82,63.89,4.66,4.63,3.25,67.86,2.34,0.6,0.489,0.316,0.415,500,0.7,LightYellow
Emerald,4.18,Very Good,IF,59.52,61.9,6.03,8.38,5.85,78.76,1.79,1.61,0.366,0.408,0.55,700,0.38,Red
Diamond,1.5,Very Good,VS2,60.68,60.28,9.8,8.63,4.18,65.93,4.75,-0.65,0.172,0.233,0.297,700,0.63,FaintYellow
Diamond,4.54,Ideal,VVS1,63.93,58.56,6,6.43,4.47,65.12,4.74,1.53,0.221,0.12,0.512,550,0.52,Green
Topaz,4.99,,VVS1,56.93,65.05,6.22,4.54,3.03,74.31,3.7,-4.89,0.205,0.295,0.299,400,0.67,Violet
Amethyst,4.61,Ideal,SI1,64.66,66.84,5.02,8.32,3.72,79.14,4.98,-3.02,0.338,0.546,0.111,450,0.48,FaintYellow
Emerald,3.93,Very Good,SI2,61.66,64.46,9.1,8.6,2.23,75.57,1.71,,0.144,0.35,0.522,650,0.62,LightYellow
Emerald,4.1,Very Good,IF,63.55,68.76,5.56,6.97,4.6,67.72,4.31,2.56,0.415,0.101,0.416,400,0.59,LightYellow
Emerald,2.95,Fair,VS2,60.25,65.6,7.45,7.88,5.37,65.51,3.24,1.36,0.533,0.146,0.257,650,0.5,FaintYellow
Topaz,1.11,Very Good,VS1,57.37,59.01,4.28,8.42,4.45,69.27,1.73,0.49,0.438,0.476,0.428,450,0.65,Red
Diamond,3.45,Premium,VS1,60.67,62.34,7.31,5.04,3.47,74.81,3.5,-3,0.232,0.462,0.284,600,0.66,Green
Sapphire,3.62,Very Good,VS2,55.68,60.09,9.54,4.98,5.76,65.61,4.97,-2.28,0.336,0.336,0.201,400,0.69,White
Sapphire,4.93,Very Good,VS2,63.52,60.93,8.44,7.96,2.26,76.79,1.89,4.64,0.235,0.578,0.554,600,0.41,LightYellow
Sapphire,2.8,Ideal,SI2,61.5,67.91,3.47,6.59,3.12,72.73,2.87,-4.98,0.269,0.413,0.198,500,0.53,Green
Topaz,1.5,,VS1,57.83,56.02,7.44,6.59,2.23,69.66,1.39,-0.59,0.468,0.344,0.248,450,0.4,White
Amethyst,3.48,Good,VVS1,57.74,50.26,6.91,9.71,3.77,61.81,2.05,-4.9,0.389,0.586,0.426,450,0.65,White
Diamond,4.9,Fair,SI2,,63.91,5.37,8.6,3.13,68.41,2.18,-1.58,0.196,0.137,0.462,550,0.58,
Diamond,1.05,Good,VVS1,63.41,53.62,8.9,4.79,5.07,64.79,3.29,-1.75,0.469,0.374,0.316,400,0.62,Blue
Diamond,1.76,Ideal,SI1,62.63,53.08,8.54,5.84,2.35,70.18,1.27,-3.84,0.593,,0.22,400,0.66,LightYellow
Ruby,2.8,Very Good,IF,59.15,69.85,7.54,8.81,2.15,73.08,4.54,-4.31,0.489,0.543,0.193,700,0.51,FaintYellow
Ruby,1.02,Fair,VS2,63.73,55.34,8.21,3.51,4.49,66.36,4.84,3.52,0.326,0.241,0.405,600,0.69,Violet
Emerald,0.31,Premium,VVS1,57.47,54.08,4.35,5.25,5.36,76.26,3.72,-1.76,0.211,0.531,0.119,450,0.54,LightYellow
Diamond,1.82,Fair,VVS1,55.24,53.82,9.44,5.38,4.11,77.35,,0.6,0.241,0.175,0.305,400,0.56,FaintYellow
Sapphire,4.35,Ideal,IF,59.33,58.25,7.68,5.73,3.27,64.72,2.2,2.57,0.131,0.485,0.504,650,0.32,Blue
Emerald,0.41,Very Good,VS2,64.2,58.19,6.27,4.81,4.24,60.56,4.57,0.39,0.252,0.294,0.564,700,0.36,Red
Emerald,2.26,Ideal,IF,60.71,62.65,4.35,,3.52,63.43,4.28,-0.63,0.426,0.43,0.227,500,0.59,Red
Topaz,3.86,Premium,IF,57.29,52.07,7.78,5.77,3.33,69.07,1.47,-0.11,,0.374,0.488,500,0.54,LightYellow
Emerald,4.78,Good,VS1,61.51,62.71,3.68,6.8,4.01,73.45,3.87,3.35,0.374,0.279,0.225,550,0.69,White
Topaz,4.93,Very Good,IF,62.45,59.07,5.24,4.91,4.76,71.93,1.5,0.31,0.544,0.347,0.227,650,0.45,LightYellow
Amethyst,2.23,Very Good,SI2,60.5,54.15,7.02,9.03,4.6,71.65,1.95,,0.184,0.448,0.296,650,0.63,Blue
Amethyst,4.76,Ideal,SI2,63.43,65.56,7.52,4.44,2.49,64.62,4.28,-3.14,0.365,0.513,0.172,600,0.59,Blue
Emerald,0.37,Ideal,SI2,60.92,59.48,3.12,9.14,2.98,63.21,2.91,0.01,0.16,0.554,0.208,550,0.37,LightYellow
Amethyst,3.78,Ideal,VS2,55.96,64.34,3.06,4.25,2.03,60.71,2.81,-2.98,0.229,0.288,0.312,600,0.37,FaintYellow
Emerald,3.29,Very Good,VVS1,63.1,68.41,3.78,5.59,3.97,68.62,2.02,2.91,0.561,0.152,0.464,500,0.37,LightYellow
Amethyst,1.4,Ideal,VVS1,56.46,57.07,8.38,8.45,5.47,66.03,3.47,3.74,0.577,0.391,0.417,600,0.45,White
Amethyst,2.64,Fair,VS1,63.83,67.96,6.97,6.45,3.86,70.97,1.57,-3.39,0.172,0.192,0.19,550,0.36,White
Topaz,0.82,Fair,VS2,60.22,54.01,7.26,4.66,6.5,72.05,4.19,-0.61,0.314,0.52,0.161,650,0.65,Green
Amethyst,4.38,Fair,SI2,62.32,54.44,7.22,7.64,5.38,65.76,3.13,2.5,0.477,0.512,0.195,450,0.57,Blue
Topaz,1.92,Very Good,,64.72,63.27,3.26,3.89,3.69,71.06,4.38,-4.16,0.437,0.271,0.241,400,0.63,White
Diamond,3.21,Ideal,IF,59.32,52.05,,4.51,6.38,72.17,2.98,0.94,0.446,0.115,0.304,400,0.32,LightYellow
Ruby,0.96,Premium,SI2,59.6,59.1,8.1,4.8,4.88,77.6,2.17,0.5,0.405,0.391,0.538,400,0.59,LightYellow
Sapphire,1.19,Ideal,SI2,63.26,54.28,7.52,7.09,6.14,62.93,1.05,2.77,0.193,0.559,0.109,650,0.46,FaintYellow
Emerald,4.96,Very Good,VVS2,56.1,61.42,6.12,6.87,2.39,67.68,2.65,4.53,0.496,0.134,0.42,550,0.61,Violet
Sapphire,3.81,Fair,SI2,55.28,66.14,3.14,6.64,4.51,66.36,4.78,-0.13,0.42,0.428,0.154,450,0.55,White
Emerald,4.82,Very Good,VVS2,61.04,50.85,5.92,3.68,6.09,65.1,4.35,-2.18,0.367,0.588,0.477,550,0.43,LightYellow
Sapphire,1.62,Ideal,SI2,56.68,58.27,4.74,8.46,4.93,68.51,4.99,-4.52,0.139,0.487,0.565,400,0.68,FaintYellow
Sapphire,0.99,Very Good,SI2,57.56,64.61,7.88,3.92,6.45,78.85,1.63,3.21,0.185,0.407,0.115,600,0.5,Red
Diamond,2.61,Premium,SI2,64.76,56.85,8.77,9.57,6.48,76.86,3.55,-3.23,0.484,0.513,0.542,700,0.48,LightYellow
Amethyst,2.57,Very Good,VVS2,61.53,50.83,6.53,3.46,,70.45,1.53,3.54,0.289,0.187,0.42,450,0.53,White
Ruby,1.04,Good,VVS2,63.56,61.83,5.82,9.16,3.25,67.99,4.62,1.16,0.379,0.533,0.366,,0.46,LightYellow
Topaz,3.72,Very Good,IF,63.98,52.4,4.91,5.08,5.84,68.64,2.39,-3.3,0.536,0.579,0.38,450,0.32,Green
Diamond,1.94,Ideal,VVS1,56.21,57.4,3.65,7.9,5.17,65.05,4.57,-0.21,0.179,0.547,0.559,650,,Blue
Ruby,1.09,Good,VS1,64.28,69.81,5.6,5.33,2.48,73.15,1.81,1.35,0.189,0.15,0.191,650,0.54,Green
Diamond,1.79,Fair,IF,63.67,57.96,7.75,8.04,3.74,65.28,1.64,1.09,0.303,0.159,0.12,600,0.45,Blue
Emerald,2.91,Ideal,VVS1,55.45,66.86,7.66,6.37,5.94,62.23,1.72,-4.81,0.438,0.57,0.537,700,0.52,LightYellow
Amethyst,3.69,Premium,VS2,64.77,67.2,5.89,6.69,5.18,66.42,4.12,0.89,0.183,,0.393,500,0.42,LightYellow
Sapphire,2.51,Very Good,VVS1,59.58,55.26,9.76,8.02,3.92,69.74,4.45,4.1,0.365,0.236,0.178,600,0.5,Blue
Ruby,2.72,Very Good,VVS1,64.74,61.91,9.58,3.93,4.76,74.57,1.16,1.31,0.446,0.492,0.451,650,0.64,Violet
Diamond,0.87,Ideal,VVS1,63.24,68.95,9.13,4.86,6.22,,1.59,0.68,0.253,0.169,0.553,400,0.34,Red
Emerald,4.59,Very Good,IF,59.4,62.13,6.05,8.89,4.69,60.7,1.01,2.56,0.276,0.229,0.106,600,0.52,Green
Topaz,4.66,Very Good,VVS1,60.12,,8.23,8.53,3.02,74.09,1.24,0.23,0.538,0.458,0.425,550,0.63,White
Emerald,3.48,Fair,SI2,57.75,59.25,9.5,9.93,5.01,75.48,1.36,2.43,0.19,,0.284,600,0.64,Blue
Amethyst,0.28,,VVS1,59.87,64.39,8.16,3.16,3.2,62.06,2.18,-3.26,0.485,0.268,0.137,500,0.3,Blue
Topaz,2.78,Very Good,VS2,56.07,50.44,5.21,4,4.79,74.42,1.85,4.2,0.191,0.164,0.272,500,0.44,FaintYellow
Diamond,,Fair,VS2,64.09,,3.48,5.36,4.9,73.14,3.65,-0.65,0.316,0.252,0.567,600,0.55,LightYellow
,4.97,Very Good,VVS2,62.13,63.44,9.71,7.85,3.63,67.8,4.99,-1.17,0.464,0.547,0.262,400,0.52,LightYellow
Topaz,4.98,Fair,SI1,63.05,57.18,9.95,5.21,5.33,75.93,3.64,2.45,0.288,0.35,0.404,700,0.51,Blue
Sapphire,4.32,Premium,IF,60.31,58.34,7.86,5.42,3.32,74.21,1,0.87,0.139,0.142,0.252,600,0.32,LightYellow
Amethyst,0.51,Very Good,VVS1,56.26,56.53,5.21,4.59,2.07,71.38,1.52,-2.58,0.277,0.19,0.273,500,0.45,Blue
Sapphire,4.78,Ideal,VVS2,60.37,60.49,9.06,9.37,3.58,75.25,1.44,-2.29,0.214,0.486,0.346,700,0.54,Violet
Topaz,3.14,Good,VVS2,58.29,52.17,9.67,6.83,5.88,68.72,2.67,1.37,0.175,0.156,0.562,700,0.42,FaintYellow
Sapphire,4.04,Premium,IF,55.1,66.9,6.55,4.12,4.6,72.18,2.11,-1.09,0.403,0.345,0.282,650,0.38,Red
Amethyst,2.15,Very Good,SI1,61.15,59.56,5.18,7.08,5.82,60.82,4.86,-0.88,0.119,0.312,0.315,550,0.63,LightYellow
Diamond,1.73,Ideal,VVS2,63.54,50.86,5.84,4.12,2.58,69.02,1.68,1.75,0.524,0.23,0.543,700,0.56,Blue
Topaz,2.42,Good,VVS2,62.11,61.06,3.52,4.9,2.87,72.1,3.66,1.18,0.477,0.566,0.332,500,0.66,White
Emerald,0.9,Fair,IF,57.24,68.61,6.96,7.87,2.74,60.08,1.65,-3.31,0.477,0.183,0.496,400,0.61,Red
Emerald,1.91,Very Good,VS1,63.19,51.75,5.65,8.31,5.53,67.94,3.17,3.81,0.47,0.374,0.114,,0.33,Blue
Amethyst,4.32,Fair,VVS2,58.09,52.46,9.19,6.03,4.75,70.68,1.1,-1.72,0.236,0.336,0.166,500,0.52,Green
Sapphire,0.38,Premium,VS2,57.18,57.74,4.93,4.17,3.51,67.41,1.19,1.7,0.163,0.125,0.438,700,,Red
Diamond,0.92,Good,SI2,64.61,64.71,3.06,4.48,5.51,67.25,1.13,4.23,0.596,0.514,0.489,450,0.69,Blue
Topaz,,Good,VVS2,55.17,62.09,8.16,6.78,3.96,77.17,1.63,-0.6,0.598,0.3,0.486,600,0.5,Red
Amethyst,2.13,Fair,IF,56.68,59.16,3.05,7.12,4.77,79.29,1.02,-0.08,0.575,0.507,,550,0.57,Green
,4.99,Fair,,59.67,69.85,6.82,9.08,5.85,61.93,2.97,1.75,0.439,0.115,0.214,600,0.3,Blue
Emerald,1.03,Premium,SI1,56.67,53.72,4.27,4.88,3.91,78.21,2.55,,0.332,0.308,0.222,500,0.55,LightYellow
Sapphire,0.9,Ideal,SI2,56.67,66.44,7.27,7.28,5.39,67.57,1.25,-1.47,0.199,0.443,0.199,700,0.32,Green
Amethyst,4.59,Very Good,VS1,61.34,52.48,4.39,3.02,4.55,64.76,1.31,0.91,0.374,0.505,0.323,550,0.43,Violet
Amethyst,4.43,Ideal,VS1,63.19,53.59,6.51,6.3,6.08,62.99,4.1,-1.86,0.249,0.234,0.375,700,0.36,LightYellow
Emerald,,Good,SI1,61.62,55.91,5.35,5.79,4.05,74.95,1.1,-1.87,0.197,0.102,0.104,450,0.49,Red
Ruby,3.81,Very Good,SI1,56.01,67.46,4.28,3.84,3.34,74.47,4.68,3.01,0.485,0.337,0.264,500,0.65,White
Sapphire,3.35,Premium,VS2,,58.88,7.25,9.24,3.21,61.89,2.48,-4.66,0.155,0.119,0.527,700,0.55,Blue
Ruby,3.89,Ideal,SI2,64.23,57.92,3.58,3.76,2.86,79.19,1.57,-4.74,0.489,0.569,0.301,500,0.4,Green
Diamond,2.57,Ideal,VS2,57.81,59.81,9.59,4.86,3.6,61.45,4.44,,0.215,0.202,0.361,600,0.55,FaintYellow
Amethyst,4.96,Very Good,VVS2,60.53,62.62,8.45,8.14,,69.94,2.42,1.9,0.1,0.438,0.33,700,0.54,LightYellow
Amethyst,0.41,Premium,VS1,59.85,58.47,9.41,4.27,2.61,72.91,3.28,-1.94,0.182,0.358,0.173,600,0.51,LightYellow
Ruby,1.32,Premium,VS2,61.68,69.25,3.3,3.54,5.31,77.76,2.97,1.29,0.525,0.399,0.151,500,0.41,FaintYellow
Amethyst,2.1,Ideal,VVS2,64.78,52.71,3.01,9.79,6.22,65.39,3.39,-2.14,0.36,0.575,0.214,400,0.47,Blue
Amethyst,2.36,Ideal,VVS1,64.86,59.51,5.51,5.05,3.85,65.35,1.71,-4.69,0.484,0.508,0.43,450,0.47,White
Amethyst,4.62,Fair,VVS2,60.09,58.31,7.32,3.42,6.16,75.63,2.58,2.27,0.251,0.402,0.536,450,0.39,FaintYellow
Amethyst,2.89,Very Good,SI2,55.92,63.85,4.71,3.99,3.9,68.22,2.18,0.43,0.561,0.404,0.231,650,0.58,LightYellow
Topaz,0.42,Premium,VS2,,69.26,6.85,4.56,2.99,64.11,4.11,1.44,0.55,0.259,0.266,700,0.62,White
Topaz,2.16,Good,SI2,59.14,55.77,7.24,9.71,5.87,60.43,,-3.23,0.261,0.107,0.277,700,0.41,Violet
Emerald,2.2,Very Good,VVS2,60.35,69.11,4.06,3.11,6.06,74.92,4.98,1.17,0.526,0.207,0.472,450,0.66,White
Diamond,4.83,Fair,SI2,64.6,66.55,8.38,8.55,4.87,60.3,4.99,3.09,0.223,0.263,0.297,700,0.62,White
Topaz,3.08,Very Good,SI2,57.62,,9.55,8.47,6.15,72.75,1.39,-3.6,0.589,0.264,0.36,450,0.64,Green
Topaz,3.25,Ideal,VVS1,60.37,51.46,7.48,6.5,3.57,68.58,2.86,-2.17,0.358,0.312,0.441,450,0.61,Red
Diamond,3.62,Very Good,VS2,57.91,68.81,9.63,9.53,3.43,72.69,3.99,2.92,0.376,0.215,0.553,650,0.68,LightYellow
Emerald,3.9,Very Good,VVS2,64.19,66.78,4.72,3.09,5.85,75.2,3.68,1.44,0.109,0.485,0.148,500,0.36,LightYellow
Amethyst,3.25,Very Good,VS2,64.9,,3.26,6.47,3.26,72.95,2.94,-3.12,0.475,0.194,0.569,400,0.34,White
Ruby,1.34,Good,SI1,63.71,52.56,4.73,4.77,5.9,69.31,1.4,,0.223,0.501,0.352,500,0.65,Red
,4.4,Fair,SI1,58.39,58.4,7.54,8.33,3.07,78.15,2.88,4.05,0.186,,0.152,500,0.49,Green
Sapphire,3.71,Very Good,VVS2,57.78,66.8,7.18,4.21,5.13,60.07,4.83,-1.22,0.288,0.33,0.361,500,0.42,LightYellow
Emerald,3.76,Very Good,IF,59.31,58.75,4.87,9.13,,60.95,2.75,-4.07,0.264,0.268,0.33,650,0.67,LightYellow
Amethyst,4.98,Good,VS2,62.48,58.73,5.86,5.84,5.91,69.73,1.11,1.63,0.17,0.161,0.191,400,0.46,
Amethyst,4.05,Premium,VS2,55.09,55.4,5.57,3.95,6.34,64.94,2.6,-0.98,0.496,0.502,0.254,700,0.35,Violet
Sapphire,4.18,Very Good,SI1,64.95,51.02,9.65,3.24,3.35,68.61,2.87,2.31,0.461,0.349,0.269,650,,Green
Diamond,4.77,Very Good,SI1,63.83,60.26,5.2,7.83,4.45,65.74,3.96,-3.87,0.244,0.205,0.319,400,0.51,FaintYellow
Amethyst,0.93,Premium,SI2,55.24,65.49,4.35,9.5,6.3,64.62,1.91,-1.93,0.349,0.585,0.51,400,0.31,LightYellow
Amethyst,,Very Good,VS2,58.82,52.92,6.96,9.79,2.05,,3.33,-1.07,0.245,0.187,0.312,700,0.68,White
Ruby,2.99,Very Good,VS2,61.88,67.88,3.87,9.12,4.77,64.33,1.69,0.75,0.146,0.283,0.521,650,0.34,White
Diamond,1.78,Very Good,SI1,57.41,61.11,6.56,5.73,2.67,61.83,3.46,-3.15,0.3,0.252,0.307,400,0.45,Blue
Diamond,4.23,Fair,VVS2,56.43,66.25,7.81,9.34,3.98,64.51,3.09,-1.78,0.285,0.188,0.228,550,0.43,FaintYellow
Emerald,3.86,Ideal,VS1,61.29,63.34,9.6,7.51,2.38,68.54,4.44,2.66,0.545,0.396,0.296,700,0.46,LightYellow
Amethyst,3.66,Fair,SI2,64.04,52.7,9.25,3.44,3.51,64.47,2.85,-3.11,0.428,0.108,0.118,500,0.6,LightYellow
Ruby,4.99,Premium,VVS2,64.56,68.13,8.89,4.2,5.11,61.95,2.14,-1.2,0.488,0.514,0.364,400,0.51,Red
Emerald,1.45,Fair,VVS1,55.1,64.36,5.76,5.7,5.65,65.37,3.12,-1.08,0.437,0.451,0.106,450,0.33,Red
Amethyst,3.73,Fair,IF,63.74,,9.26,5.14,4.53,78.13,3.24,,0.238,0.22,0.506,600,0.34,FaintYellow
Emerald,2.85,Good,VVS2,60.61,61.6,8.02,5.35,,75.05,1.37,3.73,0.508,0.515,0.373,650,0.42,Violet
Ruby,1.7,Premium,VVS2,57.38,59.6,6.09,8.14,3.54,64.67,3.28,0.15,0.441,0.548,0.491,550,0.38,White
Emerald,0.97,Premium,VS2,61.17,67.18,6.95,3.41,6.08,72.14,3.78,-1.14,0.151,0.467,0.434,600,0.49,Violet
Topaz,4.5,Premium,SI2,64.96,52.46,6.05,,2.89,77.12,4.54,2.78,0.326,0.125,0.308,700,0.69,
Ruby,3.06,Fair,VVS1,57.76,61.82,4.38,5.36,5.08,79.42,1.85,-4.63,0.117,0.331,0.175,600,0.57,Violet
Topaz,4.16,Premium,SI2,57.77,56.21,6.16,9.18,2.63,61.49,2.83,4.98,0.278,0.144,0.294,500,0.66,FaintYellow
Sapphire,2.82,Good,VS2,61.99,54.91,8.65,3.4,6.05,64.08,1.23,4.61,0.412,0.109,0.546,550,0.51,Violet
Emerald,1.26,Very Good,SI1,55.43,50.45,4.87,9.8,3.28,78.87,1.66,-4.12,0.36,0.213,0.112,700,0.56,Red
Amethyst,1.82,Fair,SI2,63.21,56.64,7.48,3.57,3.67,77.7,4.7,3.88,0.337,0.557,0.535,650,0.41,LightYellow
Sapphire,2.03,Very Good,VS2,,57.92,6.87,6.04,2.82,65.98,4.75,-1.89,0.201,0.289,0.484,550,0.36,FaintYellow
Sapphire,4.87,Very Good,VS1,63.41,58.96,9.44,9,6.2,63.95,1.17,-3.95,0.155,0.511,0.256,450,0.34,Green
Diamond,0.23,Fair,IF,57.31,64.69,8.22,5.25,,76.31,3.14,0.7,0.303,0.541,0.35,600,0.45,LightYellow
Ruby,4.93,Fair,VS1,63.47,58.07,,8.95,4.13,62.1,1.55,3.69,0.313,0.26,0.253,500,0.4,Blue
Diamond,4.91,Premium,VS2,59.49,53.9,6.93,9.74,2.14,72.4,3.82,-3.4,0.464,,,500,0.35,Violet
Sapphire,4.98,,IF,56.33,57.96,9.38,3.86,6.07,78.15,3.49,4.7,0.161,0.405,0.24,700,0.67,Violet
Ruby,2.49,Fair,VVS2,,51.39,4.59,6.34,6.33,63.6,3.07,-2.09,0.27,0.15,0.377,450,0.35,LightYellow
Sapphire,4.83,Very Good,SI2,62.05,69.44,6.32,4.62,2.31,62.5,3.08,0.7,0.275,0.472,0.397,650,0.32,Blue
Diamond,2.1,Fair,VVS1,56.68,51.32,4.55,8.37,4.74,72.87,3.46,1.65,0.31,0.313,0.543,600,0.33,White
Amethyst,0.33,Good,VS1,57.47,54.04,5.93,3.76,6.3,72.28,2.76,-1.49,0.163,0.404,0.536,500,0.3,LightYellow
Diamond,1.28,Ideal,VVS1,57.69,58.56,3.41,8.42,5.13,61.35,3.93,3.78,0.432,0.343,0.383,400,0.39,FaintYellow
Emerald,4.74,Very Good,VS2,64.63,68.67,9.13,7.73,4.32,67.22,3.85,4.92,,,0.593,550,0.4,LightYellow
Topaz,0.27,Ideal,IF,63.86,53.57,9.85,7.42,3.54,78.54,2.35,,0.371,0.45,0.47,600,0.56,Green
Ruby,2.82,Ideal,SI1,58.46,58,6.97,6.04,5.33,64.6,3.88,,0.145,0.21,0.278,650,0.35,Blue
Emerald,0.56,Good,SI2,59.67,69.79,6.88,6.51,6.44,70.58,2.37,3.85,0.447,0.495,0.138,700,0.38,LightYellow
Topaz,1.57,Fair,SI2,57.85,62.04,9.69,3.7,4.88,67.05,3.35,0.26,0.425,0.441,0.137,700,0.66,FaintYellow
Ruby,0.62,Ideal,VVS2,62.43,62.29,5.75,4.89,4.27,78.09,1.85,2.4,0.316,0.36,0.334,500,0.31,Blue
Diamond,4.33,Premium,IF,56.61,69.48,7.35,9.39,2.76,70.41,2.26,-1.42,0.332,0.577,0.131,450,0.32,Green
Ruby,3.04,Fair,SI1,58.39,60.12,8.86,6.09,5.88,69.01,1.87,-3.87,0.239,0.338,0.212,700,0.46,Blue
Sapphire,4.53,Very Good,VVS1,61.06,50.05,6.54,5.82,3.73,77.83,4.96,3.59,0.249,,0.182,700,0.65,Red
Sapphire,3.5,Fair,VVS1,,50.62,4.55,3.33,5.46,72.88,3.45,-0.17,0.571,0.482,0.353,600,0.69,Green
Ruby,4.86,Good,VVS2,61.36,63.63,8.69,9.19,3.57,67.14,3.7,-3.91,0.106,0.513,0.494,650,0.36,Green
Ruby,2.65,Good,SI1,64.4,54.23,4.9,8.27,2.54,79.86,3.55,-3.13,0.376,0.422,0.153,700,0.55,White
Amethyst,3.27,Very Good,SI1,,59.57,8.91,3.64,5.01,78.32,1.11,2.42,0.255,0.479,0.217,500,0.3,White
Topaz,2.97,Very Good,VVS2,,61.03,9.61,4.05,4.46,65.29,3.87,3.76,0.277,0.492,0.175,450,0.68,LightYellow
Topaz,2.52,Very Good,IF,57.79,63.35,6.82,3.87,2.68,60.68,4.12,-2.23,0.364,0.527,0.24,650,0.54,LightYellow
Amethyst,4.26,Good,VS1,61.83,51.67,3.35,7.57,5.73,62.42,2.36,-2.2,0.298,0.453,0.503,550,0.4,Violet
Ruby,3.29,Fair,IF,56.93,65.2,9.69,4.11,3.36,63.09,3.35,-3.98,0.175,0.392,0.555,700,0.5,LightYellow
Topaz,4.05,Ideal,SI2,58.33,68.4,8.82,,3.99,74.7,1.11,-0.81,0.212,0.245,0.412,600,0.55,Violet
Topaz,3.97,Ideal,VVS1,62.58,55.11,3.82,7.02,4.24,67.52,1.85,3.91,0.116,0.248,0.533,550,0.3,Violet
Sapphire,1.12,Premium,IF,63.51,57.61,7.41,9.09,3.11,66.78,1.77,-3.36,0.289,0.196,0.313,700,0.33,White
Emerald,3.32,Good,VS2,59.17,64.88,5.21,8.11,4.26,71.18,2.02,2.79,0.548,0.248,0.271,650,0.69,White
Amethyst,1.16,Very Good,IF,60.23,54.97,5.31,3.17,2.3,62.71,2.53,-2.81,0.346,0.498,0.316,500,0.61,Red
Topaz,3,Fair,SI2,58.86,60.84,7.06,5.95,2.84,65.52,1.87,-2.97,0.374,0.452,0.16,450,0.51,Violet
Amethyst,3.45,Good,IF,59.79,63.2,7.98,5.53,3.24,69.7,1.91,-4.85,0.322,0.241,0.59,650,0.39,Violet
Sapphire,4.99,Premium,SI1,60.12,67.59,3.08,9.67,3.62,69.37,,1.7,0.544,0.259,0.554,700,0.33,Blue
Amethyst,0.35,Ideal,SI2,61.92,56.91,4.07,5.37,3.12,72.23,2.01,-1.13,0.315,0.59,0.204,650,0.62,FaintYellow
Amethyst,0.64,Fair,SI2,62.51,59.85,9.32,7.81,4.12,66.2,3.27,4.74,0.477,0.261,0.527,400,0.65,
Topaz,0.57,Ideal,VS2,64.75,53.69,6.46,7.13,4.97,67.65,3.57,-4.48,0.476,0.203,0.239,550,0.4,Violet
Amethyst,2.11,Fair,VVS1,59.38,56.15,6.44,8.16,3.55,61.27,2.24,-4.34,0.349,0.295,0.297,650,0.36,Blue
Emerald,4.14,Very Good,VVS2,55.83,51.9,8.88,3.43,2.17,72.98,1.27,-2.16,0.427,0.459,0.277,500,0.69,Green
Diamond,4.25,Fair,IF,61.88,53.95,3.91,9.52,4.85,69.99,2.89,0.38,0.318,0.275,0.44,450,0.48,Violet
Emerald,3.74,Very Good,VS1,59.98,56.92,8,9.95,5.96,60.84,4.96,2.48,0.475,0.516,0.16,700,0.61,White
Diamond,4.51,,SI1,63.41,58.49,6.54,6.88,2.56,70.1,2.14,-1.97,0.531,0.305,0.419,700,0.47,Green
Ruby,1.75,Ideal,SI1,56.47,,8.19,4.15,2.83,65.22,1.02,-1.66,0.545,0.596,0.481,650,0.41,LightYellow
Sapphire,0.62,Fair,VVS2,61.45,59.17,7.75,,2.13,62.93,4.19,2.19,0.149,0.175,0.343,650,0.49,FaintYellow
Emerald,0.48,Fair,VS1,59.59,50.98,7.67,7.53,2.98,60.1,2.01,-1.3,0.267,0.106,0.404,400,0.48,LightYellow
Ruby,4.29,Premium,IF,59.19,65.11,8.99,7.37,3.33,79.63,4.4,1.53,0.247,0.281,0.443,550,0.51,Red
Topaz,3.71,Ideal,VS1,60.65,60.66,6.86,9.19,4.05,78.96,2.02,-1.86,,0.226,0.518,550,0.66,Red
Amethyst,3.55,Good,SI1,61.84,68.79,5.85,8.12,5.15,76.5,4.49,4.92,0.421,0.295,0.594,600,,FaintYellow
Topaz,1.83,Very Good,VVS2,63.51,62.7,4.39,9.44,3.95,64.32,4.66,4.17,0.3,0.163,0.56,700,,Green
Sapphire,2.02,Good,VS1,57.35,60.68,5.41,9.7,3.64,77.38,3.32,0.87,0.278,0.456,0.209,700,0.32,LightYellow
Emerald,4.8,Premium,VS1,57.93,55.89,9.09,5.41,5.08,77.94,4.34,4.61,0.106,0.531,0.157,500,0.54,White
Emerald,0.51,Good,VVS2,60.49,54.73,5.36,4.39,4.9,61.63,4.47,0.62,0.543,0.421,0.525,550,0.54,FaintYellow
Emerald,3.91,,SI2,58.47,54.6,9.9,5.7,3.91,70.43,2.4,3.51,0.498,0.366,0.458,400,0.67,Blue
Diamond,1.69,Ideal,VVS2,60.68,58.14,7.26,9.77,3.52,62.14,3.63,4.53,0.327,0.473,0.175,700,0.64,Blue
Emerald,0.39,Premium,VVS2,57,53.43,8.7,4.34,3.71,70.66,3.42,4.76,0.121,0.112,0.195,600,0.39,FaintYellow
Diamond,3.76,Fair,SI1,58.08,66.88,6.45,7.14,3.82,76.89,2.71,4.72,0.546,0.481,0.269,700,0.46,Green
Emerald,1.79,Fair,VVS2,58.25,66.1,7.58,3.59,2.4,72.53,4.03,3.73,0.246,0.365,0.362,650,0.36,Violet
Diamond,3.67,Ideal,VS2,64.92,64.58,9.93,8.83,2.82,61.26,2.89,-1.05,0.279,0.398,0.593,500,0.58,FaintYellow
Sapphire,3.6,Good,IF,63.54,50.98,6.5,7.68,4.95,60.2,2.07,4.92,0.546,0.563,0.262,550,0.53,Blue
Topaz,2.77,Fair,SI1,63.38,51.44,4.84,6.65,6.19,61.89,2.11,2.8,0.383,0.497,0.189,450,0.65,Green
Ruby,3.93,Premium,SI2,60.14,62.73,7.55,7.41,2.38,78.17,1,3.51,0.336,0.558,0.23,,0.57,Blue
Diamond,2.99,Very Good,VVS2,59.67,64.98,9.44,3.82,2.54,79.71,1.3,2.99,0.324,0.381,0.445,450,0.34,FaintYellow
Sapphire,1.58,Good,VVS1,55.7,50.53,3.12,9.03,2.44,69.67,1.56,0.73,0.367,0.345,0.269,550,0.33,Green
Emerald,3.72,Very Good,VS1,56.97,55.81,9.95,5.38,3.15,67.14,3.84,0.41,0.166,0.234,0.559,600,0.32,FaintYellow
Topaz,3.03,Good,VVS2,63.95,52.73,6.81,4.18,5.57,66.89,1.47,-0.86,0.233,0.434,0.333,400,0.39,White
Topaz,0.26,Premium,VVS2,60.26,54.63,8.6,3.1,5.76,68.5,1.88,-3.75,0.11,0.249,0.177,400,0.69,FaintYellow
Topaz,4.53,Very Good,IF,64.87,60.37,3.83,3.42,6.01,67.91,2.9,1.29,0.559,0.18,0.141,550,0.39,White
Sapphire,2.82,Premium,VVS2,60.92,52.18,5.04,7.7,5.53,75.34,2.34,-1.79,,0.431,0.355,400,0.44,Violet
Diamond,4.37,Very Good,SI1,58.77,54.6,9.84,,4.06,70.56,4.13,-3.08,,0.37,0.529,500,0.52,Red
Amethyst,4.44,Good,VS2,57.74,61.3,5.02,4.04,4.56,,1.41,-2.38,0.302,0.263,0.395,400,0.44,White
Ruby,2.34,Premium,VVS1,64.18,60.16,5.89,7.24,5.08,61.76,4.93,-1.13,0.394,0.357,0.385,650,0.36,Blue
Amethyst,2.64,Good,VVS1,58.71,67.15,4.96,6.38,3.11,62.22,4.3,-4.92,0.319,0.197,0.418,550,0.58,LightYellow
Sapphire,2.2,Good,SI2,56.46,53.01,6.28,9.56,4.45,67.78,2.99,-1.51,0.532,0.381,0.574,450,0.63,FaintYellow
Ruby,2.36,Very Good,VVS2,57.78,57.4,4.11,7.66,4.32,65.38,1.51,1.37,0.388,0.44,0.522,400,0.58,Green
Sapphire,4.5,Very Good,IF,61.46,,6.56,6.64,5.45,67.4,1.39,-3,0.49,0.336,0.454,650,0.55,Violet
Ruby,3.98,Premium,SI1,56.33,65.92,5.09,4.99,3.05,61.87,1.64,-2.87,0.171,0.179,0.546,400,0.37,LightYellow
Sapphire,0.81,Fair,SI1,55.92,61.95,8.71,6.23,6.14,78.14,1.72,-3.43,0.563,0.47,0.409,700,0.57,White
Sapphire,3.13,Ideal,VVS2,59.58,65.38,5.73,,3.74,76.56,4.02,-2.61,0.157,,0.371,550,0.42,White
Topaz,4.98,Very Good,VS1,55.84,58.97,8.55,7.75,4.22,71.19,4.89,,0.476,0.335,0.11,450,0.59,Green
Sapphire,3.06,Good,SI1,58.93,68.21,7.49,7.16,3.51,71.42,4.02,4.78,0.316,0.589,0.339,500,0.7,
Emerald,3.97,Ideal,SI1,58.23,61.99,9.41,5.07,2.52,70.08,4.07,-4.31,0.436,0.131,0.121,550,0.45,FaintYellow
Sapphire,3.89,Premium,SI1,58.91,63.91,8.67,3.08,2.8,64.57,4.79,2.28,0.543,0.594,0.493,500,0.61,Blue
Emerald,1.88,Ideal,VVS1,59.88,63.04,9.31,9.88,6.46,73.09,1.39,-2.3,0.349,0.422,0.11,550,0.5,White
Diamond,1.98,Ideal,SI1,56.85,63.46,6.68,3.37,3.57,61.83,1.4,-0.03,,0.576,0.12,600,0.44,Violet
Amethyst,3.68,Fair,VS1,59.42,62.82,9.39,6.83,2.52,71.69,4.58,-1.68,0.22,0.191,0.118,650,0.48,Red
Topaz,2.6,Fair,VS2,58.62,51.48,4.08,8.96,4,68.8,3.21,4.71,0.543,0.339,0.303,650,0.69,Green
Amethyst,2.94,Ideal,VVS1,62.95,62.08,3.59,7.35,2.62,61.16,1.99,-1.41,0.308,0.589,0.414,450,0.56,LightYellow
Sapphire,3.62,Fair,VVS1,61.95,65.67,6.68,7.11,4.77,68.65,1.8,-0.52,0.343,0.295,0.556,650,0.47,FaintYellow
Sapphire,3.93,Fair,VS2,63.73,50.01,8.78,8.01,2.11,71.83,3.43,4.89,0.315,0.441,0.328,450,0.67,White
Ruby,1.5,Ideal,VS1,61.69,67.83,4.49,5.16,4.52,61.59,3.55,-4.01,0.19,0.195,0.509,450,0.47,LightYellow
Sapphire,0.9,Very Good,VVS2,56.21,69.04,9.78,5.73,5.09,65.97,4.03,-2.04,0.443,0.528,0.36,400,0.42,FaintYellow
Topaz,1.6,Fair,SI2,60.07,52.56,4.3,3.59,2.36,64.05,3.58,-1.15,0.369,0.232,0.199,400,0.62,FaintYellow
Emerald,2.64,Ideal,IF,62.42,60.7,7.96,3.03,2.67,60.48,3.88,-0.5,0.504,0.177,0.546,650,0.47,Green
Emerald,1.84,Very Good,VS1,63.42,52.21,9.41,4.85,5.49,61.64,3.86,4.57,0.558,0.375,0.484,400,0.53,Violet
Ruby,2.93,Fair,VS2,56.81,55.66,9.76,8.7,3.89,63.78,1.21,-1.18,0.226,0.224,0.407,600,0.39,Violet
Sapphire,0.46,Ideal,SI2,57.24,62.43,7.63,,2.42,72,3.85,-2.18,0.461,0.483,0.553,700,0.42,Violet
,2.65,Fair,SI1,63.62,56.06,7.02,3.98,5.88,78.86,1.64,-1.86,0.235,0.519,0.48,,0.56,White
Diamond,1.97,Very Good,SI1,59.85,57.31,3.64,5.99,5.32,73.14,3,-3.74,0.45,0.36,0.178,450,0.5,Green
Diamond,2.77,Ideal,VS2,59.52,64.92,3.14,3.14,2.84,,2.01,-3.59,0.264,0.111,0.167,500,0.49,Blue
Topaz,2.23,Very Good,SI1,59.94,61.5,9.9,8.62,3.56,79.36,3.72,-2.58,0.512,0.295,0.303,600,0.5,FaintYellow
Diamond,1.56,Good,VS2,56.73,60.36,4.92,6.23,4.56,70.41,2.21,-3.28,0.501,0.115,0.19,450,0.34,Blue
Topaz,4.54,Premium,SI2,61.28,56.48,3.51,4.94,2.1,64.44,4.65,-1.62,,0.55,0.286,450,0.36,Violet
Topaz,1.09,Good,VVS1,63.08,64.08,6.77,8.38,4.2,78.26,1.19,-3.6,0.562,0.237,0.188,550,0.68,White
Emerald,3.47,Fair,VVS2,63.37,58.48,5.19,9.79,3.53,70.71,2.89,0.66,0.317,0.587,0.556,650,0.64,FaintYellow
Topaz,4.64,Very Good,VVS1,55.3,67.98,5.5,5.82,6.17,63.04,2.71,4.51,,0.249,0.253,400,0.67,FaintYellow
Sapphire,2.79,Ideal,VVS1,62.15,62.03,5.48,8.36,3.02,67.57,1.77,-0.02,0.231,0.318,0.532,600,0.62,Green
Ruby,4.41,Very Good,VVS1,55.91,60.77,4.74,5.25,3.79,66.68,1.28,-0.53,0.275,0.104,0.265,400,0.51,Red
Emerald,0.8,Fair,VS2,64.67,66.06,9.77,8.31,2.73,67.2,1.9,-3.14,0.339,0.58,0.128,450,0.53,White
Emerald,2.57,Ideal,VS1,59.82,59.71,4.86,9.76,2.58,61.99,1.52,-2.78,0.18,0.349,0.472,500,0.42,FaintYellow
Diamond,2.39,Good,SI2,62.75,55.59,6.9,7.55,3.26,69.23,1.74,1.22,0.389,0.163,0.422,550,0.63,Blue
Amethyst,0.24,Very Good,IF,61.22,53.1,4.67,4.67,5.67,70.52,4.44,-3.82,0.382,0.513,0.522,400,0.36,FaintYellow
Amethyst,2.33,Premium,IF,64.52,61.24,8.33,7.83,3.7,77.53,3.9,-3.23,0.356,0.24,0.538,550,0.48,LightYellow
Ruby,1.97,Fair,VVS2,64.74,58.5,4.6,8.91,2.84,61.29,1.57,0.85,0.251,0.105,0.493,650,0.47,Green
Diamond,3.42,Fair,VVS2,57.79,57.95,7.3,5.83,2.08,76.22,4.61,2.35,0.126,0.437,0.523,450,0.48,Green
Emerald,4.7,Very Good,VS2,59.83,56.99,8.84,7.35,4.47,72.57,4.55,4.42,0.523,0.229,0.283,600,0.48,White
Sapphire,,Good,IF,60.04,63.43,4.9,4.77,4.23,79.33,2.01,-3.23,0.327,,0.255,700,0.63,Red
Emerald,1.77,Good,VS1,56.78,60.38,8.62,6.18,2.95,76.57,1.19,2.18,0.454,0.187,0.315,450,0.39,Green
Sapphire,2.33,Premium,VS2,64.04,60.74,3.65,4.16,3.63,69.02,3.77,-2.57,0.138,0.24,0.55,650,0.69,
Amethyst,2.38,Premium,VVS2,58.5,56.16,3.81,8.85,3.3,75.59,3.33,-3.4,0.174,0.384,0.485,650,0.51,Blue
Topaz,3.92,Very Good,VS2,55.87,62.27,5.8,3.68,5.2,78.45,2.5,3.21,0.486,0.568,0.407,650,0.58,Green
Sapphire,2.33,Ideal,VVS2,56.55,58.07,5.85,3.39,3.65,69.92,1.19,-2.02,0.436,0.271,0.27,600,0.55,Red
Sapphire,0.33,Good,IF,60.13,65.39,6.62,6.74,4.11,65.32,1.52,-1.68,0.451,0.335,0.477,650,0.63,LightYellow
Ruby,3.61,Ideal,SI2,63.82,60.59,3.17,7.08,6.45,68.09,3.4,-1.04,0.112,0.148,0.185,450,0.31,White
Ruby,4.45,Ideal,VS2,61.28,55.79,3.82,9.43,6.03,68.46,3.69,-4.54,0.291,0.149,0.395,500,0.32,FaintYellow
Amethyst,2.67,Very Good,VVS1,57.15,52.95,3.07,4.42,4.96,72.03,1.83,3.78,0.257,0.518,0.448,700,0.59,Green
Ruby,2.99,Premium,SI1,57.97,64,9.68,8.45,4.17,68.52,2.79,4.71,0.5,0.228,0.117,400,0.5,Red
Diamond,0.98,Ideal,SI2,64.76,57.42,5.19,7.51,3.58,72,4.5,-2.95,0.295,0.447,0.383,400,0.69,LightYellow
Amethyst,1.26,Very Good,VVS2,55.53,51.31,7.82,8.19,6.24,60.66,1.96,-4.24,0.104,0.176,0.592,600,,Green
Amethyst,1.33,Premium,VVS1,64.94,68.3,7.26,4.1,6.11,67.53,4.5,-0.1,0.303,,0.296,600,0.38,Violet
Emerald,2.27,Ideal,VVS2,64.06,57.73,8.07,6.13,2.74,73.36,2.15,1.58,0.242,0.412,0.492,600,0.65,White
Ruby,,Ideal,SI2,61.78,64.92,9.18,5.49,3.13,62.23,4.43,-0.07,0.482,0.131,0.456,550,0.49,FaintYellow
Diamond,2.7,Premium,VVS1,64.43,59.18,4.63,7.9,3.76,64.3,3.31,1.53,0.439,0.266,0.134,700,0.32,Violet
Sapphire,1.12,Premium,IF,56.52,67.82,5.98,7.15,4.06,74.62,4.01,4.51,0.449,0.257,0.106,700,0.6,Red
Emerald,1.48,Fair,SI2,64.43,50.58,5.3,9.77,4.44,73.22,2.36,-1.69,0.528,0.154,0.488,500,0.45,
Sapphire,2.04,Fair,SI2,57.13,,3.58,3.97,2.17,,1.56,3.88,0.578,0.282,0.193,450,0.64,Red
Topaz,3.19,Very Good,IF,60.46,60.92,3.22,6.32,2.31,79.85,1.59,0.45,0.591,0.433,0.265,400,0.34,Violet
Sapphire,2.31,Very Good,VS1,59.89,56.46,8.35,7.86,4.11,66.22,1.66,2.13,0.591,0.5,0.377,700,0.32,LightYellow
Emerald,2.08,Good,VS1,60.12,64.85,3.9,5.58,6.13,64.94,,3.32,0.537,,0.364,500,0.58,Blue
Topaz,2.91,Fair,VS1,57.67,63.77,3.11,9.46,5.34,66.82,4.53,-2.34,0.395,0.407,0.178,650,0.44,Blue
Diamond,1.36,Premium,VS2,62.81,50.51,6.07,8.97,4.44,75.02,2.96,-1.45,0.224,0.139,0.134,600,0.59,Blue
Topaz,0.58,Fair,SI2,62.43,62.01,5.26,9.11,2.13,61.85,1.88,-4.6,0.105,0.425,0.431,700,0.62,Green
Amethyst,0.32,Very Good,VVS2,64.54,66.72,3.46,7.26,2.31,65.75,3.51,2.79,0.276,0.352,0.528,650,0.46,FaintYellow
,1.41,Very Good,VS2,60.07,56.31,3.36,6.3,4.83,72.16,1.33,,0.512,0.391,0.592,500,0.46,Blue
Amethyst,0.64,Very Good,VS1,60.48,52.79,9.39,5.58,,77.3,1.74,-0.8,0.453,0.444,0.376,500,0.6,Green
Emerald,1.81,Premium,VVS2,64.03,64.77,9.58,3.84,4.59,68.73,3.21,3.19,0.17,0.499,0.384,650,0.56,FaintYellow
Diamond,3.91,Ideal,VS2,64.19,68.01,6.38,9.64,4.04,67.61,2.94,-3.97,0.1,0.113,0.475,450,0.44,
Topaz,3.64,Very Good,IF,61.5,63.14,8.94,4.85,2.83,67.02,1.89,4.93,0.231,0.134,0.223,600,0.3,White
Amethyst,3.13,Fair,VVS2,63.2,66.92,8.6,8.61,4.09,61.06,1.19,0.64,0.485,0.469,0.483,500,0.38,FaintYellow
Emerald,4.29,Ideal,SI2,60.05,69.97,7.06,3.08,5.99,78.76,3.41,-3.75,0.433,0.404,0.175,550,0.54,Blue
Topaz,1.55,Fair,VS1,58.88,59.99,8.26,5.67,3.01,60.88,4.54,-4.86,0.429,0.268,0.395,650,0.44,White
Diamond,4.45,Very Good,IF,63.64,68.71,9.51,7,6.31,71.24,4.08,-1.64,0.449,0.471,0.59,700,0.45,Red
Ruby,2.12,Premium,VVS2,62.77,56.89,6.96,5.2,3.03,75.87,1.81,-2.79,0.236,0.371,0.291,,0.63,LightYellow
Ruby,2.12,Ideal,VS2,57.42,64.91,6.58,4.36,4.05,,3.79,-0.36,,0.371,0.305,550,0.43,Red
Amethyst,2.15,Ideal,SI1,55.48,68.03,3.02,3.5,5.25,63.69,1.93,-0.34,0.59,0.429,0.505,550,0.65,Blue
Emerald,0.67,Very Good,SI1,60.66,60.42,,9.92,5.49,60.65,4.06,-3.44,0.24,0.52,0.374,700,0.65,LightYellow
Amethyst,4.88,Very Good,VS1,63.42,62.53,8.72,9.2,3.4,75.37,4.02,1.59,0.533,0.233,0.547,400,0.35,Blue
Amethyst,0.86,Very Good,VS2,57.47,69.41,8.33,5.19,2.07,61.23,1.88,-0.88,0.553,0.597,0.217,650,0.58,Violet
Topaz,1.84,Good,IF,62.67,55.02,7.52,3.11,4.82,68.74,1.08,1.33,0.299,0.284,0.476,,0.6,LightYellow
Ruby,1.73,Premium,SI2,59.14,57.12,3.17,6.78,3.45,67.1,3.09,3.64,0.137,0.383,0.562,500,0.45,LightYellow
Topaz,,Premium,IF,58.36,65.45,9.48,5.25,4.35,62.68,,-3.31,0.597,0.521,0.336,550,0.69,Blue
Emerald,0.93,Very Good,IF,56.73,56.82,6,3.81,2.29,70.62,2.09,-0.67,0.147,0.336,0.427,500,0.65,Green
Topaz,0.42,Good,VVS2,64.34,60.02,7,8.53,3.76,63.02,,3.41,0.514,0.183,0.379,650,0.46,Blue
Amethyst,1.6,Very Good,VS1,57.26,51.01,5.78,5.37,4.84,73.29,2.84,2.22,0.274,0.6,0.399,550,0.59,Red
Ruby,4.36,Very Good,SI2,57.79,61.31,5.44,9.81,2.37,75.94,3.91,-1.95,0.405,0.513,0.426,600,0.7,White
Diamond,1.83,Premium,SI1,58.31,62.54,6.57,7.94,4.13,64.62,1.78,2.56,0.25,0.167,0.22,600,0.67,Blue
Diamond,0.79,Good,IF,57.85,51.65,6.46,8.88,3.97,74.8,1.37,-1.18,0.287,,0.236,600,0.4,White
Ruby,3.3,Premium,VS2,56.63,54.88,5.49,7.35,3.4,72.93,2.08,4.71,0.242,0.249,0.268,500,0.68,Green
Amethyst,4.98,Very Good,VS1,58.54,58.66,8.63,6.93,6.44,65.4,2.99,-2.45,0.203,0.389,0.193,550,0.55,Blue
Ruby,1.32,Fair,SI1,59.72,65.62,3.35,6,6.38,63.9,1.56,-3.22,0.281,0.167,0.528,650,0.34,White
Diamond,1.54,Ideal,VS2,60.52,50.43,3.82,3.58,,77.49,1.92,3.79,0.533,0.477,0.254,500,0.58,LightYellow
Sapphire,4.86,Very Good,SI2,56.56,56.63,3.58,8.16,2.85,64.03,2.98,-0.03,0.141,0.475,0.388,450,0.7,LightYellow
Topaz,1.06,Good,VS2,62.79,50.1,6.95,5.38,4.1,61.57,3.89,2.44,0.106,0.209,0.164,400,0.43,White
Emerald,2.65,Fair,SI2,58.12,60.43,5.89,4.38,5.82,66.36,1.11,4.5,0.218,0.293,0.373,400,0.32,LightYellow
Amethyst,1.35,Good,IF,64.18,59.98,6.16,3.8,3.55,78.09,3.28,-3.03,0.523,0.357,0.363,400,0.43,Blue
Emerald,4.68,Very Good,VS1,58.3,65.11,7.04,3.55,3.53,71.72,2.54,-4,0.565,0.44,0.349,450,0.41,LightYellow
Emerald,4.91,Very Good,VVS1,63.63,50.08,5.27,6.33,5.64,74.36,3.25,-2.83,0.506,0.277,,550,0.36,Violet
Ruby,4.11,Ideal,SI2,58.53,65.17,4.28,8.86,4.83,64.38,3.56,-3.85,0.119,0.123,0.143,500,0.55,Blue
Diamond,1.71,Good,VVS2,60.06,67.82,5.15,3.9,3.82,69.88,1.15,4.62,0.198,0.237,0.593,600,0.32,Violet
Diamond,2.14,Fair,VVS1,58.72,56.35,9.96,6.6,4.33,75.82,3.15,2.13,0.265,,0.552,650,0.39,Violet
Topaz,1.36,Ideal,VVS2,58.87,56.67,9.67,5.65,4.68,67.4,4.78,1.56,0.442,0.301,0.197,700,0.7,White
Topaz,4.48,Good,VS1,61.19,50.02,9.7,6.78,2.73,74.32,2.69,4.52,0.264,0.592,0.425,450,0.55,Blue
Amethyst,4.59,Very Good,SI1,61.93,58.58,3.19,3.41,4.15,71.66,4.65,4.78,0.347,0.287,0.44,650,0.35,Red
Sapphire,2.21,Ideal,IF,,62.26,3.63,6.75,4.35,66.71,4.89,4.13,0.12,0.514,0.152,500,0.69,
Topaz,3.35,Very Good,VS1,60.69,52.45,3.32,6.85,6.48,68.27,3.48,1.6,0.118,0.11,0.146,700,0.43,
Diamond,0.99,Premium,VVS1,57.17,63.14,8.71,9.09,3.14,,3.07,-0.03,,0.325,0.353,550,0.34,Blue
Topaz,2.29,Premium,VS2,64.9,57.31,9.94,4.4,3.12,74.98,4.09,-4.56,0.153,0.316,0.54,450,0.5,FaintYellow
Amethyst,3.23,Ideal,VVS2,61.84,63.46,6.8,8.7,5.42,77.83,4.16,3.77,0.238,0.556,0.115,600,0.7,FaintYellow
Sapphire,2.05,Ideal,VVS2,58.75,55.02,7.91,8.26,3.51,70.78,3.49,-4,0.102,0.237,0.248,500,0.7,Blue
Amethyst,1.92,Good,VVS1,64.68,65.49,5.47,9.4,2.25,68.88,1,-4.14,0.374,0.328,0.546,700,0.49,Blue
Topaz,0.2,Fair,IF,64.58,60.98,8.36,9.39,6.31,75.62,3.61,1.56,0.372,0.427,0.262,450,0.46,FaintYellow
Diamond,4.06,Fair,VS1,55.8,60.66,7.59,8.36,2.19,67.72,4.52,3.31,0.323,0.466,0.177,450,0.64,Red
Amethyst,4.47,Premium,VVS1,55.2,59.76,8.61,9.48,6.14,71.86,1.27,1.86,0.493,0.588,0.282,650,0.53,Violet
Ruby,4.85,Premium,SI2,55.44,66.84,6.5,4.81,5.66,75.21,2.2,-1.35,0.292,0.591,0.555,500,0.59,
Ruby,3.65,Premium,VS1,61.85,61.09,4.36,4.09,4.75,78.5,4.43,3.29,0.224,0.378,0.25,500,0.48,Red
Emerald,2.83,Very Good,SI2,62.11,53.19,6.33,4.96,5.97,77.78,3.5,-4.95,0.267,0.441,0.297,600,0.52,Green
Sapphire,1.49,Fair,IF,62.24,62.52,5.18,8.88,2.88,73.21,1.46,-3.35,0.445,0.149,0.228,600,0.48,White
Ruby,5,Ideal,VS2,61.3,60.28,7.86,5.19,2.84,60.41,3.39,0.01,0.574,0.529,0.225,,0.33,Violet
Amethyst,3.03,Premium,SI2,57.85,51.38,3.96,8.73,4,74.77,3.47,3.78,0.452,0.271,0.298,700,0.5,White
Amethyst,3.47,Good,VS1,56.67,61.62,5.32,5.6,6.48,66.62,1.44,-3.96,0.596,0.379,0.201,650,0.47,Violet
Ruby,3.48,Ideal,SI2,64.28,51.59,3.05,8.6,2.04,76.67,1.69,0.02,0.403,0.549,0.409,400,0.51,LightYellow
Emerald,4.26,Ideal,IF,64.13,64.5,8.71,8.93,2.64,60.54,3.33,-2.94,0.574,0.166,0.253,450,0.39,Blue
Sapphire,0.25,Ideal,VVS1,57.42,63.1,5.85,7.75,5.24,62.27,2.65,-2.84,0.171,0.529,0.409,500,0.63,White
Diamond,1.26,Fair,SI1,56.68,59.87,8.43,9.86,3.16,73.8,1.92,3.42,0.219,0.179,0.411,500,0.55,FaintYellow
Diamond,3.39,Premium,VS2,58.75,64.98,3.68,8.11,4.49,65.32,3.51,-3.32,0.43,0.255,0.548,400,0.61,Blue
Amethyst,4.5,Good,VS2,55.48,55.61,4.36,4.72,5.21,66.36,1.44,-4.32,0.345,0.433,0.384,450,0.47,Violet
Emerald,3.49,Very Good,VS2,56.62,58.93,8.95,9.89,5.78,68,1.45,-4.14,0.282,0.468,0.521,450,0.57,Green
Topaz,2.18,Good,VVS2,58.8,50.31,7.17,7.79,4.51,63.8,1.04,-1.5,0.277,0.475,0.458,450,0.6,Red
Topaz,1.94,Good,SI1,57.39,69.77,3.04,6.05,,77.19,3.62,0.41,0.251,0.557,0.182,450,0.51,Green
Topaz,3.74,Good,IF,62.37,51.13,9.34,6.44,5.12,61.77,4.73,-4.89,0.505,0.245,0.155,600,0.67,LightYellow
Emerald,3.76,Very Good,VS1,64.05,52.09,9.88,8.36,4.25,63.4,1.08,4.94,0.277,0.484,0.539,650,0.32,LightYellow
,3.11,Good,VVS1,64.09,59.9,7.63,8.27,5.12,67.63,2.61,4.39,0.138,0.596,0.128,450,0.68,LightYellow
Sapphire,1.6,Good,SI2,61.04,57.52,8.09,8.89,2.26,67.52,1.7,-0.35,0.176,0.137,0.224,450,0.66,Violet
Emerald,4.64,Premium,SI2,62.03,60.65,3.94,4.69,2.02,61.04,3.58,-3.54,0.347,0.2,0.435,400,0.63,Blue
Topaz,2.85,Premium,VS2,59.94,66.7,8.36,9.64,6.08,66.77,2.79,-3.39,0.164,0.557,0.417,600,0.54,Blue
Ruby,3.99,Premium,VS2,56.47,53.17,3.69,4.83,4.56,75.29,3.36,-1.1,0.516,0.229,0.549,400,0.32,FaintYellow
Ruby,1.23,Ideal,VS2,61.35,62.79,9.23,6.36,2.8,77.81,4.36,4.13,0.557,0.573,0.23,700,0.35,
Ruby,1.85,Good,IF,58.5,50.36,6.53,4.48,5.17,62.48,3.28,-0.87,0.133,0.362,0.232,600,0.59,Green
Emerald,4.4,Fair,VVS1,55.06,65.8,3.99,6.04,5.18,73.03,,-1.13,0.536,0.37,0.28,400,0.7,White
Sapphire,0.44,Fair,IF,60.75,66.31,3.62,7.55,6.12,78.53,1.57,4.18,0.443,0.152,0.595,500,0.59,Red
Sapphire,2.66,Fair,VVS1,56.98,57.59,6.08,6.44,5.45,66,2.85,4.94,0.263,0.193,0.134,650,0.35,Blue
Ruby,2.51,Very Good,VS1,63.87,53.47,3.04,4.74,,77.53,3.51,-1.16,0.226,0.537,0.275,600,0.67,FaintYellow
Diamond,3.81,Premium,SI2,64.34,66.22,9.73,5.71,5.76,63.13,3.83,4.63,0.303,0.461,0.154,600,0.32,Green
Topaz,1.55,Premium,VVS2,56.62,68.18,4.19,7.16,3.32,77.22,1.33,-3.7,0.4,0.164,0.49,550,0.6,FaintYellow
Sapphire,1.25,Premium,VVS1,55.29,51.51,5.94,9.28,4.35,68.53,3.74,-3,0.22,0.17,0.226,500,0.33,White
Amethyst,4.65,Very Good,SI1,55.04,61.6,7.25,5.97,2.16,76.51,1.78,-0.65,0.54,0.557,0.125,500,0.31,FaintYellow
Emerald,2.94,Good,IF,64.13,68.76,7.72,7.02,2.19,64.21,3.64,-1.17,0.114,0.492,0.346,550,,FaintYellow
Ruby,0.7,Ideal,IF,56.52,62.87,6.95,9.38,5.97,61.38,2.12,-2.7,0.135,0.16,0.42,400,0.44,Red
Emerald,1.13,Premium,IF,59.35,66.41,4.25,8.89,2.23,71.92,3.36,-0.24,0.339,0.384,0.517,400,0.47,LightYellow
Ruby,4.99,Good,VVS2,55.57,54.6,6.3,4.3,4.47,65.33,1.62,2.34,0.271,0.592,0.107,700,0.5,White
Diamond,1.14,Fair,VVS1,58.73,52.05,5.26,5.53,6.18,76.13,4.84,-3.43,0.256,0.364,0.478,600,0.46,Red
Topaz,3.13,Ideal,VVS1,62.85,57.52,3.63,8.52,2.92,76.5,3.8,-1.36,0.328,0.147,0.171,650,0.66,Blue
Emerald,2.22,Fair,VVS1,59.07,57.9,5.71,8.12,3.99,74.47,2.02,-4.69,0.387,0.339,0.484,400,0.33,White
Sapphire,4.45,Good,VVS1,62.76,65.72,7.26,8.37,4.91,69.95,4.33,4.55,0.174,,0.177,550,0.44,LightYellow
Diamond,3.82,Good,VS2,61.89,58.13,3.71,4.12,4.53,78.46,4.83,2.61,0.525,0.358,0.251,450,0.4,
Ruby,3.07,Fair,VS2,60.17,54.73,4.15,6.22,3.64,71.71,,-1.74,0.272,0.472,0.126,500,0.39,Green
Diamond,0.25,Ideal,SI1,62.38,67.73,3.6,7.87,5.54,63.6,2.4,-3.26,0.346,0.349,0.287,650,0.39,White
Sapphire,4.42,,IF,63.79,65.65,3.01,5.84,,71.64,1.76,0.3,0.383,0.167,0.223,400,0.59,Green
Amethyst,2.33,Fair,SI2,62.93,63.35,9.56,6.95,3.74,71.52,3.47,-2.76,0.424,0.481,0.163,550,0.43,FaintYellow
Ruby,4.67,Fair,VS2,61.92,54.14,8.87,8.32,2.1,72.8,2,0.43,0.156,0.223,0.245,650,0.61,Blue
Topaz,2.58,Ideal,SI2,62.02,54.1,4.62,6.53,5.89,61.99,4.55,-0.93,0.522,0.107,0.104,550,0.53,Blue
Ruby,3.53,Very Good,SI2,56.61,59.83,7.04,7.27,6.5,73.77,2.09,0.55,0.132,0.174,0.539,550,0.45,Green
Ruby,0.53,Ideal,VVS1,64.51,60.62,8.61,5.4,5.34,68.07,1.42,0.38,0.209,0.425,0.324,600,0.48,Violet
Topaz,3.78,Fair,VVS1,57.06,55.12,5.57,5.56,6.37,72.21,4.96,-4.95,0.149,0.571,0.322,700,0.43,Red
Emerald,1.82,Premium,VS2,58.49,,8.17,4.31,4.23,78.42,2.55,2.01,0.482,0.48,0.429,500,0.4,Violet
Sapphire,1.89,Premium,VS1,60.18,57.26,9.08,9.94,4.62,66.77,3.62,0.87,0.457,0.261,0.183,700,0.51,Red
Emerald,0.77,Good,SI1,56.26,58.58,6.49,7.25,5.98,71.04,2.06,1.05,0.249,0.308,0.527,650,,White
Amethyst,0.9,Very Good,SI2,60.94,51.05,9.22,4.36,4.36,75.41,2,-2.27,0.491,0.388,0.147,400,0.4,White
Sapphire,1.09,Good,SI2,56.83,61.29,4.47,4.15,2.32,62.42,2.72,4.54,0.555,0.134,0.306,550,0.69,Green
Sapphire,1.78,Good,IF,64.23,50.04,9.31,4.6,5.32,67.09,4.39,-1.26,0.192,0.565,0.473,650,0.41,Red
Topaz,4.48,Premium,VVS2,63.89,53.02,8.64,8.02,2.63,62.72,3.25,-2.56,0.284,0.278,0.309,400,0.35,Blue
Topaz,1.97,Ideal,SI1,60.44,52.94,8.88,6.49,3.54,76.79,,-4.68,0.365,0.313,0.278,500,0.46,FaintYellow
Diamond,3.68,Good,IF,59.49,63.75,3.03,6.75,5.8,75.44,2.54,0.95,0.252,0.13,0.407,550,0.35,Blue
Emerald,0.6,Good,IF,56.03,59.72,7.65,7.87,3.25,66.33,1.99,3.34,0.432,0.177,0.525,400,0.67,Green
Amethyst,3.04,Very Good,IF,63.23,66.72,5.8,,6.21,60.59,4.04,-3.08,0.517,0.243,0.442,400,0.64,Green
Amethyst,2.51,Premium,SI1,,55.3,7.23,8.23,5.67,,1.06,1.81,0.465,0.224,0.181,550,0.4,Blue
Sapphire,4.89,Ideal,SI2,57.46,54.21,3.59,3.56,6.36,60.35,4.75,-4.96,0.572,0.253,0.411,650,0.37,Green
Sapphire,4.26,Very Good,SI1,64.95,66.06,4.66,8.83,2.47,65.84,4.08,0.95,0.294,0.258,0.584,400,0.47,Violet
Sapphire,2.38,Ideal,VS2,61.68,58.88,5.46,4.22,3.33,64.21,2.28,-4.29,0.191,0.465,0.36,500,0.5,Green
Diamond,3.92,Ideal,SI2,55.74,55.48,8.03,7.44,5.56,64.67,4.35,3.97,0.535,0.131,0.27,500,0.49,Green
Emerald,1.13,Good,IF,63.01,58.37,6.87,4.58,5.03,73.79,2.36,-2.14,0.594,0.308,0.41,450,0.59,Violet
Emerald,2.9,Very Good,VVS1,62.5,58.51,3.1,8.78,5.44,74.17,2.27,-0.1,0.324,0.164,0.132,650,0.64,Blue
Ruby,0.56,Good,IF,59.01,61.44,5.34,8.36,5.93,74.13,2.23,,0.195,0.495,0.476,600,0.37,Red
Topaz,1.87,Fair,VVS1,56.24,50.75,,4.23,3.23,76.4,2.61,0.79,0.244,0.596,0.258,650,0.53,
Topaz,1.28,Ideal,VS2,59.97,,4.26,6.85,6.38,75.87,4.31,-1.86,0.321,0.408,0.131,500,0.55,Red
Topaz,3.65,Very Good,VS2,62.63,59.34,4.66,8.05,5.42,72.54,2.04,4.25,0.17,0.415,0.448,600,0.41,Red
Sapphire,2.55,Premium,IF,55.76,60.85,5.15,4.18,6.27,64.54,3.48,-1.75,0.296,0.105,0.177,500,0.42,Green
Emerald,3.81,Good,SI1,56.63,53.18,4.88,4.02,2.49,67.07,1.66,0.23,0.448,0.345,0.169,450,0.56,Blue
Emerald,2.67,Fair,VVS1,61.19,53.87,3.85,5.63,4.51,68.23,4.96,-0.99,0.36,0.371,0.235,400,0.36,White
Emerald,0.62,,VVS1,60.6,64.55,5.19,9.43,5.67,74.14,1.89,-2.69,0.492,0.58,0.254,400,0.44,Green
Amethyst,3.73,Fair,VVS1,64.05,65.71,,3.47,2.4,70.73,4.33,4.9,0.153,0.131,0.328,700,0.39,White
Amethyst,,Good,VVS1,63.15,51.5,7.73,5.51,4.18,74.85,1.94,1.74,0.519,0.155,0.509,550,0.53,White
Sapphire,4.54,Premium,VVS2,64.19,69.8,7.5,8.64,5.59,63.18,2.79,0.12,0.267,0.289,0.56,550,0.65,LightYellow
Emerald,2.95,Very Good,VS2,59.66,58.66,4.14,5.41,2.22,64.65,2.04,1.48,0.277,0.312,0.112,700,0.42,LightYellow
Amethyst,3.82,Ideal,VVS1,62.88,61.72,7.3,3.39,5.23,61.14,3.95,0.1,0.396,0.385,0.256,450,0.41,Blue
Sapphire,3.81,Premium,VVS2,55.49,61.87,5.51,7.43,6.36,71.7,3.65,2.56,0.46,0.576,0.382,600,0.43,Violet
Amethyst,0.95,Good,VVS2,57.94,56.92,8.75,9.71,2.25,79.3,1.47,-2.85,0.177,0.405,0.299,550,0.65,Violet
Amethyst,0.99,Very Good,VS2,61.44,60.9,5.54,7.06,6.13,70.87,4.21,4.88,0.11,0.52,0.524,650,0.38,FaintYellow
Topaz,0.54,Ideal,VS1,62.64,61.67,9.84,8.7,3.89,64.41,4.6,-2.04,0.238,0.391,0.155,650,0.33,Green
Topaz,1.74,Very Good,IF,60.7,65.22,7.3,3.1,2.11,72.33,1.26,-1,0.264,0.338,0.487,400,0.31,FaintYellow
Emerald,2.47,Ideal,VS2,59.81,63.24,6,7.62,3.57,73.6,1.39,4.69,0.176,0.549,0.396,550,0.59,LightYellow
Ruby,4.99,Ideal,VS1,57.33,58.93,6.52,4.06,3.37,71.56,1.24,-2.44,0.484,0.113,0.323,700,0.42,Violet
Ruby,2.27,Fair,SI1,56.74,53.83,4.23,7.89,3.12,67.44,2.04,-3.31,0.428,0.419,0.403,400,0.65,FaintYellow
Emerald,3.69,Good,IF,63.75,50.5,7.76,6.99,5.73,76.59,4.75,1.25,0.202,0.505,0.586,650,0.55,FaintYellow
Diamond,3.53,Premium,IF,56.42,63.04,9.74,4.55,4.04,69.83,1.76,4.65,0.178,0.224,0.138,700,0.32,White
Diamond,1.18,,IF,59.35,59.55,6.6,7.1,3.39,79.78,4.85,4.93,,0.128,0.258,650,0.57,Blue
Topaz,0.48,Fair,VVS2,63.88,69.31,9.95,7.73,3.4,64.87,2.21,-2.62,0.528,0.153,0.392,700,0.3,White
Diamond,2.82,Very Good,VVS1,56.48,51.97,4.05,9.31,6.46,,4.1,,0.288,0.495,0.423,700,0.5,FaintYellow
Amethyst,3.56,Ideal,IF,56.28,51.45,7.46,9.22,4.78,61.5,3.37,2.88,0.415,0.19,0.147,600,0.51,Red
Emerald,4.99,Ideal,SI2,61.93,53.63,7.75,9.55,2.19,67.98,1.89,-3.45,0.212,,0.19,450,0.37,FaintYellow
Emerald,1.92,Very Good,VVS1,58.32,57.54,5.18,8.89,6,64.97,4.45,-1.75,0.553,0.331,0.144,700,0.42,FaintYellow
Sapphire,4.5,Good,IF,59.36,53.5,,6.79,5.27,76.66,1.18,0.53,0.508,0.237,0.385,450,0.45,LightYellow
Ruby,2.03,Ideal,VVS2,61.26,59.28,9.62,8.94,2.95,70.4,1.04,-2.58,0.516,0.572,0.544,600,0.33,Green
Diamond,3.51,Fair,SI1,58.79,56.79,7.28,8.06,2.51,61.2,2.74,-4.75,0.105,0.276,0.572,400,0.41,FaintYellow
Topaz,3.07,Fair,IF,63,,8.47,8.17,3.7,67.15,2.68,-4.81,,0.151,0.277,550,0.44,Red
Sapphire,0.45,Ideal,VS2,64.69,69.33,8.08,4.08,2.94,73.91,3.63,4.71,0.113,0.231,0.238,650,0.65,White
Topaz,0.58,Ideal,SI2,64.33,57.3,7.28,4.26,5.16,69.72,1.13,-0.15,0.524,0.199,0.119,400,0.58,White
Sapphire,0.3,Good,VS1,60.45,65.84,3.34,4.26,2.78,67.04,3.73,4.72,0.186,0.292,0.307,650,0.64,Violet
Diamond,1.98,Ideal,IF,58.55,54.83,7.64,4.46,4.36,63.1,3.18,-1.21,0.462,0.232,0.105,,0.43,Red
Emerald,3.78,Good,SI2,59.34,51.15,5.41,5.93,4.87,73.31,2.31,3.19,0.224,0.577,0.524,500,0.69,Green
Topaz,1.03,Fair,VS1,58.3,50.81,6.28,5.21,5.01,63.56,2.91,-3.6,0.517,0.552,0.343,,0.5,Blue
Amethyst,3.11,Good,VS1,59.42,50.58,8.96,3.34,5.45,77.41,1.26,-4.45,0.257,0.451,0.587,550,0.37,FaintYellow
,1.59,Ideal,SI2,55.13,64.72,9.78,8.07,4.26,79.79,2.78,-1.49,0.12,0.555,0.222,400,0.51,LightYellow
Diamond,4.03,Premium,VVS2,55.55,56.84,7.86,5.82,2.95,71.05,3.19,-4.6,0.124,0.422,0.349,500,0.59,Violet
Emerald,4.03,Ideal,SI1,62.71,66.48,4.62,3.55,3.53,62.34,3.58,-0.13,0.529,0.486,0.506,550,0.66,Blue
Topaz,3.92,Premium,VS1,58.35,67.48,5.22,8.52,3.71,73.71,1.04,1.39,0.547,0.511,0.21,500,0.38,Blue
Sapphire,2.72,Fair,VVS2,62.94,56.11,3.97,3.14,5.09,62.66,4.07,-3.82,0.473,0.175,0.308,700,0.46,Red
Sapphire,1.57,Very Good,SI1,59.8,55.78,7.06,6.92,4.82,78.04,2.2,-0.77,0.586,0.426,0.533,500,0.51,LightYellow
Sapphire,4.09,Fair,IF,63.06,56.16,,8.3,4.23,71.72,2.43,4.11,0.557,0.366,0.442,600,0.67,Red
Emerald,1.09,Fair,VVS1,61.64,59.51,8.68,5.61,4.13,76.01,4,0.66,0.459,0.532,0.425,700,0.39,Green
Emerald,1.59,,VVS2,57.01,50.32,6.81,7.02,2.27,72.5,4.93,-0.05,0.106,0.409,0.387,550,0.63,FaintYellow
,1.08,Good,VS1,59.48,50.22,9.59,,5.1,70.52,3.18,1.44,0.194,0.43,0.363,700,0.31,Blue
Ruby,3.44,Fair,VS1,62.04,,9.28,4.66,5.62,70.5,1.43,3.87,0.209,0.387,0.338,550,0.57,Green
Ruby,3.49,Very Good,IF,58.31,66.16,5.53,7.65,6,74.79,3.53,3.04,0.24,0.236,0.154,700,0.44,Red
Amethyst,3.33,Ideal,SI2,56.93,54.08,6.85,,2.09,78.05,5,-2.46,0.235,0.38,0.284,700,0.6,LightYellow
Diamond,2.19,Premium,VVS2,60.4,61.88,5.07,3.8,5.94,64.38,1.01,-4.66,0.195,0.591,0.347,500,0.32,White
Topaz,0.68,Fair,IF,57.74,54.32,,9.76,5.94,62.28,1.21,-2.04,0.343,0.416,0.584,500,0.69,Red
Diamond,4.57,Premium,VVS2,60.94,64.68,6.16,5.76,4.98,61.13,2.78,4.01,0.58,0.533,0.266,400,0.54,FaintYellow
Diamond,2.64,Fair,VVS1,57.72,58.41,8.25,9.47,3.25,77.33,1.06,-0.59,0.123,0.358,0.207,650,0.31,Red
Amethyst,,Good,VS2,64.07,66.46,7.44,6.78,6.02,62.45,2.32,2.5,0.185,0.316,0.113,500,0.33,White
Ruby,3.03,Premium,IF,58.44,,9.49,7.51,3.56,72.57,1.86,,0.282,0.24,0.334,,0.49,Blue
Diamond,1.13,Fair,VS1,64.07,61.11,,4.23,4.61,66.27,3.39,1.18,0.405,0.589,0.208,550,0.58,Violet
Amethyst,0.84,Fair,IF,57.79,68.01,3.99,9.19,3.98,71.27,1.87,-3.13,0.167,0.576,0.418,500,0.54,FaintYellow
Diamond,2.15,Very Good,SI2,61.04,50.68,4.87,3.61,5.99,61.7,2.19,0.19,0.38,0.534,0.38,500,0.36,FaintYellow
Diamond,1.29,Very Good,VVS2,56.3,59.25,3.88,9.91,3.16,71.61,4.75,-0.28,0.167,0.526,0.381,500,0.57,Violet
Emerald,1.37,Very Good,,62.78,60.07,8.56,5.74,3.49,77.56,3.61,1.4,0.202,0.342,0.327,500,0.62,White
Sapphire,4.48,Good,VVS1,57,58.32,9.65,4.15,3.84,65.32,4.11,3.37,0.109,0.42,0.449,550,0.68,White
Ruby,2.75,Premium,VVS2,63.64,56.3,4.58,7.24,5.85,66.43,3.14,-4.67,0.58,0.129,0.408,550,0.63,Green
Amethyst,2.52,Good,SI2,59.52,64.46,8.36,9.06,3.43,64.36,1.43,-1.74,0.231,0.116,0.488,450,0.35,Violet
Amethyst,3.51,Ideal,SI2,55.95,61.05,6.06,5.78,3.3,62.6,2.77,2.52,0.406,0.255,0.465,400,0.45,Violet
Ruby,4.77,Fair,SI1,58.64,51.65,5.49,3.06,5.58,61.45,1.85,3.23,0.224,0.406,0.158,400,0.56,Green
Sapphire,0.74,Fair,SI2,62.8,69.01,9.91,9.11,3.74,73.4,2.05,-3.2,0.563,0.466,0.587,500,0.68,FaintYellow
Ruby,4.2,Fair,VS1,55.76,67.75,5.42,7.07,4.99,66.93,4.37,-1.45,0.123,0.301,0.211,400,0.32,Green
Ruby,3,,VS1,61.26,57.07,7.63,3.65,5.94,69.16,4.58,0.01,0.347,0.489,0.475,550,0.67,Green
Sapphire,0.9,Fair,VVS2,60.07,54.92,7.99,9.34,3.02,66.43,1.9,0.81,0.263,0.521,0.491,500,0.52,Blue
Amethyst,1.63,Very Good,SI1,58.1,62.57,8.41,8.41,4.09,74.89,2.77,-1.05,0.283,0.269,0.378,550,0.57,Violet
Topaz,2.52,Ideal,VVS1,62.56,50.87,9.03,6.73,4.19,73.65,4.88,2.13,0.15,0.586,0.155,700,0.36,Blue
Sapphire,3.52,Good,SI2,55.52,59.92,6.96,6.13,4.56,73.31,3.45,-0.46,0.296,0.239,0.181,450,0.51,Blue
Diamond,1.36,Good,IF,59.98,63.45,7.23,7.94,6.13,75.32,4.23,-1.68,0.467,0.401,0.572,700,0.51,Red
Ruby,2.77,Good,VS2,60.07,58.13,7.98,5.54,6.41,71.66,3.16,-0.75,0.442,0.199,0.335,600,0.44,Red
Sapphire,3.49,Very Good,VS1,55.86,69.45,4.04,7.58,5.61,61.94,2.95,-3.31,0.559,0.435,0.282,450,0.41,White
Ruby,2.35,Premium,VVS1,56.36,64.38,4.4,4.06,2.13,68.46,3.9,-3.55,0.13,0.122,,650,0.59,Blue
Ruby,4.34,Premium,,59.1,68.68,8.35,4,2.53,66.34,2.28,1.23,0.552,0.417,0.209,700,0.64,
Amethyst,4.37,Ideal,VVS1,60.37,68.16,3.94,5.18,2.53,66.85,3.57,-0.89,0.326,0.582,0.37,500,0.48,Green
Topaz,2.46,Premium,VVS1,55.53,52.63,7.82,9.2,4.39,63.92,3.07,4.42,0.31,0.278,0.362,700,0.55,LightYellow
Emerald,4.87,Ideal,IF,55.12,63.37,3.23,8.95,2.19,63.22,3.91,-1.61,0.315,0.504,0.116,700,0.67,Red
Sapphire,0.56,Fair,VVS1,56.93,61.93,5.36,6.44,4.3,69.33,1.55,1.43,0.447,0.21,0.37,400,0.68,Green
Ruby,0.22,Good,,59.88,51.1,7.64,7.1,5.38,79.42,3.7,2,0.324,0.393,0.345,400,0.66,Green
Sapphire,2.03,Very Good,VVS2,55.4,56.36,7.95,7.39,3.36,60.45,3.55,2.88,0.589,0.186,,400,0.68,Red
Sapphire,3.09,Ideal,VVS2,62.33,60.69,7.41,5.61,4.11,65.65,4.61,-1.34,0.44,0.53,0.502,550,0.47,Violet
Amethyst,3.22,Very Good,VVS1,56.52,60.96,6.09,7.91,2.43,79.31,2.5,-0.15,0.403,0.149,0.54,550,0.6,Red
Topaz,2.49,Very Good,VVS1,62.73,66.28,4.78,7.26,2.31,67.13,4.42,2.82,0.179,0.494,0.179,500,0.51,Red
Amethyst,0.8,Good,VVS2,57.05,61.75,7.29,5.48,4.4,73.09,1.14,3.69,0.219,0.467,0.184,600,0.6,LightYellow
Sapphire,1.02,Fair,IF,58.47,59.33,4.29,4.99,2.05,65.35,2.13,-2.15,0.44,0.543,0.547,650,0.63,Blue
Ruby,4.29,Fair,VVS2,59.79,65.04,3.42,9.87,5.17,70.84,1.37,-2.58,0.289,0.341,0.131,650,0.55,LightYellow
Topaz,4.37,Premium,SI2,58.47,61.42,,4.99,2.64,63.47,,-1.6,0.483,0.556,0.443,650,0.31,Green
Diamond,3.43,Fair,VVS2,55.24,67.68,4.87,4.22,6.02,70.77,2.35,0.9,0.314,0.349,0.399,650,0.61,White
Sapphire,3.39,Good,VVS2,64.09,68.11,3.21,8.84,5.83,69.59,3.48,3.33,0.536,0.326,0.433,550,0.7,FaintYellow
Topaz,3.07,Very Good,VVS2,57.86,62.09,4.74,8.68,3.02,76.7,1.26,1.44,0.398,0.159,0.589,550,0.59,White
Emerald,1.17,Ideal,VS2,56.36,61.29,5.03,4.67,3.06,76.08,1.84,-2.98,0.522,0.544,0.263,550,0.31,White
Emerald,2.26,Ideal,VS1,,64.03,,8.94,2.17,63.65,3.91,-4.48,0.54,0.523,0.447,600,0.61,Red
Diamond,3.54,Fair,SI2,64.75,64.51,7.99,9.38,6.43,78.81,3.75,0.56,0.265,0.164,0.545,500,0.53,LightYellow
Ruby,2.78,Premium,SI2,56.23,64.54,6.09,5.32,2.25,67.79,3.31,2.63,0.297,0.199,0.521,450,0.64,LightYellow
Ruby,0.29,Ideal,IF,58.47,62.41,9.9,5.3,4.16,61.01,3.82,0.05,0.462,,0.383,700,0.37,Red
Topaz,4.78,Premium,SI1,55.68,65.26,9.63,3.92,5.82,61.53,3.89,-1.33,0.161,0.203,0.498,400,0.64,White
Topaz,4.26,Ideal,IF,62.35,52.88,9.87,7.28,2.72,68.37,1.84,-3.02,0.172,0.372,0.339,650,0.68,Red
Emerald,1.45,Premium,SI2,60.97,66.43,5.89,7.86,5.47,77.75,3.13,0.75,0.511,0.182,0.2,550,0.49,LightYellow
Sapphire,3.16,Premium,VVS1,60.34,56.21,3.31,3.51,2.76,63.13,3.87,1.12,0.106,0.537,0.171,600,0.48,White
Sapphire,4.63,Very Good,VS2,63.56,67.71,9.02,4.46,3.37,,3.68,3.34,0.119,0.529,0.249,400,0.59,Green
Sapphire,0.66,Good,VVS1,60.73,52.64,6.04,4.89,3.15,70.78,2.88,2.39,0.388,0.338,0.131,600,0.43,Red
Sapphire,2.61,Ideal,IF,64.56,50.07,7.49,6.12,2.21,77.82,2.72,0.15,0.581,0.376,0.237,,0.63,Violet
Amethyst,2.39,Fair,IF,61.23,50.31,8.9,8.77,2.55,60.25,2.02,3.1,0.566,0.23,0.244,450,0.64,Violet
Amethyst,2.17,Good,SI1,58.54,54.2,7.25,4.57,5.04,77.8,2.54,-3.87,0.321,0.449,0.4,400,0.55,White
Diamond,4.21,,SI1,55.37,52.28,8.16,8.65,2.39,65.4,3.65,-2.61,0.5,0.406,0.523,550,0.51,
Diamond,2.03,Very Good,VVS1,62.25,61.08,4.74,9.23,6.39,77.43,2.59,2.53,0.448,0.559,0.41,650,0.64,Green
Emerald,0.51,Very Good,VS1,58.74,,4.37,4.4,3.17,68.48,3.29,-0.78,0.502,0.118,0.534,650,0.37,FaintYellow
Ruby,0.52,Fair,VVS1,60.99,62.12,6.89,9.95,2.49,66.55,4.78,0.74,0.221,0.346,0.287,600,0.35,White
Topaz,0.41,Ideal,VS1,63.76,53.85,7.47,6.62,3.68,79.8,1.19,3.63,0.263,0.406,0.115,700,0.31,Blue
Topaz,2.16,Ideal,VS1,55.08,65.08,9.1,6.86,3.24,75.65,4.02,4.28,0.488,0.391,0.126,550,0.3,Red
Sapphire,3.65,Premium,VVS2,62.6,62.21,8.75,7.31,2.35,69.7,3.91,4.28,0.237,0.509,0.572,450,0.57,Blue
Amethyst,1.18,Premium,IF,,54.42,9.92,8.62,4.95,67.47,3.02,-1.45,0.479,0.369,0.197,400,0.39,Blue
Sapphire,3.3,Premium,VVS2,56.24,57.98,9.76,7.57,5.5,66.39,1.59,1.19,0.476,0.114,0.243,550,0.64,Green
Diamond,,Fair,IF,60.82,64.36,7.36,8.14,2.01,73.83,2.43,,0.482,0.596,0.137,650,0.46,White
Topaz,1.42,Good,VVS2,60.33,63.61,6.52,6.08,4.57,68.33,2.24,-2.14,0.318,0.496,0.583,600,0.55,LightYellow
Emerald,3.08,Ideal,VS1,63.42,61.25,8.32,7.13,4.91,73,3.85,-0.42,0.196,0.143,0.568,700,0.57,Green
Sapphire,3.49,Premium,VVS2,60.22,69.58,4.83,4.73,6.43,68.31,3.01,-0.83,0.148,0.575,0.357,400,,Violet
Amethyst,2.44,Fair,VS2,63.27,52.64,5.47,5.54,4.97,67.43,2.4,1.83,0.197,0.42,0.315,500,0.35,White
Topaz,1.82,Fair,VVS2,60.44,59.77,8.37,7.42,3.34,66.63,3.57,0.98,0.345,0.296,0.174,450,0.45,White
Ruby,3.17,Premium,SI1,59.47,62.48,9.65,3.29,5.01,78.38,2.03,4.08,0.231,0.204,0.515,450,0.32,Violet
Emerald,4.89,Very Good,SI1,58.71,69.88,9.27,7.05,3.25,75.33,3.57,-2.5,0.529,0.518,0.334,400,0.37,Violet
Diamond,2.25,Very Good,VVS2,56.74,60.85,3.51,6.86,2.63,73.1,4.9,1,0.467,0.15,0.55,650,0.45,White
Emerald,2.08,Very Good,VVS2,60.84,58.85,4.62,4.31,5.34,73.31,1.83,2,0.47,0.444,,600,0.59,FaintYellow
Diamond,2.43,Premium,VS2,60.44,68.45,4.91,9.53,4.18,63.64,1.39,-4.41,0.248,0.381,0.118,450,0.51,FaintYellow
Sapphire,0.57,Fair,IF,64.76,60.13,5.68,3.59,6.28,78.71,4.72,1.36,0.335,0.53,,400,0.58,Red
Emerald,2.86,Fair,VVS2,59.12,68.78,3.5,3.36,2.28,62.11,2.44,0.94,,0.291,0.55,500,0.52,White
Emerald,1.78,Ideal,IF,59.22,65.01,4.62,9.03,4.16,64.48,3.66,-1.81,0.322,0.169,0.387,400,0.31,Red
Ruby,0.78,Very Good,SI1,56.64,53.36,8.01,8.88,3.13,60.48,2.39,4.85,0.497,0.181,0.537,400,0.5,Red
Amethyst,2.44,Premium,VVS1,60.98,53.35,4.71,5.77,4.27,67.38,4.32,-0.93,0.395,0.409,0.123,700,0.35,Violet
Diamond,0.22,Ideal,VS1,63.48,56.36,9.6,9.83,2.19,66.15,2.96,-3.26,0.399,0.313,0.557,400,0.64,Violet
,2.13,Fair,VVS1,57.48,51.35,5.96,9.83,2.18,76.84,2.25,0.54,0.129,0.296,0.346,500,0.54,Blue
Emerald,0.71,Ideal,VS2,55.09,60.85,3.7,3.87,4.41,73.34,4.27,-1.41,0.497,0.509,0.265,,0.55,FaintYellow
Emerald,0.32,Very Good,VS2,61.91,67.19,8.9,6.36,3.59,75.86,2.04,-2.68,0.162,0.182,0.123,400,,FaintYellow
Diamond,4.16,Good,IF,55.31,58,9.41,3.37,2.1,62.97,3.9,-1.64,0.2,0.5,0.513,600,0.48,Blue
Ruby,4.6,Very Good,IF,59.09,62.97,9.5,5.5,4.74,71.42,2.31,2.34,0.159,0.43,0.357,400,0.41,LightYellow
Diamond,1.2,Very Good,SI2,61.13,69.63,6.46,3.5,4,69.8,2.79,-2.01,0.518,0.57,0.33,450,0.37,Violet
Amethyst,2.79,Premium,SI2,58.86,53.87,9.44,4.13,6.4,68.53,3.51,0.76,,0.414,0.428,600,0.49,Green
Emerald,1.53,Good,VVS2,57.61,57.16,7.96,9.25,5.75,79.87,3.62,-5,0.589,0.269,0.233,600,0.52,LightYellow
Amethyst,2.57,Good,SI2,62.99,50.5,,8.91,,68.93,2.87,-3.86,0.183,0.188,0.574,500,0.48,Red
Emerald,2.3,Good,VVS1,58.01,54.64,6.73,9.01,4.16,62.14,1.58,2.46,0.525,0.109,0.197,650,0.56,FaintYellow
Amethyst,1.49,Fair,IF,56.8,65.59,6.03,3.23,4.18,60.66,4.01,-2.94,0.391,0.561,0.588,450,0.54,Blue
Emerald,3.56,Ideal,SI1,58.88,63.13,6.16,6.98,6.23,75.96,4.54,2.93,0.551,0.338,0.431,600,0.43,Blue
,0.81,Fair,IF,56.32,65.68,5.89,8.42,5.29,60.19,4.67,-2.24,0.246,0.103,0.547,700,0.36,Green
,0.45,Good,SI2,61.9,58.51,4.23,7.84,2.41,78.36,1.39,-2.91,0.239,0.56,0.489,650,0.39,White
Topaz,3.88,Premium,SI1,62.1,64.71,5.73,6.5,3.96,64.17,3.87,1.88,0.503,0.596,0.243,500,0.41,Blue
,3.4,Very Good,IF,55.15,61.99,6.58,3.85,3.88,77.63,1.83,-4.01,0.224,0.58,0.5,,0.59,FaintYellow
Topaz,2.59,Very Good,SI2,61.95,56.57,5,8.42,2.51,75.88,1.41,-1.37,0.136,0.141,0.141,600,0.67,Violet
Amethyst,2.45,Fair,VS1,57.99,58.25,4.24,9.23,5.81,64.21,1.28,-4.25,0.32,0.233,0.15,700,0.36,FaintYellow
Sapphire,2.59,Fair,IF,61.56,60.83,4.39,4.88,3.27,76.73,1.02,-2.98,0.402,0.171,0.374,400,0.44,FaintYellow
Sapphire,2.3,Premium,VS1,62.06,69.13,4.35,6.78,3.68,66.42,4.69,-3.43,0.453,0.159,0.593,700,0.31,Green
Emerald,2.09,Very Good,,57.78,68.63,6.13,6.43,6.41,64.17,3.42,3.08,0.171,0.453,0.433,450,0.37,Red
Emerald,2.6,Fair,VVS2,56.85,69.73,4.46,8.13,5.07,64.29,3.41,0.79,,0.251,0.172,600,0.43,Red
Sapphire,2.74,Ideal,VVS1,63.26,,8.02,9.48,5.63,77.47,4.25,3.2,0.267,0.197,0.547,700,0.4,Violet
Sapphire,3.52,Fair,IF,62.39,64.34,5.35,6.17,2.47,60.29,4.45,4.93,0.324,0.485,0.44,700,0.58,Violet
Diamond,3.61,Fair,VS1,63.37,67.89,9.58,6.24,4.43,74.8,1.02,0.55,0.148,0.507,0.551,450,0.33,Red
Emerald,2.01,Good,SI2,59.36,64.79,3.44,4.58,5.22,76.05,4.02,4.6,0.47,0.532,0.468,500,0.59,White
Amethyst,2.18,Ideal,IF,59.56,58.33,5.17,4.25,5.66,67.41,2.56,-4.03,0.421,0.492,0.131,400,0.53,Green
Diamond,1.99,Ideal,IF,58.44,64.5,8.17,3.27,5.98,74.12,2.31,-3.84,0.365,0.411,0.31,650,0.5,FaintYellow
Diamond,2.78,Premium,VS1,59.99,58.88,7.79,8.72,2.4,78.1,3.98,-0.01,0.19,0.113,0.223,650,0.5,Red
Topaz,2.38,Good,IF,61.47,64.28,5.94,5.82,5.33,70.87,2.72,-3.74,0.186,0.253,0.276,700,0.52,Green
Ruby,4.47,Ideal,,63.15,65.61,9.09,3.51,2.44,73.06,4.94,4.15,,0.483,0.26,500,0.64,White
Emerald,3.54,Good,SI1,56.83,66.86,3.5,6.86,3.82,74.01,4.37,0.04,0.494,0.223,0.574,400,0.5,Violet
Amethyst,4.51,Good,SI1,59.05,64.56,6.56,5.35,4.01,79.23,1.77,3.78,0.28,0.564,0.176,600,0.57,Blue
Emerald,3.6,Very Good,SI1,59.61,53.2,4.4,9.8,3.29,68.4,,-2.81,0.287,0.552,,700,0.33,Blue
Emerald,4.86,Ideal,,59.88,68.73,5.62,6.13,5.88,71.18,3.82,1.54,0.278,0.428,0.562,700,0.52,Violet
Ruby,3.25,Very Good,SI1,60.42,54.27,7.89,3.72,4.64,69.34,2.33,-2.3,0.164,0.539,0.163,600,0.51,Red
Topaz,4.83,Fair,VS2,63.02,57.15,3.69,7.47,2.63,66.31,1.67,0.6,0.526,0.366,0.196,650,0.69,White
Emerald,0.96,Fair,VVS2,63.86,58.58,3.31,8.55,3.68,78.86,2.76,3.68,0.384,0.146,0.483,400,0.41,LightYellow
Diamond,0.45,Very Good,IF,56.59,64.25,5.95,7.07,2.35,69.79,1.5,-2.14,0.597,0.546,0.331,550,0.31,Blue
Diamond,2.98,Fair,VS1,62.13,64.02,4.9,8.42,4.23,78.61,,-0.29,0.359,0.161,0.106,650,0.67,Red
Sapphire,4.92,Very Good,VVS1,59.79,69.23,8.04,5.1,3.6,79.82,3.88,0.14,0.445,0.508,0.345,500,0.51,White
Emerald,2.2,Premium,IF,59.18,53.77,3.46,6.72,3.45,77.14,2.62,1.17,0.505,0.56,0.315,550,0.36,Green
Diamond,1.22,Good,VS2,56.13,59.01,9.77,8.79,5.79,63.3,2.76,2.99,0.508,0.337,0.471,550,0.34,LightYellow
Emerald,2.7,Premium,VS2,55.64,54.07,7.35,3.53,5.82,60.77,3.52,-3.78,0.319,0.263,0.246,550,0.69,Blue
Ruby,3.31,Ideal,VS1,,63.45,6.51,4.82,5.06,70.83,2.53,0.36,0.29,0.462,0.127,650,0.45,Green
,1.71,Premium,IF,61.42,54.26,5.89,7.39,6.14,70.76,2.78,-3.58,0.174,0.229,0.232,450,0.52,LightYellow
Ruby,3.63,Premium,SI1,59.52,67.36,8.24,6.54,4.95,72.1,4.02,-3.19,0.485,0.131,0.591,650,0.42,Green
Amethyst,4.88,Fair,IF,62.62,69.65,5.49,8.39,4.79,61.14,3.1,-0.08,0.413,0.105,0.275,450,0.31,LightYellow
Amethyst,4.51,Very Good,IF,55.91,56.34,8.44,4.25,2.42,65.79,4.34,-4.17,,0.17,0.448,650,0.61,Blue
Emerald,1.6,Ideal,VS2,61.07,64.79,7.97,8.93,2.05,,3.64,-4.13,0.348,0.416,0.229,700,,FaintYellow
Topaz,1.77,Fair,IF,61.61,60.66,6.86,7.33,2.94,70.29,2.85,-3.21,0.385,0.387,0.174,700,0.55,Red
Amethyst,,Ideal,SI1,59.52,57.19,9.22,4.42,5.54,78.93,4.65,-0.28,0.533,0.394,0.468,400,0.57,Green
Topaz,2.09,Good,IF,57.53,53.82,5.42,3.4,6.18,79.31,2.67,-3.17,0.143,0.2,0.516,650,0.36,Violet
Topaz,0.68,Very Good,,64.55,64.38,3.4,9.87,,77.79,4.83,-1.21,0.181,0.389,0.585,400,0.45,Green
Ruby,3.86,Fair,SI2,58.01,53.17,5.63,6.11,,65.01,4.54,3.69,0.367,0.385,0.277,500,0.49,LightYellow
Emerald,1.95,Premium,IF,56.25,55.61,9.13,4.87,5.76,72.82,2.24,4.27,0.123,0.585,0.332,600,0.6,LightYellow
Emerald,4.42,Good,IF,61.3,68.39,3.54,4.26,3.71,65.48,1.09,0.53,0.292,0.286,0.406,400,0.55,White
Ruby,4.65,Premium,SI1,60.74,60.17,8.34,4.71,6.4,79.01,2.13,4.88,0.108,0.422,0.505,500,0.47,Blue
Sapphire,0.32,Ideal,SI2,62.55,67.08,8.78,6.43,6.32,70.12,2.85,2.05,0.229,0.511,0.552,600,0.46,FaintYellow
Sapphire,4.94,Good,SI1,62.54,65.35,6,8.97,3.5,76.57,4.59,-3.65,0.181,0.306,0.503,700,0.61,Green
Diamond,,Fair,,61.2,57.52,4.36,4.46,4.52,67.86,1.8,2.39,0.243,0.231,0.143,650,0.52,FaintYellow
Diamond,2.7,Premium,VS2,57.08,54.36,5.49,5.58,5.06,67.63,4.83,1.65,0.484,0.514,0.255,650,0.69,White
Topaz,2.07,Premium,VVS2,63.87,52,5.79,8.58,4.88,60.67,4.92,3.65,0.274,0.284,0.372,450,0.31,White
Ruby,2.69,Ideal,SI2,57.48,69.21,9.53,7.65,6.39,69.19,2.9,0.01,0.546,0.546,0.275,650,0.61,White
Ruby,1.76,Ideal,VS1,55.94,56.49,,3.2,3.62,72.87,1.59,0.88,0.238,0.567,0.554,500,0.36,LightYellow
Ruby,3.19,Very Good,SI1,58.01,63.46,9.81,4.75,5.27,62.6,4.03,-1.05,0.164,0.22,0.366,650,0.65,Violet
Emerald,0.65,Very Good,IF,59.83,64.61,3.76,3.89,4.61,,2.39,-4.83,0.13,0.485,0.175,550,0.41,White
Diamond,3.18,Ideal,,57.07,53.95,9.82,3.29,4.34,79.43,2.32,1.02,0.596,0.23,0.43,700,0.4,FaintYellow
Sapphire,1.52,Very Good,VVS1,58.34,63.88,4.56,9.63,2.67,74.63,1.4,4.49,0.148,0.282,0.304,700,0.51,Blue
Ruby,0.28,Premium,VVS2,60.14,50.19,4.17,7.35,5.39,78.17,4.9,,0.281,0.543,0.513,550,0.48,Blue
Ruby,2.85,Ideal,VS1,58.23,58.36,3.84,6.79,3.79,69.52,4.58,-3.28,0.524,0.25,0.528,550,0.43,LightYellow
Diamond,2.98,Good,VS2,55.89,57.01,5.21,9.02,2.58,63.58,2.18,-0.89,0.213,0.184,0.496,450,0.43,Blue
Topaz,2.25,Ideal,VS1,56.97,68.66,7.32,7.14,2.05,63.33,1.26,3.44,0.132,0.209,0.121,600,0.41,Blue
Emerald,0.55,Fair,VS2,62.94,69.72,7.66,7.04,2.67,70.83,2.94,0.87,0.371,0.374,,700,0.47,Red
Diamond,4.49,Fair,VS2,,55.76,5.59,4.41,5.11,74.31,1.7,0.1,0.117,0.384,0.477,650,0.56,FaintYellow
Topaz,3.13,Ideal,SI1,56.48,62.2,4.62,7.34,5.37,78.32,2.97,3.65,0.46,0.579,0.342,500,0.48,LightYellow
Topaz,0.76,Good,VS2,61.81,64.9,9.97,7.68,2.21,68.14,4.1,-2.99,0.4,0.166,0.48,700,0.48,Red
Topaz,2.65,Ideal,VVS1,64.06,53.82,4.89,9.17,2.7,66.51,2.5,4.54,0.216,0.586,0.317,700,0.67,Violet
Emerald,2.59,Good,VVS2,57.99,63.73,5.65,5.98,6.5,78.7,3.31,4.63,0.346,0.572,0.24,550,0.67,Red
Diamond,0.49,Premium,VS1,63.29,55.15,6.37,4.43,3.86,69.07,3.2,3.14,0.103,0.377,0.177,550,0.48,Violet
Diamond,3.11,Premium,VS1,64.05,53.38,8.18,6.98,6.03,70.41,2.61,-2.05,0.371,0.294,0.404,450,0.39,
Diamond,4.08,Good,VS2,57.99,67.01,4.06,9.81,3.83,68.98,4.87,-1.25,0.487,0.216,0.375,600,0.36,FaintYellow
Topaz,3.8,Very Good,SI1,55.57,60.05,4.86,3.53,4.38,75.36,2.36,-0.97,0.129,0.507,0.231,700,0.66,LightYellow
Emerald,1.17,Premium,VVS1,,55.94,9.98,3.02,5.94,61.42,1.14,-3.29,0.213,0.535,0.231,600,0.49,Red
Emerald,4.34,Fair,VVS1,58.3,58.09,8.78,3.25,6.45,76.73,4.38,-4.54,0.412,0.576,0.421,700,0.6,LightYellow
Emerald,1.84,Ideal,IF,55.14,58.26,6.11,8.82,2.32,67.84,4.72,-4.35,0.124,0.555,0.149,600,0.53,FaintYellow
Topaz,4.74,Very Good,VVS1,59.75,65.4,3.76,,4.85,79.32,2.94,1.16,0.508,0.536,0.572,600,0.39,Violet
Amethyst,0.54,Fair,,56.16,67.74,9.07,4.55,4.11,66.01,1.33,4.68,,0.516,0.403,600,0.41,Red
Topaz,2.53,Ideal,VS2,64.02,59.51,8.48,9.87,4.43,69.41,1.36,-4.16,0.206,0.455,0.377,450,0.66,Violet
Ruby,3.07,Fair,SI2,56.55,56.46,7.06,8.22,2.91,68.45,3.27,1.39,0.526,0.223,0.154,650,0.48,Green
Ruby,1.39,Very Good,VVS2,58.04,64.55,5.83,4.53,6.02,76.03,1.48,-3.8,0.427,0.207,0.139,400,0.52,Red
Topaz,3.9,Good,VS2,62.9,68.11,9.55,4.55,3.29,73.43,1.78,0.77,0.549,0.161,0.245,700,0.42,Violet
Amethyst,3.21,Ideal,VVS2,63.06,52.28,5.07,6.21,2.63,72.94,4.12,-0.57,0.295,0.182,0.528,600,0.49,White
Ruby,0.29,Fair,VVS1,64.01,65.94,5.25,3.53,5.19,74.29,1.89,-4.65,0.59,0.335,0.497,600,0.62,FaintYellow
Emerald,3.12,Fair,IF,59.97,61.14,9.13,7.57,6.41,79.18,2.54,-1.43,0.577,0.279,0.383,550,0.63,Red
Amethyst,2.56,Very Good,SI2,64.87,,7.38,6.48,3.08,,2.49,2.86,0.385,0.45,0.465,450,0.54,Violet
Ruby,1.14,Very Good,SI1,60.16,60.28,9.66,5.93,4.11,73.03,2.76,-3.04,0.464,0.191,0.596,700,0.45,Green
Ruby,4.98,Very Good,VS1,62.91,67.25,7.52,6.43,2.29,73.68,2.68,0.18,0.286,0.369,0.194,600,0.31,Violet
Sapphire,4.51,Good,VS2,58.62,61.09,3.23,4.9,3.5,77.14,3.09,-2.44,0.129,0.466,0.473,550,0.46,Green
Ruby,1.6,Premium,VVS1,64.41,52.9,4.24,4.49,5.63,65.76,3.12,4.25,0.265,0.247,0.417,450,0.32,LightYellow
Sapphire,2.8,Fair,VS2,61.85,50.1,4.97,3.48,5.97,76.13,1.9,4.27,0.229,0.365,0.586,550,0.41,White
Topaz,1.72,Good,VVS2,55.77,62.4,9.07,,3.05,69.99,1.6,2.27,0.167,0.133,0.112,600,0.45,White
Amethyst,3.92,Fair,VVS1,56.09,61.84,8.82,,4.46,60.32,1.74,1.91,0.343,0.581,0.179,550,0.49,Red
Emerald,4.67,Good,,63.91,54.2,8.53,7.98,5.53,63.06,1.82,0.52,0.567,0.207,0.164,400,0.64,White
Amethyst,1.92,Ideal,VVS2,63.1,67.01,6.87,9.26,2.08,76.79,4.28,2.85,0.542,0.524,0.186,450,0.32,LightYellow
Emerald,4.07,Premium,VVS1,58.3,67.36,3.97,9.95,2.96,65.37,4.72,4.83,0.241,0.384,0.458,550,0.32,Violet
Sapphire,2.59,Fair,SI1,60.22,66.08,3.92,4.59,2.17,65.94,3.96,4.62,0.6,0.152,0.194,500,0.65,White
Diamond,2.1,Very Good,SI1,63.53,68.73,3.88,4.18,2.57,74.7,1.17,3.09,0.555,0.334,0.416,400,0.6,Red
Diamond,4.7,Premium,VS1,56.03,60.13,8.98,9.38,2.8,73.72,3.4,-3.64,0.147,0.332,0.362,650,0.31,White
Emerald,2.65,Fair,SI1,56.38,64.05,3.99,5.81,2.13,69.01,4.12,3.61,0.221,0.331,0.316,600,0.63,Violet
Sapphire,2.44,Ideal,VVS2,62.16,68.09,8.66,8.62,3.97,74.6,3.09,0.92,0.265,0.392,0.325,500,0.52,Red
Sapphire,3.43,Fair,VS1,55.82,59.12,8.91,3.95,3.86,,1.32,0.33,0.212,0.5,0.309,600,0.37,Blue
Ruby,1.45,Fair,VVS1,58.53,62.37,3.74,5.06,3.31,63.66,3.05,0.45,0.171,0.374,0.593,650,0.58,FaintYellow
Ruby,1.76,Fair,VVS2,57.52,60.26,9.31,3.08,3.43,65.54,3.55,-2.46,0.301,0.449,0.594,500,0.58,Blue
Amethyst,4.67,Premium,SI1,62.6,69.67,9.28,,4.42,61.28,3.28,-2.93,0.395,0.192,0.258,400,0.61,Red
Amethyst,3.46,Fair,IF,55.02,58.75,7.47,3.04,5.62,73.23,3.89,-0.52,0.482,0.368,0.212,400,0.48,White
Amethyst,4.17,Very Good,VS2,56.15,56.34,6.59,4.2,6.39,61.11,2.07,1.33,0.549,0.149,0.199,650,0.42,FaintYellow
Ruby,1.5,Good,SI1,55.99,62.59,7.53,6.9,5.68,74.85,3.79,1.51,0.287,,0.356,500,0.61,
Topaz,2.81,Very Good,IF,58.18,55.61,5.83,8.95,3.75,70.66,2.33,0.23,0.416,0.468,0.5,650,0.49,LightYellow
Sapphire,4.86,Ideal,VS1,57.32,67.15,7.12,8.56,5.94,68.78,3.85,3.21,0.338,0.291,0.347,600,0.53,Violet
Ruby,1.73,Premium,VVS1,57.28,67.84,9.79,4.77,5.71,71.94,2.95,4.22,0.449,0.188,0.593,400,0.58,Blue
Amethyst,0.97,Good,SI2,58.7,56.9,3.79,9.16,6.11,72.39,4.13,-2.85,0.466,0.446,0.57,700,0.44,Blue
Diamond,2.65,Premium,VS2,57.14,57.17,4.64,3.49,2.3,71.69,3.01,2.37,0.109,0.366,0.49,600,0.35,Blue
Topaz,2.06,Premium,VVS1,56.06,51.73,6.67,5.32,3.59,74.26,2.15,-2.67,0.447,0.41,0.516,700,0.47,FaintYellow
Diamond,0.97,,VS1,60.83,55.12,4.81,4.84,2.21,72.72,4.96,3.45,0.125,0.446,0.491,450,0.58,FaintYellow
Ruby,4.47,Very Good,VVS1,64.52,51.36,9.95,7.59,3.45,69.66,1.97,0.07,0.213,0.589,0.521,450,0.48,White
Ruby,4.96,Good,VVS2,61.07,65.14,8.04,3.27,3.26,76.59,2.61,-1.28,0.245,0.561,0.226,500,0.46,LightYellow
Ruby,2.93,Fair,VVS2,62.57,53.61,6.04,8.98,6.1,79.47,4.1,2.65,0.402,0.294,0.328,400,0.56,White
Sapphire,3.92,Good,SI1,64.72,51.58,9.32,,6.25,72.25,3.07,-4.27,0.233,0.236,0.2,650,0.31,LightYellow
Diamond,4.32,Very Good,SI1,56.53,53.29,4.01,4.65,5.13,74.24,3.73,,0.339,0.18,0.394,400,0.57,Green
Ruby,3.56,Fair,SI1,59.6,57.55,5.02,9.31,3.27,70.17,2.95,0.46,0.399,0.134,0.259,550,0.32,Red
Emerald,0.41,Good,SI1,60.82,58.45,9.69,9.34,2.03,68.02,3.44,3.68,0.582,0.518,0.467,500,0.7,Violet
Ruby,0.96,Fair,VS1,58.22,67.97,6.9,7.38,5.02,77.22,3.05,-1.82,0.423,0.554,,400,0.3,White
Diamond,0.54,Premium,VVS1,,55.59,9.44,6.55,4.25,63.89,4.97,-1.96,0.457,0.529,,650,0.52,Blue
Amethyst,0.25,Ideal,SI1,61.24,64.35,9.89,8.42,2.93,73.81,1.83,-4.06,0.273,0.285,0.561,,0.65,LightYellow
,1.67,Good,VS1,63.42,67.9,5.52,6.63,2.79,62.74,4.57,0.43,0.316,0.46,0.176,450,0.62,White
Topaz,2.08,Very Good,SI2,63.33,67.13,7.04,,4.52,75.33,2.86,-4.76,0.168,0.172,0.197,450,0.57,White
Topaz,1.36,Good,VS2,56.43,53.98,8.93,3.65,2.59,64.69,1.1,4.37,0.271,0.462,0.449,600,0.33,Blue
Amethyst,0.51,Ideal,SI1,56.69,55.59,4.91,5,4.47,72.14,4.91,-2.63,0.138,0.279,0.582,650,0.49,FaintYellow
Sapphire,2.74,Good,VVS1,57.22,51.09,6.13,5.76,6.12,62.79,4.48,-0.55,0.286,0.263,0.146,450,0.6,FaintYellow
Topaz,1.51,Good,VVS2,57.61,59.67,4.07,4.44,5.56,60.01,1.29,-3.45,0.468,0.505,0.345,400,0.58,LightYellow
Amethyst,4.02,Good,IF,60.64,58.11,7.57,4.61,6.24,74.83,2.53,-1.64,0.449,0.454,0.59,550,0.56,Red
Ruby,0.24,Very Good,SI2,58.27,60.91,,8.33,3.12,77.5,4.45,4.13,0.384,0.451,0.345,400,0.57,FaintYellow
Emerald,4.24,Ideal,VVS2,64.53,59.16,6.15,4.21,6.28,75.99,3.03,4.8,0.34,0.435,0.149,700,0.63,Green
Ruby,4.78,Ideal,VVS1,56.18,64.72,9.5,3.78,4.14,62.66,4.7,-2.15,0.512,0.374,0.494,550,0.58,Violet
Ruby,3.64,Very Good,VVS1,57.46,63.4,9.28,4.96,4.84,64.69,3.38,3.17,0.593,0.185,0.488,500,0.38,Blue
Topaz,3.72,Good,SI2,63.68,58.57,8.63,4.12,3.32,76.49,4.24,-3.38,0.596,0.229,0.248,550,0.4,Red
Topaz,4.68,Good,VVS1,60.84,50.76,3.99,4.42,6.47,60.34,2.8,-3.62,0.109,0.387,0.499,650,0.37,LightYellow
Amethyst,1.2,Ideal,VVS1,60.47,56.88,6.64,8.48,3.97,70.57,1.37,-3.63,0.154,0.491,0.318,500,0.43,Violet
Topaz,4.97,Good,SI1,60.94,56.48,8.03,6.09,2.84,76.72,1.91,4.42,0.28,0.42,0.225,700,0.55,
Amethyst,3.91,Premium,VS2,57.52,51.79,3.71,6.04,4.58,63.9,1.54,2,0.417,0.297,0.149,600,0.58,Blue
Topaz,3.69,Good,IF,62.61,56.08,4.03,6.67,3.15,62.88,4.21,0.79,0.415,0.411,0.278,650,0.4,LightYellow
Ruby,1.93,Good,SI1,59.97,69.75,3.28,3.62,3.96,63.63,4.69,-3.1,0.533,0.263,0.471,400,0.48,Violet
Sapphire,2.82,Fair,VVS2,55.43,66.43,5.26,9.91,2.94,75.11,1.92,0.3,0.368,0.396,0.465,400,0.42,Green
Emerald,3.34,Ideal,VS2,56.77,,9.14,8.93,3.74,79.3,2.29,4.94,0.223,,0.485,700,0.44,Violet
Diamond,3.18,Ideal,SI2,63.17,66.87,6.55,5.05,2.42,64.22,3.96,3.26,0.174,0.179,0.567,700,0.48,FaintYellow
Sapphire,3.58,Premium,VS1,58.45,67.3,8.97,3.4,3.28,62.17,2.73,4.87,0.348,0.134,0.342,450,0.66,Green
Diamond,0.6,Premium,VVS1,62.73,56.51,3.59,7.32,3.12,65.42,4.24,-4.88,0.59,0.301,0.371,700,0.41,LightYellow
Topaz,1.91,Premium,SI2,61.63,56.45,3.39,7.14,6.26,62.22,2.27,0.56,0.398,0.475,0.411,500,0.69,Blue
Amethyst,2.28,Ideal,VVS2,58.01,56.73,8.63,5.17,4.67,60.1,3.11,-2.09,0.144,0.159,0.379,550,0.44,Violet
Diamond,1.45,Fair,,56.27,66.37,6.48,5.38,2.12,69,4.34,-1.69,0.123,0.597,0.581,700,0.34,Violet
Amethyst,1.03,Fair,IF,63.07,65.95,6.3,6.68,6.11,75.03,2.4,-4.43,0.449,0.492,0.181,500,0.49,Blue
Sapphire,0.87,Very Good,VVS2,61.43,50.34,6.33,9.15,4.9,66.22,3.56,1.73,0.451,0.456,0.494,550,0.55,Green
Topaz,1.96,Ideal,SI2,58.01,68.98,5.67,3.76,3.52,66.62,3.58,3.54,0.399,0.298,0.15,650,0.34,White
Ruby,2.57,Very Good,VS2,60.23,55.71,9.2,6.57,3.65,64.56,2.41,-2.55,0.454,0.509,0.235,600,0.4,LightYellow
Emerald,0.5,Good,SI1,61.12,62.52,6.65,6.06,2.14,62.63,3.97,0.23,0.231,0.277,0.108,450,0.4,Green
Amethyst,4.74,Premium,VS1,55.02,62.8,9.82,6.26,6.38,61.34,3.11,-4.48,0.332,0.332,0.251,700,0.41,FaintYellow
Diamond,3.87,Very Good,VVS2,61.71,52.27,8.93,9.37,5.87,71.4,3.38,-2.19,0.375,0.136,0.232,650,0.33,Green
,3.71,Very Good,SI1,61.56,63.91,8.16,6.81,2.29,75.28,2.56,-2.78,0.147,0.589,0.31,550,0.42,LightYellow
Sapphire,1.03,Ideal,SI1,55.83,60.67,7.45,7.86,5.07,70.07,1.36,4.76,0.565,0.408,0.148,650,0.41,LightYellow
Emerald,3.1,Premium,SI1,62.88,62.22,8.85,9.39,4.02,76.88,3.79,0.01,0.445,0.22,0.167,450,0.45,FaintYellow
Topaz,2.74,Premium,VS2,63.25,58.94,9.17,5.12,5.64,69.24,2.37,-2.84,0.535,0.413,0.111,400,0.7,LightYellow
Diamond,4.92,Fair,VVS1,57.9,66.09,3.93,5.51,4.81,61.42,3.43,-3.68,0.163,0.488,0.537,550,0.4,Blue
Sapphire,3.79,Very Good,VVS2,56.62,62.7,5.52,4.59,3.86,72.08,4.63,2.76,0.331,0.483,0.274,500,0.53,Violet
Diamond,2.96,Fair,SI1,61.86,53.86,8.64,7.56,3.96,74.3,4.34,-4.55,,0.1,0.476,450,0.46,LightYellow
Diamond,4.28,,VVS1,56.23,65.05,4.55,4.78,4.93,62.47,,-3.63,0.458,0.48,,700,0.54,Red
Emerald,0.94,Ideal,SI1,63.58,60.05,7.1,4.64,4.95,70.47,1.91,-4.49,0.389,0.362,0.565,700,0.58,Green
Amethyst,0.27,Ideal,VS1,,50.75,8.46,9.91,4.51,65.94,3.07,-1.33,0.106,0.509,0.339,550,0.61,Blue
Amethyst,3.51,Good,SI2,64.1,57.9,4.57,7.88,5.98,79.25,2.5,4.44,0.373,0.199,0.237,600,0.69,FaintYellow
Ruby,0.67,Very Good,VS1,61.42,58.03,5.81,8.7,5.51,64.24,3.36,-2.65,0.267,0.238,0.164,550,0.45,FaintYellow
Topaz,0.75,Very Good,VS1,57.85,66.03,9.41,9.78,2.53,73.65,3.93,-1.25,0.121,0.126,0.381,550,0.31,Green
Sapphire,3.77,Premium,VVS1,59.68,54.68,5.49,9.8,5.92,66.17,3.91,2.34,0.239,0.26,0.38,400,0.54,LightYellow
Emerald,1.5,Premium,VVS1,60.29,59.05,7.23,5.33,2.91,68.33,1.23,-2.96,0.491,0.304,0.142,450,0.32,LightYellow
Emerald,3.22,Fair,SI1,63.15,51.09,6.04,6.63,6.28,76.54,2.49,-2.13,0.591,0.193,0.179,600,0.37,
Ruby,4.6,Good,VS2,63.62,67.63,9.14,9.46,5.63,79.94,2.56,-1.13,0.306,0.44,0.405,500,0.61,Violet
Ruby,1.72,Ideal,VVS2,,58.88,5.97,3.18,6.09,62.42,1.75,4.54,0.148,0.553,0.516,700,0.41,Red
Ruby,1.24,Very Good,VS2,57.94,67.13,5.51,9.41,5.04,69.19,2.95,0.44,0.558,0.12,0.225,600,0.47,FaintYellow
Ruby,0.71,Fair,SI2,60.29,63.54,4.21,9.01,4.93,72.41,2.12,-0.62,0.134,0.265,0.559,450,0.34,Green
Sapphire,0.83,Good,VVS1,56.31,56.4,5.44,6.28,3.12,67.86,2.39,-0.98,0.26,0.179,0.244,450,0.4,LightYellow
Emerald,0.5,Premium,SI2,57.3,64.25,7.69,6.62,4.82,62.64,3.29,-1.11,0.182,0.14,0.176,650,0.63,White
Amethyst,0.62,Good,VVS2,58.03,59.38,4.23,3.33,3.89,60.48,4.39,4.09,0.226,0.211,0.382,700,0.35,Green
Emerald,2.27,Fair,SI2,55.73,56.82,7.94,6.89,2.69,60.63,2.71,2.78,0.427,0.359,0.433,500,0.55,White
Emerald,,Ideal,SI2,63.85,63.36,3.07,3.86,3.62,69.95,3.16,-3.12,0.122,0.39,0.25,700,0.57,Red
Amethyst,3.59,Premium,VS1,56.23,65.49,5.57,4.85,4.98,68.22,4.18,-1.81,0.291,0.149,0.372,650,0.32,Blue
Amethyst,4.38,Premium,VS2,61.97,63.77,6.26,8.63,5.94,79.59,2.72,3.48,0.102,0.556,0.398,500,0.45,FaintYellow
Sapphire,3.97,Ideal,SI2,60.06,59.26,3.67,6.53,3.97,78.24,2.54,2.5,0.307,0.207,0.347,650,0.47,LightYellow
Ruby,2.75,Premium,VS2,63.32,55.19,7.79,8.26,3.3,72.22,3.66,-3.96,0.332,0.478,0.149,500,0.35,Blue
Sapphire,0.69,Fair,VS2,62.41,66.21,3.72,9.52,2.72,69.49,2.08,-0.92,0.516,0.432,0.368,650,0.39,FaintYellow
Diamond,3.61,Premium,VVS1,62.6,56.93,3.63,4.2,3.81,71.47,1.11,-0.09,0.353,0.496,0.552,700,0.37,Red
Sapphire,1.94,Very Good,VVS2,59.18,62.26,5.58,4.82,3.28,69.29,1.54,3.57,0.179,0.325,0.153,650,0.65,
Amethyst,0.61,Good,VS1,63.34,52.31,8.17,7.11,4.01,66.93,2.1,3.53,0.401,0.448,,700,0.69,FaintYellow
Topaz,4.24,Fair,VVS1,55.95,64.81,9.75,9.65,2.45,72.21,4.24,-3.49,0.226,0.543,0.415,450,0.46,FaintYellow
Topaz,1.82,,VS1,59.44,69.06,8.43,8.46,5.31,78.61,1.84,0.86,0.355,0.165,0.489,500,0.46,FaintYellow
Emerald,1.25,Fair,SI2,64.95,58.99,6.26,7.48,2.02,72.92,3.48,4.43,0.234,0.41,0.28,450,0.35,LightYellow
Emerald,4.38,Very Good,IF,64.48,60.97,4.91,7.75,5.15,63.55,2.24,-4.23,0.224,0.357,0.486,500,0.69,FaintYellow
Emerald,4.53,Premium,IF,55.82,67.99,5.11,6.03,3.38,69.52,1.24,-1.41,,0.324,0.245,650,0.34,Violet
Amethyst,1.83,Premium,VS1,60.73,65.91,4.99,5.83,3.62,63.45,4.33,-1.63,0.354,0.558,0.439,550,0.36,Violet
Topaz,1.9,Fair,IF,58.16,69.25,4.95,,2.77,62.39,4.73,-3.29,0.489,0.599,0.199,450,0.55,White
Topaz,2.98,Premium,VVS2,62.28,55.32,3.48,8.99,6.36,66.59,1.67,4.79,0.316,0.297,0.461,550,0.36,LightYellow
,3.72,Premium,SI2,62.36,59.4,4.54,8.33,2.24,63.98,3.04,2.08,0.251,0.335,0.347,650,0.55,LightYellow
Ruby,0.5,Very Good,SI2,55,59.11,3.76,8.04,3.27,,2.15,1.84,0.366,0.399,0.295,550,0.4,FaintYellow
Diamond,3.05,Ideal,VVS2,63.46,59.46,3.05,6.97,2.66,61.12,3.2,-4.51,0.515,0.371,0.584,400,0.57,FaintYellow
Emerald,4.77,Good,SI2,57.24,68.26,5,5.3,4.17,79.28,3.81,-1.16,0.153,0.396,0.303,650,0.4,Red
Sapphire,1.46,Fair,VVS1,64.66,54.11,5.47,6.03,,76.82,4.94,1.22,0.586,0.134,0.157,400,0.62,Green
Sapphire,4.56,Ideal,VS1,64.05,67.9,9.49,3.41,2.88,65.23,2.39,-0.14,0.357,0.415,0.124,450,0.45,Violet
Emerald,4.76,Good,SI2,56.91,61.42,9.96,3.63,4.95,61.85,2.02,2.25,0.332,0.423,0.31,450,0.53,Red
Amethyst,1.49,Ideal,VVS1,61.36,60.74,7.06,5.69,4.49,71.34,,3.27,0.585,0.534,0.173,550,0.68,Blue
Diamond,3.82,Fair,VVS2,57.96,58.33,9.31,3.81,5.79,64.93,4.37,2.61,0.277,0.361,0.455,500,0.66,Blue
Diamond,1.35,Very Good,SI2,56.03,60.79,7.33,5.79,6.08,65.01,1.11,4.44,0.304,0.236,0.163,400,0.62,FaintYellow
Emerald,3.74,Very Good,VVS2,63.74,66.07,6.48,,5.13,71.48,1.17,0.54,0.167,0.351,0.403,450,0.46,LightYellow
Emerald,4.03,Very Good,VVS2,56.81,59.84,3.3,5.45,4.84,69.15,3.33,3.53,0.543,0.352,0.367,500,0.38,Green
Topaz,1.39,Ideal,VS2,59.21,65.52,3.31,5.65,4.72,70.14,1.52,4.83,0.59,0.423,0.211,600,0.65,Red
Diamond,3.64,Fair,IF,64.24,58.33,3.22,8.56,2.75,66.38,3.52,0.11,0.179,0.35,0.352,550,0.6,Red
Topaz,4.1,Premium,VVS1,55.75,53.66,4.05,7.8,5.97,66.48,3.26,-4.85,0.575,0.299,0.306,600,0.54,Green
Sapphire,1.92,Premium,VVS1,60.51,58.29,3.54,8.7,3.62,79.99,4.21,-1.74,0.104,0.53,0.203,650,0.5,FaintYellow
Sapphire,1,Very Good,SI2,60.72,64.47,4.36,5.55,5.11,67.86,4.19,0.38,0.468,,0.216,500,0.51,Blue
Diamond,0.64,Ideal,SI2,62.63,67.04,6.63,8.78,3.98,64.46,4.33,1.8,0.424,0.37,0.152,500,0.53,Red
Diamond,2.96,Premium,VVS2,63.27,65.43,6.52,9.65,6.06,74.09,4.74,0.92,0.131,0.413,0.391,400,0.58,Green
Ruby,4.89,Ideal,SI2,59.24,57.49,5.41,4.94,3.83,75.68,3.36,1.48,0.12,0.417,0.526,500,0.55,Violet
Topaz,4.15,Fair,VS2,62.44,61.58,7.66,8.03,4.52,64.7,1.58,2.23,0.129,0.361,0.585,650,0.68,LightYellow
Ruby,,Very Good,VVS1,64.1,57.21,5.74,3.4,2.84,62.19,4.66,-0.03,0.52,0.152,0.435,550,0.5,Violet
Topaz,2.78,Good,SI1,63.86,64.09,4.54,6.65,4.49,65.88,4.99,3.28,0.37,0.126,0.484,450,0.58,Green
Ruby,1.54,Very Good,,60.02,58.73,7.85,4.09,2.91,70.51,1.15,1.66,0.492,0.529,0.232,550,0.34,Violet
Sapphire,0.98,Good,VS2,61.07,65.3,9.86,8.83,5.58,67.62,3.41,2.76,0.508,0.216,0.565,600,0.58,LightYellow
Amethyst,2.51,Premium,VVS2,61.73,50.26,8.67,5.9,3.65,63.09,2.5,1.61,0.443,0.423,0.552,600,0.35,LightYellow
Ruby,2.42,Good,VS2,63.19,56.8,5.9,7.23,3.91,,2.22,-3.92,0.575,0.414,0.336,500,0.31,White
Ruby,2.71,Ideal,IF,60.08,67.56,5.63,7.08,4.88,70.11,4.08,-3.45,0.117,0.385,0.306,450,0.58,Red
Topaz,4.77,Good,VVS1,56.12,56.47,3.27,3.73,2.39,77.41,2.21,-3.3,0.224,0.166,0.259,400,0.57,Green
Ruby,3.1,Premium,IF,58.85,57.9,7.6,3.7,3.42,71.91,1.6,-4.51,0.327,0.13,0.29,500,,Green
Emerald,3.11,Premium,VVS1,62.2,65.81,4.56,7,6.2,77.37,1.97,-2.81,0.49,0.209,0.389,650,0.61,FaintYellow
Topaz,0.81,Very Good,IF,61.24,51.89,7.78,5.2,5.88,75.32,3.15,0.6,0.28,0.403,0.558,450,0.43,LightYellow
Amethyst,4.98,Premium,VVS1,62.53,56.24,8.32,3.78,3.04,66.86,2.02,-4.4,0.302,0.374,0.346,400,0.46,White
Diamond,3.91,Ideal,SI1,60,65.49,9.16,5.17,4.31,68.26,2.4,-2.16,0.444,0.462,0.252,700,0.41,Blue
Topaz,4.41,Good,VVS2,56.74,69.14,6.84,4.33,4.62,77.25,3.3,1.23,0.261,0.298,0.138,400,0.31,FaintYellow
Diamond,2.19,Fair,SI1,56.15,65.66,8.81,3.28,3.36,74.11,3.77,-3,0.58,0.49,0.248,550,0.44,FaintYellow
Topaz,2.61,Premium,VS1,59.81,,8.06,5.66,3.56,71.19,1.28,-3.02,0.272,0.376,0.509,650,0.69,Blue
Sapphire,2.71,Good,VS2,57.06,,5.47,7.77,6.4,78.95,2.65,3.27,0.379,0.139,0.214,450,0.38,Red
Emerald,1.13,Very Good,VVS1,64.82,59.52,3.75,3.79,2.62,60.93,3.86,0.49,0.116,0.15,0.188,700,0.5,White
Diamond,3.51,Fair,VS2,56.99,65.66,4.7,7.1,6.1,77.14,2.31,-1.86,0.275,0.235,0.567,650,0.58,Violet
Topaz,4.53,Very Good,VVS1,60.67,54.79,8.91,4.06,3.59,66.37,4.03,0.49,0.127,0.291,0.176,500,0.31,Blue
Ruby,0.99,Ideal,VS1,55.02,56.82,6.74,3.48,3.08,72.98,2.37,-0.72,0.536,0.583,0.44,650,0.37,Violet
Diamond,0.61,Very Good,VVS2,57.54,68.03,7.66,3.65,3.17,78.3,4.04,4.51,0.511,,0.534,550,0.47,Violet
Amethyst,3.74,Good,VVS2,57.59,68.22,,4.47,3.27,67.08,4.82,-2.99,0.23,0.386,0.476,400,0.42,Blue
Emerald,1.51,Fair,VS2,62.38,55.7,7.67,6.26,3.29,69.9,3.02,1.64,0.598,0.2,0.516,650,0.44,Green
Diamond,3.19,Very Good,SI1,59.96,51.67,8.99,6.11,3.14,66.45,2.93,4.13,0.349,0.591,0.485,400,0.37,FaintYellow
Amethyst,3.54,Very Good,VS1,55.12,68.58,3.6,6.34,,74.08,2.94,2.22,0.197,0.369,0.389,400,0.64,White
Amethyst,1.75,Ideal,VS2,58.79,56.01,9.33,5.63,3.21,62.61,4.81,-1.13,0.243,0.395,0.253,450,0.47,FaintYellow
,4.11,Good,VVS2,61.45,52.4,8.69,9.16,5.88,75.06,1.64,2.46,0.256,0.348,0.286,400,0.51,FaintYellow
Diamond,2.84,Very Good,IF,61.37,56.96,9.32,9.19,6.36,75.61,3.96,-2.68,0.177,0.362,0.131,650,0.57,
Amethyst,4.37,Good,VS2,55.54,55.64,8.12,7.61,3.25,61.32,3.76,2.17,0.367,0.461,0.398,650,0.68,FaintYellow
Emerald,3.86,Premium,VVS1,64.29,51.61,4.92,5.27,4.54,67.99,3.53,2.87,0.206,0.19,0.146,,0.58,LightYellow
Sapphire,4.37,Ideal,SI2,57.47,69.67,3.8,4.3,4.05,73.94,3.96,-1.24,0.143,0.348,0.413,600,0.67,Green
Topaz,0.3,Ideal,VVS2,63.92,55.88,3.91,7.88,5.81,61.89,2.28,0.55,0.599,0.175,0.385,400,0.62,Green
Sapphire,1.37,Ideal,VVS1,57.13,55.45,6.49,9.98,3.39,75.87,4.71,0.64,0.47,0.193,0.211,400,0.58,FaintYellow
Diamond,0.63,Good,VS1,60.68,58.4,5.74,8.74,5.44,72.85,4.63,0.56,0.55,,0.515,450,0.55,FaintYellow
Diamond,,Very Good,SI1,59.06,58.3,7.58,5.29,4.14,69.26,1.92,-3,0.124,0.213,0.534,500,0.56,LightYellow
Amethyst,4.47,Very Good,SI1,60.81,58.68,6.52,4.34,4.84,61.9,3.06,1.31,0.267,0.577,0.117,450,0.65,White
Diamond,2.44,Good,VVS2,59.98,68.13,3.88,8.72,4.59,61.43,2.25,-0.94,0.23,0.164,0.281,700,0.54,Violet
Sapphire,4.28,Good,VVS2,55.02,51.2,3.02,5.82,2.28,64.9,4.16,-3.67,0.543,0.591,0.415,400,0.64,Violet
Sapphire,1.77,Premium,SI1,58.51,68.83,,7.09,4.65,75.8,4.6,-4.44,0.568,0.571,0.367,400,0.67,Violet
Diamond,1.83,Fair,VS2,55.11,63.32,,3.3,5.72,77.8,3.14,3.23,0.315,0.508,0.357,600,0.53,White
Ruby,4.5,Fair,SI2,61.83,63.95,8.04,8.64,3.3,64.95,2.28,2.59,0.334,0.388,0.595,450,0.39,Blue
Sapphire,2.24,Ideal,SI1,63.53,53.16,5,4.42,3.81,66.09,3.58,4.31,0.592,0.336,0.298,600,0.55,White
Topaz,3.99,Very Good,SI1,58.85,56.58,3.66,8.34,2.92,63.4,1.57,-0.22,0.322,0.464,0.508,550,0.68,Green
Topaz,1.34,Ideal,VS2,60.25,51.04,8.29,7.62,2.94,73.72,3.04,1.14,0.333,0.156,0.378,650,0.34,Blue
Emerald,4.75,,VVS1,55.66,63.06,9.58,5.89,3.38,60.55,4.03,-4.37,0.514,0.38,0.478,600,0.65,Red
Sapphire,2.96,Very Good,VS2,58.85,56.8,3.7,6.73,5.39,78.62,2.05,-1.99,0.508,0.549,0.259,600,0.65,Blue
Amethyst,3.84,Premium,IF,56.39,61.03,9.74,6.76,4.17,65.5,2.57,2.51,0.17,0.401,0.256,600,0.34,LightYellow
Emerald,0.63,Good,VVS2,55.65,65.05,9.65,4.58,5.11,75.41,3.62,-2.24,0.455,0.258,0.498,550,0.42,White
Emerald,2.56,Good,SI1,56.72,61.07,6.66,3.9,6.21,79.29,4.84,-3.88,0.419,0.3,0.115,400,0.64,Green
Emerald,4.52,Good,SI2,,51.43,5.07,8.67,5.29,62.94,1.32,-4.38,0.481,0.455,0.123,450,0.54,White
Ruby,4.41,Fair,VS1,64.82,51.23,3.97,7.83,3.68,62.49,1.62,-0.47,0.373,0.125,0.522,500,,Green
Emerald,0.42,Good,VVS2,63.79,67.34,8.77,7.35,4.3,65.52,1.51,3.75,0.593,0.414,0.529,450,0.62,Violet
Amethyst,1.66,Fair,SI2,64.7,55.24,7.23,4.95,3.25,71.79,1.88,-1.31,0.422,0.261,0.276,700,0.3,FaintYellow
Emerald,2.33,Ideal,SI1,62.31,57.24,7.56,5.81,2.3,60.03,1.24,1.67,0.294,0.299,0.234,450,0.38,Blue
Topaz,1.03,Fair,VVS1,56.6,54.37,9.03,4.03,5,72.12,2.45,-0.69,0.478,0.241,0.34,700,0.51,White
Emerald,3.7,Very Good,SI1,60.63,63.98,6.11,8.28,4.98,71.54,2.12,2.86,0.107,0.545,0.181,400,0.5,Violet
Diamond,1.09,Premium,SI2,62.32,57.72,5.58,3.11,5.85,,1.79,3.03,0.263,0.51,0.448,700,0.69,Red
Topaz,1.86,Premium,VS2,60.13,59.13,8.34,3.02,2.72,70.46,2.03,4.47,0.341,0.526,0.467,700,,Green
Ruby,3.38,Very Good,VVS2,60.55,63.49,5.08,6.65,5.98,76.69,3.57,-1.62,0.325,0.306,0.198,500,0.33,Red
Diamond,2.51,Ideal,VS2,60.86,62.46,5.3,5.41,5.57,65.99,3.76,-0.29,0.183,0.164,0.113,400,0.43,Green
Topaz,3.75,Premium,SI1,59.67,65.49,5.67,4.01,2.48,76.36,4.71,1.46,0.221,0.426,0.453,500,0.36,FaintYellow
Sapphire,4.81,Very Good,VVS1,57.91,64.98,8.99,8.06,6.42,68.85,1.84,0.01,0.573,0.435,0.424,600,0.6,Violet
Emerald,0.76,Premium,SI2,61.37,58.8,8.45,9.52,2.18,76.84,1.4,-4.16,0.547,0.309,0.255,500,0.44,FaintYellow
,3.61,Fair,VS2,55.54,53.84,5.04,4.96,5.58,69.42,1.23,1.46,0.178,0.135,0.488,450,0.61,White
Ruby,1.31,,VS1,56.71,54.46,4.01,7.22,3.93,78.02,2.97,-3.9,0.292,0.211,0.566,550,0.45,Blue
Sapphire,2.19,Fair,SI1,64.25,64.13,5.75,8.21,5.89,78.28,3.58,3.41,0.193,0.108,0.11,550,0.44,FaintYellow
Amethyst,0.36,Fair,VVS1,59.89,55.23,7.37,7.31,5.28,60.13,1.96,-4.17,0.481,0.458,0.198,450,0.32,FaintYellow
Ruby,0.85,Premium,VVS2,63.22,58.81,7.73,5.68,2.27,67.72,3.66,2.81,0.219,0.544,0.205,500,0.42,Green
Diamond,1.73,Premium,SI2,62.27,52.16,4.4,6.89,3.08,77.75,1.75,-3.49,0.141,0.541,0.589,700,0.31,White
Topaz,1.84,Fair,VVS2,58.21,52.45,4.75,8.07,6.29,60.28,1.89,2.41,0.535,0.221,0.254,600,0.4,Blue
Amethyst,,,VS1,63.04,55,9.51,9.6,2.66,62.04,3.66,-4.77,0.468,0.204,0.479,550,0.38,LightYellow
Diamond,3.76,Ideal,IF,55.91,51.7,5.7,8.41,2.31,68.62,4.82,-3.88,0.491,0.332,0.275,650,0.38,Red
Ruby,4.87,Good,VS2,63.75,55.49,5.2,5.21,2.69,79.61,4.61,-4.8,0.488,0.202,0.265,450,0.68,Violet
Ruby,3.08,Good,SI1,61.81,61.36,7.87,7.7,5.24,78.55,1.11,-3.18,0.352,0.163,0.144,500,0.3,LightYellow
Topaz,1.36,Very Good,VVS2,64.27,64.9,6.28,9.41,2.18,71.7,4.93,-5,0.448,0.187,0.161,500,0.35,LightYellow
Diamond,1.77,Good,SI1,63.96,50.65,4.73,6.63,3.95,65.05,2.46,-4.14,0.432,0.311,0.468,700,0.68,Violet
Topaz,1.74,Ideal,VS1,58.8,62.01,5.87,3.67,2.41,72.83,3.22,-4.75,0.584,0.327,0.195,600,0.33,LightYellow
Sapphire,1.77,Good,VS2,63.57,57.26,4.01,7.49,5.09,66.46,2.38,-0.66,0.108,,0.589,500,0.41,Green
Amethyst,3.43,Good,VVS1,60.63,54.53,,7.23,3.14,73.07,4.3,-3.43,0.403,0.582,0.545,500,0.65,LightYellow
Diamond,2.75,Ideal,SI1,56.57,50.64,5.93,3.94,5.08,63.39,3.69,-2.13,0.132,0.556,0.373,550,0.56,White
Topaz,2.05,Fair,VS1,63.3,56.52,6.63,4.68,,72.04,4.51,-2.37,0.526,0.279,0.532,500,0.61,Violet
Topaz,0.92,Good,SI2,64.08,65.79,8.19,7.7,3.78,73.83,1.85,3.31,0.209,0.189,0.246,600,0.47,FaintYellow
Emerald,0.31,Very Good,VVS1,55.85,60.6,5.69,9.82,6.16,74.29,3.56,-3.37,0.246,0.582,0.212,550,0.54,Blue
Amethyst,1.25,Good,SI2,64.31,65.51,6.82,4.22,3.73,79.54,3.13,-0.01,0.185,0.429,0.471,700,0.54,Green
Topaz,0.72,Good,VVS1,61.01,58.25,9.66,7.3,2.51,60.53,3.36,-4.31,0.392,0.396,0.341,400,0.52,Blue
Ruby,3.97,Ideal,VVS1,55.26,66.87,8.73,6.32,3.66,61.55,2.46,-0.89,0.525,0.364,0.298,600,0.44,LightYellow
Topaz,0.74,Ideal,VS2,60.42,53.01,4.66,5.38,4.05,72.1,1.03,3.04,0.275,0.27,0.42,700,0.35,Red
Diamond,3.68,Very Good,IF,62.97,66.4,4.49,9.4,4.06,69.65,3.82,0.16,0.119,0.397,0.471,550,0.6,Blue
Topaz,2.05,Premium,SI1,60.33,59.52,7.64,9.56,5.19,72.58,3.86,-2.41,0.275,0.314,0.269,450,0.4,Green
Emerald,0.55,Ideal,VVS1,62.07,64.92,7.17,4.14,2.56,73.87,4.48,-0.92,0.543,0.36,0.273,450,,Red
,4.1,Premium,VVS2,63.8,54.81,6.83,7.94,4.08,60.69,4.85,0.56,0.412,0.359,0.277,550,0.41,Violet
Topaz,2.98,Very Good,VS2,63.7,59.72,4.08,8.42,3.14,69.65,1.8,4.05,0.363,0.11,0.573,550,0.33,
Amethyst,1.33,Good,VS2,56.79,64.66,5.54,9.46,,69.94,1.27,3.38,0.172,0.269,0.458,500,0.43,White
Emerald,4.49,Good,VVS1,59.27,59.68,8.32,3.51,2.78,72.42,,4.61,0.381,0.179,0.551,400,0.54,White
Ruby,0.42,Premium,VVS2,56.11,59.16,8.07,,3.06,67.17,4.51,-3.21,0.266,0.539,0.145,,0.64,Red
Emerald,1.17,Very Good,VS1,60.95,66.21,4.16,4.72,4.49,61.36,1.68,-3.02,0.523,0.385,0.346,650,0.46,FaintYellow
Diamond,3.81,Very Good,VS2,64.55,53.25,5.99,9.01,3.36,66.46,1.44,-4,0.327,0.312,0.533,550,0.34,Green
Ruby,3.61,Ideal,VVS1,56.82,59.5,6.1,8.8,2.72,64.36,4.4,,0.334,0.429,0.344,550,0.33,Violet
Emerald,1.59,Premium,SI1,59.04,66.45,6.56,8.56,4.79,75.73,4.91,-3.19,0.528,0.2,0.512,700,0.49,Blue
Sapphire,0.5,Ideal,VVS1,64.54,66.91,6.23,5.06,5.76,77.59,2.63,1.89,0.393,0.244,0.174,450,0.59,White
Topaz,4.32,Premium,SI1,62.5,52.37,6.51,8.32,5.7,,4.62,4.56,0.141,0.233,0.431,500,0.52,Red
Amethyst,1.71,Ideal,SI1,55.71,67,8.69,4.83,5.75,72.19,4.09,0.68,0.172,0.402,0.208,700,0.34,Blue
Emerald,1.14,Ideal,IF,59.28,50.24,5.73,5.17,2.08,64.02,2.16,2.18,0.519,0.354,0.389,500,0.38,Violet
Emerald,2.68,Very Good,IF,64.88,67.11,6.86,8.72,5.09,76.64,1.63,-3,0.454,0.361,0.567,600,0.3,White
Sapphire,4.57,Very Good,SI2,59.53,55.3,7.25,7.09,6.49,75.43,1.78,3.16,0.401,0.583,0.511,650,0.63,White
Diamond,0.41,Good,VS1,61.29,61.56,9.6,5.11,5.27,71.64,3.1,3.56,0.565,0.185,0.532,550,0.33,FaintYellow
Ruby,3.88,Good,VS1,62.01,50.19,7.58,7.9,3.2,66.35,2.59,3.85,0.487,0.21,0.288,500,0.53,Blue
Diamond,2.95,Very Good,SI1,61.64,64.63,3.91,9,4.54,79.66,4.83,3.66,0.489,0.389,0.273,550,0.45,Green
Sapphire,2.24,Very Good,VS1,,58.63,7.08,6.9,4.15,72.93,2.66,-1.89,0.534,0.355,0.228,700,0.4,LightYellow
Amethyst,3.77,Ideal,SI2,56.33,66.92,7.63,4.53,4.07,74.77,1.39,0.28,0.394,0.327,0.248,550,0.65,FaintYellow
Diamond,4.84,Good,VS1,62.08,61.11,3.07,7.06,5.25,77.61,1.48,-1.91,0.476,0.322,0.443,400,0.54,Red
Sapphire,1.3,Very Good,VVS1,64.33,66.69,3.53,7.1,2.57,76.47,4.62,3.78,0.124,0.411,0.568,550,0.45,
Amethyst,0.89,Premium,VVS1,64.42,62.23,3.13,7.42,2.54,76.42,3.07,4.08,0.447,0.494,0.494,500,0.44,Green
Ruby,4.58,Premium,,60.93,64.92,3.34,8.47,4.28,65.08,4.78,1.74,0.535,,0.202,700,0.44,Violet
Amethyst,3.41,Good,VVS2,59.92,,3.63,9.87,6.38,66.32,4.8,-2.8,0.566,0.352,0.207,550,0.51,Green
Amethyst,2.3,Premium,SI1,58.34,54.93,9.7,3.77,2.28,67.85,4.85,-3.87,0.168,0.466,0.303,550,0.61,Green
Diamond,2.95,Ideal,VS1,56.04,61.55,4.45,4.34,3.67,78.34,4.69,4.04,0.599,0.313,0.595,450,0.54,LightYellow
Sapphire,3.78,Good,VVS2,63.83,67.48,4.43,8.7,4.29,61.14,4.55,-1.44,0.418,0.215,0.141,500,0.67,White
Amethyst,3.91,Very Good,VS2,56.37,67.58,9,6.7,2.01,65.18,3.48,1.5,0.236,0.184,0.274,650,0.45,FaintYellow
Ruby,4.62,Premium,SI1,57.88,57.69,8.27,8.22,3.33,68.86,4.81,3.17,0.242,0.135,0.187,600,0.6,White
Amethyst,2.25,Ideal,SI2,62.4,56.5,7.73,5.91,2.5,74.3,4.18,1.69,0.461,0.45,0.175,500,0.39,LightYellow
Sapphire,1.61,Very Good,VS2,62.05,63.08,5.95,8.87,5.17,63.24,3.72,4.89,0.245,0.237,0.513,500,0.68,LightYellow
Sapphire,3.27,Fair,VVS1,61.81,65.57,3.22,5.95,3.98,70.15,4.58,0.74,0.308,0.367,0.578,500,0.33,Red
Topaz,2.2,Ideal,VS2,62.42,50.71,8.79,9.63,4.8,66.7,4.23,0.6,0.529,0.421,0.33,650,0.4,
Sapphire,3.05,Premium,VVS1,60.42,51.87,9.03,5.74,4.71,64.33,2.53,1.16,0.255,0.46,0.226,650,0.67,Red
Topaz,2.22,Ideal,SI2,56.55,65.57,6.37,4.97,3.61,61.23,2.12,0.34,0.562,0.12,0.298,450,,LightYellow
Emerald,0.93,Fair,SI1,64.98,58.74,7.51,3.71,2.16,76.44,1.6,2.77,0.429,0.237,0.343,650,0.32,Red
Topaz,2.45,Fair,SI1,63.92,63.35,6.34,8.94,3.2,73.69,4.8,4.38,0.183,0.241,0.526,650,0.6,Red
Emerald,3.52,Ideal,SI2,59.31,66.41,5.07,9.65,4.17,65.62,1.34,4.05,0.223,0.332,0.306,650,0.54,Blue
Amethyst,4.04,Very Good,SI2,60.3,65.14,6.78,9.26,2.91,67.78,4.08,-0.06,0.289,0.339,0.211,600,0.38,Red
Emerald,2.57,Very Good,VS1,58.94,66.19,7.82,8.32,6.22,70.96,2.55,4.27,0.551,0.214,0.316,650,0.45,LightYellow
Ruby,0.99,Fair,VVS2,61.38,60.28,4.08,6.03,3.86,66.42,2.87,-3.55,0.383,0.188,0.264,550,0.66,Blue
Diamond,2.19,Good,VVS1,62.31,53.16,6.72,5.16,3.58,63.75,1.48,,0.123,0.519,0.386,500,0.64,White
,3.97,Good,IF,57.32,59.47,8.43,4.99,2.48,64.21,1.47,0.09,0.438,0.349,0.114,550,0.39,Violet
Emerald,2.18,Very Good,,59.33,69.27,6.33,8.32,,77.01,2.4,-2.89,0.2,0.174,0.319,450,0.42,Violet
Sapphire,3.54,Good,IF,61.4,56.11,4.1,5.41,4.6,,3.85,4.83,0.166,0.334,0.395,450,0.38,Green
Sapphire,2.63,Very Good,VS1,64.88,58.39,9.09,8.5,5.69,69.43,2.07,4.59,0.281,0.507,0.584,700,0.46,Violet
Topaz,1.36,Premium,SI2,58.25,65.31,7.72,9.88,5.48,67.75,3.79,-4.98,,0.26,0.358,700,0.68,White
Ruby,4.02,Very Good,VVS2,62.45,51.52,7.43,4.32,5.08,74.45,4.99,0.38,0.595,0.189,0.116,500,0.56,LightYellow
Diamond,0.6,Premium,VVS1,58.47,65.14,7.56,3.8,6.2,76.59,2.7,-3.48,0.575,0.481,0.347,550,0.37,Red
Emerald,2.72,Fair,VS1,55.92,55.48,4.72,3.84,3.09,74.41,4.74,-1.6,0.151,0.114,0.432,550,0.68,Violet
Emerald,1.2,Good,VVS2,62.7,55.35,6.45,3.41,3.06,69.69,,-1.68,0.34,0.385,0.559,400,0.52,Violet
Amethyst,0.52,Fair,IF,61.49,61.65,5.28,7.84,2.21,64.01,2.25,-1.56,0.275,0.456,0.322,500,0.49,Red
Diamond,2.61,Ideal,VVS1,60.14,55.11,8.83,7.15,5.17,70.84,3.4,0.75,0.167,0.33,0.321,650,0.51,Blue
Diamond,2.6,Ideal,VVS2,61.75,62.82,7.12,6.95,5.61,74.53,1.86,0.14,0.193,0.113,0.394,600,0.59,Green
Sapphire,,Fair,VS2,63.79,68.18,,7.07,3.17,68.27,2.49,-0.36,0.368,0.519,0.133,500,0.67,Green
Diamond,3.77,Very Good,VVS1,62.57,58.09,7.62,3.49,5.56,79.82,2.81,0.22,0.221,0.452,0.111,600,0.32,Green
Ruby,3.69,Very Good,VS2,63.58,68.87,6.39,5.04,5.19,78.7,3.7,0.98,0.224,0.119,0.23,600,0.65,Green
Amethyst,2.17,Good,SI1,57.9,68.85,8.63,4.86,4.43,78.65,1.87,,0.406,0.322,0.386,700,0.31,LightYellow
Amethyst,3.23,Fair,SI1,63,54.15,7.31,6.35,,71.87,2.41,3.15,0.182,0.262,0.126,700,0.52,Blue
Diamond,2.97,Ideal,SI1,58.6,58.64,4.59,9.15,5.17,71.06,4.82,0.52,0.296,0.572,0.574,550,0.56,White
Sapphire,2.22,Fair,VS1,55.21,69.8,5.04,9.81,6.49,70.68,2.06,-2.36,0.213,0.335,0.564,600,0.69,Green
Sapphire,3.07,Fair,VVS2,55.43,52.57,8.79,7.28,3.44,69.39,3.94,-3.28,0.3,0.161,0.465,700,0.65,Violet
Diamond,4.75,Good,SI1,62.3,59.51,9.59,4.73,2.33,63.22,4.48,2.66,0.24,0.1,0.208,600,0.38,Green
Emerald,1.13,Very Good,SI2,57.72,58.64,6.84,5.66,5.15,77.54,3.69,0.26,0.418,0.372,0.569,650,0.31,Violet
Ruby,4.55,Ideal,VVS2,58.08,66.2,5.7,5.28,2.13,76.35,4.15,-3.15,0.222,0.241,0.594,400,0.5,Red
Amethyst,0.46,Good,VVS2,61.23,53.24,7.38,4.43,6.03,74.86,4.94,3.38,0.216,0.255,0.527,700,0.53,Violet
Diamond,1.68,Ideal,VVS2,62.42,54.43,6.38,9.85,6.38,73.8,2.33,2.01,0.151,0.521,0.54,600,0.58,Violet
Sapphire,,Ideal,VVS1,60.59,53.51,8.89,3.92,5.27,69.33,2.03,-1.73,0.16,0.238,0.536,450,0.53,FaintYellow
Emerald,3.21,Very Good,SI2,,53.33,8.83,6.96,3.54,79.91,2.8,-2.22,0.511,0.371,0.163,600,0.35,Green
Diamond,0.83,Very Good,VS2,64.41,55.16,6.19,8.59,3.02,68.82,3.55,-2.8,0.471,0.345,0.329,700,0.64,FaintYellow
Ruby,4.44,Good,VS2,63.54,60.56,8.63,9.58,2.5,65.25,1.43,-4.29,0.166,0.257,0.237,650,0.48,Red
Topaz,4.18,Premium,VS1,57.41,64.14,4.35,4.41,2.03,66.67,1.21,4.44,0.47,0.394,0.487,450,0.37,White
Emerald,3.33,Good,SI1,64.07,,5.62,4.35,3.94,74.3,1.55,4.57,0.327,0.423,0.167,700,0.59,Red
Diamond,2.4,Good,VS1,57.97,58.92,3.56,6.48,4.91,66.02,1.67,-0.96,0.263,0.234,0.472,550,0.62,Violet
Emerald,4.68,Premium,VVS2,61.61,65.85,8.65,5.69,3.69,73.37,1.16,-4.07,0.343,0.216,0.362,500,0.69,LightYellow
Sapphire,4.19,Ideal,IF,63.75,60.5,9.83,4.75,3.97,74.21,3.37,-1.59,0.196,0.252,0.252,450,0.31,
Amethyst,2.6,Fair,IF,61.23,61.8,7.04,3.66,5.08,78.1,3.32,-1.4,0.206,0.247,0.438,650,0.35,LightYellow
Emerald,3.57,Premium,SI2,63.06,60.36,8.37,5.55,3.84,69.2,2.92,-2.4,0.362,0.22,0.121,550,0.66,FaintYellow
Diamond,2.92,Fair,VVS2,64.27,65.79,5.81,4.97,5.48,69.79,1.52,-4,0.463,0.586,0.103,600,0.42,LightYellow
Ruby,3.02,Ideal,SI1,64.67,53.67,6.93,4.2,4.89,61.38,4.79,-3.98,0.495,0.277,0.135,600,0.35,Green
Diamond,1.79,Premium,VS2,59.11,69.63,5.43,5.58,5.02,63.51,3.82,4.39,0.576,0.103,0.359,650,0.66,Blue
Topaz,2.42,Very Good,VS1,64.93,67.59,7.88,3.57,4.79,65.05,1.41,2.95,0.258,0.442,0.551,450,0.56,Blue
Amethyst,0.57,Good,VVS1,57.72,58.01,4.72,9.42,2.54,78.64,3.31,-2.67,0.301,0.218,0.342,700,0.44,LightYellow
Amethyst,1.92,Premium,IF,59.62,58.3,4.07,7.19,5.08,72.82,1.16,2.13,,0.301,0.486,500,0.5,White
Topaz,3.54,Premium,SI2,62.61,66.98,9.29,6.35,4.67,78.04,2.62,-4.44,0.32,0.456,0.482,500,0.65,Green
Emerald,4.78,Ideal,VS1,64.7,58.91,9.05,3.91,4.58,66.24,4.23,-2.47,0.535,0.341,0.512,550,0.6,LightYellow
Diamond,4.82,Very Good,IF,55.53,60.16,8.84,8.44,4.69,66.59,3.13,1.89,0.315,0.457,0.283,450,0.49,FaintYellow
Diamond,2.87,Premium,VS2,64.46,64.92,8.75,3.53,6.44,69.97,1.38,1.24,0.192,0.568,0.151,500,0.66,FaintYellow
Topaz,3.11,Very Good,VS2,64.99,57.76,8.11,9.9,3.96,73.19,4.39,1.25,0.179,0.122,0.133,550,0.68,LightYellow
Topaz,1.09,Fair,VVS2,64.1,59.08,9.12,8.9,2.48,62.94,1.3,-1.26,0.494,0.144,0.216,600,0.58,White
Topaz,3.54,Premium,VVS2,56.08,50.74,4.47,6.3,4.31,,2.95,-1.78,0.37,0.288,0.517,650,0.65,Blue
Emerald,0.54,Very Good,IF,63.41,52.66,9.09,7.7,2.67,76.05,3.06,-1.06,0.397,0.168,0.246,600,0.55,Violet
Ruby,1.57,Good,IF,61.4,59.17,9.42,3.62,5.63,77.25,4.09,-2.14,0.394,0.394,0.215,500,0.59,Red
,3.41,Ideal,VS1,55.1,50.91,8.01,6.42,3.12,60.14,4.94,-4.15,0.37,0.584,0.261,700,0.64,LightYellow
Sapphire,1.69,Very Good,VVS2,64.84,,7.2,8.74,6.48,74.19,2.6,-2.99,0.114,0.457,0.344,550,0.38,Green
Topaz,0.44,Ideal,SI2,56.51,58.74,4.65,3.55,2.8,67.17,3.56,-4.54,0.294,0.459,0.515,450,0.34,Red
Topaz,4.19,Premium,SI2,58.97,52.03,9.06,4.52,3.7,66.87,3.08,-3.29,0.381,0.235,0.381,700,0.31,Violet
Emerald,1.69,Premium,VS2,55.3,51.31,7.04,8.44,2.66,71.14,1.32,-2.16,0.555,0.394,0.181,650,0.4,Green
Sapphire,0.5,Fair,SI1,58.1,50.33,7.27,6.21,3.89,75.1,4.19,-1.53,0.234,0.413,0.159,650,0.4,
Amethyst,0.56,Ideal,VS1,60.68,59.71,7.25,7.65,4.18,78.56,3.09,4.4,0.169,0.552,0.313,500,0.66,Green
Ruby,1.41,Good,VS1,64.31,52.94,9.07,8.73,5.35,60.21,3.43,3.05,0.372,0.441,0.156,650,0.51,Violet
Ruby,1.05,Good,VVS1,64.9,63.77,3.96,4.02,2.01,65.33,2.35,0.11,0.255,0.447,0.258,600,0.44,Violet
Topaz,3.92,Very Good,SI2,59.23,59.86,3.43,6.28,3.04,67.75,4.66,1.59,0.443,0.158,0.509,650,0.56,White
,,Good,SI1,59.28,50.38,4.57,6.94,3.21,61.57,3.75,-3.28,0.392,0.435,0.242,600,0.52,Blue
Topaz,4.06,Ideal,VS2,56.6,51.18,6.44,7.3,4.7,60.71,2.43,0.41,0.4,0.538,0.197,500,0.55,White
Sapphire,1.03,Premium,VS1,59.98,68.36,6.29,8.93,3.25,79.87,2.99,3.03,0.386,0.237,0.397,450,0.45,Green
Amethyst,2.57,Ideal,SI1,64.4,52.49,6.58,6.33,4.19,72.92,2.22,-3.43,0.586,0.128,0.569,,0.5,Blue
Topaz,3.5,Ideal,,56.65,65.15,3.8,5.22,4.19,65.37,3.56,2.8,0.409,0.254,0.257,700,0.41,Green
Topaz,3.33,Premium,SI1,57.66,54.93,8.55,8.62,5.65,67.51,4.24,-0.54,0.363,0.244,0.26,450,0.59,White
Diamond,3.09,Ideal,VVS2,63.91,56.43,5.11,9.28,5.94,74.14,2.37,-2.99,0.113,0.153,,450,0.45,Blue
Diamond,4.64,Good,VS2,61.26,50.5,9.39,5.51,6.4,62.9,4.27,-4.49,0.161,,0.412,550,0.59,White
Topaz,1.3,Very Good,VVS2,58.31,61.12,8.88,8.08,5.78,68.5,4.71,4.56,0.53,0.513,0.148,700,0.61,Blue
Amethyst,2.57,Very Good,VVS1,63.13,59.34,3.44,4.48,5.95,77.27,2.58,-3.26,0.578,0.545,0.558,600,0.39,Green
Sapphire,4.44,Ideal,SI2,56.09,64.9,3.37,3.63,6.37,65.43,1.92,3.08,0.119,0.516,0.23,500,0.33,Blue
Diamond,0.57,Premium,VS2,63.58,68.11,7.4,5.64,5.72,63.46,4.77,0.38,0.154,0.571,0.106,600,0.42,Violet
Ruby,0.47,Fair,IF,60.18,60.95,3.54,5.85,2.92,77.7,1.22,4.21,0.532,0.564,0.417,700,0.5,Violet
Amethyst,1.32,Ideal,IF,62.57,69.05,7,3.8,5.57,79,2.93,3.22,0.207,0.191,0.379,550,0.68,White
Sapphire,3.24,Ideal,IF,60.18,52.96,3.55,3.72,5.19,77.61,4.12,-2.58,0.131,0.122,0.455,450,0.62,FaintYellow
Emerald,1.45,Fair,SI1,57.46,56.89,6.36,7.94,4.5,78.45,1.18,4.9,0.531,0.177,0.263,400,0.39,Blue
Topaz,1.11,Very Good,VS1,61.41,66.6,5.93,8.03,2.79,68.15,3.56,-1.09,0.488,0.324,0.492,600,0.63,Blue
Topaz,2.4,Very Good,SI1,56.55,61.07,7.14,3.51,2.22,69.37,4.36,3.14,0.412,0.525,0.362,450,0.39,FaintYellow
Emerald,3.15,Fair,SI1,57.3,60.94,5.49,6.55,2.98,72.41,2.19,4.85,0.144,0.359,0.382,500,0.38,Green
Ruby,1.39,Premium,SI1,60.49,59.21,3.98,6.92,5.95,61.17,2.24,-1.94,0.416,0.55,0.589,700,0.41,Violet
Emerald,1.64,Ideal,SI1,58.9,50.37,8.89,6.49,3.21,73.64,1.14,2.46,0.201,0.134,0.519,550,0.44,Violet
Sapphire,3.15,Good,SI2,62.45,51.61,5.1,9.85,4.01,70.85,,-3.27,0.494,0.568,0.244,500,0.45,LightYellow
Ruby,4.74,Very Good,IF,60.84,51.79,3.47,6.2,6.49,78.75,1.25,0.96,0.434,0.541,0.422,650,0.32,FaintYellow
Topaz,3.44,Very Good,VS1,58.81,53.79,6.5,6.82,4.29,70.88,1.01,-0.87,0.46,0.439,0.436,450,0.53,Green
Sapphire,3.96,,VS1,58.27,51.89,9.14,5.17,5.45,79.82,1.51,-1.73,0.32,0.205,0.265,400,,Blue
,1.96,Premium,VVS1,64.13,52.13,4.97,4.77,5.58,79.39,2.74,-4.05,0.291,0.57,0.187,650,0.64,Green
Sapphire,,Fair,IF,55.4,62.74,,8.73,5.96,68.03,3.99,-3.36,0.241,0.209,0.214,550,0.54,Green
Sapphire,2.38,Premium,VS2,61.91,52.37,5.82,9.5,3.5,60.69,3.7,4.44,0.574,0.572,0.322,450,0.62,LightYellow
Sapphire,4.07,Very Good,SI1,58.92,59.3,3.34,5.25,2.69,76.15,2.25,1.19,0.155,0.568,0.409,600,0.61,Blue
Diamond,2.39,Ideal,VS1,58.77,51.26,9.08,8.93,6,77.05,2.28,-3.47,0.308,0.505,0.132,400,0.41,Green
Diamond,4.26,Very Good,VVS1,61.52,55.39,8.31,5.95,4.74,71.06,3.63,-0.21,0.497,0.544,0.251,550,0.42,Violet
Amethyst,4.95,Ideal,VS1,63.5,68.49,3.67,6.67,4.68,74.65,3.83,2.35,0.402,0.372,0.459,650,0.6,Green
Diamond,0.55,Ideal,VS2,62.24,50.62,3.93,4.25,4.56,69.54,3.89,3.05,0.557,0.456,0.469,550,0.33,Green
Topaz,0.42,Very Good,VS2,61.7,67.54,3.07,7.09,2.16,72.66,1.63,2.34,0.476,0.111,0.578,700,0.66,Blue
Ruby,0.92,Very Good,IF,59.96,65.19,9.9,9.67,3.12,70.24,1.26,-3.41,0.356,0.109,0.391,700,0.66,FaintYellow
Topaz,2.04,Ideal,SI2,59.69,68.42,5.91,3.35,5.03,69.6,3.02,4.25,0.512,0.567,0.452,700,0.49,Violet
Sapphire,0.83,Premium,VS1,59.61,65.74,9.51,4.83,2.15,76.4,2.59,-0.03,0.556,0.238,0.448,650,0.58,Green
Emerald,4.38,Premium,SI2,56.45,66.52,5.94,7.86,4.73,63.59,4.72,1.95,0.411,0.511,0.462,650,0.34,FaintYellow
Emerald,0.31,Premium,VS2,60.6,52.15,3.73,4.88,2.23,68.49,1.02,-2.18,0.214,0.301,0.35,600,0.52,LightYellow
Diamond,1.72,Good,VVS2,58.15,66.71,5.4,5.58,2.04,73.48,4.24,1.36,0.459,,0.593,500,0.69,FaintYellow
Amethyst,1.09,Ideal,VS2,61.18,59.54,5.93,5.03,6.01,79.71,4.97,0.27,0.141,0.164,0.433,450,0.67,Blue
Diamond,4.67,Good,VS2,60.34,57.03,4.24,9.77,6.1,71.43,4.4,-3.01,0.36,0.185,0.158,450,0.39,FaintYellow
Sapphire,3.41,Good,VS1,64.4,53.08,3.37,6.41,3.31,71,4.26,3.99,0.143,0.424,0.483,700,0.57,Green
Ruby,4.58,Ideal,SI1,59.35,50.01,5.22,3.94,5.89,70.16,1.09,1.37,0.118,0.1,,450,0.43,White
Topaz,4.87,Good,VS2,61.64,62.85,6.78,3.86,2.34,61.04,4.46,-1.66,0.237,0.278,0.268,550,0.47,FaintYellow
Amethyst,2.59,Ideal,VVS1,60.93,64.52,4.79,5.17,3.85,73.02,3.34,1.08,0.503,0.142,0.539,650,0.61,White
Amethyst,1.32,Fair,SI1,61.84,57.76,9.71,5.81,4.14,79.28,3.62,3.68,0.442,0.231,0.341,600,0.67,Red
Sapphire,1.13,Fair,VS2,57.67,53.28,6.37,5.02,3.84,74.45,2.59,0.55,0.14,0.516,0.409,550,0.4,FaintYellow
Emerald,1.27,Ideal,VVS2,57.57,52.89,3.91,6.85,3.57,66.39,4.78,-0.81,0.284,0.566,0.572,650,0.64,LightYellow
Diamond,3.6,Ideal,VS2,60.6,53.36,5.89,9.1,4.75,,3.09,1.47,0.481,0.317,0.402,550,0.67,FaintYellow
Ruby,0.39,Ideal,IF,63.49,51.12,7.95,8.52,5.04,70.08,3.47,-1.6,0.27,0.51,0.492,650,0.58,LightYellow
Topaz,0.45,Premium,VS1,62.2,57.19,6.41,7.05,6.31,73.33,1.84,0.51,0.574,0.108,,600,0.45,LightYellow
Amethyst,3.12,Ideal,VVS2,59.89,62.32,5.32,8.07,,79.95,3.23,-0.72,0.594,0.486,0.344,700,0.59,Red
Sapphire,3.28,Very Good,VVS1,57.55,58.94,3.74,7.64,6.05,72.19,1.88,-2.75,0.112,0.584,0.328,400,0.58,Red
Diamond,,Fair,SI2,62.59,52.51,6.22,3.46,5.59,60.39,1.46,-3.26,0.327,0.44,0.224,400,0.57,Violet
Amethyst,1.99,Fair,VS2,64.26,66.32,3.68,7.44,3.27,65.07,3.06,-0.15,0.362,0.478,0.312,600,0.7,Green
Ruby,4.07,Ideal,VS2,57.13,55.74,5.6,9.1,2.9,68.47,,-2.78,0.564,0.508,0.146,400,0.47,White
Diamond,,Fair,SI2,62.99,62.05,3.81,8.81,2.52,61.4,4.51,1.03,0.298,0.282,0.421,500,0.35,Red
Emerald,0.71,Ideal,SI2,56.72,54.91,7.73,6.29,3.91,69.25,4.75,4.14,0.139,0.15,0.216,450,0.38,LightYellow
Emerald,4.03,Ideal,,64.01,61.9,8.41,5.28,4.48,69.04,4.75,-0.43,0.28,0.315,0.537,650,0.61,Red
Emerald,4.77,Fair,VVS1,61.42,52.59,4.7,5.64,4.56,77.54,4.87,3.75,0.349,0.119,0.151,700,0.49,Green
Emerald,,Fair,SI2,56.81,63.11,3.52,6.96,3.88,65.77,3.89,4.35,0.197,0.439,0.181,650,0.34,Red
Emerald,2.08,Very Good,VS2,55.36,61.46,5.43,5.87,5.08,68.16,1.45,0.99,0.299,0.533,0.114,700,0.31,
Amethyst,2.54,Good,SI2,61.95,60.39,6.92,5.44,5.19,64.72,3.47,0.84,0.129,0.536,0.23,400,0.47,Green
Topaz,0.9,Very Good,IF,61.06,54.34,8.38,3.83,4.32,75.99,3.44,2.03,0.573,0.527,0.179,450,0.6,White
Emerald,4.37,Very Good,SI1,61.11,60.58,5.82,3.74,4.48,75.82,1.43,-3.6,0.407,0.281,0.171,600,0.38,Red
Amethyst,1.56,Fair,SI1,59.82,67.94,5.56,3.21,2.88,78.9,3.81,1.1,0.565,0.404,0.341,,0.31,
Sapphire,3.96,Very Good,VVS2,61.14,52.51,9.36,9.96,4.49,76.64,2.66,0.59,0.48,0.293,0.141,500,0.69,
,3.42,Fair,VS2,63.73,64.07,6.15,5.54,2.34,76.13,1.28,-2.73,0.348,0.111,0.245,650,0.35,Blue
Emerald,3.07,Premium,VVS1,64.52,52.27,6.13,3.51,4.57,64.72,4.74,2.04,0.243,0.275,0.339,450,0.38,White
Diamond,1.12,Ideal,SI2,58.45,56.76,5.87,6.97,4.89,73.67,1.77,3.02,0.394,0.56,0.276,400,0.56,Violet
Sapphire,1.26,Good,VVS1,59.88,63.68,5.54,7.73,6.42,60.84,1.5,-2.74,0.334,0.349,0.411,650,0.46,FaintYellow
Amethyst,0.43,Premium,VVS2,57.73,61.2,8.1,7.77,3.91,60.44,1.81,-4.7,0.104,0.45,0.28,500,0.67,Green
Diamond,1.36,Ideal,IF,59.12,63.57,4.97,9.79,4.23,66.08,4.06,0.21,0.418,0.507,,,0.68,Red
Diamond,1.86,Ideal,VVS2,62.96,69.27,5.65,4.49,4.03,77.38,4.08,-3.26,0.523,0.135,0.555,450,0.57,FaintYellow
Diamond,,Good,VS2,59.25,69.39,4.98,9.26,3.17,65.51,1.34,-4.69,0.547,0.28,0.346,400,0.47,Green
Emerald,1.96,Very Good,SI1,58.92,68.3,6.99,9.34,2.42,78.58,3.05,-0.82,,0.591,0.559,700,0.37,Red
Emerald,3.82,Ideal,IF,63.5,59.9,9.72,6.2,4.88,64.41,3.76,0.6,0.329,0.111,0.357,500,0.34,White
Diamond,2.31,Good,IF,55.01,56.82,5.73,9.67,2.32,60.95,3.73,2.53,0.307,0.594,0.283,700,0.57,
Amethyst,3.97,Fair,VVS1,63.52,55.59,9.78,4.41,3.94,71.88,3.68,-1.35,0.32,0.494,0.466,650,0.31,Red
Sapphire,4.89,Ideal,IF,56.81,61.51,7.6,5.38,2.05,,2.7,-2.87,0.532,0.156,0.12,400,0.55,FaintYellow
Sapphire,1.35,Ideal,VS2,57.75,59.07,8.57,8.32,6.23,71.4,2.64,-1.72,0.36,0.365,0.326,700,0.52,FaintYellow
Topaz,4.34,Very Good,SI2,58.62,69.89,5.33,9.62,5.14,70.11,4.68,0.01,0.137,0.57,0.171,400,0.45,LightYellow
Emerald,3.18,Very Good,VS2,63.81,60.71,4.57,3.55,3,68.78,4.81,1.71,0.334,0.496,0.246,550,0.33,Green
Amethyst,4.12,Fair,SI2,64.09,56.58,7.04,,,74.32,1.71,1.36,0.503,0.491,0.522,650,0.7,Red
Ruby,3.33,Ideal,VS2,61.61,62.72,9.94,9.6,3.45,79.31,4.98,0.29,0.224,0.468,0.228,700,0.59,White
Sapphire,2.23,Very Good,SI1,59.39,50.87,7.97,3.72,4.34,66.28,1.55,-2.45,0.458,0.121,0.316,700,0.58,Green
Topaz,1.29,Good,VS1,60.16,52.22,7.77,4.28,4.84,66.86,4.15,0.62,0.219,0.4,0.204,550,0.59,Blue
Diamond,0.54,Ideal,IF,60.8,63.27,6.15,,2.34,61.34,1.42,1.89,0.429,0.252,0.366,450,0.61,Violet
Diamond,2.77,Good,IF,64.54,52.47,9.16,7.42,4.97,63.3,3.5,3.95,0.356,0.197,0.154,700,0.33,FaintYellow
Sapphire,4.95,Premium,VS2,64.69,65.11,7.88,5.09,2.33,70.52,3.22,-4.97,0.34,0.288,0.4,500,0.35,LightYellow
Topaz,3.74,Fair,SI2,63.47,51.24,7.72,9.56,6.11,66.31,4.99,0.83,0.444,0.494,0.42,700,0.53,Violet
Emerald,1.77,Very Good,VVS1,60.84,61.88,5.05,5.71,4.24,76.39,3.07,1.22,0.34,0.163,0.223,700,0.41,LightYellow
Diamond,4.17,Premium,SI1,58.91,63.57,9.7,5.39,6.2,72.44,3.53,-2.87,0.443,0.26,0.251,650,0.65,Blue
Topaz,3.89,Very Good,IF,57.3,65.59,4.75,8.89,4.89,74.63,3.88,0.6,0.572,0.277,0.536,550,0.69,White
Amethyst,1.55,Premium,VS1,60.34,67.71,6.67,6.93,3.81,68.83,3.9,2.44,0.249,0.163,0.336,550,0.61,Red
Emerald,0.27,Very Good,IF,58.46,56.24,5.38,6.09,5.52,61.99,3.55,3.32,0.114,0.168,0.307,600,0.33,White
Emerald,0.77,Fair,VVS2,55.73,64.38,4.27,6.81,2.31,71.25,4.14,1.59,0.369,0.208,0.373,600,0.49,Blue
Emerald,4.41,Ideal,VS1,59.76,51.61,4.01,8.02,4.64,65.18,3.93,4.75,0.241,,0.439,700,0.49,FaintYellow
Topaz,4.22,Good,VVS1,60.71,66.6,5.05,3.58,3.16,70.45,2.47,3.33,0.364,0.311,0.455,500,0.5,Red
Diamond,1.62,,VS1,61.11,67.8,7.82,5.34,5.79,62.23,1.49,-1.05,,0.599,0.471,400,0.57,FaintYellow
Ruby,1.57,Good,VS1,55.74,64.97,,9.02,,75.58,4.61,3.7,0.386,0.179,0.22,550,0.35,Violet
Amethyst,4.01,Good,IF,59.83,55.63,8.97,,4.63,67.99,1.04,-2.88,0.421,0.136,0.294,550,0.57,Green
Topaz,4.7,Very Good,VS1,61.56,51.25,4.53,3.52,3.17,73.3,1.81,2.05,0.294,0.583,0.56,450,0.62,Violet
Diamond,3.94,Ideal,VS2,64.61,58.43,3.55,6.22,3.75,69.85,3.2,-3.32,0.359,0.442,0.343,700,0.39,FaintYellow
Emerald,3.11,Very Good,SI1,55.25,55.41,7.81,5.16,4.79,69.34,4.15,4.72,0.335,0.179,0.141,700,0.48,Red
Emerald,1.36,Good,VS1,61.76,60.6,3.21,8.55,3.91,67.64,1.85,,0.218,0.498,0.256,600,0.32,Blue
Sapphire,2.72,Fair,IF,55.62,57.88,9.01,4.01,5.5,69.66,3.54,2.45,0.344,0.299,0.556,500,0.33,FaintYellow
Diamond,1.32,Ideal,VS2,56.59,52.72,8.78,4.01,3.66,72.25,2.51,1.17,0.534,0.46,0.102,600,0.5,FaintYellow
Amethyst,4.08,Ideal,VVS1,56.73,66.73,8.56,8.19,4.27,64.48,1.01,-0.62,0.263,0.295,0.139,450,0.63,Blue
Ruby,2.06,Good,VVS2,58.29,,6.87,9.91,2.85,74.29,3.86,-1.51,0.418,0.423,0.361,550,0.4,Blue
Ruby,4.2,Very Good,VS1,63.31,66.26,9.81,5.73,5.14,69.71,3.5,-2.19,0.156,0.449,0.502,400,0.52,Blue
Sapphire,2.03,Fair,VS2,63.56,54.21,6.21,9.04,5.89,72.34,1.22,2.91,0.122,0.122,0.539,600,0.34,Blue
Ruby,4.16,Premium,VS2,58.75,58.57,9.91,5.79,3.65,69.45,4.48,-2.69,0.591,0.195,0.513,550,0.61,
Emerald,1.8,Very Good,VVS1,59.31,53.43,9.17,7.6,6.3,63.27,1.68,3.55,0.248,0.393,0.172,400,0.68,Violet
Diamond,2.31,Ideal,VVS1,57.17,63.3,3.89,6.41,2.17,66.56,4.22,2.56,0.513,0.123,0.182,600,0.43,White
Amethyst,3.15,Very Good,VVS2,59.33,66.1,9.26,8.2,2.99,66.81,2.61,,0.554,0.241,0.552,550,,Violet
Diamond,0.54,Premium,VVS2,57.75,61.63,5.13,3.4,3.86,68.1,1.87,1.42,0.288,0.538,0.455,700,0.33,Blue
,4.75,Fair,IF,56.75,60.92,8.38,6.85,3.91,66.38,3.34,3.09,0.105,0.487,0.542,700,0.41,White
Diamond,2.95,Fair,VVS2,56.58,64.3,3,9.99,5.57,73.49,2.8,-4.83,0.262,0.493,0.472,650,0.51,White
Topaz,2.64,Premium,VVS2,62.76,52.27,4.93,8.26,5.99,79.88,4.6,-2.29,0.531,0.116,0.109,650,0.48,FaintYellow
Ruby,4.23,Premium,SI2,56.17,54.95,8.31,4.61,3.36,74.12,3.58,4.71,0.535,0.325,0.564,400,0.38,FaintYellow
Ruby,4.36,Good,VS2,61.16,56.27,9.81,5.14,4.87,79.18,4.28,-0.94,0.559,0.525,0.532,550,0.62,White
Sapphire,2.71,Ideal,VS1,56.67,60.65,4.2,7.82,4.48,74.77,1.17,1.97,0.507,0.224,0.427,450,0.37,Violet
Emerald,4.65,Good,SI2,63.38,69.52,6.22,4.04,2.8,71.73,2.9,-3.18,0.186,0.564,0.231,500,0.41,Green
Emerald,0.51,Very Good,SI2,57.74,67.26,7.11,3.05,3.47,74.11,2.3,-1.3,0.336,0.11,0.2,500,0.39,White
Ruby,0.74,Premium,SI2,55.45,54.94,9.67,8.41,2.09,76.33,1.64,3.03,0.318,0.484,,450,0.33,Red
Emerald,3.06,Good,VS1,59.52,54.66,6.17,7.2,3.37,76.67,4.9,-0.33,0.35,0.112,0.193,550,0.39,White
Diamond,1.9,Ideal,SI1,65,58.71,9.53,7.71,2.47,62.56,3.76,3.99,0.395,0.275,0.532,600,0.4,White
Ruby,2.43,Ideal,VVS2,63.13,69.49,9.85,3.15,6.04,72.51,2.24,-4.83,0.287,0.597,0.533,550,0.38,Green
Ruby,1.77,Premium,SI2,60.7,53.05,9.59,5.65,6.05,63.2,2.73,0.48,0.44,0.392,0.134,600,0.3,White
Diamond,2.14,Good,SI1,56.89,69.14,8.24,6.72,5.06,74.6,3.06,3.04,0.116,0.526,0.238,650,0.59,White
Emerald,4.15,Fair,SI1,,53.81,3.88,7.88,6.47,60.11,1.06,-0.93,0.463,0.282,0.527,650,0.51,LightYellow
Topaz,3.05,,IF,63.39,67.73,7.22,8.91,4.61,72.83,4.1,-2.25,,0.56,,700,0.51,Violet
Amethyst,4.99,Very Good,IF,62.88,66.61,8.27,5.01,2.9,60.98,4.23,-2.5,0.177,0.297,0.409,400,0.51,Violet
Emerald,3.98,Good,VS1,59.62,67.65,9.68,9.35,5.98,78.02,3.9,-1.32,0.393,0.253,0.48,500,0.53,FaintYellow
Emerald,1.51,Good,VVS1,59.21,,8.45,7.71,2.94,74.88,2.51,2.42,0.132,0.508,0.498,650,0.43,LightYellow
Topaz,1.47,Premium,VS2,62.49,54.36,6.77,5.79,3.2,78.42,1.4,-3.22,0.426,0.454,0.377,650,0.56,Red
Ruby,1.81,Good,VVS2,60.36,65.57,4.44,7.63,4.96,69.7,1.02,0.88,0.382,0.576,0.557,600,0.65,Violet
Emerald,4.25,Good,VS2,59.04,63.64,6.2,,2.58,60.06,2.75,-4.78,0.594,,0.454,450,0.36,LightYellow
Sapphire,0.33,Very Good,SI2,57.52,67.58,7.47,4.5,4.74,78.69,4.8,-3.99,0.182,0.595,0.148,700,0.62,Red
Emerald,1.3,Very Good,VVS2,56.23,59.81,5.27,3.04,3.36,65.37,2.86,-2.87,0.546,0.198,0.253,700,0.68,FaintYellow
Emerald,4.54,Fair,VVS2,60.95,58.27,6.2,3.86,4.82,66.69,4.59,0.36,0.313,0.394,0.413,650,0.41,White
Diamond,3.27,Very Good,SI1,63.26,64.52,,9.68,5.59,71.07,3.38,2.68,,0.291,0.511,650,0.46,LightYellow
Diamond,1.29,Fair,VS1,62.46,55.4,9.15,9.01,3.77,64.34,3.49,-3.67,0.483,0.165,0.556,700,0.39,Red
Amethyst,1.25,Very Good,VS2,61.96,66.4,3.24,4.21,3.49,79.2,4.21,0.78,0.588,0.155,0.595,500,0.69,LightYellow
Ruby,,Fair,VS2,64.29,55.72,5.87,7.62,3.49,62.59,2.15,2.19,0.488,0.262,,400,0.38,LightYellow
Amethyst,4.49,Very Good,VVS1,58.95,50.86,6.58,9.41,3.61,66.68,3.12,3.48,0.414,0.251,0.143,600,0.52,White
Ruby,1.43,Very Good,VVS1,56.37,61.03,9.81,9.41,5.53,79.24,1.36,-2.6,0.14,0.261,0.103,450,0.64,White
Ruby,2.22,Premium,VS2,56.02,66.72,9.55,6.95,3.94,79.83,4.82,-3.62,0.309,0.521,0.547,400,0.37,Blue
Amethyst,4.21,Very Good,VVS1,64.55,63.81,7.52,8.06,5.21,72.83,4.98,1.17,0.13,0.317,0.559,700,0.64,Blue
Sapphire,3.9,Fair,VVS1,60.89,69.79,7.09,5.76,5.33,75.69,3.28,-1.33,0.286,0.288,0.487,700,0.37,Blue
Topaz,4.11,Premium,VVS2,63.11,52.81,5.57,3.5,4.4,71.54,4.69,1.21,0.356,0.462,0.192,550,0.49,Green
Amethyst,2.69,Fair,VS1,60.36,56.89,3.29,6.7,4.05,69.28,4.34,-2.54,0.443,0.298,0.596,700,0.31,White
Diamond,4.58,Very Good,SI2,58.98,57.6,4.87,5.23,3.7,66.91,3.1,-2.66,0.242,0.502,0.406,500,0.53,Green
Amethyst,1.76,Very Good,VVS2,57,51.16,8.93,5.85,4.95,64.71,3.48,2.63,,0.472,0.536,500,,Blue
Diamond,0.95,Fair,SI1,,50.86,7.54,4.22,,65.32,3.92,-2.18,0.349,0.348,0.262,500,0.59,LightYellow
Topaz,3.6,Good,VVS1,55.64,50.59,8.7,,3.31,69.74,2.33,4.53,0.334,0.582,0.413,700,0.63,FaintYellow
Emerald,2.79,Premium,VVS2,64,,8.86,9.64,4.4,78.87,2.24,2.37,0.161,0.554,0.34,450,0.69,Green
Ruby,4.3,Premium,VVS2,57.05,66.9,3.44,7.91,4.96,77.4,4.31,4.47,0.408,0.142,0.476,400,0.58,White
Emerald,0.59,Very Good,IF,55.1,64.19,5.36,6.45,4.45,66.55,1.75,1.42,0.282,0.327,0.571,450,0.53,FaintYellow
Topaz,4.25,Premium,VVS2,56.04,58.94,7.73,5.94,,79.04,1.95,2.83,0.567,0.109,0.46,650,0.63,FaintYellow
Ruby,1.61,Fair,VVS2,63.84,55.28,8.97,6.86,6.47,63.15,3.37,-1.14,0.542,0.413,0.297,700,,FaintYellow
Sapphire,3.34,Very Good,VS1,55.74,50.31,8.61,7.56,5.41,,2.59,4.92,0.307,0.187,0.587,700,0.65,FaintYellow
Diamond,0.39,Premium,VS2,58.55,53.51,5.96,3.89,3.1,73.79,1.52,-2.32,0.5,0.138,0.138,500,0.65,Green
Topaz,3.13,Ideal,IF,57.5,57.74,,,5.42,78.84,4.94,-4.15,0.361,0.372,,550,0.58,
Ruby,3.64,Premium,IF,55.37,57.41,5.11,3.04,5.45,64.71,2.89,3.73,0.341,0.167,0.281,650,0.58,Red
Emerald,,Fair,IF,60.31,55.19,5.63,8.92,4.7,66.16,5,0.56,0.453,0.577,0.503,450,0.4,Violet
Diamond,1.23,Premium,SI1,64.98,69.94,4.27,6.52,4.81,,2.81,-0.9,0.501,0.519,0.411,650,0.32,White
Amethyst,2.78,Good,IF,63.53,58.95,4.59,6.04,2.73,66.72,4.14,-1.82,0.418,0.537,0.147,600,0.51,White
Emerald,4.2,Good,VS1,56.69,55.36,3.06,3.85,3.67,76.75,3.82,4.58,0.525,0.38,0.355,600,0.44,Violet
Sapphire,1.75,Very Good,VS2,63.84,58.14,5.16,7.09,4.65,68.32,2.3,4.18,0.189,0.481,0.501,500,0.43,Blue
Topaz,1.41,Good,SI1,59.52,55.59,5.15,3.62,2.35,79.78,1.33,3.67,0.293,0.535,0.396,500,0.49,Blue
Diamond,1.54,Fair,VS1,57.73,57.04,3.47,9.06,6.4,67.93,,1.4,0.278,0.237,0.27,450,0.63,Green
Amethyst,4.76,Ideal,IF,61.4,52.52,5.38,5.12,2.46,74.35,1.15,-2.68,0.499,0.117,0.246,550,0.58,Red
Ruby,1.92,Ideal,VS2,57.17,50.02,5.11,4.21,3.82,67.99,3.63,3.62,0.294,0.283,0.576,500,0.38,Violet
Ruby,0.22,Very Good,VS1,63.8,59.83,8.59,4.76,6.11,64.77,1.26,4.08,0.208,0.23,0.169,450,0.37,FaintYellow
Emerald,3.95,Very Good,VS2,61.24,59.78,4.09,6.73,2.07,63.56,2.18,-1.73,0.564,0.534,0.43,700,0.7,Green
Sapphire,3.56,Good,SI1,56.36,53.14,8.08,6.92,5.07,63.47,1.46,1.35,,0.192,0.595,400,0.56,White
Topaz,0.82,Fair,VS1,60.71,66.65,3.91,5.37,3.75,72.92,3.33,-4.99,0.549,0.294,0.185,400,0.57,Green
Topaz,4.93,Good,SI2,60.1,53.84,6.47,8.52,5.23,61.47,3.81,2.85,0.441,0.541,0.188,400,0.62,LightYellow
Topaz,3.12,Fair,VS2,59.71,65.4,8.15,5.65,4.99,72.77,2.78,2.17,0.426,0.555,0.438,550,0.52,White
Topaz,2.6,Fair,VS1,58.65,53.81,7.25,6.06,4.69,68.31,4.83,-3,0.251,0.151,0.209,550,0.44,LightYellow
Emerald,2.03,Ideal,IF,59.74,55.63,7.52,3.91,5.89,73.26,2.08,-2.56,0.542,0.533,0.132,650,0.52,Blue
Amethyst,4.51,Fair,IF,60.86,55.4,4.44,,2.02,60.44,4.97,-0.22,0.492,0.173,0.298,650,0.56,LightYellow
Diamond,1.37,Premium,,62.34,54.59,8.79,3.71,2.66,62.75,3.34,1.59,0.166,0.392,0.138,450,0.5,FaintYellow
Sapphire,1.57,Fair,SI1,64.18,69.05,9.66,4.03,5.54,77.45,4.44,2.33,0.564,0.548,0.302,700,0.54,LightYellow
Sapphire,,Ideal,SI2,55.44,55.27,4.08,9.3,4.86,80,1.48,-4.79,0.301,0.194,0.546,400,0.68,Green
Diamond,3.84,Good,VS1,60.69,59.7,9.22,7.79,6.17,76.84,4.93,-4.61,0.504,0.403,0.323,500,0.46,Blue
Ruby,3.06,Fair,VS2,62.52,64.7,5.78,7.7,3.98,62.51,4.02,0.82,0.21,0.516,0.374,500,0.56,Violet
Diamond,3.12,Premium,VS2,56.16,56.38,7.89,4.02,4.47,64.02,3.38,-2.81,0.137,0.485,0.307,550,0.58,Green
Amethyst,1.25,Very Good,VVS1,64.11,50.23,6.55,6.64,4.81,63.53,1.02,-0.64,0.522,0.214,0.209,,0.51,Red
Topaz,3.33,Good,VVS2,57.45,65.23,8.55,6.42,2.79,77.36,1.02,-4.8,0.467,0.51,0.241,600,0.31,Green
Ruby,3.87,Very Good,SI2,63.33,55.68,3.32,5.01,2.65,76.54,1.68,-0.1,0.142,0.381,0.122,650,0.69,LightYellow
Diamond,1.92,Premium,SI2,61.62,67.46,5.27,4.89,3.14,68.23,2.63,-4.89,0.156,0.108,0.591,500,0.44,Red
Diamond,4.05,,IF,60.6,59.82,3.33,8.34,3.74,62.48,,4.89,0.338,0.304,0.489,600,0.56,FaintYellow
Diamond,1.87,Ideal,IF,63.69,62.49,9.59,5.09,4.19,77.77,4.4,-3.47,0.316,0.142,0.147,600,0.65,White
Topaz,3.84,Good,IF,64.69,69.02,4.19,7.15,4.09,71.64,4.01,3.07,0.31,0.387,0.516,500,0.63,White
Ruby,0.36,Fair,VVS1,64.97,67.4,,,5.56,79.54,4.57,-1.4,0.566,0.507,0.206,650,0.54,
Emerald,2.85,Fair,VVS1,61.83,65.85,7.49,6.6,2.6,65.64,2.5,-2.45,0.32,0.183,0.244,550,0.59,FaintYellow
Topaz,4.85,,VVS1,58.39,60.61,6.23,7.23,3.66,60.75,4.15,-3.66,0.241,0.141,0.263,400,0.4,Red
Ruby,4.91,Ideal,IF,63.75,53.39,6.76,9.13,6.26,79.65,4.37,3.71,0.399,0.462,0.422,700,0.45,White
Ruby,1.55,Fair,VS2,61.54,66.82,4.43,8.05,5.47,67.06,4.99,-1.78,0.548,,0.583,400,0.69,Blue
Amethyst,2.32,Fair,IF,58.23,51.88,3.47,3.09,,68.96,4.11,2.4,0.48,0.49,0.504,550,0.61,FaintYellow
Topaz,0.5,Ideal,SI2,64.32,67.75,4.8,4.01,4.62,,4.43,-3.87,0.595,0.261,0.402,700,,Blue
Diamond,4.39,Ideal,VVS1,62.48,65.33,5.22,4.88,4.12,71.86,2.22,4.82,0.276,0.589,0.312,550,0.67,Violet
Diamond,2.93,Premium,VVS1,59.53,66.07,5.91,6.01,3.73,65.2,3.68,0.78,0.165,0.18,0.497,550,0.51,White
Sapphire,2.05,Very Good,VVS2,59.54,57.54,5.07,4.93,2.6,73.63,3.65,2.94,0.574,0.372,0.163,650,0.65,Violet
Ruby,0.74,Ideal,VS1,64.96,51.7,3.25,6.23,2.75,75.2,,-4.93,0.52,0.121,0.233,450,0.57,
Emerald,4.74,Premium,VVS2,58.74,64.54,3.66,8.49,3.3,65.75,4.85,1.74,0.299,0.219,0.525,400,0.57,White
Amethyst,2.75,Ideal,VVS2,55.94,69.56,7.72,9.81,3.64,68.83,2.67,4.01,0.259,0.482,0.507,500,0.31,Violet
Topaz,1.56,Good,IF,60.39,67.17,3.44,7.41,3.13,66.9,4.47,0.23,0.452,0.552,0.331,550,0.65,Red
Emerald,1.88,Good,VS1,63.85,66.83,3.32,9.09,4.6,79.58,1.22,3.4,0.304,0.538,0.422,450,0.49,Blue
Emerald,,Good,SI2,60.85,62.65,8.68,5.41,4.69,76.96,2.64,0.18,0.227,0.355,0.475,600,0.31,Violet
Diamond,3.09,Ideal,VS1,62.93,52.33,3.29,3.96,2.21,68.43,1.29,4.74,0.108,0.32,0.124,650,0.5,LightYellow
Diamond,4.66,Fair,IF,55.55,67.27,3.48,,4.92,70.27,3.38,-3.64,0.412,0.213,0.328,550,0.69,Blue
Sapphire,4.31,Fair,VS2,61.73,54.44,6.85,8.4,4.1,79.68,3.37,4.27,0.459,0.39,0.34,600,0.58,White
Topaz,2.41,Good,SI1,55.79,55.29,6.1,4.65,4.46,65.44,2.39,0.87,0.559,0.462,0.526,550,0.64,FaintYellow
Amethyst,4.17,Very Good,SI2,60.56,65.12,9.75,6.77,6.02,77.7,4.62,3.91,0.197,0.59,0.198,500,0.32,Green
Amethyst,2.23,Premium,,59.98,64.34,9.56,9.96,2.83,78.83,1.65,-3.75,0.493,0.513,0.181,500,0.66,Green
Diamond,1.41,Good,VS2,64.46,51.45,7.62,9.8,3.82,69.2,2.86,4.14,0.119,0.554,,550,0.36,Red
Diamond,4.92,Premium,SI2,56.32,55.04,3.5,6.17,4.18,64.95,3.36,-0.08,0.201,0.501,0.422,550,0.69,Violet
Topaz,1.66,Premium,VS2,55.09,66.35,6.52,4.99,4.66,63.11,1.79,-0.42,0.564,0.252,0.135,400,0.52,White
Diamond,1.75,Good,VS1,56.37,68.99,3.32,5.06,5.05,61.46,4.28,0.7,0.234,,0.331,650,0.44,LightYellow
Amethyst,4.95,Fair,IF,56.71,55.33,9.36,9.15,2.58,63.63,2.82,3.76,0.392,0.226,0.155,500,,LightYellow
Amethyst,0.84,Very Good,IF,57.51,65.21,7.62,7.68,5.37,66.73,3.09,3.34,0.392,0.406,0.273,450,0.53,Green
Emerald,3.85,Good,VS1,63.15,60.11,7.02,7.2,2.99,75.47,2.63,-3.76,0.27,0.293,0.408,600,0.54,White
Diamond,4.69,Premium,VVS2,58.77,57.6,6,4.88,,67.77,3.42,-4.88,0.354,0.236,0.573,650,0.34,Green
Ruby,2.66,Ideal,IF,63.41,67.96,6.57,5.84,2.48,67.27,4.26,0.13,0.264,0.332,0.344,600,0.31,LightYellow
Ruby,0.21,Ideal,SI1,57.72,60.96,5.8,6.9,6.44,76.89,2.34,4.9,0.391,0.434,0.224,500,0.32,Violet
Amethyst,2,Premium,SI2,63.61,63.84,3.7,,6.18,71.89,2.22,0.07,0.195,0.39,0.494,600,0.33,Blue
Topaz,0.74,Good,SI1,55.08,61.85,7.63,3.37,6,69.2,4.65,-3.55,0.583,0.311,0.225,450,0.46,Violet
Diamond,2.2,Fair,VVS1,64.35,62.87,9.97,6.41,2.14,72.59,5,-0.65,0.363,0.396,0.556,550,0.32,Green
Ruby,3.99,Good,VVS1,62.46,60.35,3.79,7.27,2.91,71.21,1.91,-1.31,,0.154,0.221,450,0.64,
Sapphire,2.31,Very Good,IF,59.13,60.67,9.96,8.51,4.56,68.89,1.87,4.55,0.182,0.567,0.368,500,0.63,White
Ruby,2.27,Ideal,VS2,60.77,67.04,9.3,3.9,5.25,67.99,1.59,4.5,0.384,0.201,0.284,450,0.68,Green
Topaz,2.87,Premium,SI1,64.33,56.05,9.26,8.77,5.31,77.7,2.17,-4.28,0.165,0.587,0.216,500,0.42,Violet
Topaz,2.99,Fair,SI1,60.83,64.73,8.82,3.65,2.21,63.69,2.99,-2.66,,0.341,0.577,600,0.42,LightYellow
Amethyst,4.31,Good,VS1,57.29,55.37,9.46,6.5,5.1,63.16,1.02,-0.42,0.417,0.338,0.429,550,0.52,White
Sapphire,1.68,Very Good,SI2,60.73,51.41,4.72,3.59,4.23,76.01,1.96,0.69,0.374,0.581,0.268,450,0.59,FaintYellow
Sapphire,4.14,Good,SI1,63.71,68.06,6.06,8.72,3.41,62.41,4.43,-3.11,0.299,0.327,0.411,600,,Red
Emerald,2.92,Very Good,VS2,64.87,,6.36,,5.1,79.4,1.5,0.85,0.33,0.12,0.127,550,0.58,Green
Amethyst,1.64,Good,VVS1,60.84,63.66,3.48,7.34,3.13,65.58,4.35,-2.96,0.364,0.246,0.248,650,0.45,Green
Topaz,1.62,Fair,VVS1,56.56,65.16,9.87,6.49,4.9,77.07,3.24,-0.79,0.211,,0.209,450,0.54,Blue
Ruby,1.93,Fair,SI2,62.72,65.94,7.83,6.23,4.75,72.94,2.06,0.23,0.255,0.289,0.274,400,0.34,LightYellow
Topaz,3.19,,VS1,64.97,54.53,6.16,4.28,4.66,76.18,2.82,4.75,0.526,0.257,0.337,550,0.34,Red
Diamond,1.31,Fair,VVS1,59.74,63.11,9.95,9.6,4.4,67.99,1.68,-4.31,0.134,0.152,0.214,650,0.33,LightYellow
Sapphire,4.62,Very Good,SI2,58.84,65.2,4.91,8.1,3.23,64.06,3.38,4.26,0.498,0.53,0.372,600,0.34,White
Amethyst,2.96,Premium,VVS2,60.53,52.4,5.36,6.97,2.9,78.96,1.33,-3.64,0.288,0.388,0.508,650,0.31,Violet
Amethyst,4.62,Fair,VVS1,56.65,52.83,4.34,4.44,3.72,75.74,3.44,-4.03,0.3,0.57,0.286,700,0.48,Blue
Topaz,0.42,Ideal,SI1,64.71,57.28,4.31,5.8,6.37,63,2.9,-2.06,0.287,0.389,0.562,550,0.43,White
Ruby,1.84,Very Good,,63.38,56.03,4.32,5.4,5.54,68.85,1,0.63,0.4,0.388,0.376,600,0.66,Green
Sapphire,0.31,Premium,VS2,56.13,65.94,7.28,8.29,3.73,66.61,4.72,-0.84,0.329,0.248,0.129,550,0.59,Green
Diamond,,Very Good,VVS2,64.45,62.85,5.06,4.35,5.08,63.09,1.12,0.22,0.317,0.346,0.249,,0.45,Green
Amethyst,4.34,Premium,SI2,64.43,59.96,9.66,7.67,3.26,71.85,4.41,2.79,0.16,0.126,0.345,700,0.47,Blue
Sapphire,0.38,Very Good,VS2,58.16,52.13,8.72,9.32,2.97,74.8,2.02,3.31,0.571,0.27,0.247,500,0.52,Blue
Sapphire,2.29,Ideal,SI2,61.19,52.25,4.13,8.87,4.63,64.67,4.93,4.62,0.493,0.232,0.294,700,0.62,Blue
Diamond,0.76,Fair,VS2,56.11,,8.84,5.38,3.15,71,5,4.26,,0.331,0.452,400,0.43,FaintYellow
Sapphire,2.2,Good,SI2,,67.66,5.42,4.06,4.46,64.02,1.93,-3.09,0.179,0.277,0.499,700,0.53,FaintYellow
Diamond,4.23,Good,VS2,60.02,65.5,4.59,,2.36,73.22,2.01,2.16,0.567,0.545,0.227,,0.48,Green
Ruby,3.19,Good,IF,55.5,67.63,8.47,5.76,5.76,73.98,4.39,,0.189,0.12,0.436,650,,Red
Sapphire,3.74,Premium,VVS2,63.75,61.3,9,6.76,3.72,70.05,1.56,-0.21,0.177,0.215,0.169,600,0.63,Violet
Sapphire,1.88,Fair,SI2,64.28,54.43,9.72,3.32,2.07,73.29,1.01,3.85,0.192,0.137,0.223,650,0.36,Green
Diamond,4.73,Premium,VVS2,55.67,50.64,5.94,6.58,6.31,73.98,3.52,2.58,0.146,0.397,0.163,500,0.53,FaintYellow
Ruby,3.6,Premium,VVS1,55.47,68.81,6.93,7.24,4.45,78.25,2.09,-0.98,0.183,0.527,0.476,400,0.54,Red
Emerald,2.22,Premium,SI1,57.21,59.5,7.3,9.59,6.12,76.7,2.48,-0.78,0.422,0.386,0.18,450,0.38,White
Ruby,2.25,Premium,VVS2,64.3,67.18,7.39,8.07,2.85,76.44,2.79,-1.26,0.205,0.132,0.416,650,0.61,FaintYellow
Topaz,4.61,Fair,SI2,62.69,64.66,5.82,3.2,3.35,60.43,2.06,0.06,0.323,0.18,0.496,400,0.35,Violet
Amethyst,2.97,Good,VS1,61.76,66.64,4.07,4.23,3.72,65.26,1.47,2.32,0.374,0.203,0.438,650,0.34,FaintYellow
Topaz,3.59,Very Good,VVS2,62.76,54.21,3.49,6.33,2.88,63.86,3.83,-1.82,0.443,0.289,0.353,500,0.35,Green
Sapphire,2.2,Premium,SI2,56.99,63.59,9.34,9.83,4.04,79.88,2.97,-2.72,0.187,0.454,0.378,650,0.66,FaintYellow
Ruby,1.27,Fair,VS1,57.57,64.45,5.57,7.21,3.27,71.28,4.07,-4.66,0.359,0.544,0.404,650,0.48,Red
Topaz,3.67,Ideal,VS2,,61.05,4.26,8.91,2.56,63.48,4.63,2.97,0.582,0.58,0.336,700,0.4,FaintYellow
Diamond,3.12,Very Good,SI1,61.05,66.7,9.89,3.73,2.37,71.41,1.9,-1.38,0.324,0.161,0.347,600,0.37,Green
Emerald,2.61,Premium,SI2,61.08,69.76,8.62,6.06,3.16,73.88,4.58,2.54,0.411,0.305,0.466,700,0.63,Blue
Sapphire,3.2,Premium,VS1,57.09,50.21,9.87,3.16,6.42,76.47,4.83,-3.88,0.592,0.169,0.361,700,0.57,
Ruby,1.2,Very Good,SI1,,59.1,4.95,,3.15,65.58,2.19,0.32,0.323,0.318,0.369,550,0.4,Green
Amethyst,4.01,Very Good,SI1,61.9,65.08,6.24,8.68,5.85,71.16,4.42,-1.02,0.334,,0.424,400,0.33,Red
Topaz,4.75,,IF,58.1,64.51,8.66,7.36,4.07,66.04,2.09,-0.26,0.471,0.503,0.438,500,,Red
Ruby,4.48,Fair,SI2,55.75,59.36,6.86,4.97,3.14,69,4.35,4.25,0.28,0.498,0.343,400,0.48,White
Ruby,1.74,Ideal,SI1,56.97,66.84,5.48,8.89,5.7,68.14,4.63,-4.35,0.188,0.578,0.209,600,0.62,Violet
Emerald,2.15,Fair,VS2,56.65,63.5,4.11,8.15,5.4,64.28,4.87,-0.8,0.153,0.121,0.534,450,0.48,Red
Sapphire,,Good,SI2,61.32,60.97,6.93,6.51,4.78,65.87,3.29,3.29,0.472,0.191,0.449,550,0.45,FaintYellow
Ruby,3.06,Good,SI2,55.69,55.46,7.19,3.31,3.29,65.14,3.19,1.18,0.346,0.549,0.219,550,0.66,LightYellow
Emerald,2.83,Good,VS1,63.85,57.35,8.05,9.34,5.43,76.23,1.41,4.83,0.26,0.408,0.183,450,0.58,Violet
Diamond,4.65,Premium,SI1,55.84,69.78,8.53,7.68,2.09,62.91,3.16,2.44,0.16,0.323,0.276,450,0.43,FaintYellow
Amethyst,2.77,Ideal,VS2,60.98,68.12,3.83,8.69,3.26,79.44,4.36,-4.05,0.569,0.44,0.361,400,0.36,Blue
Amethyst,2.67,Ideal,IF,64.3,63.91,7.4,9.55,5.88,68.04,1.04,-1.22,0.159,0.223,0.58,600,0.53,Red
Ruby,0.4,Premium,VS2,55.62,67.18,8.47,3.97,3.05,64.51,4.63,-1.71,0.594,0.462,0.575,550,0.67,White
Topaz,0.53,Premium,VS2,58.83,52.72,5.72,8.27,4.83,75.25,3.3,-0.09,0.406,0.345,0.312,600,0.38,White
Emerald,0.24,Premium,VVS2,58.28,55.35,,4.08,4.16,61.84,3.57,1.21,0.513,0.427,0.224,550,0.53,White
Diamond,4.58,Ideal,VVS1,58.44,,6.36,6.61,3.93,76.31,3.92,-2.48,0.296,0.251,0.442,500,0.56,Red
Topaz,2.16,Premium,VS1,61,59.42,5.17,8.09,5.09,66.22,4.71,1.29,0.202,0.366,0.315,600,0.45,Violet
Emerald,2.45,Very Good,VVS1,57.62,61.82,6.57,6.64,2.17,63.44,3.78,-2.36,0.184,0.147,0.109,700,0.32,Green
Amethyst,4.26,Very Good,IF,55.27,67.67,5.16,6.31,4.24,76.9,2.76,-3.76,0.497,0.192,0.148,400,0.61,Green
Amethyst,3.12,Very Good,IF,64.62,58.08,5.96,4.98,3.98,71.91,4.43,0.13,0.274,0.101,0.296,700,0.5,Red
Ruby,3.13,Premium,VS2,62.49,59.64,9.41,8.38,5.38,70.77,4.8,-0.12,0.254,0.25,0.426,600,0.67,White
Emerald,1.62,Very Good,VVS1,56.35,52.24,9.42,3.63,3.92,65.98,3.48,-0.93,0.372,0.105,0.143,700,0.62,Violet
Topaz,4.2,Premium,VS1,59.55,69.83,9.95,4.62,6.07,70.01,4.06,0.32,0.387,0.349,0.537,450,0.34,LightYellow
Ruby,1,Very Good,SI2,55.63,69.47,6.4,3.32,6.47,75.62,3.21,0,0.216,0.117,0.411,450,0.67,Green
Amethyst,0.46,Premium,VS1,55.28,55.93,4.18,4.24,5.94,69.54,1.44,0.85,0.543,0.195,0.223,600,0.42,White
Ruby,1.12,Fair,,55.48,67.05,9.22,5.85,5.58,72.62,3.44,4.67,0.567,0.327,0.391,650,0.64,Blue
Topaz,1.49,Good,VS2,62.56,64.74,7.18,3.21,5.23,60.78,3.28,2.06,0.217,0.258,0.49,600,0.55,White
Ruby,1.56,Fair,VS1,59.45,52.93,8.23,4.59,4.52,71.86,3,3.65,0.427,0.197,0.339,550,0.51,Red
Diamond,3.42,Good,VVS2,63.44,50.48,4.14,3.28,5.54,,3.26,-0.03,0.298,0.3,0.268,650,0.63,Green
Diamond,1.25,Good,SI2,58.05,50.28,5.24,9.13,4.71,74.71,2.36,1.92,0.196,0.138,0.555,550,0.7,Green
Topaz,3.45,Very Good,VVS1,62.75,51.31,4.93,9.23,6.33,66.27,4.21,-4.35,0.306,0.449,0.328,500,0.62,Blue
Topaz,0.64,Good,IF,55.78,62.55,6.92,7.89,6,65.89,1.97,3.14,,0.372,0.381,500,0.59,White
Amethyst,0.91,Good,VS1,61.35,59.84,9.98,7.16,4.59,68.29,2.73,4.46,0.36,0.207,0.498,550,0.66,Red
Topaz,2.64,Fair,SI2,58.61,69.94,7.29,8.57,3.91,62.35,3.85,4.74,0.313,0.522,0.337,500,0.4,Green
Ruby,4.63,Good,VS1,57.77,55.73,7.01,4.97,2.89,75.07,3.25,-3.15,0.302,0.14,0.173,650,0.34,Red
Amethyst,4.33,Premium,,63.15,64.51,8.31,8.19,3.1,72.56,1.52,4.65,0.321,0.488,0.412,500,0.58,FaintYellow
Sapphire,4.85,Premium,VS2,55.52,57.74,5.3,5.31,2.98,65.61,2.98,0.42,,0.115,0.163,400,0.64,Red
Topaz,3.32,Very Good,IF,64.5,51.97,4.77,6.1,6.01,75.45,3.99,3.54,0.13,0.391,0.261,600,0.46,Red
Amethyst,3.44,Fair,SI2,62.86,67.54,8.87,9.86,6.13,79.23,1.28,2.5,0.538,0.395,0.157,,0.38,Green
Diamond,3.2,Ideal,VVS1,58.56,58,9.72,8.92,3.44,77.14,4.41,4.06,0.578,0.172,0.562,400,0.33,Red
Sapphire,3.19,Fair,VS1,64.91,68.34,5.95,5.93,5.16,68.29,3.04,1.15,0.461,0.461,0.136,500,0.55,Blue
Emerald,0.91,Ideal,VVS2,57.02,68.74,3.29,9.34,2.56,65.89,3.11,-1.73,0.21,0.37,0.39,600,0.39,Blue
Diamond,2.81,Good,,59.02,66.4,4.25,3.68,4.53,60.16,3.26,2.6,0.434,0.228,0.585,450,0.56,Blue
Emerald,2.05,Ideal,SI2,63.85,50.55,9,9.32,3.35,65.18,1.97,-2.12,0.536,0.462,0.255,700,0.62,Violet
Amethyst,2.32,Good,VS2,64.97,69.32,3.85,9.22,6.28,62.32,2.52,-2.34,0.451,0.336,0.455,450,0.31,Red
Amethyst,2.71,Fair,VVS1,57.39,52.48,8.34,7.53,2.61,76.56,3.68,-3.29,0.48,0.315,0.371,400,0.62,LightYellow
Ruby,0.82,Fair,VS1,62.43,68.63,7.34,5.27,2.61,75.55,2.58,-4.23,0.256,0.103,0.235,700,0.57,Violet
Sapphire,1.93,Very Good,VVS1,58.06,62.13,8.09,8.76,5.47,69.41,4.75,3.05,0.494,0.347,0.492,400,0.62,Red
Diamond,0.5,Very Good,VS2,62.66,57.55,4.8,4.91,3.4,62.34,4.63,-1.98,0.19,0.412,0.117,600,0.44,Blue
Emerald,4.9,Good,SI2,56.25,64.43,3.13,4,3.15,70.39,1.7,-1.02,0.451,0.509,0.227,650,0.68,Violet
Ruby,0.77,Good,SI1,58.36,60.14,3.28,6.86,2.94,70.61,1.79,2.75,0.214,0.578,0.151,600,0.65,Green
Sapphire,1.44,Premium,VVS2,55.75,65.89,8.07,3.9,3.14,72.62,2.64,-4.64,0.405,0.215,0.509,400,0.49,White
Topaz,4.48,Premium,SI2,59.92,60.28,7.29,5.5,6.45,70.51,3.33,-1.69,0.297,0.52,0.303,500,0.54,Green
Amethyst,2.52,Premium,VS1,62.02,57.38,8.88,7.06,4.04,61.99,4.53,4.21,0.395,0.155,0.143,700,0.53,White
Emerald,0.85,Fair,VVS2,58.79,57.22,5.79,4.45,3.13,72.78,1.5,-2.97,0.238,0.454,0.585,550,0.7,Red
Emerald,2.04,Ideal,VS2,61.15,57.08,6.89,5.9,2.28,79.81,4.18,-4.17,0.583,0.444,0.302,650,0.66,Red
Diamond,0.76,Good,VVS2,60.69,59.46,8.48,5.16,2.55,72.67,,4.71,0.515,0.107,0.135,650,0.56,Violet
Amethyst,1.16,Very Good,VS2,57.95,52.2,6.48,4.08,4.96,67.26,3.22,1.75,0.472,0.323,0.288,600,,Violet
Amethyst,0.45,Good,SI1,59.87,63.23,9.95,7.44,,72.44,3.32,3.18,0.38,0.412,0.282,600,0.56,Violet
Topaz,2.3,Ideal,VVS2,55.69,56.83,,7.2,4.5,71.18,4.86,-3.37,0.506,0.512,0.166,600,0.38,Violet
Topaz,4.07,Good,VVS1,59.6,61.23,7.78,6.91,4.49,61.9,4.01,-4.89,0.452,0.523,0.461,650,0.5,Blue
Emerald,3.01,Very Good,SI2,59.58,60.53,8.61,9.52,3.63,72.68,3.89,0.61,0.265,0.237,0.523,600,0.32,Green
Sapphire,3.11,Very Good,,55.29,67.14,8.44,9.49,5.21,73.06,1.1,1.6,0.182,0.39,0.511,700,0.37,White
Ruby,1.16,Ideal,VS2,60.14,67.23,4.54,7.01,2.15,67,4.02,-2.76,0.327,0.482,0.244,450,0.53,FaintYellow
Ruby,1.85,Very Good,VVS1,62.38,,4.47,8.17,3.88,66.02,3.71,-4.81,0.433,0.51,0.169,550,0.58,LightYellow
Emerald,4.26,Fair,SI1,59.52,54.83,,8.63,3.95,69.95,3.72,4.69,0.308,0.299,,550,0.51,FaintYellow
Topaz,0.62,Very Good,VVS2,61.46,50.69,6.05,3.77,2.56,62.9,1.2,-1.34,0.496,0.312,0.285,650,0.32,Red
Topaz,4.32,Ideal,SI2,60.32,58.5,9.1,8.91,2.07,61.84,2.57,2.19,0.244,0.408,0.475,700,0.44,Green
Ruby,2.52,Ideal,,62.85,67.93,5.03,3.04,4.4,75.1,1.46,-0.28,0.294,0.206,0.235,500,0.51,Violet
Topaz,4.22,Good,SI2,60.14,62.01,5.32,3.01,3.33,63.66,4.65,-2.43,0.565,0.383,0.295,600,0.64,LightYellow
Emerald,1.73,Very Good,VS1,58.32,57.47,4.16,5.17,6.19,64.97,2.47,4.54,0.223,0.433,0.217,650,0.63,FaintYellow
Emerald,1.83,Very Good,VS2,63.28,65.44,9.87,8.55,5.18,67.62,4.5,0.51,0.183,0.131,0.323,650,0.37,Blue
Amethyst,3.81,Ideal,VVS1,55.68,64.25,3.81,9.45,2.4,74.38,2.27,-1.6,0.183,0.399,0.117,550,0.63,Blue
Sapphire,3.97,Good,SI1,57.89,64.27,9.88,5.79,4.95,71.33,3.68,2.36,0.195,0.546,0.251,500,0.49,White
Sapphire,1.3,Good,VS2,60.91,60.29,7.94,7.42,5.94,69.15,1.04,1.21,0.118,0.341,0.148,550,0.64,FaintYellow
Amethyst,4.87,Fair,VVS1,63.56,60.61,3.62,6.31,6.31,79.68,3.79,2.04,0.314,0.445,0.414,450,0.55,Green
Diamond,0.61,Fair,VS1,55.72,61.12,4.06,4.96,3.41,69.42,3.79,3.3,0.372,0.449,0.148,,0.45,Red
Diamond,0.53,Ideal,VVS2,55.96,61.05,5.29,9.07,3.97,71.74,1.55,-3.38,0.448,0.495,0.348,450,0.36,Red
Emerald,3.06,Good,SI2,57.82,54.13,4.82,7.11,4.9,61.65,2.79,-4.39,0.13,0.323,0.48,600,0.33,LightYellow
Topaz,3.67,Good,VVS2,58.45,,9.81,7.83,6.09,65.44,3.73,-0.37,0.369,0.448,0.236,700,0.48,Blue
Topaz,4.81,Fair,SI1,63.44,57.48,7.29,7.32,5.04,65.86,3.12,-4.78,0.495,0.141,0.264,400,0.38,FaintYellow
Emerald,2.14,Fair,IF,64.59,67.11,3.52,3.59,,64.47,4.7,-2.9,0.387,0.347,0.405,450,0.41,White
Diamond,0.32,Ideal,VS2,55.17,59.25,6.68,8.81,2.41,65.93,1.84,-3.34,0.227,0.527,0.17,450,0.68,Green
Ruby,3.09,Good,VVS1,55.15,68.53,9.28,3.27,2.65,69.67,4.86,2.65,0.426,0.523,0.246,450,0.5,Red
Sapphire,1.59,Ideal,IF,63.65,65.87,5.91,7.84,4.47,77.13,2.97,2.83,0.279,0.343,0.533,650,0.38,White
Diamond,2.28,Fair,VS2,56.36,67.23,7.66,3.99,3.07,72.9,5,-3.67,0.405,0.541,0.494,700,0.33,Blue
Diamond,2.54,Very Good,SI2,58.39,52.68,8.41,6.83,4.02,75.96,2.71,-1.88,0.579,0.175,0.222,400,0.62,Blue
Amethyst,0.51,Fair,VVS1,57.75,52.98,4.3,3.89,3.83,69.76,4.47,2.1,,0.521,0.454,400,0.53,LightYellow
Diamond,2.53,Good,VS1,57.82,54.73,8.99,9.79,4.57,71.36,4.34,-2.97,0.445,0.12,0.172,450,0.53,Red
Amethyst,2.25,Ideal,VS2,58.29,63.25,6.14,6.03,3.5,61.39,3.16,-1.52,0.378,0.159,0.313,600,0.47,White
Emerald,3.62,Good,VVS1,58.36,59.53,3.4,8.55,4.07,62.83,4.05,-1.33,0.295,0.139,0.169,450,0.37,FaintYellow
Sapphire,3.3,Fair,SI2,61.2,53.4,9.15,8.58,4.62,76.62,3.97,,0.101,0.477,0.321,700,0.57,FaintYellow
Sapphire,1.09,Fair,VVS2,61.29,64.92,6.95,3.85,4.67,79.86,1.53,-3.02,0.548,0.467,0.13,500,0.57,LightYellow
Ruby,1.19,Premium,VS2,60.23,60.35,4.39,,4.11,75.66,3.94,-2.84,0.523,0.391,0.533,600,,Green
Amethyst,1.4,Fair,VVS1,63.59,64.62,5.22,9.99,5.21,63.94,3.91,2.3,0.571,0.544,0.443,600,0.4,Green
Amethyst,1.06,Good,SI1,63.46,68.19,6.99,5.67,3.76,60.49,2.72,-2.12,0.425,0.534,0.283,400,0.32,Blue
Diamond,3.35,Ideal,VVS2,57.17,68.29,5.62,3.67,5.55,60.79,1.61,2.43,0.366,0.242,0.296,450,0.54,White
Diamond,4.97,Ideal,SI2,60.44,56.02,4.63,8.35,6.43,65.37,2.8,0.17,0.176,0.289,0.558,400,0.53,Red
Amethyst,3.33,Premium,VVS2,62.84,53.17,6.36,7.16,5.42,77.62,3.99,-4.19,0.331,0.598,0.564,650,0.58,Red
Emerald,3.11,Good,IF,63.67,58.68,4.3,8,5.51,64.26,4.52,-2.81,0.309,0.421,0.445,400,0.43,Violet
Ruby,2.17,Fair,VVS1,57.55,51.68,4.72,6.72,5.93,72.85,2.48,-4.55,0.226,0.26,0.342,400,0.48,White
Sapphire,1.7,Very Good,IF,59.94,50.88,8.79,4.88,2.47,62.77,2.35,4.66,0.514,0.578,0.389,450,0.62,FaintYellow
Diamond,4.57,Ideal,SI1,60.25,69.56,4.6,6.28,4.53,74.13,1.79,3.26,0.433,0.305,0.298,500,0.3,LightYellow
Emerald,4.85,Good,SI2,62,69.44,7.87,7.1,5.02,62.94,2.47,-2.32,0.465,0.198,0.171,450,0.42,Violet
Amethyst,2.58,Premium,IF,58.3,57.04,4.75,4.66,6.12,67.69,1.96,-1.48,0.449,0.256,0.355,600,0.45,Blue
Amethyst,1.59,Very Good,VS1,57.93,66.41,4.49,,5.75,64.12,2.35,,,0.348,0.528,400,0.53,Red
Topaz,3.9,Good,IF,62.06,54.47,4.76,5.88,3.75,65.53,3.16,-0.44,0.475,0.392,0.218,500,0.5,Green
Emerald,0.84,Fair,IF,58.99,58.35,6.28,8.01,3.4,74.2,3.27,1,0.524,0.176,0.336,450,,Red
Emerald,3.87,Ideal,SI2,55.04,64.53,4.02,9.61,3.33,71.23,3.97,-4.74,0.334,0.401,0.251,550,0.36,LightYellow
Sapphire,4.13,Fair,VS1,64.38,61.01,3.75,5.91,3.13,62.02,4.93,4.25,0.513,0.33,0.311,400,0.59,LightYellow
Topaz,0.8,Premium,VS1,56.5,66.42,8.3,6.23,3.39,76.69,1.36,-2.41,0.299,0.464,0.1,500,0.48,Blue
Sapphire,4.89,Ideal,VS2,56.49,69.6,3.16,4.29,5.3,72.07,1.94,1.57,0.471,0.121,0.537,400,0.5,Blue
Ruby,4.93,Very Good,IF,63.18,50.18,5.7,5.63,2.52,65.65,2.64,4.5,0.44,0.593,0.54,600,0.35,White
Emerald,4.7,Ideal,VVS2,58.36,68.49,5.77,6.7,5.31,67.98,4.87,1.61,0.544,0.166,0.421,650,0.39,White
Sapphire,2.58,Fair,,58.28,58.27,9.25,4.61,2.87,77.64,2.13,,0.362,0.514,0.344,650,0.37,Violet
Topaz,1.38,Good,VVS1,61.22,58.16,8.42,3.18,4.81,66.51,4.51,4.66,0.189,0.482,0.53,650,0.45,White
Topaz,2.99,Good,VS2,55.59,50.01,6.57,4.8,4.68,65.59,2.62,1.74,0.243,0.517,0.517,550,0.44,Red
Topaz,2.22,Good,SI2,,66.69,6.36,7.78,4.67,,4.83,0.06,0.334,0.222,0.197,550,0.46,White
Emerald,1.19,Premium,VS2,55.53,65.18,6.96,9.01,3.4,75.76,1.15,0.31,0.333,0.511,0.522,550,0.54,Blue
Amethyst,2.23,Premium,IF,57.92,67.88,5.5,3.92,2.67,65.11,1.97,-4.58,0.426,0.212,0.482,600,0.37,LightYellow
Amethyst,3.39,Good,SI1,63.7,53.35,7.91,7.7,5.56,69.48,1.16,-4.17,0.112,0.322,0.103,500,0.59,Violet
,0.54,Very Good,VVS2,64.09,54.3,7.8,5.38,3.09,60.2,4.01,0.6,0.342,0.541,0.571,600,0.4,Blue
Amethyst,1.8,Fair,SI1,58.09,56.07,7.02,5.11,2.36,79.18,3.61,0.37,0.389,0.574,0.181,450,0.61,LightYellow
Emerald,0.29,Very Good,SI1,56.88,60.6,3.4,6.03,2.71,76.66,1.93,0.08,0.42,0.311,0.359,500,0.5,White
Sapphire,3.8,Good,SI2,56.35,56.9,3.89,9.09,2.51,73.06,1.22,-3.6,0.466,0.391,0.545,450,0.45,Blue
Amethyst,3.28,Fair,VS1,58.94,55.99,3.27,7.06,5.22,66.14,4.17,4.29,0.442,0.279,0.569,400,0.47,Violet
Ruby,0.5,Premium,VVS1,63.26,53.65,8.03,7.48,5.35,63.75,4.04,4.08,0.475,0.255,0.215,500,0.56,FaintYellow
Diamond,4.83,Ideal,IF,63.53,53.18,6.34,3.8,3.52,68.76,4.68,-2.02,0.527,0.38,0.48,400,0.47,Blue
Topaz,0.31,Ideal,SI2,55.46,59.46,9.68,3.84,5.44,64.47,1.67,-0.99,0.142,0.129,0.279,400,0.36,LightYellow
Ruby,3.03,Fair,,,58.92,9.67,6.52,5.77,78.74,3.3,-1.15,0.321,0.405,0.323,400,0.58,
Amethyst,3.93,Very Good,IF,57.03,65.7,8.59,8.03,4.15,74.67,4.67,-2.76,0.197,0.49,0.45,500,0.69,Violet
Topaz,3.98,Fair,IF,63.28,66.48,6.1,4.37,5.72,73.79,1.82,-1.69,0.104,0.183,0.511,550,0.37,FaintYellow
Emerald,0.36,Very Good,VS2,59.56,64.01,5.21,6.83,4.27,73.57,3.43,4.94,0.279,0.185,0.378,450,0.41,Green
Ruby,4.55,Very Good,SI1,58.68,66.62,4.41,9.42,5.64,75.3,3.43,0.7,0.598,0.327,0.447,600,0.62,LightYellow
Amethyst,4.61,Ideal,VVS1,64.57,52.18,4.63,6.59,3.99,60.87,1.17,3.99,0.233,0.378,0.172,700,0.61,Blue
Topaz,2.89,Premium,VVS1,64.25,59.16,9.93,6.36,2.27,65.17,4.13,2.32,0.332,0.283,0.347,500,0.33,White
Topaz,2.51,Good,VVS1,59.4,55.73,6.71,7.1,2.99,71.51,4.16,3.78,0.551,0.234,0.511,400,0.45,LightYellow
Amethyst,0.42,Premium,VVS1,56.28,55.04,3.09,7.85,3.37,64.37,1.77,-1.34,0.19,0.398,0.526,400,0.66,LightYellow
Topaz,2.9,Good,VS1,56.71,64.25,3.31,5.11,3.98,72,1.17,1.42,0.175,0.186,0.454,650,0.5,LightYellow
Diamond,2.17,Ideal,VS1,56.12,66.62,6.21,5.34,4.14,79.17,3.88,-1.28,0.267,0.549,0.179,450,0.36,White
Amethyst,3.91,Good,VVS1,61.81,52.29,6.1,4.1,6.39,66.64,1.54,3.17,0.425,0.454,0.377,450,0.46,Violet
Topaz,2.14,Very Good,SI2,60.55,52.48,5.84,9.64,4.14,75.15,3.76,2.66,0.402,0.228,0.125,400,0.69,Red
Ruby,3.48,Fair,VVS2,60.57,,8.77,3.33,3.67,68.67,1.6,2.81,,0.466,0.553,600,0.42,Red
Emerald,0.69,Good,VS1,55.98,52.89,7.92,6.23,3.62,74.34,4.44,-3.04,0.552,0.383,0.191,500,0.34,Violet
Topaz,0.84,Premium,VS1,62.93,65.37,3.75,7.78,5.99,61.27,3.45,3.58,0.147,0.58,0.268,450,0.44,Blue
Topaz,0.87,Ideal,SI2,60.36,66.57,5.54,7.98,3.73,67.29,3.31,4.98,0.539,0.177,0.45,600,0.31,FaintYellow
Amethyst,0.42,Ideal,SI2,55.91,60.46,7.18,7.38,5.53,74.51,3.14,3.3,0.187,0.453,0.487,450,0.5,Green
Diamond,2.8,Fair,SI2,62.47,68.17,5.68,5.38,3.12,76.92,1.16,-0.17,0.363,0.327,0.326,500,0.61,Red
Diamond,4.01,Very Good,VVS2,64.81,50.41,4.46,3.54,3.93,68.33,4.36,-1.95,0.405,0.17,0.324,,0.54,Red
Diamond,3.13,Very Good,VVS1,59.41,54.53,7.4,9.52,4.58,,2.81,-3.7,0.568,0.186,0.307,600,0.46,Violet
Topaz,2.96,Ideal,SI2,56.16,65.46,7.22,4.33,4.54,79.32,2.48,-0.89,0.244,0.224,0.362,700,0.4,Red
Diamond,3.47,Very Good,IF,56.01,69.15,9.82,9.36,4.61,69.1,3.52,-2.3,0.559,0.399,0.589,600,0.35,Red
Ruby,1.83,Fair,SI2,55.26,69.21,6.93,4.58,5.34,64.72,3,-0.68,0.584,0.406,0.485,700,0.44,Green
Diamond,1.94,Ideal,VS1,62.7,50.01,9.12,3.49,4.3,60.41,2.15,-4.47,0.58,0.339,0.173,500,0.42,Red
Sapphire,1.71,Very Good,IF,61.94,62.64,9.64,3.59,2.82,78.44,1.59,-2.06,0.357,0.378,0.225,500,0.5,Blue
Ruby,3.62,Good,IF,60.84,50.55,6.04,5.51,4.61,61.09,1.41,4.61,0.18,0.585,0.579,600,0.38,White
Sapphire,0.98,Good,VVS2,62.66,64.01,3.37,4.06,3.34,64.77,1.95,-3.81,0.363,0.403,0.338,550,0.48,Blue
Diamond,0.26,Very Good,VVS1,64.99,65.36,4,6.38,3.35,77.13,4.48,-4.26,0.507,0.276,0.467,500,0.55,Violet
Amethyst,3.06,Good,,59.02,67.15,6.53,6.18,2.58,78.79,1.44,1.89,0.281,0.518,0.16,650,0.66,Green
Amethyst,4.72,Fair,IF,62.06,60.59,9.25,8.85,6.09,73.31,4.26,3.28,0.485,0.23,0.449,500,0.39,Violet
Amethyst,3.13,Premium,VVS1,58.77,67,7.58,7.87,2.29,65.17,4.47,-4.03,0.391,0.583,0.14,700,0.44,FaintYellow
Ruby,3.96,Fair,VS2,58.52,68.48,4.41,7.89,2.17,65.36,4.3,4.57,0.369,0.317,0.484,500,0.49,Violet
Ruby,3.43,Fair,SI1,63.51,60.66,7.91,7.14,5.26,70.11,4.45,-4.63,0.295,0.282,0.329,650,0.56,Violet
Sapphire,2.59,Very Good,SI1,60.75,60.48,9.26,3.33,5.17,,1.86,3.76,0.442,0.322,0.47,650,0.5,LightYellow
Ruby,3.65,Fair,SI1,56.21,60.12,3.21,8.23,3.58,78.94,4.98,3.31,0.285,0.494,0.321,450,0.35,Red
Topaz,4.16,Very Good,VVS1,59.04,60.09,4.7,5.51,5.33,68.61,3.17,1.68,0.326,0.113,0.175,600,0.51,Green
Amethyst,1.28,Ideal,VVS2,62.97,65.49,4.07,8.85,4.19,66.42,4.24,1.34,0.157,0.574,0.146,550,0.64,
Topaz,1.81,Very Good,SI2,64.4,51.35,,4.73,5.28,67.74,2.94,2.84,0.483,0.273,0.316,700,0.4,Green
Diamond,1.27,Very Good,,61.14,,9.24,7.69,4.46,64.67,1.76,-4.22,0.403,,0.124,650,0.31,Green
Amethyst,2.37,Ideal,VS2,58.94,60.48,6.88,7.23,5.3,63.44,4.38,-1.23,0.464,0.466,0.441,500,0.65,White
Emerald,4.45,,SI2,57.52,54.29,8.94,3.78,5.48,73.68,2.96,-4.08,0.58,0.113,,600,0.4,Red
Ruby,1.86,Ideal,SI2,59.22,60.83,7.6,3.95,3.28,65.2,,-3.46,0.228,0.465,0.564,500,0.62,Green
Topaz,2,Very Good,VVS2,60.66,59.11,7.6,10,3.73,76.6,4.25,3.29,0.458,0.304,0.39,650,0.57,Green
Emerald,4.33,Good,VVS1,55.04,64.75,7.06,5.35,4.27,64.95,4,2.02,0.265,0.502,0.386,600,0.36,Red
Diamond,2.67,Very Good,SI1,57.69,57.07,3.35,5.85,2.86,71,3.88,-1.33,0.201,0.316,0.383,600,0.5,Red
Sapphire,2.77,Ideal,VVS1,61.72,69,9.56,8.99,6.37,74.2,3.44,-0.94,0.369,0.408,0.551,700,0.43,Red
Emerald,4.33,Very Good,SI1,61.73,58.27,5.49,7.42,6.16,73.05,4.59,1.78,0.581,0.345,0.124,450,0.66,FaintYellow
Ruby,2.55,Ideal,VVS1,61.53,62.62,8.62,7.75,5.5,62.27,3.48,1.39,0.577,0.479,0.425,400,0.57,Violet
Amethyst,3.47,Fair,SI2,64.5,54.43,8.67,7.46,2.89,65.5,4.98,-0.13,0.554,0.384,0.333,600,0.55,FaintYellow
Ruby,0.61,Premium,VVS2,60.69,63.77,9.76,5.26,4.04,60.33,3.09,2.49,0.348,0.122,0.573,400,0.37,LightYellow
Diamond,1.06,Premium,VVS1,57.7,60.28,5.29,8.8,6.17,71.81,1.33,-2.9,0.423,0.551,0.228,700,0.69,Green
Diamond,2.14,Ideal,VS1,63.12,56.84,9.98,3.24,4.75,72.32,4.03,-1.98,0.134,0.483,0.233,550,0.35,White
Diamond,2.58,Premium,SI1,58.89,56.96,5.1,5.57,3.73,69.51,1.18,-4.35,0.182,0.157,0.484,600,0.6,Red
Diamond,4.84,Good,SI2,57.39,57.51,6.16,9.68,2.41,72.68,2.54,0.74,0.235,0.554,0.315,450,0.68,Blue
Emerald,4.86,Good,SI2,60.57,58.75,7.94,5.65,2.45,77.03,2.8,2.59,0.224,0.22,0.279,700,0.48,Green
Ruby,4.29,Premium,SI1,57.89,54.95,4.08,3.12,5.05,65.09,4.55,0.25,0.546,0.54,0.253,450,0.41,FaintYellow
Amethyst,1.71,Ideal,VS2,58.96,55.55,4.86,4.34,3.4,70.77,3.24,,0.355,0.591,0.175,400,,Violet
Amethyst,4.83,Good,VS1,61.93,69.17,8.1,9.61,4.24,62.7,4.78,-3,0.314,0.381,0.176,450,0.55,Red
Emerald,3.51,Premium,VVS1,64.96,56.03,9.82,8.94,5.38,64.69,1.96,0.6,0.145,0.578,0.209,450,0.56,FaintYellow
Topaz,2.09,Very Good,VVS2,61.45,62.54,8.13,4.37,2.82,66.1,2.12,-3.63,0.489,0.356,0.462,400,0.55,FaintYellow
Amethyst,3.57,Good,VS2,57.76,56.91,9.04,9.84,2.35,74.24,2.46,0.42,0.102,0.534,0.4,500,0.32,LightYellow
,0.28,Fair,VS1,55.9,66.22,3.26,4.11,3.69,62.94,3.92,-3.15,0.523,0.151,0.548,650,0.35,Red
Diamond,0.9,Good,VVS1,58.62,63.92,7.04,9.95,2.73,73.93,3.72,-4.04,0.191,0.54,0.375,600,0.5,LightYellow
Emerald,4.18,Premium,SI2,55.19,56.56,9.4,8.91,4.3,61.87,1.82,4.65,0.35,0.141,0.47,650,0.49,Red
Topaz,3.3,,SI2,59.65,64.33,7.78,9.39,4.49,73.59,2.61,-4.41,0.277,0.162,0.26,700,0.46,LightYellow
Topaz,1.95,Premium,VVS2,61.6,65.13,7.74,3.98,,75.66,2.41,3.82,0.566,0.578,0.515,400,0.61,
Topaz,2.6,Ideal,VVS1,60.12,52.77,4.42,5.11,5.57,78.04,4.04,4.58,0.583,0.59,0.516,400,0.35,Violet
Diamond,4.54,Ideal,SI1,63.65,61.56,9.03,7.91,2.11,76.6,2.47,1.94,0.506,0.588,0.142,700,0.5,LightYellow
Topaz,3.23,Very Good,VS1,59.94,66.16,9.06,6.54,3.55,72.79,4.02,4.66,0.409,0.419,0.205,400,0.4,FaintYellow
Topaz,2.11,Very Good,VS1,,51.01,7.3,5.04,2.21,75.75,3.19,2.58,0.355,0.244,0.549,400,0.52,Violet
Topaz,0.78,Good,VS2,58.1,60.16,5.99,7.87,5.18,74.38,4.77,-3.2,0.217,0.227,0.235,500,0.51,FaintYellow
Emerald,1.61,Premium,SI2,63.38,66.8,8.77,8.46,5.95,69.47,4.91,0.58,0.397,0.428,0.351,700,0.3,FaintYellow
Emerald,4.9,Very Good,VVS2,64.04,69.06,6.25,5,3.57,75.74,3.52,2.19,0.431,0.22,0.562,500,0.5,
Sapphire,2.3,Premium,IF,64.78,63.12,8.76,3.6,3.48,60.11,4.68,0.93,0.568,0.217,0.495,550,0.42,Red
Topaz,2.46,Good,VVS1,64.81,56.56,6.39,7.02,5.12,76.09,3.89,-0.79,0.406,0.429,0.571,550,0.54,FaintYellow
Topaz,2.59,Ideal,VVS2,64.8,62.1,7.06,5.78,5.92,78.48,3.71,-1.7,0.527,0.431,0.229,450,0.33,Blue
Amethyst,4.44,Very Good,IF,62.12,50.55,8.24,9.14,5.99,78.27,,4.1,0.308,0.564,0.431,500,0.69,Red
Emerald,3.1,Fair,VVS2,60.63,59.12,4.85,3.32,4.63,79.97,3.24,3.48,0.367,0.546,0.298,650,0.62,Green
Diamond,3.53,Fair,VVS1,56.72,64.55,4.73,7.47,4.67,65.58,2.56,3.55,0.558,0.104,0.218,700,0.6,White
Diamond,2.07,Fair,VVS1,62.67,50.72,7.67,3.33,4.79,62.74,1.7,-1.17,,0.57,0.357,400,0.53,Violet
Ruby,0.34,Fair,VS2,62.35,62.06,9.68,3.79,4.29,69.85,4.7,-0.69,0.561,0.47,0.579,500,0.43,Violet
Sapphire,4.67,Fair,VS1,63.42,61.77,6.12,5.58,4.39,66.85,1.85,4.75,0.17,0.337,0.433,600,0.56,White
,4.76,Fair,VS1,59.62,53.79,9.29,4.6,2.43,69.15,3.17,3.7,0.202,0.187,0.57,700,0.67,Red
Sapphire,4.76,Fair,VS1,63.92,61.38,6.63,4.13,6.42,67.26,3.95,1.67,0.245,0.425,0.181,500,0.67,White
Sapphire,4.73,Very Good,VS2,62.19,58.19,9.82,8.55,2.28,77.1,4.29,-1.91,0.517,0.169,0.365,550,0.52,White
Emerald,4.11,Fair,VS1,56.71,59.58,8.54,4.63,4.16,70.85,2.42,-1.36,0.297,0.195,0.37,600,0.67,
Amethyst,,Fair,VVS2,57.07,56.51,9.02,5.55,5.53,75.86,3.63,2.07,0.109,0.482,0.204,700,0.56,Green
Sapphire,4.25,Good,VS1,63.14,66.21,7.76,9.36,4.62,65.96,2.77,-4.57,0.247,0.504,,550,0.49,FaintYellow
Diamond,3.08,Very Good,VS1,59.26,57.31,9.08,8.5,2.43,67.89,4.29,4.21,0.153,0.172,0.566,650,0.69,Blue
Emerald,0.84,Good,SI1,57.49,65.82,7.15,6.67,4.5,65.73,3.63,-1.85,0.479,0.471,0.328,550,0.48,White
Emerald,2.08,Premium,VVS1,59.23,51.53,6.97,3.66,6.07,79.43,1.19,-1.83,0.258,0.196,0.557,400,0.68,Violet
Topaz,4.86,,VS2,56.61,55.57,9.12,9.62,4.8,68.91,3.44,-4.99,0.434,0.37,0.208,600,0.39,Violet
Ruby,1.89,Ideal,VS2,63.92,58.05,3.11,7.96,5.51,68.19,3.81,1.6,0.283,0.555,0.309,650,0.44,White
Ruby,,Fair,,55.72,58.09,6.35,3.25,4.08,76.8,4.63,0.19,0.569,0.188,0.443,650,0.59,Violet
Sapphire,0.65,Fair,VS1,58.53,58.83,9.09,9.64,3.4,75.14,1.2,,0.228,0.281,0.115,550,0.46,Red
Diamond,1.8,Good,SI1,60.57,63.05,4.37,3.5,2.9,78.41,3.39,-0.77,0.388,0.464,0.409,550,0.42,Blue
Emerald,1.88,Premium,SI2,63.74,61.48,9.71,7.22,5.82,75.09,3,-2.04,0.385,0.357,0.589,500,0.42,Red
Topaz,0.45,Good,SI2,62.82,60.42,8.18,5.76,5.18,66.94,3.56,-0.77,0.398,0.186,0.186,550,0.36,FaintYellow
,0.77,Very Good,IF,55.22,66.75,8.34,9.87,2.8,66.04,4.06,-4.95,0.209,0.182,0.584,450,0.32,LightYellow
Amethyst,1.13,Premium,VVS1,63.25,53.92,7.66,9.46,4.48,73.69,1.54,-2.01,0.262,0.148,0.358,650,0.66,Violet
Emerald,4.22,Premium,VS1,61.38,67.2,6.13,7.19,5.19,62.59,3.17,4.26,0.205,0.325,0.327,500,0.54,White
Diamond,0.5,Premium,IF,56.33,66.23,6.23,7.91,4.56,61.78,3.08,3.23,0.112,0.204,0.189,450,0.5,Violet
Sapphire,1.63,Good,SI2,61.17,53.91,8.87,8.75,6.27,75.89,3.06,1.31,0.421,0.567,0.372,400,0.58,White
Amethyst,0.25,Fair,VVS2,63.18,62.48,3.97,8.74,2.83,72.72,2.65,3.28,0.598,0.39,0.225,550,0.66,White
Amethyst,3.54,Fair,SI1,61.02,54.47,6.65,7.19,5.21,64.38,4.4,0.42,0.447,0.218,0.103,600,0.43,White
Topaz,3.18,Fair,SI1,64.99,68.86,5.17,4.76,4.77,73.39,1.25,-4.05,0.498,0.232,0.493,400,0.5,Blue
Sapphire,3.3,Fair,VVS1,60.07,59.86,9.89,5.19,6.14,66.19,2.54,-0.39,0.122,0.362,0.268,600,,Green
Emerald,2,Fair,SI1,61.73,54.07,3.03,7.66,5.88,65.68,3.37,4.24,0.465,0.238,0.51,650,0.61,Green
Ruby,1.2,Very Good,VS2,55.7,62.72,3.45,7.81,4.92,65.47,4.64,-4.35,0.367,0.217,0.336,450,0.33,Blue
Topaz,3.66,Ideal,IF,63.13,64.14,9.77,5.6,3.96,70.14,3.52,2.37,0.24,0.32,0.11,550,0.47,FaintYellow
Ruby,4.09,Premium,VS1,61.24,62.1,6.81,9.21,2.74,78.83,1.52,2,0.4,0.371,0.518,600,0.59,White
Amethyst,0.87,Ideal,IF,60.61,54.83,3.97,5.8,5.61,78.97,3.72,-1.77,0.455,0.155,0.424,450,0.48,Violet
Diamond,2.54,Very Good,VS2,62.09,64.7,6.14,7.89,5.71,70.93,2.36,3.67,0.569,0.443,0.297,700,0.49,White
Diamond,1.39,Fair,VVS2,60.61,68.59,5.26,4.47,3.63,77.37,3.35,1.62,0.2,0.235,0.392,600,0.65,Red
Ruby,1.01,Very Good,IF,62.66,69.04,9.38,5.47,3.02,70.1,3.28,-2.82,0.444,0.303,0.578,650,0.46,Green
Topaz,3.72,Very Good,,60.84,63.59,7.81,6.82,6.19,69.84,1.69,1.4,0.386,0.238,0.516,500,0.69,White
Topaz,2.78,Ideal,IF,60.2,66.8,3.91,3.26,4.11,60.76,4.28,3.28,0.396,0.349,0.158,700,0.59,Violet
Sapphire,1.24,Premium,SI1,56.35,69.57,6.76,3.29,5.31,74.9,3.16,3.77,0.148,0.597,0.294,700,0.61,Green
Diamond,1.69,Good,VVS2,59.72,50.87,3.94,4.89,4.8,72.74,2.55,4.5,0.32,0.49,0.531,700,0.37,FaintYellow
Amethyst,4.84,Good,IF,60.38,59.54,7.66,8.79,5.15,67.34,,-4.52,0.413,0.46,0.265,650,0.55,Green
Topaz,4.27,Premium,VVS2,61.25,55.83,8.09,4.52,2.08,62.94,4.66,-3.42,0.203,0.428,0.178,450,0.39,White
Amethyst,4.42,Fair,SI2,59.56,59.5,6.94,9.2,4.82,79.81,1.97,-3.3,0.217,0.282,0.514,500,0.38,Red
Ruby,2.41,Very Good,VVS2,56.47,68.34,9.76,8.01,4.47,76.33,4.74,-2.6,0.4,0.375,0.364,400,0.66,White
Topaz,3.19,Fair,SI2,56.5,69.67,9.61,7.82,5.39,72.55,3.17,1.85,0.447,0.533,0.517,650,0.39,Green
Ruby,2.01,Very Good,VVS1,62.21,68.1,4.44,7.72,6.22,60.33,3.01,-0.83,0.201,0.464,0.433,700,0.57,Red
Sapphire,0.57,Good,VVS1,61.61,53.94,3,9.83,5.73,77.4,2.89,-3.79,0.396,0.566,0.187,600,0.36,Green
Emerald,2.13,Premium,VS1,57.59,66.06,7.64,7.44,3.99,72.2,4.53,4.75,0.315,0.535,0.199,700,0.7,Green
Emerald,3.05,Ideal,VS1,59.46,66.35,6.33,7.54,4.68,63.16,4.26,-3.99,0.183,0.505,0.556,450,0.33,LightYellow
Amethyst,1.58,Ideal,VS1,58.07,61.59,5.34,6.17,3.07,,3.71,,0.151,0.209,0.46,400,,Violet
Ruby,4.27,Premium,VVS2,56.81,64.3,9.42,9.11,2.01,72.07,3.1,-1.61,0.489,0.364,0.348,400,0.63,Green
Emerald,0.93,Good,VVS2,58.26,68.11,9.85,3.4,2.65,70.62,3.63,-3.77,0.251,0.453,0.468,400,0.59,Blue
Emerald,1.96,Very Good,SI2,57.63,69.88,9.51,5.41,2.33,62.8,1.97,-4.48,0.167,0.304,0.574,650,0.65,Blue
Sapphire,0.8,Ideal,VVS1,55.82,50.8,6.5,5.01,5.37,65.09,2.99,-0.26,0.421,0.235,0.54,650,0.55,White
Diamond,2.14,Good,SI1,60.04,55.14,7.92,5.79,2.84,73.81,1.56,-0.86,0.272,0.459,0.326,550,0.55,Green
Topaz,0.39,Premium,SI2,59.51,68.69,4.2,6.36,2.5,,1.51,-0.12,0.119,0.277,0.108,500,0.51,LightYellow
Ruby,1.51,Fair,SI2,62.15,56.58,9.66,9.69,3.28,66.93,3.83,1.68,0.572,,0.266,700,0.48,FaintYellow
Amethyst,2.12,Good,,61.2,52.13,4.99,9.47,6.2,63.61,4.77,-2.29,0.436,0.39,0.251,,0.46,Violet
Amethyst,2.5,Good,SI2,58.43,56.27,4.35,7.28,3.24,64.12,,-4.98,0.196,0.236,0.272,650,0.58,White
Topaz,2.81,Fair,VVS1,59.96,60.37,3.42,3.14,4.96,73.49,4.76,0.39,0.124,0.49,0.576,450,0.42,FaintYellow
,1.52,Good,IF,60.36,57.72,6.85,6.89,5.75,78.44,1.89,-4.49,0.346,0.399,0.225,650,0.46,Violet
Emerald,2.71,Ideal,VS1,64.18,65.77,9.64,3.48,5.73,61.09,2.05,3.17,0.598,0.449,0.257,400,0.49,Red
Ruby,2.64,Ideal,VS1,64.82,62.22,3.95,5.52,6.25,69.85,2.7,3.08,0.286,0.357,0.264,600,0.39,LightYellow
,1.72,Ideal,VS2,63.16,58.7,,5.13,3.63,79.12,2.53,-3.79,0.54,0.177,0.492,500,0.54,Blue
Diamond,4.18,Good,SI1,60.62,69.95,4.91,7.54,4.2,70.7,2.19,4.53,0.457,0.126,0.408,450,0.57,White
Diamond,2.82,Good,VVS1,64.28,67.72,7.66,3.13,3.07,68.47,2.17,-0.97,0.229,0.364,,650,0.31,FaintYellow
Sapphire,1.79,Good,VS2,56.78,67.25,6.83,8.52,2.29,65.81,4.65,0.59,0.122,0.529,0.172,450,0.38,Blue
Amethyst,4.75,Premium,VS1,61.96,61.35,3.67,8.78,6.4,75.09,1.72,2.5,0.541,0.166,0.411,450,0.47,Violet
Ruby,4.26,Fair,VS2,59.6,65.6,6.1,3.23,5.9,77.9,4.5,-3.1,0.504,0.112,0.505,400,,Violet
Sapphire,4.92,Good,IF,56.45,56.72,3.47,3.57,3.42,79.8,3.04,-4.89,0.453,0.174,0.503,600,0.54,Red
Sapphire,3.52,Fair,SI2,55.75,56.6,8.96,9.44,5.55,66.18,4.71,2.38,0.589,0.582,0.281,550,0.33,Violet
Amethyst,2.02,Very Good,VS2,59.81,67.84,3.75,7.31,5.73,62.54,1.07,2.91,0.57,0.482,0.493,500,0.38,Red
Amethyst,1.55,Ideal,IF,57.39,61.94,6.3,9.72,3.1,74.47,1.89,1.6,0.197,0.493,0.532,500,0.47,White
Diamond,3.38,Premium,VS1,57.51,56.87,6.57,6.2,6.2,76.62,3,1.22,0.363,0.56,0.168,450,0.65,FaintYellow
Diamond,4.91,Fair,VVS2,58.2,66.91,6.71,4.33,3.44,77.46,1.57,4.02,0.204,0.324,0.275,700,0.62,FaintYellow
Diamond,3.21,Ideal,SI2,62.18,58.85,7.26,5.59,4.56,72.08,1.86,3.83,0.545,0.461,0.461,450,0.47,White
Amethyst,4.43,Premium,VVS1,56.64,58,7.91,9.5,5.59,79.21,2.9,,0.121,0.207,0.315,650,0.66,Violet
Amethyst,1.78,Ideal,SI2,62.18,50.52,3.03,3.81,4.66,62.24,4.07,-2.98,0.45,0.43,0.599,650,0.61,LightYellow
Amethyst,2.15,Good,VS2,62.83,63.58,3.22,9.25,3.17,66.16,4.14,1.43,0.438,0.228,0.244,700,0.52,Green
Emerald,4.55,Good,SI2,60.94,60.65,7.28,6.71,6.2,65.99,3.46,-4.19,0.21,0.5,0.313,400,0.34,LightYellow
Diamond,3.83,Ideal,SI1,57.48,56.24,4.27,3.49,2.02,67.98,4.64,0.47,0.561,0.531,0.15,700,0.48,Red
Diamond,4.91,Premium,IF,55.52,52.79,8.82,5.8,4.36,,3.52,-3.6,0.397,0.417,0.486,650,0.61,White
Topaz,3.92,Ideal,SI1,59.08,53.65,7.39,4.7,,60.4,1.1,4.46,0.555,0.446,0.51,700,0.34,White
Sapphire,2.35,Very Good,VS1,63.47,54.5,9.86,7.03,4.95,60.35,3.07,-1.09,0.333,0.325,0.589,500,0.35,Violet
Amethyst,2.75,Premium,SI1,56.02,67.3,8.1,4.07,2.19,62.75,4.87,-2.68,0.505,0.137,0.496,700,0.65,LightYellow
Ruby,4.52,Premium,SI1,62.45,59.61,3.64,9.59,2.26,63.72,3.62,2.56,0.507,0.373,0.246,400,0.43,LightYellow
Topaz,2.85,Ideal,VS1,59.68,63.91,4.2,4.48,4.22,79.78,3.75,-2.94,0.432,0.475,0.469,400,0.61,Red
Ruby,1.43,Fair,VVS2,63.99,59.23,3.33,7.43,5.1,65.16,1.46,3.56,,0.175,0.323,600,0.39,LightYellow
Ruby,2.29,Ideal,SI2,58.56,59.47,8.19,8.82,3.89,69.15,2.44,3.27,0.552,0.544,0.59,550,0.53,Blue
Ruby,2.68,Fair,SI1,62.05,66.44,3.89,7.17,6.11,60.58,4.39,-2.45,0.516,0.308,0.494,,0.62,White
Ruby,0.66,Premium,SI1,62.4,65.42,7.65,7.59,6.17,78.61,1.44,-1.68,0.215,0.242,0.287,600,0.34,Violet
Topaz,3.77,Good,SI1,56.99,54.64,6.89,5.87,4.02,60.94,4.36,-4.66,0.315,0.462,0.497,500,0.52,Violet
Amethyst,0.72,Good,VS1,56.58,62.51,7.43,3.71,4.71,78.05,3.29,-2.01,0.17,0.103,0.286,500,0.49,Violet
Diamond,2.14,,SI1,55.93,63.6,6.56,3.92,6.41,64.01,2.58,-3.37,0.113,0.502,0.419,500,0.48,LightYellow
Topaz,4.06,Fair,SI2,62.02,58.1,3.09,7.92,5.7,78.18,4.72,-4.64,0.139,0.149,0.153,500,0.46,FaintYellow
Diamond,,Ideal,VS1,60.48,51.37,4.77,8.58,2.6,66.61,1.12,4.51,0.149,0.118,0.323,550,0.55,Blue
Amethyst,4.24,Very Good,VVS2,55.87,57.43,9.19,8.9,2.32,69.54,4.71,4.42,0.274,0.598,,500,0.57,Blue
Emerald,1.84,Ideal,VS1,58.08,57.17,9.5,5.54,4.56,74.22,4.51,1.25,0.563,0.127,0.358,500,0.56,Green
Diamond,4.8,Ideal,SI1,56.42,63.81,3.68,9.78,5.79,74.86,4.95,-0.36,0.394,0.414,0.388,550,0.35,FaintYellow
Topaz,1.21,Ideal,SI2,55.93,66.19,9.67,7.49,5.41,60.68,2.67,-0.31,,0.559,0.473,550,0.43,White
Ruby,0.38,Ideal,IF,,57.92,7.69,4.07,4.82,60.39,2.84,1.33,0.124,0.445,0.279,450,0.49,Red
Emerald,4.39,Fair,SI2,55.96,62.91,9.46,,5.76,66.43,3.82,-2.54,0.416,0.198,0.491,600,0.68,Blue
Diamond,3.81,Fair,SI1,57.6,62.86,5.81,6.81,2.59,70.23,1.44,1.87,0.36,0.203,0.402,450,0.57,Violet
Ruby,1.31,Fair,SI2,60.53,62.96,3.71,8.19,4.12,77.47,1.97,-4.73,0.18,0.369,0.384,450,0.49,Violet
Diamond,4.93,Very Good,VS2,60.61,61.09,5.12,3.13,5.55,63.62,2.77,1.52,0.209,0.131,0.21,600,0.56,Red
Ruby,,Very Good,VS2,56.68,62.58,7.83,3.16,2.72,67.45,3.87,0.19,0.176,0.377,0.567,600,0.6,Red
Amethyst,4.77,Ideal,SI2,56.91,67.35,8.57,7.05,3.68,,2.99,1.95,0.22,0.324,0.189,650,0.52,
Diamond,2.62,Fair,IF,63.55,68.44,3.35,9.93,4.07,69.75,1.92,1.13,0.101,0.295,0.134,650,0.66,Red
Diamond,2.46,Very Good,VS2,56.67,51.84,6.41,8.16,2.34,74.1,2.17,-2.44,0.257,0.334,0.51,450,0.46,LightYellow
Emerald,2.36,Good,SI2,55.46,50.24,3.45,4.06,2.1,78.2,4,0.38,0.59,0.339,0.278,700,0.6,White
Topaz,1.81,Ideal,SI2,57.45,60.38,9.05,3.61,4.28,62.58,4.22,1.6,0.414,0.363,0.512,650,0.32,FaintYellow
Emerald,2.76,Premium,SI2,60.76,58.26,6.33,8.7,6.08,69.4,2.74,-4.84,0.37,0.469,0.566,600,0.4,Violet
Diamond,2.37,Fair,SI1,55.07,59.02,9.4,8.67,2.46,79.7,1.77,4.68,0.374,0.422,0.301,400,,FaintYellow
Diamond,0.38,Ideal,VS1,64.85,59.17,3.55,6.2,2.58,71.98,3.3,-1.24,0.4,0.224,0.17,400,0.69,FaintYellow
Topaz,1.45,Ideal,SI1,57.3,67.9,5.31,3.25,2.26,76.97,2.6,-2.28,0.47,0.424,0.151,450,0.59,Red
Diamond,1.22,Premium,VS2,57.38,62.73,7.74,8.36,3.63,77.79,3.56,2.13,0.498,0.104,0.19,650,0.31,Red
Emerald,4.36,Good,VS2,62.39,58.85,5.06,5.88,3.77,61.42,4.3,2.88,0.115,0.345,0.237,450,0.59,FaintYellow
Sapphire,3.07,Very Good,VS1,57.48,59.1,8.89,8.71,6.42,69.62,3.11,-0.82,0.193,0.139,0.418,600,0.38,Red
Sapphire,3.87,Very Good,SI2,58.96,66.89,9.91,4.01,5.7,79.24,4.61,1.05,0.183,0.503,0.484,700,0.61,Red
Diamond,4.79,Premium,VS2,60.44,54.34,4.97,6.24,3.64,62.99,,-2.36,0.29,0.156,0.327,550,0.65,Violet
Ruby,3.29,Premium,VS1,55.22,50.29,5.53,6.68,3.71,63.77,2.92,2.02,0.233,0.553,0.532,500,0.62,Green
Sapphire,4.92,,VVS2,63.37,59.56,9.77,5.59,3.87,70.12,3.28,-0.03,0.509,0.327,0.503,500,0.39,Green
Topaz,1.7,Good,SI1,60.12,69.21,,9.93,4.66,62.66,3.88,-3.61,0.305,0.188,0.104,550,0.56,LightYellow
Sapphire,1.09,Good,VVS2,58.13,66.29,6.89,8.34,5.94,77.2,3.11,3.22,0.52,0.377,0.386,550,0.69,FaintYellow
Diamond,2.14,Ideal,VS2,59,58.17,8.38,8.81,3.03,75.26,4.24,4,0.457,0.424,0.303,550,0.68,Red
Topaz,2.46,Premium,SI2,55.56,53.5,6.07,4.69,3.11,76.99,3.79,-1.55,0.32,0.431,0.338,400,0.7,Violet
Ruby,4.5,Premium,VVS2,62.18,61.4,5.61,5.69,6.46,68.1,2.4,-1.29,0.579,0.512,0.404,450,0.52,LightYellow
Topaz,2.89,Premium,SI2,60.4,67.59,6.47,3.78,4.2,72.94,3.56,2.72,0.495,0.398,0.392,500,0.44,Violet
Sapphire,1.6,Very Good,VS2,64.14,64.35,8.46,9.99,5.08,66.54,2.27,3.56,0.451,0.203,0.547,600,0.47,Green
Sapphire,3.76,,SI2,59.64,60.8,5.19,4.8,5.64,61.26,3.87,0.25,0.492,0.32,0.278,700,0.34,FaintYellow
Topaz,2.63,Very Good,VVS2,63.28,64.7,5.46,3.7,4.2,75.5,3.61,3.65,0.31,0.497,0.401,550,0.57,FaintYellow
Diamond,0.98,Good,VS2,56.88,69.29,4.32,4.44,2.07,79.43,1.71,-4.82,0.155,0.318,0.572,450,0.39,Green
Ruby,2.97,Very Good,VVS1,55.57,61.05,7.91,7,5.37,65.72,3.8,-3.35,0.306,0.148,0.28,500,0.62,Violet
Topaz,4.57,Ideal,SI1,64.48,61.11,9.3,5.35,4.62,65.75,1.52,3.64,0.358,0.523,0.349,500,0.68,Blue
Emerald,4.24,Very Good,IF,57.57,59.57,4.3,4.15,5.95,64.13,1.37,1.72,,0.586,0.136,450,0.45,Green
Sapphire,3.02,Good,SI1,63.34,61.33,3.24,6.28,5.6,68.53,3.57,1.41,0.285,0.527,0.555,400,0.56,Violet
Ruby,2.01,Premium,VVS2,57.57,62.7,5.67,7.69,3.78,67.51,2.33,1.56,0.564,0.103,0.502,550,0.63,LightYellow
Ruby,0.62,Ideal,VS1,56.56,54.09,5.87,7.65,2.19,77.7,1.64,-3.89,0.166,0.599,0.128,600,0.39,Red
Ruby,,Good,IF,62.33,61.36,7.52,3.1,4.47,75.81,4.95,3.64,0.413,0.327,0.456,500,0.39,White
Topaz,3.81,Fair,SI2,62.78,50.27,3.6,8.29,6.42,77.61,4.48,-4.02,0.522,0.27,0.554,650,0.33,Violet
Ruby,1.93,Premium,SI2,63.44,68.76,8.75,4.69,2.77,78.39,1.71,-2.96,0.466,0.178,0.484,600,0.42,FaintYellow
Ruby,,Very Good,VS2,63.65,50.76,7.02,9.46,4.28,73.58,4.77,2.39,0.197,0.423,0.388,700,0.66,Red
Sapphire,4.67,Good,SI2,59.83,69.16,6.82,3.97,2.54,72.87,3.42,-2.61,0.304,0.271,0.558,450,0.34,Violet
Diamond,4.14,Fair,IF,59,69.38,5.21,5.8,6.23,69.32,3.08,3.04,0.381,0.545,0.459,650,0.41,Blue
Diamond,3.26,Good,SI2,62.51,60.54,5.56,5.19,5.72,61.66,2.43,2.26,0.167,0.326,0.152,650,0.64,White
Emerald,0.86,Very Good,VS1,60.69,56.65,3.39,6.44,4.42,68.93,2.29,2.42,0.23,0.245,0.212,700,0.63,Red
Amethyst,0.9,Good,VS1,64.65,53.7,8.28,5.2,4.87,67.25,1.41,-0.77,0.43,0.151,0.176,650,0.34,Red
Emerald,0.7,Fair,SI1,58.76,53.24,7.23,8.4,4.91,67.57,1.73,0.59,0.517,0.39,0.255,600,0.59,LightYellow
Emerald,3.16,Good,SI2,55.43,54.76,9.83,5.67,6.29,70.03,2.08,-0.53,0.571,0.438,0.23,,0.45,Violet
Diamond,0.75,Ideal,SI2,60.89,59.52,5.47,5.45,6.37,70.55,3.94,2.4,0.205,0.11,0.233,550,0.32,White
Emerald,4.24,Ideal,VS2,58.53,64.86,7.66,9.8,4.99,64.32,4.84,-3.79,0.372,0.546,0.272,600,0.32,Red
Topaz,4.97,Very Good,SI1,58.43,57.97,9.44,5.82,3.32,65.5,2.86,-0.45,0.418,0.103,0.111,650,0.43,Red
Diamond,1.96,Fair,VVS2,60.65,65.62,7.98,3.91,,64.06,2.48,2.92,0.459,0.352,0.238,550,0.63,Green
Ruby,2.38,Fair,VVS2,64.22,61.29,3.28,4.88,4.5,74.73,4.44,-2.8,0.427,0.224,0.186,450,0.64,FaintYellow
Ruby,3.62,Fair,VVS1,57.67,50.39,7.43,8.06,5.55,79.29,3.72,-0.63,0.491,0.582,0.129,600,0.65,LightYellow
Diamond,4.7,Fair,SI1,58.8,52.64,6.82,4.83,5.88,,1.98,-2.09,,0.333,0.314,500,0.37,Red
Diamond,4.49,Fair,VS1,63.91,61.44,6.5,7.76,4.87,77.27,3.15,-0.53,0.359,0.552,0.498,650,0.53,Violet
Ruby,0.48,Premium,VVS1,63.95,53.22,6.87,9.4,4.33,74.6,4.53,-4.5,0.182,0.571,0.348,400,0.33,Blue
Topaz,1.01,Good,VS1,57.35,62.17,6.22,5.62,5.86,66.12,3.64,-0.25,0.114,0.295,0.452,500,0.64,LightYellow
Topaz,3.82,Fair,VVS1,62.06,58.91,7.84,4.35,4.01,70.5,2.49,-0.93,0.184,0.423,0.158,500,0.67,FaintYellow
Topaz,3.51,Ideal,SI1,59.16,63.8,3.1,8.02,4.15,72.2,2.71,4.38,0.455,0.358,0.321,500,0.59,Blue
Sapphire,0.84,Good,VVS2,64.36,55.83,4.32,6.06,2.08,75.43,4.59,-2.46,0.24,0.254,0.205,650,0.34,Violet
Ruby,,Very Good,VS1,62.32,66.43,5.56,3.32,2.32,70.89,3.83,-2.41,0.475,0.395,,600,0.41,Blue
Topaz,3.95,Very Good,SI1,59.94,57.78,6.17,7.05,3.93,73.11,3.04,-3.49,0.115,0.341,0.217,550,0.62,Blue
Diamond,1.25,Fair,SI1,63.17,65.93,3.91,7.06,2.03,66.41,3.71,-2.5,0.258,0.325,0.494,600,0.52,White
Ruby,4.38,Premium,VVS2,64.98,50.39,8.74,7.77,2.92,62.47,3.74,4.43,0.126,0.269,0.387,650,0.36,Blue
Diamond,0.45,Premium,IF,59.47,57.86,9.51,8.15,5.06,61.2,3.27,1.27,0.478,0.103,0.215,650,0.7,Green
Emerald,3.95,Good,VVS2,,54.4,8.26,7.52,4.83,65.84,3.51,-4.84,0.304,0.551,0.213,400,0.52,FaintYellow
Topaz,3.16,Premium,VS1,61.07,58.87,9.5,5.37,4.55,73.36,2.41,-4.66,0.19,0.23,0.221,600,0.34,FaintYellow
Ruby,1.71,Very Good,IF,61.83,68.94,8.2,8.85,5.71,61.78,2.4,-4.73,0.387,0.188,0.496,550,0.42,Red
Emerald,3.66,Fair,VVS1,62.04,53.18,6.09,9.55,3.63,74.78,2.36,-2.47,0.584,0.107,0.416,600,0.67,Green
Ruby,3.96,Ideal,VS2,59.74,51.76,5.75,5.11,4.97,68.14,1.15,-4.42,0.125,0.326,0.229,400,0.46,White
Sapphire,4.68,Very Good,VS1,58.32,51.17,4.16,4.97,4.9,69.36,4.31,-4.33,0.404,0.416,0.29,650,0.46,Violet
Amethyst,1.97,Very Good,SI2,63.22,52.47,3.61,6.59,4.97,64.26,1.63,,0.447,0.228,0.275,650,0.58,Blue
Ruby,3.49,Good,VS2,64.58,51.24,4.54,9.9,5.03,73.95,1.38,-4.92,0.522,0.181,0.243,400,0.52,
Sapphire,3.09,Premium,VS2,63.64,63.69,6.72,4.14,5.61,79.41,2.69,,0.266,0.356,0.488,650,0.41,FaintYellow
Ruby,2.72,Ideal,IF,61.82,52.35,3.94,6.46,4.74,68.02,2.92,1.2,0.427,0.599,0.318,650,0.53,Red
Sapphire,4.47,Ideal,VVS1,58.6,53.95,9.66,4.36,5.94,62.31,2.05,1.98,0.142,0.488,0.226,650,0.33,Red
Topaz,0.22,Premium,VVS2,61.22,62.91,4.53,5.87,3.92,60.34,4.83,4.65,,0.347,0.407,500,0.37,Violet
Emerald,,Fair,IF,,58.92,8.84,5.65,6.38,77.32,1.67,-0.16,0.459,0.248,0.395,450,0.65,FaintYellow
Ruby,2.78,Premium,,60.34,51.09,8.73,7,2.15,74.11,3.3,0.68,0.328,0.184,0.401,450,0.36,FaintYellow
Amethyst,1.06,Fair,SI2,62.81,69.41,3.99,3.24,2.6,76.93,3.44,0.93,0.352,0.321,0.385,550,0.58,Blue
Ruby,4.56,Ideal,SI2,57.51,62,7.98,8.65,2.38,67.85,3.62,2.48,0.536,0.33,0.562,650,0.44,Violet
Diamond,3.31,Good,VVS2,60.02,62.28,8.77,7.97,3.97,72.67,4.18,-0.85,0.173,0.172,0.312,400,0.58,Red
Emerald,2.49,Very Good,VVS2,55.73,67.05,9.19,10,4.65,67.76,4.46,4.85,0.194,0.589,0.548,600,0.48,LightYellow
Emerald,4.11,Ideal,VVS1,63.38,68.18,9.68,4.79,3.99,66.57,2.17,-0.01,0.296,0.272,0.522,600,0.3,White
Ruby,2.36,Ideal,VVS2,58.5,51.14,9.51,9.07,2.95,71.81,4.94,-3.72,0.288,0.343,0.572,600,0.43,Green
Topaz,2.88,Ideal,VS1,60.82,51.37,5.18,7.27,3.04,64.37,2.66,2.48,0.38,0.184,0.435,600,0.58,White
Amethyst,0.21,Very Good,VS1,58.79,65.53,4.87,4.62,5.63,,4.14,0.19,0.318,0.288,0.498,450,0.36,Green
Topaz,1.96,Fair,IF,60.98,63.92,5.78,5.07,2.24,72.67,1.16,1.5,0.246,0.165,0.113,400,0.57,Green
Amethyst,0.87,Good,VVS2,62.44,54.34,6.26,3.14,6.46,68.13,3.98,0.14,0.526,0.51,0.521,650,0.64,Green
Diamond,3.51,Good,VVS2,58.27,56.42,4.64,5.4,5.24,65.71,4.32,1.51,0.176,0.284,0.27,400,0.35,Blue
Diamond,2.5,Good,VVS1,60.19,62.22,3.6,,6.15,67.2,1.43,-0.47,0.105,0.106,,550,0.39,LightYellow
Emerald,1.65,Fair,VS1,62.95,65.78,7.6,3.53,2.82,66.23,2.22,-1.09,0.172,0.448,0.298,600,0.5,LightYellow
Ruby,2.45,Premium,VS2,61.88,62.06,4.22,9.5,4.52,67.23,2.79,-3.11,0.34,0.278,0.458,500,0.34,LightYellow
Emerald,1.21,Premium,IF,,65.84,9.4,5.66,4.38,60.32,4.06,-1.68,0.393,0.297,0.586,400,0.67,Red
Amethyst,4.64,Good,SI1,60.69,,5.01,8.19,4.79,66.81,3.12,-4.62,0.178,0.27,0.466,550,0.69,Green
Diamond,0.46,Ideal,VS1,58.76,56.62,4.38,7.61,5.5,70.82,3.53,-0.04,0.387,0.282,0.316,650,0.53,LightYellow
Emerald,4.35,Ideal,VVS1,62.09,52.03,4.36,7.71,5.21,69.65,2.47,,0.118,0.259,0.401,450,0.42,Green
Emerald,2.65,Very Good,IF,55.17,69.7,5.03,6.84,3.77,62.82,4.48,,0.41,0.488,0.242,650,0.43,Red
Emerald,3.17,Premium,VS2,58.31,66.18,7.29,6.25,5.91,78.94,2.47,0.62,0.364,0.404,0.494,500,0.47,Red
Diamond,1.65,Ideal,SI2,55.86,64.32,9.85,9.5,2.06,63.69,2.9,3.92,,0.206,0.37,550,0.64,Blue
Topaz,4.84,Good,SI1,64.2,53.9,6.4,7.76,3.14,71.56,2.77,0.11,0.561,0.472,0.192,650,0.62,White
Amethyst,1.55,,IF,63.76,63.97,7.2,7.3,4.34,67.43,4.14,-4.51,0.318,0.238,0.374,450,0.66,LightYellow
Amethyst,3.03,Premium,VS1,64.68,67.25,8.9,5.93,5.87,73.47,4.28,-0.84,0.285,0.199,0.363,650,0.67,White
Ruby,4.97,Very Good,VS2,61.43,66.21,5.34,4.58,3.8,68.71,4.62,4.12,0.211,0.326,0.174,450,0.43,LightYellow
Amethyst,4.43,Ideal,SI1,63.07,65.09,4.26,3.01,5.49,60.82,1.92,4.52,0.256,0.473,0.177,500,0.59,Green
Emerald,2.77,Good,VVS1,61.12,57.74,,9.87,3.19,72.68,4.64,3.46,0.21,0.358,0.373,400,0.38,Red
Ruby,4.95,Good,IF,59.92,65.34,5.23,8.29,6.36,78.51,2.16,-0.69,0.188,0.313,0.535,600,0.57,Violet
Sapphire,3.57,Good,VS1,63.34,59.69,9.06,9.96,2.07,77.39,4.51,-1.21,0.308,0.374,0.426,450,0.52,Violet
Sapphire,1.2,Ideal,VVS1,62.76,58.09,9.85,8.39,2.8,66.57,4.43,-2.13,0.129,0.556,,400,0.43,Green
Amethyst,2.15,Fair,VS2,62.33,69.3,7.82,3.32,2.1,66.5,2.82,-3.57,0.416,0.475,0.398,700,0.33,LightYellow
Diamond,1.81,Good,IF,63.94,52.93,7.58,6.11,2.08,71.75,4.19,4.01,0.336,0.372,0.156,650,0.44,FaintYellow
Diamond,1.85,Fair,VVS2,64.29,67.29,8,3.82,6.08,63.93,3.97,1.79,0.199,0.363,0.202,600,0.46,Violet
Emerald,3.85,Good,VS1,59.45,56.44,6.27,8.61,3.24,72.55,1.18,3.22,0.103,0.144,0.511,450,0.65,Blue
Emerald,3,Fair,VS1,57.83,60.33,,4.3,3.05,76.02,1.1,-4,0.387,0.118,0.262,650,0.67,Green
Diamond,0.38,Premium,VVS2,60.12,57.26,3.5,7.6,3.2,64.07,1.35,-3.28,0.134,0.548,0.49,650,0.68,Green
Topaz,4.41,Premium,VVS1,55.93,60.06,6.45,7.61,5.61,79.16,4.79,-4.65,0.591,0.553,0.311,600,0.41,Red
Ruby,,Good,VS1,64.38,66.37,5.33,7.47,3.4,70.06,3.85,-0.54,0.343,0.401,0.342,650,0.65,White
Diamond,4.99,Very Good,VVS1,64.84,53.66,3.37,9.15,4.67,64.35,2.66,-0.65,0.369,0.585,0.25,450,0.61,Red
Emerald,4.78,Very Good,VS2,61.53,65.1,6.81,8.08,5.86,61.34,1.88,3.33,0.546,0.401,0.257,700,0.67,Green
Topaz,4.71,Ideal,VVS2,62.46,58.92,5.52,5.29,3.43,65.73,4.79,-4.71,0.574,0.514,0.18,400,,Red
Sapphire,4.09,Premium,VVS1,58.24,68.7,7.13,5.2,2.66,69.47,1.98,0.17,0.566,0.15,,650,0.32,Green
Amethyst,1.26,Premium,VS2,63.66,60.94,6.59,,2.3,69.57,3.17,2.41,0.321,0.555,0.393,700,,White
Topaz,2.76,Very Good,SI2,64,50.83,4.93,9.36,4.53,64.09,1.97,1.38,0.21,0.336,0.338,600,0.57,Violet
Diamond,1.28,Good,IF,55.77,68.2,6.78,3.72,4.73,65.16,3.91,4.64,0.546,0.566,0.538,650,0.51,White
Amethyst,1.45,Ideal,VS1,56.31,68.49,5.65,6.35,5.92,73.57,1.69,3.8,0.229,0.413,0.107,500,0.32,Blue
Diamond,3.13,Premium,VVS2,57.61,53.6,9.45,6.56,4.13,75.5,3.38,-3.27,0.26,0.324,0.291,400,0.68,Violet
Topaz,0.4,Ideal,IF,62.04,69.45,5.63,6.13,5.9,62.16,3.6,-1.08,0.157,0.135,0.397,500,0.34,Violet
Topaz,4.85,Premium,SI2,56.83,58.92,3.28,7.02,4.32,73.32,4.86,2.47,0.528,0.336,0.137,600,0.3,Green
Ruby,4.61,Fair,IF,57.2,68.29,8.35,,4.66,78.33,3.41,-0.79,0.556,0.125,0.111,600,0.47,LightYellow
Diamond,2.03,Fair,IF,58.82,57.28,9.75,4.37,4.42,60.7,2.94,-0.77,0.507,0.494,0.459,550,0.42,Violet
Sapphire,2.67,Ideal,VVS1,61.12,50.45,4.19,3.52,3.35,72.26,2.57,-2.87,0.252,0.146,0.224,500,0.6,LightYellow
Diamond,2.44,Very Good,SI2,64.76,65.9,9.81,9,5.8,71.65,1.42,-3.34,0.504,0.241,0.394,650,0.43,Green
Emerald,4.43,Very Good,VS1,62.84,67.72,7.32,6.46,5.98,64.72,3.89,1.57,0.161,0.319,0.415,650,0.44,Violet
Diamond,3.51,Premium,VVS2,60.58,53.26,8.93,3.89,5.82,76.5,1.99,4.88,0.491,0.413,0.329,500,0.68,Red
,1.53,Fair,SI1,55.49,61.08,6.31,7.7,2.48,60.13,2.25,4.28,0.571,0.421,0.53,500,0.38,Blue
Amethyst,,Fair,SI1,60.17,66.63,7.36,4.56,5,78.58,1.05,3.67,0.219,0.145,0.222,400,0.6,LightYellow
Emerald,2.26,Ideal,VS1,57.04,59.23,8.89,3.57,4,71.96,3.64,4.81,0.36,0.164,0.281,650,0.37,FaintYellow
Sapphire,4.8,Ideal,VS1,58,65.77,9.88,4.98,2.44,69.82,4.04,-3.19,0.405,0.596,,,0.47,Violet
Sapphire,1.04,Very Good,VS1,57.51,62.76,4.29,5.08,2.28,74.8,1.38,-0.68,0.325,0.52,0.175,700,0.58,FaintYellow
Ruby,0.63,Very Good,VS2,58.47,64.41,9.29,9.08,5.14,78.84,1.55,-3.6,0.236,0.262,0.568,400,0.59,Blue
Ruby,4.43,Very Good,,55.62,68.38,7.67,5.15,3.79,76.44,4.29,-0.24,0.325,0.38,0.173,450,0.62,Violet
Amethyst,4.5,Good,VS2,60.77,58.34,9.63,8.46,3.72,71.36,3.94,-4.14,0.412,0.445,0.508,550,0.35,FaintYellow
Topaz,4.38,Fair,VS2,,65.42,5.23,7.04,2.96,62.52,1.5,1.78,0.307,0.183,0.471,550,0.43,Blue
Amethyst,2.65,Fair,VS2,61.61,64.25,4.7,3.66,4.71,67.61,2.69,-0.54,0.45,0.167,0.441,650,,FaintYellow
Ruby,3.37,Ideal,VS1,62.31,58.78,5.56,4.1,2.67,77.46,2.25,,0.133,0.349,0.106,500,0.38,Green
Sapphire,2.9,Fair,VS1,59.86,57.62,9.19,3.56,2.02,77.02,1.66,-2.69,0.358,0.259,0.119,700,0.59,LightYellow
Sapphire,0.53,Ideal,SI1,62.81,67.63,6.22,5.81,2.06,68.39,2.75,-1.06,0.547,0.339,0.435,400,0.67,Green
Sapphire,3.06,Good,VVS2,64.67,54.09,9.66,9.79,3.66,69.46,4.41,-4.99,0.596,0.183,0.494,550,0.59,Violet
Diamond,0.27,Very Good,SI1,58.4,56.37,4.7,4.27,5.23,73.69,4.27,-0.34,0.382,,0.537,600,0.47,LightYellow
Emerald,1.76,Good,SI1,61.19,69.49,4.54,5.39,4.71,68.79,3.34,-4.17,0.356,0.584,0.39,550,0.48,LightYellow
Topaz,4.68,Very Good,VVS2,58.24,55.55,7.75,8.74,3.13,61.79,3.24,4.32,0.271,0.15,0.259,500,0.64,FaintYellow
Diamond,1.66,Very Good,VVS2,59.43,67.45,5.04,9.13,2.46,74.59,3.62,4.52,0.212,0.53,0.361,400,0.46,White
Topaz,4.71,Ideal,,55.21,57.43,3.9,8.15,3.63,73,4.9,0.54,0.222,0.331,0.492,400,0.54,Violet
Amethyst,1.4,Very Good,SI1,55.74,61.02,5.63,6.27,6.03,63.97,4.29,-0.63,0.114,0.323,0.379,550,0.46,Blue
Topaz,1.71,Good,SI1,62.98,57.97,4.86,7.54,3.56,76.06,1.85,-0.24,0.59,0.319,0.314,600,0.54,Green
Amethyst,3.22,Premium,VVS2,56.4,54.43,5.89,6.15,2.54,76.33,2.87,,0.197,0.123,0.176,650,0.62,FaintYellow
Diamond,3.86,Ideal,VVS2,61.99,63.82,4.31,8.94,6.01,64.94,3.99,-0.63,0.372,0.128,0.582,650,0.68,Blue
Sapphire,2.61,Very Good,VS2,62.09,69.33,9.7,5.87,3.46,62.83,4.39,0.01,0.125,0.16,0.114,500,0.69,Violet
Topaz,4.43,Very Good,VS1,64.96,67.86,8.61,8.72,5.47,63.93,1.34,4.62,0.154,0.475,0.113,400,0.33,FaintYellow
Ruby,0.39,Fair,VVS2,61.96,69.71,8.89,7.1,3.23,69.86,3.78,-1,0.498,0.233,0.244,,0.47,LightYellow
Emerald,4.63,Ideal,VVS1,56.29,63.82,5.08,6.65,5.91,66.39,1.61,2.52,0.403,0.426,0.413,450,0.46,LightYellow
Topaz,1.14,Ideal,SI2,61.27,50.69,9,7.6,2.37,73.47,1.42,2.32,0.162,0.278,0.32,500,0.67,White
Sapphire,4.44,Good,VVS2,60.24,61.08,7.14,5.04,3.14,70.43,4.37,4.59,0.344,0.471,0.551,450,0.32,Green
Amethyst,2.12,Premium,VVS2,64.17,62.45,3.4,5.75,5.27,73.42,4.15,-4.49,0.264,0.535,0.264,600,,Violet
Ruby,4.2,Good,VS1,61.9,52.4,4.07,8.64,3.78,64.42,3.99,-4.13,0.343,,0.202,700,0.66,LightYellow
Sapphire,3.42,,SI1,60.18,66.57,6.12,5.69,4.48,71.82,1.1,0.76,0.154,0.125,0.233,450,0.65,White
Sapphire,1.04,Good,VS2,61.24,64.6,5.76,7.58,3.25,77.66,2.03,-0.23,0.546,0.448,0.598,400,0.67,Red
Topaz,4.61,Premium,IF,59.43,58.97,,7.64,3.63,71.67,2.72,1.18,0.382,0.31,0.388,550,0.42,Red
Amethyst,1.38,Good,SI1,60.08,55.84,9.12,9.09,4.73,73.78,4.52,0.34,0.369,0.503,0.341,400,0.37,Red
Emerald,1.37,Ideal,SI1,62.22,54.44,9.05,6.11,5.57,79,3.09,2.65,0.188,0.558,0.211,700,0.55,White
Sapphire,4.11,Premium,VS1,55.78,69.29,5.63,9.32,6.01,77.73,2.99,3.89,0.373,0.556,0.19,550,0.51,
Sapphire,0.71,Very Good,VS2,61.15,66.04,7.45,9.95,3.61,64.5,1.02,0.33,0.592,0.526,0.108,650,,Red
Diamond,1.27,Fair,VVS1,55.88,63.87,6.48,4.18,4.84,76.33,4.32,-4.11,0.16,0.154,0.471,650,0.37,Blue
Amethyst,2.62,Fair,SI2,63.55,68.97,9.22,8.01,4.24,79.6,3.34,-3.91,0.452,0.484,0.412,550,0.69,FaintYellow
Topaz,4.19,Ideal,SI2,64.42,54.07,9.22,7.89,4.95,75.78,2.49,-2.76,0.293,0.433,0.359,600,0.4,Green
Ruby,0.91,Fair,IF,62.8,67.15,3.38,6.19,4.8,62.57,1.64,3.61,0.488,0.242,0.324,550,0.48,Blue
Diamond,2.83,Fair,SI2,62.18,61.67,7,5.13,4.79,72.4,2.68,0.8,0.359,0.212,0.47,700,0.6,FaintYellow
Amethyst,3.61,Fair,VS2,64.44,68.66,6.52,3.19,3.96,73.06,1.95,-1.23,0.552,0.554,0.45,450,0.68,Green
Ruby,4.33,Very Good,SI1,57.19,63.21,8.39,7.45,3.32,62.95,2.8,-1.38,0.142,0.596,0.322,550,0.51,FaintYellow
Ruby,4.69,Fair,VS2,57.29,64.83,4.37,5.21,3.9,71.1,2.23,-4.39,0.311,0.492,0.279,700,0.38,LightYellow
Ruby,3.97,Good,VS1,59.81,54.45,7.86,6.87,5.77,,1.18,-2.22,0.262,0.172,0.118,600,0.55,Violet
Sapphire,3.33,Ideal,VS2,55.07,,8.17,3.85,3.54,65.91,4.97,-1.4,0.543,0.379,0.165,500,0.35,White
Ruby,2.28,Ideal,VVS2,64.65,56.05,3.19,3.31,5.88,76.15,2.79,-4.14,0.12,0.234,0.452,400,0.48,Red
Diamond,0.74,Ideal,VS2,55.32,63.88,6.02,8.62,2.75,72.87,4.25,-0.84,0.19,0.235,0.358,500,0.36,Green
Amethyst,3.61,Very Good,IF,60.96,58.22,,3.86,4.49,73.49,1.46,-1.11,0.333,0.166,0.218,550,0.4,Red
Amethyst,4.97,Very Good,VS2,58.54,67.2,5.1,3.96,2.49,65.99,3.44,4.51,0.369,0.187,0.311,600,0.65,Red
Sapphire,3.74,Fair,VVS1,56.03,54.25,9.19,6.99,3.99,75.14,3.1,-0.26,0.343,0.321,0.517,400,0.57,LightYellow
Emerald,0.28,Good,SI2,55.25,65.91,7.11,8.12,6.37,72.73,4.81,1.59,0.399,0.154,0.122,500,0.59,LightYellow
Ruby,2.58,Fair,VVS2,57.62,66.26,5.08,3.06,4.82,70.48,4.21,3.79,0.565,0.175,0.546,550,0.37,LightYellow
Topaz,3.15,Ideal,IF,56.07,62.56,8.85,6.09,2.08,69.81,2.65,3.84,0.423,0.162,0.188,500,0.68,FaintYellow
Emerald,3.51,Good,IF,64.4,52.97,9.93,7.42,5.7,66.14,4.18,1.19,0.334,0.249,0.573,550,0.33,Red
Sapphire,3.65,Ideal,SI1,57.45,56.53,8.19,8.17,4.25,64.04,,0.21,,0.58,0.462,600,0.68,White
Sapphire,2.88,Good,VS1,55.94,57.95,3.43,9.64,5.02,75.34,4.04,-1.79,0.206,,0.18,400,0.4,Violet
Amethyst,1.27,Premium,SI2,62.7,59.31,3.37,3.11,4.89,63.99,2.17,-0.48,0.128,0.224,0.146,550,0.33,Violet
Ruby,4.72,Very Good,VS1,59.14,64.74,6.44,9.29,2.85,63.35,2.49,-4.26,0.445,0.549,0.254,650,0.49,Violet
Diamond,3.54,Very Good,VVS2,63.44,56.77,3.04,9.77,3.83,77.02,3.42,-3.36,0.479,0.145,0.434,650,0.5,LightYellow
Topaz,1.34,Ideal,IF,63.38,50.36,7.73,9.06,2.97,61.6,3.16,-1.26,0.574,0.501,0.126,450,0.62,
Ruby,1.75,Ideal,SI1,64.92,67.32,3.11,9.64,2.8,63.07,2.58,-4.77,0.58,0.13,0.564,650,0.56,LightYellow
Emerald,4.63,Premium,VVS1,63.04,58.65,9.81,3.83,4.51,61.82,4.75,2.16,0.538,0.217,0.301,500,0.45,Violet
Topaz,4.46,Fair,VS2,57.14,55.66,9.16,9.95,2.92,79.16,3.02,0.89,0.557,0.537,0.243,600,0.54,White
Ruby,2.14,Good,VS2,60.86,66.38,8.71,8.36,2.91,62.1,3.89,3.55,0.48,0.103,0.507,,0.54,FaintYellow
Sapphire,,Premium,VS2,60.26,67.58,8.69,3.49,4.82,60.12,2.67,-3.33,0.548,0.334,0.537,550,0.67,Violet
Amethyst,0.43,Premium,VS1,60.08,64.62,8.84,7.75,3.81,72.25,3.89,4.32,0.101,0.466,0.454,550,0.31,Violet
Sapphire,1.56,Ideal,IF,57.97,57.09,6.04,7.92,2.91,74.27,4.17,4.02,0.115,0.271,0.356,700,0.56,FaintYellow
Amethyst,3.22,Ideal,IF,57.1,54.62,8.54,7.41,3.73,63.55,3.19,0.38,0.484,0.191,0.115,550,0.6,Blue
Topaz,3,Fair,VVS1,62.17,64.26,5.57,9.12,4.61,66.98,1.13,-1.33,0.517,0.131,0.523,400,0.53,Blue
Emerald,3.24,Fair,VS1,56.02,51.15,8.94,8.24,4.69,66.2,3.02,3.66,0.244,0.539,,500,0.65,Blue
,3.64,Ideal,VVS1,55.5,57.82,7.33,4.13,6.04,74.48,4.6,4.41,0.125,0.483,0.391,550,0.68,Violet
Emerald,0.29,Very Good,IF,58.81,65.18,5.51,4.75,6.19,67.88,1.34,-3.38,0.11,0.439,0.279,500,0.4,Green
Amethyst,0.7,Fair,VS2,62.44,61.7,8.22,6.24,2.91,70.57,3.34,0.78,0.138,0.501,0.363,500,0.65,
Ruby,1.93,Premium,SI2,63.69,64.68,4.7,5.76,4.21,75.53,1.14,0.03,0.335,,0.463,600,0.51,Red
Sapphire,0.94,Ideal,VS1,60.4,61.46,9.75,7.64,4.01,69.87,2.95,0.36,0.579,0.532,0.51,450,0.58,Red
Emerald,0.56,Good,VS1,63.4,54.79,7.65,3.95,5.45,74.51,3.77,-4.31,0.12,0.352,0.393,400,0.4,LightYellow
Topaz,3.28,Good,,55.25,,5.81,5.48,2.87,71.33,2.52,-1.18,0.309,0.296,0.267,600,0.63,LightYellow
Sapphire,4.11,Very Good,SI1,59.55,65.46,6.86,4.7,3.02,74.25,1.46,-3.51,0.37,0.363,0.438,600,0.49,Green
Amethyst,3.81,Ideal,SI1,,54.61,8.16,5.06,2.71,61.81,4.79,3.72,0.415,0.586,0.207,450,0.58,Violet
Emerald,4.12,Premium,VS2,60.83,69.26,8.58,7.98,5.3,79.56,4.73,-0.46,0.303,0.436,0.545,450,0.65,LightYellow
Sapphire,3.4,Very Good,SI1,64.21,54.06,9.82,3.56,3.02,61.74,4.18,3.37,0.506,0.186,0.116,700,0.55,Green
Ruby,3.73,Premium,VS1,55.07,50.28,4.46,9.21,3.89,72.72,1.83,-2.83,0.182,0.317,0.5,650,0.54,Blue
Amethyst,1.5,Good,SI1,61.68,65.56,6.53,7.49,3.17,60.46,4.09,3.64,0.108,0.459,0.154,400,0.33,FaintYellow
Topaz,4.97,Premium,SI1,62.92,68.57,3.64,5.88,6.42,70.34,2.34,-3.61,0.471,0.31,0.559,700,0.57,White
Topaz,1.08,Good,VVS2,62.44,54.93,3.58,6.4,4.92,61.92,3.44,-3.46,0.572,,0.293,500,0.44,Violet
,1.23,Fair,VS1,55.2,53.1,3.73,7.89,3.29,61.8,2.79,4.88,0.523,0.12,0.333,550,0.64,Violet
Ruby,1.59,Good,SI1,56.74,54.48,4.82,8.12,2.52,65.7,2,-4.71,0.475,0.3,0.32,500,0.48,LightYellow
Sapphire,4.88,Good,VS2,55.94,62.56,7.87,8.63,3.97,64.83,3.61,-4.68,0.152,0.253,0.385,,0.64,Blue
Ruby,4.94,Very Good,SI1,55.85,61.58,9.03,4.85,2.82,62.74,3.88,-3.95,0.497,0.403,0.411,700,0.65,White
Amethyst,4.02,Very Good,SI1,62.3,62.43,6.05,9.01,2.75,71.58,3.11,-3.11,0.355,0.154,0.581,600,0.58,FaintYellow
Amethyst,3.22,Ideal,SI2,59.25,50.15,6.89,8.81,3.33,77.71,1.65,-4.32,0.248,0.326,0.146,650,0.33,FaintYellow
Ruby,2.7,Ideal,,62.25,53.14,4.44,8.99,6.35,78.35,2.98,4.51,0.589,0.4,0.468,450,0.4,Green
Amethyst,4.86,Good,SI1,58.61,54.86,8.54,3.57,3.8,65.81,4.08,-1.98,0.532,0.145,0.173,550,0.41,Red
Topaz,3.54,Fair,VVS2,56.17,,9.22,4.01,2.95,77.29,4.39,4.65,0.305,0.361,0.359,650,0.6,Violet
Amethyst,4.73,Ideal,VVS2,62.18,62.17,6.4,7.37,3.48,79.35,1.11,3.76,0.202,0.472,0.331,650,0.66,Green
Sapphire,1.72,Good,SI2,61.26,62.48,4.13,9.67,4.15,66.24,1.75,2.65,0.549,0.386,0.588,550,0.55,LightYellow
Emerald,1.8,Very Good,SI1,56.13,61.41,3.04,3.77,2.32,78.74,4.72,-4.73,0.307,0.121,0.139,400,0.4,FaintYellow
Diamond,4.3,Ideal,VS1,64.24,64.89,6.75,8.17,3.37,68.52,4.13,2.27,0.564,0.36,0.232,600,,
Sapphire,0.92,Ideal,IF,58.09,68.83,6.48,3.95,2.64,69.28,3.87,-1.23,0.255,0.228,0.107,450,0.51,LightYellow
,4.74,Good,IF,61.55,63.47,9.48,9.65,2.41,69.61,1.55,3.75,0.307,0.536,0.544,650,0.34,White
Diamond,2.64,Good,VVS1,55.32,64.9,3.26,8.6,6.09,74.62,1.02,0.52,0.553,0.398,0.273,450,0.63,Violet
Topaz,4.65,Premium,VVS2,59.43,62.16,4.04,5.02,3.28,65.21,3.36,-2.67,0.13,0.174,0.105,450,0.55,Blue
Ruby,1.82,Premium,IF,64.64,65.95,4.38,3.33,2.94,64.81,4.46,1.06,0.589,0.416,0.461,600,0.39,Blue
Emerald,3.64,Fair,VVS1,63.87,68.86,6.83,6.06,5.15,72.59,1.29,0.31,0.122,0.394,0.14,400,0.67,Violet
Sapphire,2.52,Ideal,IF,57.21,62.1,4.99,6.68,2.26,71.15,1.28,1.92,0.401,0.124,0.377,400,0.51,Blue
Sapphire,3.21,Premium,VS1,63.79,53.62,4.44,6.69,6.38,61.42,4.99,-2.46,0.338,0.323,0.422,650,0.32,LightYellow
Amethyst,2.62,Good,SI1,57.93,65.41,6.6,8.96,6.43,78.05,1.95,4.9,0.39,0.462,0.279,500,0.58,White
Amethyst,4.84,Ideal,VVS2,63.52,63.02,3.28,9.87,5.44,65.81,3.66,1.69,0.285,0.294,0.367,550,0.49,LightYellow
Ruby,3.52,Premium,IF,62.29,68.67,9.83,6.02,6.44,75.02,3.23,-1.14,0.472,0.311,0.544,600,0.49,White
Sapphire,1.41,Fair,VS1,58.52,55.44,9.03,4.15,3.15,71.57,2.66,,0.486,0.125,0.171,400,0.58,Violet
Diamond,4.57,Fair,VVS1,64.11,69.4,4.9,5.64,3.15,71.44,4.21,-0.92,0.456,0.248,0.482,450,0.38,Green
Diamond,1.61,,VS1,59.85,61.04,5.35,7.98,5.91,77.17,1.95,3.66,0.117,0.58,0.202,550,0.68,Green
Ruby,1.98,Fair,VVS1,58.18,69.28,4.72,7.09,4.73,77.61,2.12,4.41,0.103,0.513,0.432,400,0.63,Green
Diamond,0.69,Good,IF,57.8,65.68,9.5,3.61,5.25,71.2,2.07,4.09,0.437,0.139,0.515,400,0.66,Red
Amethyst,4.52,Fair,SI1,64.39,67.32,7.57,4.47,2.06,68.57,3.19,-0.72,0.159,0.251,0.165,700,0.66,Red
Diamond,1.57,Very Good,VS2,62.59,56.48,6.65,7.85,4.09,72.4,3.62,-2.82,0.127,0.384,0.418,550,0.46,Blue
Amethyst,1.44,Fair,SI1,58.5,54.39,6.56,7.89,3.25,62.39,1.37,1.06,0.126,0.141,0.508,700,0.43,Red
Amethyst,4.62,Premium,VS1,57.54,62.48,4.16,7.26,2.69,68.4,1.59,0.63,0.108,0.448,0.544,450,0.52,Blue
Diamond,4.07,Ideal,VS2,57.12,57.49,9.74,5.06,4.33,73.24,1.47,-4.36,0.448,0.452,0.216,400,0.35,White
Ruby,0.88,Premium,VVS2,57.44,69.72,9.4,4.14,3.25,75.26,3.61,3.51,0.59,0.383,0.211,550,0.5,Red
Diamond,3.89,Ideal,VS2,56.11,59.91,9.67,4.6,4.45,74.43,3.5,-4.62,0.38,0.451,0.298,450,0.53,Blue
Diamond,4.58,Good,SI1,59.85,52.21,5.04,8.65,2.35,63.49,4.32,-4.64,0.427,0.126,0.523,650,0.35,White
Emerald,0.58,Ideal,VVS2,55.41,59.98,6.34,6.42,5.59,72.23,2.15,2.35,0.453,0.226,0.561,400,0.6,Blue
Ruby,4.16,Very Good,SI2,,60.7,6.63,5.46,6.27,61.81,3.93,4.44,0.142,0.271,0.393,550,0.67,FaintYellow
Sapphire,2.83,Fair,IF,61.18,50.09,6.43,3.95,4.83,71.92,2.14,1.98,0.427,0.559,0.541,450,0.42,FaintYellow
Ruby,3.41,Premium,IF,55.88,54.91,3.13,5.75,2.64,74.92,4.01,2.83,0.527,0.563,0.13,600,0.3,Blue
Topaz,2.57,Ideal,VS1,63.45,50.03,8.83,5.92,5.37,72.63,3.43,4.17,0.515,0.547,0.151,400,0.65,FaintYellow
Amethyst,3.55,Premium,VS2,56.07,61.22,8.23,9.2,5.95,72.5,2.66,-1.74,0.248,0.272,0.192,550,0.45,FaintYellow
Ruby,0.36,Fair,VVS2,60.43,55.84,6.32,9.58,3.65,73.06,3.54,1.15,0.107,0.591,0.407,650,0.3,Violet
Diamond,3.86,Good,VVS2,61.76,53.46,4.87,8.88,4.31,68.36,4.38,-1.41,0.432,0.151,0.275,600,0.35,LightYellow
,0.36,Fair,VS2,57.29,66.77,7.44,5.72,2.29,67.7,1.89,2.87,0.455,0.343,0.203,500,0.57,LightYellow
Topaz,2.39,Good,SI1,63.88,50.6,3.97,6.91,4.46,68.9,3.46,2.97,0.569,0.284,0.447,500,0.51,White
Ruby,0.92,Premium,SI2,59.81,63.83,9.98,8.89,2.21,64.23,4.97,-0.14,0.143,0.445,,450,,Red
Amethyst,4.15,Good,IF,58.15,61.46,3.88,3.35,,,4.19,2.68,0.58,0.399,0.598,500,0.51,Violet
Sapphire,1.71,Good,SI1,64.01,65.43,3.41,6.73,3.25,78.09,2.2,-1.11,0.11,0.471,0.567,450,0.45,FaintYellow
Topaz,2.38,Good,IF,63.58,52.65,7.29,5.79,2.82,65.81,4.14,1.8,0.321,0.549,0.254,650,0.39,Blue
Ruby,2.26,Good,VVS2,62.1,67.43,6.24,,5.84,68.62,2.98,-1.87,0.303,0.447,0.391,600,0.64,White
Ruby,3.91,Good,VS1,57.9,56.43,8.03,5.45,4.72,72.92,4.12,-3.75,0.106,0.454,0.288,700,0.63,FaintYellow
Ruby,2.51,Ideal,SI2,58.9,50.17,3.9,7.48,5.05,75.34,1.39,,0.476,0.139,0.426,450,0.57,FaintYellow
Amethyst,3.99,Good,IF,61.9,63.13,5.55,5.92,4.22,60.18,4.42,-4.67,0.108,0.157,0.372,450,0.38,LightYellow
Emerald,0.55,Good,VVS1,56.85,67.19,6.51,5.26,5.36,73.28,4.98,-0.21,0.506,0.285,0.565,600,0.46,Green
Diamond,1.12,Fair,VVS2,59.95,57.07,6.13,6.96,,62.87,2.77,4.56,0.259,0.311,0.41,600,0.59,
Sapphire,2.85,Fair,VS2,62.38,60.55,7.08,5.61,3.99,74.88,3.05,-4.99,0.195,0.179,0.302,600,0.62,Blue
Topaz,4.75,Fair,VS2,61.58,58.25,3.71,3.24,2.37,62.72,1.75,4.35,0.348,0.168,0.434,600,0.67,Violet
Ruby,0.56,Good,SI1,62.2,50.85,6.53,5.92,3.44,75,3.73,-4.11,0.113,0.309,0.449,550,0.36,Green
Topaz,0.41,Fair,SI1,63.92,65.06,6.88,4.37,2.47,78.91,1.31,0.74,0.182,0.314,0.497,450,0.43,FaintYellow
Emerald,0.95,Ideal,VVS2,64.68,68.83,9.17,,4.17,64.47,3.27,-0.6,0.566,0.506,0.276,450,0.37,Violet
Amethyst,3.28,Premium,SI1,59.58,58.4,7,9.11,6.22,60.17,2.67,-3.03,0.556,0.247,0.311,700,0.69,Blue
Sapphire,2.12,Fair,SI1,55.6,52.89,6.83,7.84,5.65,62.22,1.8,2.1,0.21,0.46,0.243,500,0.62,LightYellow
Amethyst,4.16,Fair,VVS2,63.34,60.1,8.68,5.67,3.97,78.39,4.3,-2.06,0.168,0.484,0.253,700,0.47,Red
Sapphire,0.55,Ideal,IF,56.18,68.1,3.45,9.9,3.35,69.41,4,2.46,0.357,,0.298,700,0.57,Green
Diamond,1.14,Very Good,VVS2,57.19,62.12,7.54,5.57,3.48,70.75,2.2,-1.06,0.439,0.43,0.215,450,0.62,Blue
Sapphire,1.64,Very Good,VVS2,61.53,54.25,8.68,4.71,4.13,63.06,2.55,-4.57,0.233,0.328,0.255,400,0.57,FaintYellow
Amethyst,3.21,Ideal,SI1,62.46,61.06,3.66,6.31,3.09,79.74,2.01,-0.69,0.211,0.298,0.468,700,0.36,Violet
Ruby,3.49,Fair,VVS1,61.95,56.54,8.68,9.62,3.52,63.65,1.84,1.52,0.595,0.26,0.177,400,0.3,White
Diamond,0.8,Premium,VS2,59.38,50.47,8.51,7.65,4.22,72.05,1.89,-3.78,0.344,0.47,0.317,400,0.63,White
Topaz,4.73,Fair,SI1,64.18,68.27,3.01,8.11,5.78,71.39,1.54,3.24,0.543,0.297,0.303,400,0.57,Green
Amethyst,1.84,Ideal,IF,63.32,65.89,4.72,4.16,2.43,61.31,,1.03,0.29,0.351,0.334,650,0.64,White
Emerald,3.62,Ideal,VS1,61.64,68.48,4.06,3.28,3.82,79.93,3.77,4.05,0.131,0.407,0.237,450,0.36,Red
Amethyst,2.72,Good,IF,59.41,63.66,6.58,6.76,2.86,71,2.05,4.19,0.237,0.458,0.248,700,0.44,Blue
Diamond,1.27,Ideal,VS2,59.64,58.99,9.4,5.31,4.87,63.11,3.81,4.66,0.425,,0.152,600,0.38,Red
Emerald,4.26,Good,,56.76,59.86,7.22,,4.57,75.1,4.06,-0.69,0.372,0.396,0.208,500,0.62,FaintYellow
Emerald,4.13,Ideal,VVS2,62.8,54.09,7.21,9.27,4.6,67.85,2.35,-1.66,0.279,0.357,0.443,650,0.48,Green
Amethyst,2.1,Good,VVS1,63.66,57.73,3.86,3.18,4.4,73.4,1.23,3.49,0.357,0.499,,700,0.69,Violet
Sapphire,3.03,Good,VVS1,63.27,53.28,7.66,3.09,5.3,64.47,3.87,1.65,0.599,0.249,0.317,700,0.69,Blue
Amethyst,1.44,Fair,VS2,60.47,59.47,9.22,5.09,2.69,78.45,1.56,-1.39,0.448,0.5,0.516,600,0.6,Violet
,3.51,Good,SI1,63.38,62.92,6.01,6.48,2.84,60.82,2.1,3.95,0.427,0.476,0.136,650,0.47,White
Emerald,1.68,Very Good,VS2,62.9,55.13,7.77,6.16,5.19,60.4,3.37,-2.43,0.378,0.519,0.127,700,0.6,White
Ruby,4.25,Ideal,VVS1,63.32,68.88,5.06,5.52,2.59,77.3,4.68,4.1,0.192,0.189,0.126,700,0.33,White
Topaz,1.24,Premium,SI2,64.82,62.94,4.88,9.05,5.27,70.88,4.02,3.02,0.409,0.539,0.406,450,0.36,Violet
Sapphire,0.27,Ideal,VS1,63.1,54.4,4.3,5.08,2.74,66.83,2.08,-0.88,0.389,0.322,0.533,650,0.52,White
Sapphire,1.49,Fair,VS1,57.71,53.34,4.69,7.57,6.46,62.82,4.25,-1.42,0.494,0.348,0.487,500,0.57,White
Sapphire,1.12,Fair,SI1,63.21,53.4,5.4,5.79,2.2,61.2,2.64,3.83,0.264,,0.535,650,0.68,Green
Sapphire,2.64,Good,IF,58.76,69.48,6.97,5.72,5.49,65.91,1.58,-0.15,0.3,0.527,0.399,650,0.3,Green
Ruby,1.18,Fair,VVS2,60.16,54.73,8.46,,3.04,,2.24,2.67,0.596,0.208,0.281,700,0.31,Violet
Emerald,3.86,Fair,,62.96,53.37,5.03,7.88,3.46,63.85,4.29,1.45,,0.374,0.443,650,0.53,Blue
Amethyst,,Ideal,VS1,58.17,53.28,4.18,6.77,6.1,79.59,2.48,-3.23,0.375,0.205,0.205,650,0.39,White
Diamond,3.59,Very Good,VVS2,55.26,56.89,6.15,4.22,3.38,75.83,2.52,4.02,0.26,0.3,0.152,700,0.62,FaintYellow
Sapphire,2.98,Very Good,VS2,62.18,62.31,8.53,3.96,3.7,60.24,4.91,1.19,0.423,0.532,0.587,700,0.4,Violet
Diamond,4.93,Good,VS1,64.02,51.58,5.73,4.36,2.82,70.99,3.07,-1.74,0.486,0.114,0.243,650,0.61,Blue
Topaz,5,Fair,VS1,64.28,53.19,9.39,7.39,2.35,67.92,2.99,-1.39,0.443,0.388,0.401,400,0.4,Green
Ruby,4.37,Fair,VS1,62.99,69.53,4.74,3.39,2.49,68.88,3.92,-2.64,0.38,0.5,0.562,650,0.39,Green
Ruby,3.85,Very Good,IF,64.35,62.36,8.31,6.25,4.67,68.87,4.85,0.88,0.256,0.266,0.532,650,0.44,FaintYellow
Ruby,2.05,Good,SI1,,52.79,,6.22,2.21,77.02,4.96,-3.13,0.392,0.426,0.275,700,0.59,Green
Ruby,3.82,Fair,VS2,55.3,61,3.75,9.42,3.02,73.71,4.12,-1.39,0.487,0.234,0.322,450,0.39,
Ruby,4.79,Good,VVS1,58.5,54.82,4.97,5.59,3.77,65.81,4.49,4.4,0.177,0.547,0.43,600,0.39,Violet
Sapphire,0.31,Ideal,IF,58.36,69.47,9.01,9.28,2.49,70.31,4.63,-4.56,0.321,0.232,0.365,500,0.43,LightYellow
Amethyst,2.78,Fair,IF,57.19,57.78,3.04,7.31,5.37,,3.98,2.21,0.538,0.409,0.593,650,0.66,White
Ruby,1.25,Fair,VS1,62.98,52.85,8.29,5.73,6.37,65.74,3.26,-3.65,0.351,0.179,0.203,450,0.35,Red
Ruby,2.88,Fair,IF,60.2,62.26,8.68,6.69,6.03,72.41,2,-1.38,0.55,0.181,0.555,700,0.67,White
Sapphire,2.44,Very Good,SI1,63.36,52.75,3.84,3.66,6.29,72.63,3.91,0.74,0.142,0.557,0.488,650,0.41,FaintYellow
Sapphire,2.96,Very Good,SI1,61.01,60.36,9.74,9.23,4.45,62.15,3.01,4.83,0.234,0.131,0.4,450,0.55,FaintYellow
,2.84,Fair,SI1,60.91,67.04,9.11,7.42,2.67,61.78,4.67,-1.8,0.353,0.185,0.537,550,0.39,Blue
Ruby,4.81,Fair,VVS1,58.84,56.91,4.25,6.05,5,60.59,1.01,,0.195,0.51,0.127,700,0.36,FaintYellow
Diamond,2.85,Ideal,IF,62.9,59.55,4.69,8.43,2.27,71.85,4.68,1.26,0.387,0.261,0.113,450,0.39,LightYellow
Amethyst,4.26,Ideal,SI2,61.83,52.17,8.73,5.83,4.14,79.92,4.8,-0.24,0.34,0.446,0.545,650,0.49,White
Ruby,1.74,Good,SI1,58.39,62.93,6.82,6.23,5.55,78.17,1.88,-2.39,0.568,0.314,0.264,650,0.62,FaintYellow
Diamond,2.3,Good,IF,64.94,52.24,9.46,5.95,5.85,69.22,4.52,2.32,0.428,0.31,0.109,550,0.34,Green
Amethyst,2.46,Very Good,VS1,59.63,56.54,9.85,9.98,3.33,66.38,3.36,2.77,0.107,0.253,0.528,650,0.64,White
Topaz,1.54,Premium,VS2,58.17,66.82,5.4,8.39,3,74.67,2.17,2.33,0.522,0.443,0.595,700,0.41,Red
Amethyst,2.02,Ideal,SI1,61.88,53,3.68,9.5,5.1,66.71,3.7,3.34,0.424,0.172,0.146,450,0.6,Red
Amethyst,3.07,Good,VVS1,57.23,66.8,7.92,5.66,2.62,60.69,4.19,1.79,0.201,0.309,0.46,500,0.48,Red
,2.98,,VS1,63.31,62.61,9.46,6.43,6.47,70.35,2.69,1.84,0.224,0.43,0.168,700,0.33,FaintYellow
Sapphire,3.25,Ideal,IF,61.8,52.82,4.15,4.41,3.49,66.41,3.48,-0.56,0.444,0.569,0.174,500,0.36,FaintYellow
Diamond,1.89,Premium,SI1,63.7,53.37,9.9,3.07,5.37,60.88,1.81,0.79,0.389,0.166,0.32,450,0.59,Blue
,1.72,Ideal,VVS1,58.29,63.26,4.37,4.36,5.27,75.19,1.13,1.82,0.32,0.16,0.184,700,0.31,Blue
Ruby,3.14,Premium,SI2,63.54,64.58,3.6,9.5,3.4,71.46,4.74,0.2,0.258,0.463,0.313,400,0.35,FaintYellow
Diamond,0.84,Premium,VVS2,60.01,63.11,6.47,6.19,3.74,,1.62,1.88,0.513,0.164,,700,0.38,LightYellow
Amethyst,1.41,Ideal,SI1,55.59,64.28,8.64,3.92,5.79,68.34,3.06,3.83,0.497,0.442,0.334,450,0.43,
Emerald,0.4,Ideal,SI2,56.94,57.23,5.48,6.17,3.03,61.56,,-0.72,0.532,0.131,0.567,400,0.45,White
Emerald,0.55,Good,SI2,57.18,50.03,5.32,8.55,2.27,62.47,4.42,-0.59,0.502,0.247,0.514,500,0.55,White
Topaz,1.37,Ideal,SI1,62.68,60.58,4.38,6.51,2.66,68.38,4.09,2.77,0.572,0.411,0.377,400,0.42,Blue
Amethyst,0.29,Ideal,IF,57.03,61.89,9.9,9.56,5.08,63.03,1.77,-1.84,0.155,0.443,0.566,450,0.3,LightYellow
Topaz,1.38,Ideal,VS2,60.62,63.75,5.39,9.29,3.07,,4.26,-4.23,0.357,0.511,0.227,650,0.58,LightYellow
Diamond,3.34,Good,IF,61.53,54.63,7.67,6.31,4.55,67.37,2.37,-1.18,0.257,0.524,0.273,700,0.58,LightYellow
Amethyst,0.49,Premium,VS2,62.74,53.4,3.93,3.58,3.77,70.48,4.36,0.14,0.293,0.126,0.196,500,0.31,
Sapphire,2.3,Good,VVS2,62.84,66.61,6.15,7.93,5.91,71.15,2,-2.21,,0.116,0.164,650,0.47,Blue
Amethyst,4.58,Ideal,VS1,62.18,66.83,8.57,5.49,4.19,69.79,2.89,1.74,0.494,0.107,0.529,450,0.32,White
Diamond,4,Fair,VS1,57.13,69.75,9.79,8.5,2.63,61.46,2.05,0.38,0.116,0.47,0.183,450,0.44,White
Diamond,1.67,Ideal,SI2,60.43,56.8,4.24,5.16,5.75,61.6,3.68,-2,0.325,0.595,0.524,550,0.49,FaintYellow
Ruby,,Good,SI1,57.9,51.18,3.66,5.31,2.37,64.11,1.22,-3.29,0.222,0.49,0.331,500,0.7,LightYellow
Topaz,1.78,Good,VS1,62.75,59.52,9.91,6.8,5.73,77.52,3.32,2.33,0.391,0.157,0.403,600,0.45,FaintYellow
Emerald,0.55,Very Good,VVS1,62.48,59.59,6.88,3.17,2.19,62.23,3.95,-4.99,0.26,0.472,0.242,700,0.4,Violet
Sapphire,4.97,Fair,VS2,57.3,50.73,5.42,4.19,2.02,74.44,1.78,-1.34,0.342,0.467,0.194,650,0.55,Red
Amethyst,4.38,Good,IF,61.41,61.5,9.72,8.96,5.4,76.39,1.95,-1.86,0.287,0.515,0.16,400,0.34,Red
Ruby,2.44,Premium,VVS1,55.58,55.22,5.73,9.7,4.52,62.1,3.9,-3.78,0.118,0.195,0.218,700,0.37,Red
Sapphire,3.4,Ideal,VVS1,62.69,52.38,4.62,4.34,2.97,71.93,2.66,4.62,0.247,0.479,,500,0.47,Blue
Ruby,3.42,Premium,IF,62.8,62.1,8.62,8.41,6.35,75.38,3.49,-1.71,0.441,0.356,0.57,550,0.44,Red
Topaz,1.13,Good,VVS2,58.47,55.65,5.2,3.78,4.87,76.06,2.71,3.51,0.516,0.301,0.199,400,0.4,White
Diamond,1.16,Good,SI2,63.06,61.23,,6.31,3.07,60.58,2.68,-0.4,0.5,0.196,0.411,550,0.4,Blue
Topaz,2.45,Premium,VS1,63.58,50.3,6.11,6.56,3.87,70.7,2.2,0.82,0.225,0.557,0.322,600,0.39,FaintYellow
Amethyst,4.58,Premium,VVS2,,57.32,7.85,6.95,6.11,63.73,3.34,0.94,0.507,0.405,0.401,400,0.49,White
Amethyst,0.25,Very Good,VVS2,58.51,67.31,8.89,5.53,2.92,77.79,3.4,0.59,0.513,0.558,0.447,700,0.66,FaintYellow
Amethyst,3.96,Ideal,VS1,57.61,63,,8.99,6.17,69.3,4.01,4.39,0.363,0.278,0.118,500,0.4,Violet
Diamond,0.48,Premium,VVS2,58.74,67.35,5.54,5.12,2.98,68.31,3.01,0.82,0.263,0.254,0.149,700,0.48,Violet
Sapphire,2.5,Ideal,VVS1,59.47,64.81,6.47,6.4,2.11,64.14,3.25,4.92,0.509,0.264,0.375,600,0.45,Green
Sapphire,3.26,Fair,SI1,60.1,64.39,3.18,4.36,3.21,63.92,4.39,-1.52,0.152,0.309,0.229,650,0.6,White
Topaz,3.5,Good,IF,55.35,67.4,7.88,7.01,2.25,79.82,1.16,,0.578,0.292,0.473,500,0.43,Green
Sapphire,0.48,Premium,SI1,55.55,50.39,6.96,4.38,3.05,61.35,3.08,4.45,0.267,0.27,0.154,500,0.47,FaintYellow
Ruby,2.21,Fair,VVS1,61.55,58.4,3.93,4.69,3.22,60.84,1.51,1.73,0.166,0.132,0.472,450,0.31,Blue
Topaz,3,Good,SI1,59.43,69.21,3.91,6.06,3.88,65.32,3.74,-2.48,0.472,0.384,0.263,400,0.3,FaintYellow
Ruby,0.52,Very Good,VVS1,55.9,53.54,9.27,4.94,3.27,67.33,4.58,3.37,0.321,0.539,0.217,600,0.48,Red
Topaz,0.85,Good,VS2,58.86,63.07,7.78,3.28,5.2,67.76,2.7,0.25,0.362,0.151,0.468,500,0.38,Blue
Ruby,3.39,Premium,VS1,59.75,65.8,5.72,8.58,6.37,63.84,3.54,2.27,0.12,0.31,0.257,650,0.57,White
Topaz,2.7,Fair,VS1,61.36,68.67,5.37,8.74,2.21,78.78,2.48,-4.74,0.257,0.407,0.45,600,0.57,White
Emerald,0.98,Fair,SI1,56.18,67.44,5.22,9.3,4.31,78.04,4.02,-1.01,0.211,0.33,0.38,400,0.46,FaintYellow
Topaz,2.77,Fair,VVS1,64.95,63.53,7.58,9.86,3.18,69.95,3.36,1.4,,0.37,0.444,500,0.49,White
Ruby,4.58,Good,VS1,59.75,64.22,4.25,3.79,4.08,75.07,3.43,1.76,0.138,0.201,0.147,700,0.35,Blue
Emerald,0.27,,VS2,61.81,56.86,9.91,4.92,5.17,64.5,1.69,,0.22,0.571,0.398,500,0.69,Red
Emerald,3.28,Ideal,SI1,64.08,54.48,7.81,7.41,5.95,77.1,1.03,-4.59,0.189,0.257,0.517,700,0.56,FaintYellow
Emerald,0.55,Good,IF,55.32,69.17,3.89,9.13,5.99,68.24,3.5,3,0.247,0.25,0.34,650,0.65,Green
Sapphire,0.23,Premium,VVS2,61.01,,3.97,4.14,2.73,62.67,1.45,1.31,0.341,0.329,0.31,400,0.5,Violet
Diamond,0.92,Good,SI2,60.4,58.49,7.54,6.38,4.53,75.86,1.53,-4.04,0.58,0.14,0.11,400,0.39,
Diamond,2.23,Ideal,VS1,55.57,58.22,5.68,9.85,3.27,69.61,1.65,3.65,0.346,0.59,0.582,700,0.41,Violet
Emerald,4.05,Good,VVS1,61.93,59.03,7.62,5.32,4.24,72.14,2.6,1.24,0.577,0.342,0.594,650,0.38,FaintYellow
Topaz,1.55,Fair,VS1,57.21,59.23,8.06,6.44,6.14,78.33,1.98,,0.308,0.321,0.472,500,0.51,Green
Emerald,3.2,Premium,VVS1,62.02,66.84,6.77,7.86,2.27,71.45,,3.34,0.132,0.582,0.164,700,0.42,LightYellow
Topaz,2.17,Premium,SI1,58.63,58.61,4.8,5.95,4.67,65.32,3.71,1.92,0.205,0.324,0.42,450,0.65,White
Diamond,1.32,Very Good,SI1,62.7,67.65,6.86,8.02,3.62,66.86,1.78,-2.13,0.294,0.515,0.261,450,0.62,White
Diamond,2.67,Good,VVS2,,63.9,5.95,4.03,5.91,77.13,4.22,2.72,0.589,0.143,0.369,550,0.5,Green
Diamond,4.03,Fair,VS1,63.61,69.31,9.23,4.61,2.98,76.26,2.12,-1.71,0.505,0.185,0.127,450,0.67,LightYellow
Ruby,4.2,Good,VVS2,59.83,63.49,8.18,5.71,3.5,74.79,4.2,-1.59,,0.358,0.48,,0.46,White
Sapphire,4.26,Very Good,VVS1,57.25,58.24,7.33,9.89,2.09,62.58,2.88,1.67,0.187,0.581,0.396,450,0.42,White
Amethyst,1.83,Very Good,VS2,64.92,68.36,3.28,5.44,3.93,63.89,2.92,4.06,0.393,0.459,0.217,650,0.43,Blue
Diamond,4.01,Good,VS2,61.59,54.6,9.93,9.41,4.85,74.06,,-0.54,0.581,0.186,0.421,600,0.52,FaintYellow
Ruby,1.22,Good,SI2,58.96,69.3,6.96,9.12,2.88,65.56,1.99,0.62,0.305,0.575,0.334,500,0.48,White
Sapphire,3.74,Good,IF,59.82,,4.81,8.29,4.86,74.23,3.75,-2.75,0.516,0.343,0.356,650,0.58,Red
Amethyst,4.75,Ideal,VVS1,56.28,62.82,7.14,5.59,5.35,73.87,3.01,1.7,0.263,0.414,0.14,550,0.65,Red
Emerald,0.27,Very Good,VVS1,,50.36,8.73,5.31,2.87,71.77,1.04,-1.92,0.197,0.593,0.111,700,0.38,FaintYellow
Ruby,2.31,Premium,VVS1,56.73,54.08,6.77,7.48,5.4,79.77,2.29,3.87,0.259,0.443,0.268,400,0.54,LightYellow
Sapphire,3.31,Ideal,SI1,58.66,59.28,8.44,4.63,6.2,77.49,4.07,-4.98,0.41,0.356,0.123,550,0.42,Blue
Emerald,3.57,Fair,SI1,59.92,53.17,5.89,5.52,3,62.41,2.18,-0.22,0.396,0.523,0.27,500,0.45,LightYellow
Topaz,1.05,Premium,VS2,64.48,69.78,7.13,8.71,2.61,74.67,3.74,3.32,0.323,0.575,0.289,500,0.66,FaintYellow
Ruby,4.87,Premium,VS2,61.25,65.46,5.96,4.48,3.5,76.97,1.81,-2.06,0.444,0.589,0.231,600,0.51,FaintYellow
Sapphire,3.15,Premium,SI2,58.72,67.02,6.69,8.8,2.86,77.44,4.03,-0.15,0.219,0.592,0.478,600,0.43,Blue
Sapphire,0.99,Very Good,SI2,56.13,69.58,4.17,6.86,5.49,70.29,2.71,-3.94,0.14,0.318,0.311,400,0.53,FaintYellow
Ruby,0.3,Fair,VS2,62.47,63.5,7.19,6.58,2.6,77.15,1.03,-3.84,0.408,0.477,0.146,650,0.5,Blue
Amethyst,3.96,Ideal,VS1,59.67,55.33,9.85,7.3,2.1,77.09,3.6,1.37,0.17,0.46,0.315,,0.61,LightYellow
Amethyst,0.58,Fair,VS1,55.68,65.14,8.35,7.42,3.58,71.08,3.31,3.08,0.356,0.115,0.13,650,0.66,Red
Emerald,0.88,Ideal,VS2,61.57,61.69,5.24,6.91,5.53,70.82,3.28,-4.4,0.27,0.378,0.324,550,0.31,Red
Amethyst,2.96,Very Good,VVS2,58.5,55.35,9.05,7.91,4.93,72.31,4.81,-2.87,0.116,0.411,0.482,450,0.47,LightYellow
Topaz,3.1,Fair,VS1,59.04,57.35,9.27,5.51,4.39,63.15,2.5,-0.69,0.331,0.164,0.497,700,0.38,Green
Ruby,3.5,Premium,SI1,63.39,62.16,4.24,8.68,4.06,74.78,4.6,4.58,0.538,0.567,0.319,550,0.5,LightYellow
Sapphire,2.09,Fair,VS1,,57.91,3.37,4.55,4.92,77.81,1.01,-4.04,0.541,0.11,0.553,400,0.5,Red
Emerald,3.91,Very Good,VS1,58.4,54.7,7.01,8,4.21,71.2,4.85,2.64,0.463,0.153,0.138,650,0.36,Green
Ruby,4.88,Very Good,VS1,58.64,58.6,6.33,5.7,5.49,74.74,3.21,1.12,0.34,0.3,0.565,550,0.69,White
Topaz,1.5,Very Good,SI2,55.03,54.67,8,7.86,5.9,70.45,3.04,-0.8,0.273,0.597,0.559,400,0.5,Red
Sapphire,3.57,,SI2,63.45,67.5,5.05,3.23,2.78,71.24,4.57,-2.07,0.115,0.115,0.563,450,0.36,Blue
Topaz,4.66,Fair,IF,63.35,63.88,5.66,5.73,3.04,71.54,3.54,-1.25,0.461,0.212,0.338,500,0.53,FaintYellow
Ruby,3.49,Premium,,61.62,57.53,4.85,9.74,4.31,65.11,,-0.77,,0.274,0.14,600,0.4,Blue
,3.47,Premium,VVS2,63.99,68.91,5.04,7.01,5.9,75.31,2.54,3.75,0.392,0.545,0.368,500,0.64,Violet
Emerald,1.27,Good,SI2,57.73,57.78,3.07,6.5,6.13,,3.64,4.86,0.599,0.517,0.348,400,0.55,Green
Topaz,2.77,Very Good,IF,57.21,61.49,6.58,4.73,2.57,61.2,1.21,4.57,0.426,0.137,0.213,600,0.59,Blue
Emerald,2.9,Premium,SI1,55.69,60.24,6.31,6.44,3.36,69.69,1.99,-3.54,0.18,0.41,0.484,700,0.55,Blue
Emerald,3.56,Very Good,SI1,60.92,52.44,5.49,8.76,5.46,62.49,1.4,-4.71,0.352,0.561,0.111,400,0.63,LightYellow
Amethyst,4.98,Premium,VS1,59.96,58.48,6.78,5.37,6.2,75.98,3.02,-2.87,0.382,,0.53,450,0.49,Violet
Topaz,0.36,Fair,VVS1,63.1,51.55,5.74,6.95,2.37,63.43,1.39,-1.96,0.488,0.344,0.418,,0.55,White
Topaz,0.51,Good,IF,59.81,53.41,6.03,7.71,4.11,78.06,4.25,-0.41,0.433,0.344,0.546,500,0.62,Green
Amethyst,0.57,Very Good,SI2,57.03,65.75,3.01,5.81,4.23,77.77,2.17,0.12,0.126,0.556,0.289,550,0.59,Violet
Emerald,,Ideal,SI1,63.1,56.05,3.46,4.98,2.04,77.77,,-1.29,0.205,0.236,0.183,550,0.52,Violet
Amethyst,0.85,Ideal,VS1,59.55,51.78,4.05,4.09,5.84,66.34,2.34,4.24,0.129,0.279,0.257,700,0.39,White
Topaz,3.19,Premium,VVS2,64.56,64.38,4.29,3.71,2.48,66.34,3.8,2.25,0.323,0.553,0.571,600,0.57,FaintYellow
Ruby,1.76,Fair,VS2,60.34,66.05,6.17,4.69,5.77,67.24,2.41,1.94,0.305,0.414,0.27,450,0.58,White
Sapphire,2.4,Very Good,SI1,56.17,61.56,9.12,3.14,2.09,77.62,2.52,0.77,0.341,0.572,0.109,700,,LightYellow
Topaz,1.24,Good,VS1,63.51,68.31,5.84,8.32,6.42,67.63,2.92,0.58,0.6,0.564,0.448,700,0.62,Green
Emerald,4.36,Fair,VVS1,63.78,66.99,7.39,3.78,4.36,71.32,2.29,-0.69,0.112,0.419,0.493,400,0.65,White
Amethyst,3.01,Premium,VVS2,59.45,61.05,3.18,9.29,3.34,79.42,1.68,-0.61,0.582,0.236,0.409,550,0.52,
Topaz,4.73,Fair,SI1,55.26,64.74,8.98,6.57,4.73,73.96,2.75,4.39,0.553,0.299,0.476,450,0.61,White
Topaz,2.96,Good,IF,55.3,56.58,3.79,6.2,3.28,75.93,,0.88,0.257,0.354,0.38,400,0.46,LightYellow
Sapphire,0.79,Fair,VVS2,58.51,62.73,4.99,3.45,2.48,69.18,2.3,-0.85,0.554,0.157,0.27,650,0.7,Green
Diamond,1.02,Very Good,VS1,62.16,69.54,8.72,3.93,3.13,75.15,4.24,-0.1,0.319,0.223,0.398,600,0.62,LightYellow
Sapphire,4.95,Premium,SI2,58.31,66,4.85,9,5.78,75.97,4.28,4.29,0.493,0.319,0.456,,0.56,Green
Emerald,3.68,Good,SI1,55.08,57.49,4.81,7.71,3.11,73.66,1.83,-1.54,0.101,0.503,0.448,450,0.52,Green
Ruby,0.44,Premium,SI1,63.49,68.65,7.22,3.66,3.85,79.99,2.08,4.98,0.552,,0.484,600,0.47,Blue
Amethyst,3.58,Very Good,,64.69,66.5,9.32,7.77,4.47,61.58,1.01,-1.12,0.412,0.203,0.536,700,0.65,LightYellow
Ruby,2.18,Good,SI1,58.46,50.74,4.5,,5.91,76.64,2.41,2.92,0.172,0.526,0.113,650,0.62,LightYellow
Amethyst,1.67,Good,SI2,55.73,64.92,7.35,8.13,2.05,64.34,4.65,-4.32,0.558,0.533,0.469,600,0.35,White
Sapphire,0.94,Premium,VVS2,57.91,69.53,7.2,9.61,5.97,72.54,4.13,-0.91,0.121,0.194,0.438,500,0.58,Blue
Topaz,4.23,Fair,SI1,62.99,56.35,7.62,8.31,5.34,76.34,4.84,-3.53,0.112,0.305,0.588,650,0.6,LightYellow
Sapphire,0.51,Fair,VVS2,60.42,55.51,9.63,8.77,3.74,72.99,1.86,-2.08,0.568,0.184,0.172,500,0.44,Red
Ruby,1.59,Ideal,VS2,58.84,62.8,4.16,7.34,6.46,65.47,3.29,-0.95,0.376,0.538,0.378,600,0.5,FaintYellow
Amethyst,1.67,Ideal,SI2,58.34,52.2,7.58,3.03,2.26,66.14,2.46,0.6,0.15,0.176,0.292,450,0.54,Violet
Ruby,0.97,Good,VS2,56.15,63.5,4.28,8.5,5.32,72,3.46,-3.61,0.155,0.538,0.251,700,0.39,Violet
Sapphire,2.64,Premium,VS1,58.4,54.53,5.2,5.83,5.24,78.11,3.98,-0.57,0.47,0.179,0.394,,0.33,Violet
Amethyst,0.26,Good,IF,59.7,59.03,5.73,,6.26,73.14,1.38,4.31,0.393,0.137,0.41,700,0.32,Green
Ruby,1.64,Premium,IF,61.73,67.84,8.85,7.01,5.71,68.49,1.35,0.08,0.373,0.13,0.457,400,0.37,Green
Sapphire,4.68,Very Good,VVS1,57.62,65.94,3.38,4.34,4.59,77.3,1.44,-4.32,0.434,0.458,,400,0.68,FaintYellow
Amethyst,1.69,Ideal,SI2,63.97,52.16,,3.38,3.05,65.97,2.12,-3.04,,0.518,0.351,450,0.35,LightYellow
Diamond,1.93,Good,VS1,59.85,65.23,9.39,6.89,4.29,70.53,3.98,3.01,0.243,0.319,0.517,400,,
Sapphire,2.47,Very Good,IF,59.05,58.23,3.55,6.97,2.46,66.19,,-1.94,0.598,0.524,0.518,600,0.67,White
Ruby,2.9,Fair,SI1,60.94,69.89,8.54,9.02,4.2,75.7,2.2,3.49,0.132,0.189,0.164,400,0.49,Blue
Amethyst,4.08,Ideal,VVS2,56.68,55.99,3.75,3.27,2.87,64.01,4.42,-1.99,0.491,0.265,0.349,700,0.42,Red
Diamond,1.11,Premium,VS1,56.07,59.41,9.74,8.75,6.21,73.12,3.91,0.59,0.231,0.505,0.397,650,0.38,Blue
Sapphire,4.38,Fair,VVS2,,56.82,8.71,5.84,3.83,73.19,4.89,0.86,0.544,0.169,0.184,500,0.48,Red
Topaz,3.84,Fair,VVS1,55.4,61.72,7.86,6.7,2.67,78.62,3.74,1.54,,0.331,0.411,400,0.48,Green
Diamond,3.67,Very Good,SI2,58.78,55.32,6.85,6.73,2.11,68.82,3.87,2.42,0.595,0.166,0.425,400,0.61,Violet
Sapphire,0.62,Good,SI1,61.71,68.25,9.45,5.68,3.49,69.93,4.29,4.96,0.336,0.22,0.186,400,0.45,FaintYellow
Emerald,0.3,Good,,63.12,62.34,3.83,4.3,2.26,71.97,4.7,-4.93,0.29,0.413,0.562,600,0.62,Violet
Diamond,3.05,Very Good,SI1,60.8,68.85,3.85,3.55,4.07,62.54,2.11,2.75,0.156,0.455,0.547,450,0.32,Red
Emerald,4.34,Fair,SI1,61.91,63.61,8.76,4.45,2.21,69.1,3.58,2.99,0.272,0.227,0.229,700,0.32,LightYellow
Ruby,3.01,Ideal,SI2,63.33,53.72,6.38,8,5.75,63,2.65,-2.86,0.222,0.448,0.463,450,0.39,Blue
Sapphire,1.22,Fair,SI1,62.73,50.31,8.92,7.78,4.1,75.76,1.92,-2.25,0.571,0.586,0.416,650,0.4,LightYellow
Ruby,0.63,Very Good,VVS1,58.2,58.15,5.73,7.73,5.57,66.54,1.77,0.99,0.432,0.198,0.434,700,0.46,Violet
Amethyst,3.56,Fair,SI2,60.73,69.87,6.16,9.35,3.64,68.74,1.39,-2.9,0.276,0.12,0.398,700,0.42,White
Ruby,3.66,Fair,VS2,57.65,67.54,5.32,6.2,5.46,65.66,4.39,1.03,0.146,0.298,0.285,700,0.67,Red
Ruby,1.03,Fair,VVS1,60.76,66.94,9.66,8.31,3.82,65.14,1.05,-3.19,0.349,0.371,0.114,550,0.4,Red
Sapphire,0.34,Fair,SI1,59.26,61.37,6.25,7.68,5.02,79.75,4.98,0.55,0.479,0.222,0.313,650,0.6,White
Ruby,2.16,Ideal,VS2,58.73,51.9,8.29,9.56,5.21,76.66,4.86,2.89,0.515,0.258,0.533,650,0.46,LightYellow
Diamond,3,Premium,VS1,56.84,50.3,,7.69,4.71,68.98,3.12,4.74,0.37,0.107,0.114,500,0.58,LightYellow
Amethyst,3.59,Premium,VVS2,60.62,66.77,4.65,4.26,2.25,76.57,3.97,,0.597,0.321,0.443,450,0.62,Violet
Emerald,,Good,VVS2,62.29,53.55,,8.21,3.65,73.53,2.83,-1.39,0.326,0.454,0.147,550,0.47,FaintYellow
Ruby,3.13,Premium,VVS2,60.71,51.53,6.81,5.51,5.5,68.19,1.88,3.01,0.141,0.562,0.409,650,0.61,FaintYellow
Topaz,0.73,Premium,VVS1,55.69,64.2,8.99,4.78,6.16,60.56,3.96,-2.35,0.245,0.411,0.335,400,0.42,Violet
Ruby,3.48,Premium,VS1,64.24,50.02,8.83,4.95,4.97,78.27,2.79,-0.49,0.429,0.429,,650,0.32,LightYellow
Sapphire,4.92,Fair,VS1,55.05,64.82,3.41,8.78,6.35,64.54,4.46,-3.13,0.413,0.532,0.34,600,0.63,Green
Amethyst,4.55,Fair,VS2,63.85,53.85,7.34,6.17,3.23,74.49,4.44,2.81,0.266,0.578,0.183,400,0.46,LightYellow
Emerald,4.38,,VS1,62.66,56.43,8.52,6.28,2.61,76.31,4.83,-0.82,0.544,0.265,0.593,650,0.47,Red
Ruby,1.65,Fair,VVS2,55.97,53.43,9.35,3.07,3.48,71.74,3.79,1.04,0.231,0.435,0.589,600,0.57,Blue
Topaz,3.8,Fair,VS1,57.37,65.54,,4.89,5.05,73.14,2.97,-3.39,0.24,0.335,0.21,700,0.63,Red
Topaz,4.29,Premium,VS2,58.49,59.7,8.25,9.18,3.76,61.38,3.24,4.37,0.357,0.443,,500,0.57,LightYellow
Diamond,3.46,Ideal,VS1,64.1,53.32,9.79,6.49,4.97,71.21,2.44,4.89,0.318,0.351,0.51,650,0.46,Green
Sapphire,1.4,Ideal,VS1,64.8,50.77,8.79,5.91,5.16,65.93,3.64,-1.09,0.342,0.114,0.34,450,0.43,White
Ruby,4.78,Premium,VVS2,55.87,69.73,8.98,3.52,4.76,71.36,1.37,3.42,0.423,0.438,0.547,500,0.44,FaintYellow
Ruby,2.36,Premium,VS1,58.97,64.29,5.85,5.05,5.5,72.08,4.97,-3.55,0.576,0.383,0.5,700,0.43,FaintYellow
Diamond,0.82,Ideal,VVS1,56.49,63.6,3.64,3.92,3.05,61.47,1.25,2.56,0.413,,0.436,450,0.55,LightYellow
Amethyst,0.73,Very Good,SI2,57.78,60.06,9.76,4.15,2.49,68.74,3.41,3.18,0.242,0.562,0.376,450,0.59,Blue
Sapphire,3.31,Premium,VS2,64.81,58.7,7.87,5.37,2.22,76.94,2.16,0.49,0.594,0.479,0.416,650,0.43,Blue
Sapphire,2.3,Premium,,64.84,65.92,4.2,3.47,6.39,62.42,4.29,0.72,0.531,0.127,0.234,400,0.44,LightYellow
Diamond,0.65,Ideal,VS2,59.72,66.53,9.82,8.45,5.23,74.98,3.52,2.83,0.281,0.383,0.563,600,0.37,White
Diamond,3.75,Very Good,VS1,56.83,51.22,8.01,7.35,3.07,71.04,3.43,-2.52,0.325,0.259,0.516,400,0.49,
Amethyst,4.04,Very Good,VVS1,60.47,67.19,3.63,8.6,4.15,72.28,3.99,-3.22,0.175,0.228,0.435,500,0.59,Green
Amethyst,3.68,Good,SI2,58.21,65.23,4.2,5.43,2.28,60.44,1.47,2.41,0.341,0.549,0.418,550,0.43,Blue
Diamond,1.17,Very Good,SI1,64.29,59.72,9.06,4.56,4.99,77.28,2.25,-0.09,0.302,0.572,0.174,600,0.54,
Topaz,3.51,Premium,SI1,63.18,59.53,9.68,7.13,6.35,78.05,3.02,3.87,0.525,0.124,0.464,500,0.48,Red
Ruby,0.25,Fair,VS2,58.09,66.7,5.55,3.15,5.18,72.47,2.28,4.93,0.248,0.22,0.599,500,0.54,FaintYellow
Emerald,1.66,Ideal,IF,55.18,65.87,5.89,3.62,4.8,79.76,1.44,3.54,0.44,0.502,0.322,700,0.5,Red
Topaz,2.11,Premium,SI1,64.98,52.78,5.77,8.19,6.15,66.04,2.24,-3.12,0.205,0.477,0.453,400,0.45,LightYellow
Sapphire,4.21,Ideal,SI1,61.83,60.98,8.85,9.21,4.31,64.18,2.83,-0.56,0.279,0.195,0.193,550,0.59,Red
Amethyst,2.07,Very Good,VVS2,59.26,69.39,6.17,4.44,5.35,62.94,1.59,1.51,0.317,0.288,0.203,700,0.47,Violet
Emerald,0.25,Ideal,IF,57.88,64.71,5.63,8.54,6.2,63.61,3.65,-2.05,0.593,0.416,0.484,450,0.48,Blue
Diamond,1.89,Premium,IF,55.04,69.46,7.35,5.69,4.91,60.69,1.29,3.39,0.444,0.552,0.182,550,0.62,Red
Emerald,2.59,Fair,VS2,56.54,65.52,6.43,5.91,4.37,74.07,4.57,-0.53,0.297,0.22,0.197,700,0.35,Blue
Sapphire,4.76,Premium,SI2,55.06,60.49,6.73,9.19,4.61,75.46,2.45,-3.91,0.434,0.469,0.36,600,0.58,LightYellow
Amethyst,4.72,Good,SI2,60.98,62.1,5.85,7.35,5.46,60.23,2.44,-2.61,0.126,0.164,0.151,550,0.62,Blue
Amethyst,1.07,Ideal,IF,61.63,64.19,6.22,8.68,2.23,64.67,1.84,0.96,0.193,0.382,0.154,700,0.59,Violet
Emerald,1.09,Premium,IF,62.67,64.58,3.25,8.43,3.48,64.36,2.93,1.84,0.501,0.443,0.102,450,0.48,White
Sapphire,0.98,Very Good,SI1,56.87,64.95,9.48,7.02,2.23,72.68,4.33,1.98,0.583,0.59,0.546,600,0.41,White
Sapphire,3.99,Very Good,VVS1,55.96,68.61,3.21,8.24,5.54,75.76,3.35,,0.414,0.175,,450,0.43,LightYellow
Emerald,0.23,Premium,VVS2,61.5,56.18,8.41,7.96,6.12,74.37,4.24,2.65,0.206,0.203,0.112,500,0.5,FaintYellow
Sapphire,0.81,Good,VS1,60,66.59,5.09,6.36,3.8,75.24,4.88,-4.03,0.567,0.406,0.561,450,0.7,Blue
Ruby,2.78,Ideal,VS2,63.76,61.39,3.79,4.06,,74.25,3.5,4.55,0.157,0.6,0.157,700,0.4,FaintYellow
Amethyst,1.39,Good,SI1,60.33,67.71,7.27,4.86,2.18,,1.67,2.7,0.43,0.398,0.508,450,0.36,Red
Diamond,0.64,,SI1,59.45,62.62,7.95,5.63,2.03,71.24,2.21,2.01,0.316,0.362,0.384,700,0.5,LightYellow
Topaz,,Premium,VS2,59.88,68.7,7.41,7.11,4.45,70.92,3.65,-2.83,0.585,0.499,0.306,500,0.38,White
Amethyst,1.52,Good,IF,62.82,58.48,7.03,5.08,3.5,76.45,4.13,-3.59,0.281,0.441,0.323,700,0.6,Red
Ruby,2.65,Fair,VS1,55.18,51.99,6.75,4.44,6.34,72.24,3.62,-3.54,,0.23,0.24,450,0.32,Violet
Sapphire,4.9,Good,SI1,64.18,62.9,6.79,3.25,5.68,62.92,3.32,-2.69,0.529,0.299,0.437,400,0.35,Violet
,0.8,,VS1,62.14,65.49,9.06,4.49,4.03,77.32,4.71,3.35,0.257,0.442,0.319,400,0.47,Red
Emerald,1.99,Very Good,VS1,63.85,63.83,3.63,6.77,2.89,69.64,2.99,1.6,0.302,0.495,0.435,550,0.46,Red
Amethyst,4.67,Very Good,VS2,64.6,64.5,4.1,3.98,3.72,65.04,3.67,4.68,0.369,0.535,0.265,650,0.57,Red
Emerald,4.41,Premium,VS2,57.26,50.58,8.69,3.21,2.32,67.51,2.25,-4.07,0.384,0.319,0.259,450,0.35,Violet
Sapphire,2.09,Good,SI2,60.78,69.3,5.12,3.52,4.8,,2.56,2.06,0.157,,0.351,450,0.41,White
Sapphire,3.55,Very Good,SI1,59.86,55.28,8.4,9.66,5.89,67.88,1.94,3.53,0.259,0.311,0.24,550,0.55,Red
Diamond,0.62,Ideal,SI1,60.38,58.28,5.47,3.25,3.96,71.85,4.2,-0.19,0.203,0.273,0.575,400,0.65,FaintYellow
Sapphire,3.62,Very Good,SI2,55.47,58.37,9.48,6.31,4.16,71.22,1.8,-4.41,0.586,0.575,0.276,450,,Blue
Topaz,,Very Good,SI2,64.14,68.14,4.97,7.82,,71.04,1.93,1.48,0.238,0.143,0.214,700,0.45,Blue
Topaz,2.78,Good,SI1,64.55,64.88,5.99,4.56,3.39,71.31,1.43,1.21,0.107,0.11,0.246,400,0.45,White
Emerald,2.59,,VVS1,61.85,62.4,4.11,9.75,2.46,66.38,3.94,,0.152,0.524,0.549,700,0.54,FaintYellow
Diamond,1.1,Ideal,VS2,57.58,52.4,7.67,3.16,2.31,77.24,1.3,3.25,0.359,0.215,0.126,450,0.5,Red
Emerald,3.24,Ideal,VS2,62.87,56.47,5.82,9.16,5.46,70.65,1.24,0.44,0.423,0.13,0.551,500,0.54,White
Emerald,,Fair,VVS1,62.31,59.84,,5.74,2.98,60.92,3.5,-3.87,0.139,0.19,0.408,400,0.37,FaintYellow
Sapphire,3.33,Good,,60.75,52.3,3.11,5.69,6.5,65.89,2.5,-4.45,0.119,0.198,0.403,500,0.4,White
Emerald,0.33,Very Good,IF,56.7,61.43,5.71,6.31,6.33,74.34,4.71,4.03,0.29,0.361,0.141,550,0.31,White
Ruby,2.83,Fair,IF,57.01,54.29,3.17,9.8,5.84,73.31,,-0.26,0.319,0.11,0.291,600,0.64,Violet
Emerald,3.06,Ideal,SI2,60.89,,5.3,7.4,4.27,63.89,2.99,1.42,0.239,0.205,,650,0.63,Red
Sapphire,1.2,Ideal,VVS1,56.29,,5.66,9.15,4.28,79.96,1.33,2.16,0.241,0.269,0.1,500,0.54,Blue
Sapphire,1.2,Very Good,SI1,62.24,61.98,4.81,3.19,6.19,72.52,3.2,0.55,0.421,0.227,0.295,,0.48,White
Sapphire,1.53,Very Good,VVS1,57.13,57.19,4.79,9.28,3.34,66.54,4.98,3.62,0.368,0.468,0.374,500,0.59,FaintYellow
Diamond,3.62,Premium,IF,64.1,50.89,4.82,4.49,4.19,67.85,3.64,-4.4,0.186,0.108,0.32,400,0.33,Green
Amethyst,3.11,Fair,VS1,64,62.58,4.86,5.2,3.81,78.39,4.18,2.64,0.29,0.376,0.504,650,0.69,Blue
Sapphire,4.26,,VS2,57.94,65.69,4.98,3.52,3.61,68.62,2.61,2.62,0.168,0.393,0.365,550,0.68,FaintYellow
Ruby,1.62,Premium,VVS2,55.83,65.81,8.96,9.41,6.01,64.82,1.3,-2.68,0.145,0.437,0.428,450,0.35,LightYellow
Ruby,4.58,Good,VVS2,61.11,59.69,3.27,6.68,5.26,66.87,4.76,-3.79,0.452,0.51,0.16,400,0.7,Violet
Diamond,3.77,Ideal,VVS1,59.48,52.81,9.92,3.63,6.25,70.6,2.32,1.38,0.54,0.319,0.22,600,0.49,Green
Sapphire,2.1,Fair,VVS2,56.44,51.3,4.97,5.78,2.32,63.15,1.61,-1.67,0.289,0.131,0.545,450,0.49,White
Diamond,0.66,Good,VS1,60.31,51.11,3.2,5.67,5.72,61.02,1.62,-4.85,0.151,0.351,0.384,700,0.47,Red
Emerald,1.43,Fair,VVS2,64.93,54.99,4.23,3.36,3.48,68.07,1.54,-0.61,0.198,0.47,0.438,550,0.62,
Amethyst,4.79,Fair,IF,55.69,52.83,9.59,5.43,4.66,77.93,2.72,1.39,0.528,0.149,0.235,600,0.55,Blue
Diamond,1.69,Very Good,VVS1,57.64,53.38,9.98,5.05,5.17,78.54,4.44,4.18,0.184,0.486,0.541,500,0.51,FaintYellow
Sapphire,1.78,Premium,SI1,60.39,63.98,4.73,9.44,2.64,76.65,1.59,-0.67,0.193,0.178,0.181,600,0.34,Red
Topaz,1.11,Fair,VVS2,62.93,53.59,4.58,8.65,5.37,63.41,4.02,-3.56,0.194,0.526,0.481,400,0.51,Blue
Amethyst,4.07,Good,VS2,55.19,63.85,8.85,4.12,3.53,60.98,1.29,-0.69,0.454,0.115,0.196,450,0.35,FaintYellow
Emerald,1.52,Fair,SI2,62.33,57.03,9.4,9.52,3.25,70.56,1.48,2.64,0.133,0.316,0.474,450,0.61,LightYellow
Ruby,1.79,Premium,SI2,56.4,65.5,7.55,8.2,4.12,73.54,1.46,-4.03,0.545,0.2,0.591,500,0.46,Violet
Amethyst,2.19,Ideal,VVS1,63.31,53.18,9.55,6.44,5.52,73.12,3.07,-3.14,0.429,0.351,0.4,700,0.54,Violet
Amethyst,2.28,Fair,VS1,61.92,50.47,9.65,6.03,3.84,65.41,4.52,-2.26,0.302,0.422,0.464,700,0.51,FaintYellow
Amethyst,2.17,Good,IF,,51.78,8.32,9.49,4.45,66.76,3.98,-0.44,0.103,0.403,0.443,550,0.43,LightYellow
,2.62,Ideal,SI2,63.22,69.32,5.44,5.14,3.07,79.35,4.46,4.17,0.263,0.419,0.307,650,0.67,Green
Amethyst,4.11,Ideal,VVS2,62.33,60.76,4.05,5.59,3.43,68.53,4.46,2.65,0.267,0.588,0.237,700,0.41,Blue
Sapphire,4.13,Very Good,IF,62.59,62.14,6.62,7.84,6.24,72.96,1.46,1.24,0.235,0.236,0.414,450,0.64,Green
Diamond,4.03,Very Good,VS1,57.9,69.34,5.03,8.32,6.14,70.01,3.2,3.07,0.243,0.152,0.552,650,,Violet
Topaz,0.69,Fair,,61.19,65.52,3.83,5.29,5.99,77.1,4.16,3.83,0.215,0.522,0.558,700,0.48,FaintYellow
Emerald,4.04,Good,SI1,56.41,52.25,5.76,9.45,3.75,76.75,4.8,-0.38,0.424,0.586,0.255,500,,Red
Amethyst,0.78,Very Good,VVS2,63.21,58.44,6.36,4.79,2.13,72.98,3.74,2.42,0.432,0.386,0.528,550,0.42,FaintYellow
Ruby,0.8,Premium,SI1,60.27,66.43,7.63,5.43,6.14,78.63,4.43,4.25,0.563,,0.185,550,0.49,Violet
Emerald,4.75,Premium,SI1,63.25,63.3,4.55,4.38,3.8,64.15,2.49,0.32,0.382,0.528,0.414,550,0.42,Blue
Emerald,4.13,Ideal,VVS1,57.11,54.31,9.08,6.76,5.62,70.73,3.82,2.63,0.305,0.524,0.348,600,0.41,Red
Topaz,2.85,Ideal,SI1,56.3,66.11,4.3,9.99,4.32,64.69,2.48,4.82,0.428,0.547,0.254,450,0.62,FaintYellow
Emerald,4.4,Ideal,VVS1,61.89,61.18,9.98,8.03,6.02,62.05,1.78,-0.28,0.224,0.4,0.487,550,0.41,White
Amethyst,4.95,Premium,SI1,55.58,65.77,6.9,6.3,2.53,75.44,1.26,1.72,0.54,0.233,0.46,550,0.48,LightYellow
Emerald,3.13,Very Good,SI2,57.44,62.53,4.03,9.88,5.73,72.25,4.54,-0.53,0.408,0.117,0.52,650,0.49,Green
Amethyst,3.14,Very Good,VS2,64.09,59.26,8.84,3.34,5.9,62.08,1.26,2.16,0.342,0.387,0.416,450,0.69,LightYellow
Sapphire,3.82,Fair,VS1,56.33,64.57,4.78,5,3.31,79.78,5,-1.12,0.196,0.583,0.204,550,0.38,Violet
Emerald,1.31,Good,VVS2,58.76,67.31,4.32,8.87,4.81,61.67,3.04,-3.72,0.106,0.253,0.39,600,0.33,Red
Diamond,1,Premium,IF,64.46,59.31,3.94,6.67,2.25,73.75,3.02,3.88,0.191,0.425,0.211,500,0.64,FaintYellow
Emerald,3.85,Ideal,SI2,55.2,,6.86,3.03,3.41,72.08,1.29,2.11,0.488,0.196,0.555,600,0.35,LightYellow
Ruby,1.86,Good,IF,59.45,61.86,9.16,6.2,3.68,68.28,1.3,4.95,0.316,0.123,0.418,650,0.5,LightYellow
Diamond,0.85,Ideal,VVS2,62.86,51.81,9.28,3.15,2.43,77.22,3.87,2.27,0.502,0.227,0.319,700,0.52,White
Topaz,1.71,Good,VS1,64.09,56.49,8.5,7.01,3.95,66.99,2.77,3.45,0.22,0.497,0.169,700,0.4,FaintYellow
Topaz,1.92,Good,VS1,62.36,61,7.07,7.43,4.92,76.46,1.71,4.57,0.172,0.579,0.434,500,0.46,Green
Topaz,4.83,Very Good,SI1,63.88,56.91,6.71,4.41,4.92,71.87,1.81,-4.41,0.204,0.214,0.144,450,0.42,Violet
Topaz,3.55,Fair,IF,55.34,55.62,5.62,9.91,4.11,67.85,1.93,3.57,0.469,0.312,0.142,650,0.53,White
Diamond,2.75,Fair,VVS2,56,50.4,3.31,8.84,2.56,66.88,4.24,-3.89,0.413,0.173,0.129,450,0.66,FaintYellow
Diamond,4.85,Ideal,SI1,62.38,55.39,8.86,6.25,2.35,65.22,3.45,,0.527,0.503,0.56,500,0.38,FaintYellow
Emerald,4.54,Premium,VVS2,62.53,57.7,10,5.17,5.7,60.34,1.29,2.73,0.384,0.34,0.322,500,0.49,LightYellow
Ruby,2.66,Fair,IF,61.05,55.81,9.45,3.09,4.52,72.42,3.76,-0.34,0.412,0.501,0.178,650,0.32,Blue
Ruby,4.55,Premium,VVS2,62.3,62.57,9.53,7.85,5.37,69.09,3.08,3.13,0.282,0.466,0.466,450,0.67,Blue
Amethyst,2.14,Ideal,VVS2,63.58,63.32,5.33,4.84,2.15,66.74,3.32,-0.98,0.447,0.307,0.323,600,0.64,LightYellow
Diamond,1.31,Premium,SI1,60.45,65.6,3.7,5.76,3.99,63.51,2.21,2.29,0.283,0.243,0.562,550,0.65,FaintYellow
Ruby,1.32,Good,VVS1,64.47,53.72,9.1,6,6.07,60.02,1.07,-3.02,0.347,0.127,0.135,400,0.54,White
Ruby,3.38,Good,VVS1,61.94,62.38,8.35,8.98,5.19,73.51,3.03,-4.29,0.134,0.573,0.227,400,0.39,Violet
Sapphire,2.61,Ideal,VS2,59.72,58.6,5.73,8.96,5.45,77.19,3.38,1.66,0.262,0.181,0.581,600,0.64,Red
Amethyst,3.36,Premium,SI1,59.22,56.46,8.84,8.43,4.12,67.03,3.58,-0.87,0.164,0.145,0.457,700,0.6,
Topaz,3.49,Premium,VS2,62.5,59.66,3.97,8.37,5.35,70.82,2.77,-2.79,0.335,0.452,0.343,450,0.5,LightYellow
Topaz,0.31,Ideal,VS1,61.3,59.63,7.56,6.46,5.02,71.96,3.24,-3.38,0.131,0.422,0.509,700,0.5,White
Amethyst,0.46,,VVS1,63.17,62.79,9.67,8.54,2.6,64.94,3.18,3.74,0.278,0.408,0.452,700,0.61,White
Sapphire,,Very Good,VVS1,62.81,61.18,9.37,9.01,2.41,69.76,2.48,-1.52,0.343,0.564,,400,0.65,Violet
Diamond,1.12,Fair,VVS1,60.24,62.63,8.33,6.49,2.79,73.32,4.23,3.27,0.376,0.56,0.44,650,0.33,White
Amethyst,3.24,Very Good,VVS1,64.46,69.61,4.87,9.3,2.36,77.53,2.73,-3.27,0.221,0.461,0.222,500,0.49,Blue
Topaz,2.85,Premium,,62.04,66.21,3.72,9.93,4.6,76.14,1.95,-0.39,0.124,0.272,0.171,400,,LightYellow
Amethyst,3.01,Very Good,IF,57.01,55.84,5.27,4.23,6.34,77.39,1.04,-0.63,0.102,0.137,0.101,450,0.35,LightYellow
Ruby,1.65,Very Good,VS1,61.18,60.67,7.32,9.85,5.48,79.94,2.15,-2.69,0.201,0.499,0.37,500,0.61,Violet
Sapphire,3.27,Premium,IF,57.02,54.59,5.22,4.72,5.35,65.25,1.41,-3.04,0.343,0.332,0.453,450,0.62,Violet
Emerald,4.18,Good,VS2,60.59,60.38,5.89,,5.74,74.53,3,-0.05,0.279,0.459,0.256,600,0.49,FaintYellow
Diamond,4.99,Very Good,VVS1,62.9,64.24,5.83,8.96,6.06,71.23,2.53,-0.45,0.414,0.263,0.375,400,0.67,Violet
Sapphire,4.22,Ideal,SI1,63.13,51.32,5.35,,3.37,71.72,2,2.84,0.256,0.127,0.378,650,0.47,LightYellow
Emerald,2.88,Fair,SI1,61.51,52.75,9.46,6.23,2.41,,1.52,-0.26,0.377,0.263,0.504,450,0.46,Violet
Amethyst,,Premium,IF,62.83,50.15,5.24,4.06,5.38,76.98,4.22,-1.68,0.531,0.14,0.271,600,0.32,White
Diamond,3.47,Premium,SI2,59.72,57.57,9.95,4.56,3.92,75.78,4.94,-0.19,0.357,,,650,0.57,Blue
Amethyst,4.7,Very Good,SI2,60.51,65.35,,5.13,6.25,76.43,4.45,4.18,0.378,0.326,0.26,700,0.52,Blue
Amethyst,1.22,Good,SI2,,58.99,9.11,4.75,6.2,79.94,4.15,-3.51,0.42,0.48,0.103,650,0.4,LightYellow
Amethyst,1.43,Good,VS1,59.93,61.42,8.13,9.77,6.38,66.18,3.12,4.16,0.243,0.283,0.182,600,0.66,LightYellow
Diamond,0.92,Fair,IF,58.51,61.8,7.68,4.09,5.49,79.49,4.34,1.98,0.468,0.465,0.218,450,0.31,FaintYellow
Emerald,3.74,Fair,VVS2,62.97,51.79,6.12,7.8,4.76,64.19,3.14,1.65,0.484,0.255,0.258,500,0.35,LightYellow
Sapphire,2.15,Good,VS2,55.5,53.49,8.72,6.58,5.45,61.81,2.29,-0.67,0.181,0.299,0.537,550,0.45,FaintYellow
Emerald,0.5,Good,VS2,64.58,68.3,6.45,3.24,3.24,60.21,1.9,-1.39,0.384,0.276,0.297,550,0.47,Blue
Sapphire,4.4,Good,VVS1,58.4,59.17,3.95,,2.01,64.69,1.86,2.47,0.321,0.183,0.303,450,0.52,Red
Diamond,2.88,Very Good,VVS1,61.3,58.37,4.96,9.53,4.07,66.25,2.82,1.1,0.156,0.282,0.355,600,0.43,Green
Diamond,,Ideal,VS1,61.85,65.02,,8.72,4.88,66.18,3.55,1.52,0.568,0.38,0.223,650,0.67,Blue
Emerald,1.85,Fair,IF,56.37,50.9,6.99,7.1,5.78,78.6,1.61,1.19,0.255,0.206,0.215,400,0.49,White
Sapphire,1.59,Premium,VVS2,63.23,,7.59,3.54,2.23,66.26,1.05,-4.41,0.332,0.431,0.281,600,0.58,Red
Sapphire,2.39,Good,VS2,60.72,63.41,5.35,3.97,2.21,73.19,1.09,,0.283,0.162,0.429,450,0.43,Red
Amethyst,1.82,Good,IF,58.28,52.9,3.28,8.11,6.22,79.71,2.23,-1.39,0.469,0.321,0.558,700,0.62,LightYellow
Amethyst,2.83,Ideal,VVS2,63.51,51.3,7.61,8.3,2.91,65.88,3.88,3.02,0.414,0.16,0.298,650,0.58,Red
Amethyst,3.91,Good,SI1,61.25,50.06,3.43,9.71,5.1,79.51,1.02,0.89,0.423,0.407,0.312,400,0.64,Violet
Emerald,3.44,Fair,IF,62.86,55.88,9.76,4.44,2.66,75.25,2.87,-0.65,0.125,0.338,0.149,700,0.38,Violet
Sapphire,1.61,Good,VVS1,64.92,56.5,9.21,7.54,6.06,76.25,2.19,4.93,0.588,0.508,0.433,500,0.68,Red
Emerald,2.74,Ideal,SI1,56.3,53.54,8.82,6.02,5.37,71.37,4.66,1.73,0.241,0.309,0.439,450,0.67,FaintYellow
Diamond,4.23,Very Good,SI1,62.5,55.74,5.57,3.8,2.25,75.55,4.83,3.82,0.171,0.369,0.429,600,0.48,Green
Sapphire,0.53,Fair,VS2,62.58,61.24,8.21,5.35,3.22,72.2,2.59,4.22,0.213,0.44,0.541,450,0.35,White
Diamond,0.58,Very Good,VVS2,63.75,52.26,3.32,5.57,6.36,69.7,4.91,2.43,0.455,0.108,0.238,650,0.48,Blue
Ruby,2.87,Premium,SI2,59.08,54.02,3.63,6.17,5.81,77.08,4.88,-0.8,0.585,0.563,0.325,700,,LightYellow
Sapphire,3.27,Ideal,VVS1,63.7,61.24,6.46,5.05,2.21,76.41,3.3,-0.08,0.242,0.371,0.381,550,0.63,Violet
Emerald,1.21,Premium,SI1,61.4,64.09,7.11,6.87,3.38,67.92,2.54,-3.42,0.231,0.585,0.456,500,0.3,Blue
Topaz,3.78,Premium,SI2,55.69,68.63,8.37,7.25,3.48,60.83,1.42,1.16,0.573,0.162,0.245,650,0.33,Green
Diamond,3.3,Premium,VS1,55.32,60.21,5.08,5.89,4.16,78.52,3.21,0.12,0.408,0.279,0.442,600,0.56,Violet
Ruby,4.63,Premium,VS1,59.81,52.26,6.8,5.61,3.24,75.65,4.34,-2.86,0.374,0.155,0.1,450,0.31,White
Emerald,1.01,Ideal,VVS1,62.86,61.83,3.44,7.59,5.73,77.16,2.58,-4.59,0.241,0.293,0.519,450,0.58,Green
Diamond,3.81,Very Good,VVS2,58.84,69.91,6.3,3.38,4.12,60.47,3.02,3.69,0.367,0.145,0.412,550,0.45,LightYellow
Topaz,0.6,Good,VVS2,63.52,67.66,7.7,9.06,2.06,77.48,2.59,-4.69,0.104,0.188,0.24,550,0.69,Blue
Topaz,2.91,Premium,VS2,59.92,65.6,9.93,9.82,3.75,69.38,3.81,-1.19,0.379,0.156,0.277,500,0.48,Blue
Topaz,2.85,Good,,55.26,64.69,8.38,3.39,4.67,,3.2,0.6,0.339,0.39,0.192,600,0.6,FaintYellow
Emerald,2.06,Good,VS1,64.74,65.11,9.97,7.96,4.97,73.84,3.06,0.29,0.4,0.396,0.244,650,0.55,Violet
Ruby,4.25,Premium,VVS1,59.9,51.81,6.49,4.77,2.43,68.51,1.87,0.34,0.471,0.46,0.525,650,0.49,Red
Topaz,0.22,Fair,IF,61.5,60.4,6.03,6.01,4.24,62.47,3.37,-2.73,0.188,0.452,0.493,400,0.49,FaintYellow
Diamond,2.7,Good,VVS2,56.99,63.79,8.84,4.89,3.94,71.15,2.98,-1.69,0.189,,0.196,450,0.68,FaintYellow
,1.24,Fair,SI1,57.97,51.45,6.24,4.5,2.79,74.18,3.81,-4.94,0.323,0.557,0.448,450,0.69,LightYellow
Ruby,3.77,Very Good,IF,59.84,68.3,8.29,6.09,2.81,78.08,3.53,4.25,0.468,0.185,0.197,500,0.66,Red
Ruby,0.41,Good,VS1,63.56,52.55,9.96,5.6,6.38,77.71,2.18,1.06,0.182,0.525,0.531,650,0.45,Blue
Emerald,4.19,Ideal,VVS2,56.02,51.76,8.07,5.98,3.86,65.17,3.52,3.19,0.31,0.533,0.566,650,0.34,Blue
Emerald,4.22,Very Good,VS1,62.8,52.47,3.1,8.66,4.88,61.5,4.06,2.22,0.38,0.327,0.329,500,0.41,Violet
Sapphire,4.2,Very Good,VS1,60.79,58.46,4.26,9.85,2.93,69.39,3.6,0.63,0.371,0.158,0.12,650,0.48,Red
Ruby,0.93,Fair,VS1,60,60.86,4.93,4,6.3,65.53,3,0.14,0.537,0.129,0.23,500,0.52,Red
Emerald,3.23,Premium,VS2,63.77,51.89,8.75,8.21,6.26,66.35,3.64,-0.53,0.276,0.42,0.37,650,0.44,Red
Diamond,0.27,Ideal,VS1,56.18,65.72,9.52,6.84,5.57,73.35,2.89,0.53,0.187,0.351,0.146,500,,Blue
Ruby,4.27,Ideal,VS1,64.91,54,7.55,5.61,3.96,74.93,2.36,-2.98,0.21,0.486,0.577,500,0.49,White
Topaz,3.67,Fair,IF,63.55,61.21,3.62,7.62,3.87,74.67,3.49,-1.04,0.518,0.514,0.243,700,0.64,Red
Ruby,2.75,Fair,IF,58.26,59.82,6.5,9.17,,76.34,1.08,,0.349,0.142,0.446,450,,Violet
Diamond,3.71,Very Good,IF,59.52,68.11,9.01,7.49,5.91,60.87,1.37,,0.306,0.26,0.555,650,0.53,Green
Amethyst,0.65,Fair,VVS2,55.25,67.87,5.54,7.93,6.16,79.31,1.73,,0.447,0.313,0.156,600,0.52,FaintYellow
Sapphire,2.74,Premium,VS2,60.28,54.77,3.46,4.04,3.23,66.77,4.92,3.62,0.33,0.329,0.243,450,0.34,LightYellow
Emerald,1.6,Very Good,VVS2,60.48,60.77,8.46,7.99,4.98,67.34,2.15,,0.599,0.112,0.536,400,0.49,Red
Sapphire,4.87,Very Good,VS2,64.27,69.71,7.6,9.9,5.02,72.64,3,0.9,0.313,0.303,0.112,600,0.46,Blue
Topaz,4.31,Very Good,VS2,58.88,56.64,6.27,,3.62,64.51,3.28,0.37,0.286,0.279,0.243,550,0.51,Violet
Ruby,3.72,Ideal,VVS1,60.71,51.47,8.95,5.86,2.43,73.56,1.05,-0.98,0.546,0.125,0.421,600,0.4,White
Sapphire,4.68,Ideal,SI1,62.41,64.36,8.95,9.18,2.47,65.25,1.31,-1.64,0.161,0.209,0.131,500,0.54,Red
Topaz,,Very Good,VVS1,61.09,60.06,7.91,7.14,5.79,74.04,1.62,-4.9,0.138,0.438,0.16,450,0.56,White
Sapphire,4.52,Premium,,56.56,68.79,9.6,3.83,3.54,76.36,1.87,-3.23,0.335,0.267,0.313,600,0.45,Green
Ruby,1.76,Good,VS2,56.72,61.5,6.18,9.85,6.01,78,1.29,-3.63,0.595,0.501,0.18,650,0.56,Red
Ruby,3.72,Very Good,VS2,56.38,60.23,8.1,7.29,3.29,68.16,3.6,-2,0.279,0.212,0.257,500,0.44,White
Sapphire,3.73,Fair,VVS2,57.18,68.3,8.81,3.74,2.91,76.14,1.48,-1.4,0.447,0.353,0.325,450,0.5,Blue
Topaz,0.29,Good,VS2,58.28,57.61,7.45,7.01,3.77,69.3,4.58,-2.2,0.344,0.509,0.2,450,0.6,FaintYellow
Diamond,1.93,Ideal,SI2,62.4,61.95,6.87,8.05,5.26,64.92,3.01,2.93,0.457,0.342,0.367,550,0.37,Green
Sapphire,0.29,Ideal,VS1,55.61,66.91,8.12,4.66,4.79,74.63,1.75,-3.02,0.271,0.6,0.284,700,0.7,Blue
Ruby,4.99,Good,VS1,63.2,61.95,5.48,7.78,2.68,65.89,1.93,-2.37,0.551,0.368,0.173,700,0.39,Red
Emerald,0.79,Fair,VS2,57.62,55.96,5.57,9.76,6.42,63.41,3.59,0.03,0.148,0.2,0.366,400,0.59,White
Sapphire,2.81,Ideal,VS1,61.13,61.17,9.84,4.62,6.4,62.42,1.45,-2.16,0.503,0.469,0.123,650,0.62,LightYellow
Diamond,3.99,Ideal,VS2,60.53,58.64,3.83,6.44,3.22,67.95,1.18,3.96,0.14,0.402,0.572,600,0.55,LightYellow
Amethyst,1.17,Very Good,SI2,56.54,69.69,8.89,5.2,4.39,74.92,4.2,1.12,0.595,0.412,0.475,450,0.42,White
Amethyst,2.53,Premium,VVS1,57.87,51.02,8.52,5.72,3.02,76.28,2.97,-1.63,0.197,0.276,0.326,550,,White
Diamond,3.12,Fair,VS2,57.96,65.36,3.38,8.86,6.46,76.69,4.4,-0.48,0.291,0.232,0.103,650,0.36,Green
Sapphire,0.97,Very Good,VVS1,61.24,50.48,7.92,8.76,3.57,68.56,4.8,-0.77,0.299,0.207,0.122,500,0.41,FaintYellow
Emerald,3.94,Premium,SI2,62.89,62.08,3.66,3.06,6.06,60.76,2.82,3.91,,0.139,0.511,550,0.46,Violet
Emerald,1.64,Ideal,IF,64.96,,4.47,,3.93,63.57,2.21,0.84,0.111,0.268,0.245,450,0.33,LightYellow
Amethyst,1.21,Premium,VS1,55.96,68.21,9.71,5.44,5.22,63.91,2.48,-1.28,0.231,0.139,0.193,400,0.34,Blue
Amethyst,2.88,Ideal,SI2,64.39,60.79,,5.12,6.07,70.08,4.57,-0.05,0.39,0.317,0.31,550,0.63,FaintYellow
Topaz,2.17,Very Good,IF,60.62,66.55,3.4,3.66,4.8,78.32,4.99,-1.37,0.382,0.203,0.356,500,0.39,FaintYellow
Diamond,4.62,Ideal,VS1,58.57,63.44,6.65,7.81,3.04,62.61,2.53,2.69,0.195,,0.17,650,0.48,FaintYellow
Amethyst,4.42,Premium,SI2,57.85,58.94,4.44,7.5,,60.67,4.86,-4.81,0.323,0.282,0.411,700,0.35,FaintYellow
Diamond,2.52,Very Good,SI2,57.09,56.75,5.98,4.74,6.09,60.01,3.02,-0.02,0.111,0.381,0.535,500,0.41,Violet
Diamond,1.92,Premium,SI1,60.57,52.34,3.71,5.53,2.4,78.01,1.15,-2.53,0.496,0.488,0.328,550,0.46,Violet
Sapphire,1.76,Premium,SI1,64.46,50.27,,6.42,3.68,76.44,1.81,-2.68,0.166,0.264,0.507,700,0.59,Green
Amethyst,1.48,Good,SI1,56.82,50.03,6.53,3.32,6.47,79.26,2.55,-3.15,0.183,0.245,0.225,700,0.55,Blue
Diamond,2.81,Ideal,IF,59.36,54.52,5.35,4.08,4.93,74.01,2.42,0.01,0.316,0.152,0.498,650,0.33,White
Ruby,4.06,Ideal,SI2,57.04,61.22,4.09,7.53,2.78,72.21,4.25,-3.93,0.517,0.11,0.14,500,0.53,Red
Diamond,1.69,Premium,SI1,56.76,69.51,7.06,6.4,5.79,62.46,4.15,0.2,0.306,0.373,0.357,600,0.55,FaintYellow
Ruby,1.11,Ideal,VS2,63.67,64.1,3.44,7.2,4.12,71.51,1.51,1.03,0.343,0.383,0.382,500,0.54,LightYellow
Ruby,2.48,Fair,SI1,57.62,51.41,8.27,9.81,5.88,75.82,1.23,3.99,0.12,0.291,0.222,550,0.3,White
Diamond,0.53,Ideal,IF,57.48,62.9,3.36,8.29,5.44,77.39,,2.65,0.319,0.26,0.176,500,0.48,LightYellow
Sapphire,3.57,Very Good,SI2,64.1,59.71,9.79,9.78,5.25,77.4,2.7,1.5,0.56,0.586,0.265,700,0.64,FaintYellow
Ruby,2.69,Ideal,VS1,58.86,62.72,8.15,7.14,3.22,66.07,1.69,3.07,0.128,0.137,0.319,500,0.67,FaintYellow
Topaz,2.58,Fair,VVS2,55.09,62.46,9.28,3.01,4.51,63.8,1.35,-1.48,0.269,0.197,0.339,550,0.49,LightYellow
Emerald,1.64,Premium,VS1,62.21,52.88,6.08,3.66,5.85,62.97,1.86,0.32,0.383,0.477,0.32,600,0.55,White
Emerald,4.54,Ideal,VVS2,60.17,68.39,3.41,7.88,5.84,72.88,4.83,-4.14,0.495,0.206,0.303,700,0.31,FaintYellow
Amethyst,0.63,Very Good,VS2,62.74,61.09,4.61,5.14,2.77,61.4,1.35,0.23,0.508,0.456,0.373,500,0.62,Green
Ruby,4.38,Fair,SI2,60.7,64.02,9.8,5.9,3.81,77.41,3.2,-1.11,0.123,0.569,0.547,400,0.39,Violet
,2.01,Good,VS1,58.51,57.74,7.33,7.73,4.07,76.16,1.1,4.13,0.553,0.462,0.359,600,0.34,Blue
Amethyst,4.43,Premium,IF,55.67,52.45,4.6,5.33,4.16,60.14,4.61,-1.98,0.343,0.502,0.59,400,0.32,Blue
Ruby,3.7,Premium,VS2,63.66,63.82,6.38,9.12,4.06,71.75,3.05,1.87,0.112,0.494,0.267,500,,Violet
Amethyst,0.7,Premium,VS1,,68.85,5.22,5.71,2.43,72.66,4.75,1.88,0.352,0.302,0.239,400,0.47,White
Ruby,4.19,Fair,VS2,64.71,61.62,6.43,3.31,6.07,78.12,2.3,2.13,0.537,0.179,0.411,450,0.63,LightYellow
Ruby,3.47,Ideal,SI2,57.46,53.97,8.86,9.89,5.52,70.7,2.62,1.81,0.201,0.204,0.249,600,0.33,White
Amethyst,0.36,Ideal,SI2,63.27,62.47,4.56,6.43,3.94,61.03,4,3.83,0.539,0.567,0.349,450,0.37,FaintYellow
Topaz,0.84,Ideal,VVS2,62.89,58.58,5.79,5.45,6.28,73.67,4.77,0.96,0.381,0.14,0.181,550,0.31,FaintYellow
Ruby,3.25,Ideal,VS2,59.63,57.98,6.12,9.29,4.44,66.99,,3.55,0.19,0.287,0.251,700,0.66,Red
Diamond,3.38,Premium,SI2,59.02,68.27,7.11,9.03,2.26,70.19,2.59,1.74,0.351,0.413,0.427,450,0.56,Red
Topaz,3.78,Good,IF,62.03,64.74,3.54,3.26,3.99,64.79,4.88,3.81,0.295,0.187,0.594,600,0.33,FaintYellow
Diamond,3.66,Premium,VS1,60.29,60.18,4.45,8.66,2.93,77.21,2.3,2.29,0.457,0.169,0.265,650,0.42,Blue
Ruby,3.37,Good,VVS2,61.32,58.35,5.78,6.43,6.49,71.76,4.75,-0.42,0.393,0.409,0.291,450,0.58,Blue
Emerald,3.88,Good,VS2,59.7,54.86,8.67,7.71,2.56,74.9,3.48,-2.29,0.399,0.536,0.319,400,0.32,LightYellow
Topaz,2.96,,VVS1,60.57,56.87,4.31,4.02,3.38,63.01,2.92,4.09,0.374,0.56,0.147,550,0.41,FaintYellow
Ruby,1.45,Very Good,VVS2,56.89,60.81,9.17,7.67,5.05,71.3,2.33,-3.68,0.468,0.442,0.276,500,0.6,Violet
Amethyst,4.58,Fair,VVS2,55.55,50.97,5.37,4.61,3.01,66.03,,3.7,0.211,0.458,0.519,600,0.54,White
Ruby,0.29,Very Good,IF,58.56,57.15,4.78,3.82,2.51,,3.62,1.52,0.408,0.569,0.538,700,0.49,LightYellow
Sapphire,1.96,Good,IF,59.66,59.88,5.87,3.94,,,3.84,1.1,0.224,0.294,0.594,450,0.41,LightYellow
Topaz,3.7,Very Good,VS2,64.06,62.17,6.88,5.1,6.03,79.58,1.31,0.36,0.134,0.587,0.348,700,0.45,Blue
Sapphire,2.25,Good,VVS1,59.14,64.86,8.14,9.94,4.6,74.56,3.56,-2.08,0.468,0.253,0.564,400,0.39,LightYellow
Amethyst,0.32,,VVS2,59.34,50.28,6.34,3.38,5.36,61.68,,1.08,0.224,0.282,0.581,450,0.51,FaintYellow
Ruby,0.52,Premium,VS2,61.75,55.9,8.73,5.32,3.28,72.6,2.71,-0.24,0.136,0.48,0.336,600,0.37,LightYellow
Sapphire,3.31,Ideal,SI1,57.07,55.22,8.73,6.68,6.02,76.57,2,-1.01,0.198,0.457,0.143,700,0.57,Green
Sapphire,4.83,Fair,VVS1,63.72,60.43,3.01,4.45,4.52,63.23,3.8,1.41,0.596,0.285,0.172,700,0.57,Violet
Emerald,2.85,,VS2,59.28,59.32,8.54,9.73,3.59,79.62,1.46,-4.18,0.518,0.124,,550,0.36,Red
Sapphire,2.63,Fair,VVS2,64.31,51.6,6.1,6.22,4.95,72.47,4.73,1.05,0.383,0.417,0.494,450,0.35,Green
Ruby,1.73,Ideal,VS2,57.71,65.23,9.77,7.85,3.83,79.64,3.05,4.98,0.27,0.401,0.509,500,0.6,Green
Topaz,1.43,Fair,IF,59.66,63.75,8.74,5.52,3.25,72.6,3.65,-4.57,0.271,0.542,0.267,700,0.55,LightYellow
Ruby,0.3,Premium,IF,62.78,66.42,5.69,4.36,5.45,73.37,2.41,-0.25,0.279,0.249,0.569,600,0.32,Green
Sapphire,1.51,Premium,VS1,60.56,52.22,7.44,5.13,2.48,75.19,2.72,-0.46,0.592,0.556,0.137,500,,Green
Amethyst,2.36,Very Good,VVS1,61.61,60.12,4.36,4.96,4.99,76.08,3.31,-4.26,0.478,0.386,0.477,600,0.46,White
Topaz,1.15,Very Good,SI1,57.81,62.07,5.03,8.93,4.36,77.57,4.95,-0.07,0.276,0.208,0.539,700,0.38,Green
Topaz,0.62,Very Good,VVS2,58.28,50.98,4.41,3.1,4.31,75.04,3.81,-3.5,0.109,0.296,0.58,650,0.34,FaintYellow
Sapphire,3.65,Fair,VVS1,60.08,69.19,8.26,9.26,3.54,69.19,4.74,3.22,0.232,0.201,0.121,600,0.33,FaintYellow
Diamond,4.49,Premium,IF,57.02,65.89,3.06,,3.24,65.08,,4,0.204,0.331,0.267,700,0.56,LightYellow
Diamond,4.7,Ideal,SI1,56.26,54.87,5.85,7.32,5.11,67.94,4.12,3.24,0.205,0.336,0.291,450,0.31,Green
Topaz,3.17,Good,VVS2,63.44,62.58,8.86,8.64,5.65,78.4,1.16,4.28,0.575,0.496,0.131,400,0.54,Blue
Topaz,0.45,Premium,VS1,62.75,52.87,7.96,6.23,3.74,77.26,2.08,1.47,0.221,0.471,0.328,450,0.44,FaintYellow
Ruby,3.76,Very Good,IF,64.32,67.46,5.95,,2.65,67.25,4.23,3.44,0.181,0.391,0.503,700,0.35,LightYellow
Emerald,0.73,Very Good,IF,60.87,51.97,7.43,6.79,2.1,68.47,1.05,-0.01,0.516,0.373,0.509,700,0.53,LightYellow
Amethyst,3.41,Fair,SI1,59.2,68.08,6.02,3.85,4.61,65.88,2.94,,0.51,0.445,0.454,450,0.59,LightYellow
Sapphire,3.94,Very Good,VVS1,56.03,66.56,8.91,8.77,3.13,72.44,4.07,4.47,0.316,0.174,0.467,650,0.36,Violet
Diamond,3.68,Fair,SI2,63.5,59.56,7.01,7.54,3.86,67.2,4.72,-1.19,0.414,0.393,0.4,650,0.55,Blue
Amethyst,4.77,Ideal,VS2,59.56,63.05,7.43,7.15,4.51,76.07,2.76,3.34,0.591,0.555,0.534,650,0.38,White
Emerald,3.74,Very Good,SI2,60.61,54.92,9.92,3,5.26,69.52,4.32,-0.26,0.575,0.253,0.441,600,0.6,Green
Amethyst,3.53,Fair,VVS1,58.14,57.69,8.39,9.72,3.91,64.4,2.83,1.13,0.236,0.112,0.292,550,0.55,White
Ruby,1.46,Very Good,IF,60.24,54.35,5,3.91,5.16,68.92,1.57,3.83,0.3,0.102,0.485,700,0.64,Violet
Topaz,4.64,Fair,VVS1,62.82,60.55,8.41,4.28,6.11,74.7,2.83,3.81,0.254,0.116,0.52,400,0.47,Blue
Ruby,1.06,Premium,VS2,62.12,56.37,9.5,9.9,3.25,69.07,2.77,2.42,0.198,0.473,0.16,600,0.42,White
Topaz,4.54,Fair,VS1,64.89,57.03,5.07,3.63,5.14,71.44,3.1,-1.87,0.21,0.533,0.551,450,0.49,Violet
Sapphire,1.7,Good,VVS2,59.96,58.86,8.72,8.19,3.37,78.28,4.72,-4.13,0.409,0.102,0.246,500,0.68,White
Sapphire,0.82,Ideal,IF,60.3,67.45,4.66,3.66,2.31,74.26,3.47,4.87,0.372,0.447,0.437,650,0.62,FaintYellow
Amethyst,4.17,Premium,VVS1,55.53,60.97,6.04,8.13,2.37,79.94,1.36,0.68,0.51,0.251,,600,0.63,Blue
Ruby,0.21,Ideal,IF,58.89,66.13,7.83,9.23,5.16,61.53,2.72,-3.89,0.29,0.295,0.314,700,0.58,Green
Emerald,4.19,Premium,VVS2,64.22,66.97,4.7,5.45,2.67,75.01,2.82,4.59,0.447,0.561,0.207,650,0.45,
Topaz,1.46,Very Good,VVS1,58.5,54.91,4.31,5.19,6.48,74.65,4.3,-0.43,0.598,0.444,0.218,600,0.48,Blue
Ruby,4.45,Fair,VS1,62.66,65.55,6.24,9.53,4.45,62.18,3.07,4.62,0.323,0.368,0.341,600,0.33,Blue
Topaz,3.52,Very Good,VVS2,64.78,62.97,8.48,3.52,3.41,79.32,2.73,-1.35,0.395,0.343,0.203,650,0.53,Red
Amethyst,3.4,Ideal,VS2,56.27,60.15,7.17,5.43,4.72,76.9,1.54,4.09,0.441,0.381,0.312,650,0.37,FaintYellow
Emerald,1.95,Ideal,VS2,58.34,51.77,7.91,7.57,2.41,70.23,4.12,3.53,0.413,0.217,0.431,700,0.43,FaintYellow
Amethyst,0.49,Premium,,59.74,61.45,7.82,7.81,,64.41,4.09,-0.29,0.208,0.442,0.269,700,0.5,FaintYellow
Emerald,4.18,Ideal,VS2,57.37,53.11,,6.17,4.42,63.73,1.8,-1.88,0.391,0.16,0.525,450,0.54,Red
Diamond,1.02,Fair,VVS1,55.12,66.33,5.21,8.98,2.81,62.55,3.64,2.4,0.115,0.498,0.282,500,0.32,FaintYellow
Ruby,1.99,Ideal,VS2,59.69,68.69,5.95,8.94,2.33,63.87,1.34,3.5,0.521,0.223,0.567,400,0.36,LightYellow
Ruby,3.08,Very Good,VS1,60.37,59.56,5.66,8.72,4.83,78.49,3.31,-4.57,,,0.454,650,0.64,Blue
Topaz,2.51,Fair,SI1,61.25,58.81,3.55,4.2,4.02,72.7,3.17,-2.75,0.339,0.472,0.22,700,0.64,Red
Amethyst,1.15,Ideal,VVS1,63.27,59.78,9.29,7.53,4.24,62.49,1.5,-0.7,0.142,0.515,0.315,500,0.32,Violet
Amethyst,0.87,Good,SI1,57.53,51.34,7.49,8.96,5.44,78.43,3.65,-2.92,0.178,0.478,0.11,400,0.33,FaintYellow
Ruby,0.79,Good,IF,55.61,54.74,9,3.66,5.1,61.08,1.35,-2.29,0.288,0.245,0.181,450,0.43,Violet
Ruby,4.34,Very Good,IF,55.9,68.81,8.43,4.71,5.62,68.18,4.25,0.15,0.538,0.181,0.393,600,0.47,Red
Sapphire,0.35,Premium,SI2,59.97,56.9,3.48,9.85,2.4,74.85,1.61,-1.17,0.17,0.109,0.458,400,0.59,LightYellow
Emerald,4.89,Premium,VS2,64.22,,4.51,6.23,2.37,76.44,2.71,4.34,0.276,0.139,0.163,600,0.66,Green
Amethyst,1.15,Ideal,VS2,64.82,62.98,9.66,6.71,4.6,76.86,4.4,3.42,0.533,0.292,0.266,700,0.34,White
Sapphire,0.73,Fair,IF,,67.54,6.23,5.45,6.15,78.9,1.26,-2.92,0.48,0.242,0.325,600,0.53,Blue
Diamond,2.97,Premium,VVS1,56.52,54.76,8.68,5.75,5.36,65.36,4.2,4.48,0.278,0.561,0.273,500,0.41,Red
Diamond,0.58,Good,VVS2,58.53,67.8,7.03,9.26,5.16,67.65,3.99,-2.83,0.149,0.214,0.434,450,0.32,FaintYellow
Amethyst,3.09,Premium,IF,59.64,57.83,8.76,4.46,3.59,72.68,2.17,0.97,0.379,0.361,0.5,600,0.38,Green
Emerald,4.28,Good,SI2,63.08,68.44,8.14,4.95,4.56,77.53,4.58,-1.93,0.224,0.579,0.198,450,0.58,Red
Ruby,0.43,Premium,VS1,62.75,58.23,4.96,6.5,5.13,72.02,4.66,-2.15,0.397,0.317,0.324,600,0.65,Violet
Sapphire,4.04,Very Good,VVS1,64.23,52.08,9.94,5.17,4.27,65.44,3.93,0.4,0.107,0.55,0.381,600,0.39,Blue
Topaz,2.09,Fair,VVS2,63.58,51.04,6.43,9.25,3.04,76.04,4.31,4.47,0.242,0.489,0.589,450,0.34,Blue
Diamond,0.97,Ideal,SI2,59.39,69.35,7.09,,5.06,78.04,1.58,-0.81,0.198,0.269,,,0.54,Red
Sapphire,1.05,Good,SI2,55.19,52.43,6.78,6.53,4.32,60.17,2.77,-2.19,0.462,0.438,0.106,500,0.36,Violet
Emerald,4.61,Premium,VVS2,57.37,60.82,9.2,7.23,3.12,60.1,4.88,-2.5,0.471,0.247,0.463,450,0.53,Green
Sapphire,0.73,Ideal,SI2,61.1,60.54,4.96,3.14,4.37,79.08,1.38,-1.91,0.48,0.254,0.115,500,0.36,Violet
Diamond,4.36,Good,VVS1,60.01,58.03,3.43,8.19,3.54,71.13,2.66,-0.55,,0.445,0.194,500,0.45,FaintYellow
Sapphire,2.81,Good,IF,57.4,58.36,6,5.35,2.3,61.77,4.85,3.73,0.406,0.371,0.225,700,0.44,Green
Diamond,0.39,Very Good,VVS2,56.32,59.51,9.43,7.26,4.13,,3.34,-1.85,0.522,0.104,0.43,700,0.36,Blue
Topaz,2.43,Premium,VS1,57.16,51.99,6.08,8.83,6.36,71.35,1.12,-2.28,0.399,0.51,0.507,400,0.65,White
Ruby,4.12,Ideal,SI1,57.6,65.82,4.94,5.42,3.12,72.5,4.41,0.74,0.3,0.151,0.298,650,0.61,Violet
Emerald,3.69,Premium,VVS1,63.67,57.54,7.33,3.26,3.98,63.26,2.29,0.91,0.495,0.419,0.333,450,0.31,LightYellow
Emerald,2.55,Premium,VS2,62.1,54.89,8.16,3.01,5.7,76.8,1.14,,0.319,0.418,0.467,500,0.48,LightYellow
Diamond,4.33,Fair,SI1,60.52,56.37,6.24,9.02,6.27,70.9,4.32,-3.09,0.574,0.23,0.533,700,0.52,Red
Emerald,0.78,Good,IF,55.21,62.24,5.66,6.83,2.25,70.5,3.98,-3.09,0.11,0.103,0.565,700,0.64,
Sapphire,4.57,Good,SI2,63.21,65.5,5.55,7.55,5.37,70.82,3.12,0.2,0.416,0.446,0.117,600,0.36,FaintYellow
Sapphire,4.26,Fair,VVS1,60.52,53.07,5.95,7.18,3.45,61.25,2.45,-2.15,0.579,0.595,0.549,450,0.4,Red
Diamond,3.6,Fair,VS1,61.27,61.85,8.9,4.18,2.48,75.04,4.03,-3.47,0.267,0.376,0.446,450,0.53,Red
Amethyst,4.13,Premium,SI1,55.66,58.45,6.38,3.27,5.4,61.61,3.39,-4.74,0.167,0.548,0.201,500,0.53,Green
Ruby,2.81,Good,SI1,,67.24,5.2,4.7,4.12,69.27,1.94,-3.66,0.243,0.493,0.575,550,0.39,LightYellow
Topaz,3.44,Ideal,VVS2,63.32,,4.28,9.94,2.93,71.78,4.52,,0.141,0.33,0.181,400,0.47,FaintYellow
Ruby,2.89,Very Good,IF,63.83,63.57,4.98,5.92,5.23,64.23,3.14,-3.44,0.27,0.372,0.287,500,0.69,LightYellow
Emerald,1.91,Fair,IF,60.28,61.8,6.24,9.48,2.99,69.64,4.43,-4.97,0.448,0.44,0.328,700,0.58,Violet
Emerald,2.93,Ideal,VVS1,58.94,65.61,6.83,4.82,4.83,65.73,1.33,-1.09,0.501,0.482,0.327,400,0.63,Violet
Amethyst,1.44,Ideal,VVS1,55.73,59.92,7.35,8.01,3.5,74.19,1.92,4.28,0.391,0.2,0.512,700,0.38,FaintYellow
Emerald,2.31,Premium,VS1,56.94,51.11,,3.18,3.02,70.67,2.26,0.22,0.459,0.281,0.525,650,0.67,Red
Emerald,1.55,Fair,SI2,57.26,64.02,7.29,3.09,2.18,61.85,4.38,-4.9,0.125,0.444,0.116,700,0.51,Red
Sapphire,0.79,Ideal,SI2,55.63,61.61,5.46,6.26,2.7,72,4.49,2.09,0.198,0.314,0.546,550,0.66,LightYellow
Sapphire,1.74,Very Good,VS2,56.54,53.03,4.8,7.54,6.21,62.73,4.08,-0.99,0.293,0.375,0.385,400,0.65,FaintYellow
Diamond,4.29,Ideal,VVS1,63.87,54.26,5.32,9.74,4.03,60.05,3.33,2.69,0.533,0.463,0.5,650,0.6,Blue
Ruby,2.03,Very Good,SI1,60.45,54.61,8.49,3.21,5.8,62.93,2.82,0.97,,0.136,0.409,400,0.39,Blue
Amethyst,3.79,Very Good,VVS1,62.64,64.65,8.62,9.92,5.42,60.09,1.38,-3.61,0.128,0.575,0.177,700,0.33,FaintYellow
Ruby,1.04,Very Good,VVS1,57.75,60.37,3.73,6.3,5.11,79.76,3.62,-0.28,0.207,0.484,0.524,550,0.65,White
Amethyst,2.24,Fair,SI2,56.35,50.96,6.46,8.36,5.32,72.68,4.34,0.55,0.479,0.26,0.548,550,0.41,Blue
Ruby,0.75,Very Good,VS1,58.73,66.76,6.71,7.52,2.75,72.51,4.44,0,0.49,0.567,0.336,600,0.4,LightYellow
Topaz,0.87,Fair,VVS2,62.93,62.9,3.21,4.73,3.11,78.66,1.96,2.88,0.398,0.249,0.56,400,0.67,White
Sapphire,3.16,Ideal,VS2,57.97,64.66,8.02,5.33,5.5,62.55,3.35,3.5,0.595,0.596,0.493,550,0.52,Red
Amethyst,3.12,Very Good,VS1,57.05,68.75,5.57,7.14,5.01,60.55,4.77,1.67,0.422,0.337,0.435,600,0.32,Green
Diamond,1.22,Good,VVS1,55.22,55.2,5.93,3.67,,73.65,4.41,-4.63,0.219,0.328,0.365,550,0.33,Violet
Diamond,2.48,Ideal,VVS2,61.24,61.79,7.27,8.42,5.09,72.36,1.63,-1.48,0.4,0.388,0.478,450,0.42,Violet
Amethyst,4.34,Good,VVS1,59.36,65.2,6.28,8.6,5.53,78.09,2.57,-1.31,0.123,0.568,0.428,450,0.61,White
Amethyst,1.04,Good,VS1,57.59,60.26,8.24,8.74,4.62,66.46,1.39,-2.78,0.431,0.592,0.24,700,0.37,Violet
Ruby,0.29,Premium,IF,60.2,59.72,7.17,8.94,5.68,71.05,,-0.72,0.569,0.211,0.517,700,0.57,Blue
Amethyst,3.33,Fair,VVS1,62.01,68.57,4.58,7.82,3.46,71.29,3.43,-3.12,0.428,0.215,0.365,650,0.32,Violet
Topaz,0.46,Premium,SI2,57.47,54.87,9.09,8.21,2.31,65.13,3.8,2.56,0.417,0.301,0.31,700,0.47,Blue
Emerald,4.9,Fair,VVS2,61.09,63.06,4.51,7.12,2.91,67.2,1.66,3.34,0.389,0.514,0.589,700,0.34,FaintYellow
Sapphire,3.13,Premium,VS2,57.6,69.41,7.99,4.59,2.68,66.97,3.9,,0.429,0.415,0.482,550,0.52,LightYellow
Emerald,2.46,Ideal,IF,,54.4,8.55,3.58,4.13,76.89,1.9,-4.86,0.549,0.17,0.56,500,0.56,Green
Sapphire,2.26,Good,VVS1,62.32,59.25,7.82,4.25,6.07,67.51,4.89,0.39,0.122,0.362,0.447,550,0.42,Violet
Diamond,2.95,Ideal,VVS1,61.03,69.51,5.95,4.35,3.4,72.46,4.5,-2.91,0.123,0.519,0.13,550,0.67,
Emerald,0.63,Fair,VVS2,,50.72,9.15,8.31,4.33,67.48,1.06,,0.118,0.112,0.244,600,0.51,Violet
Topaz,4.66,Good,SI2,60.86,62.6,5.29,9.63,5.67,61.7,3.69,-4.29,0.587,0.316,0.338,500,0.69,White
Topaz,3.2,Good,SI2,63,58.09,7.81,8.7,5.92,78.52,2.35,2.65,0.109,0.159,0.275,500,0.36,Blue
Topaz,1.08,Fair,IF,62.37,65.42,9.14,9.95,3.25,61.57,3.74,-2.05,0.246,0.336,0.138,450,0.53,Violet
Ruby,2.9,Ideal,IF,62.78,56.46,4.09,3.31,4.35,60.2,1.71,0.67,0.568,0.118,0.29,500,0.36,Blue
Topaz,0.84,Good,IF,58.18,57.46,7.57,3.22,3.15,65.42,2.09,2.97,,,0.569,650,0.38,Red
Ruby,0.28,Ideal,VVS1,58.28,60.31,9.31,7.78,3.89,65.55,1.19,-0.66,0.157,0.571,0.261,500,0.46,Blue
Diamond,3.23,Ideal,IF,60.39,56.92,3.72,3.18,3.77,65.81,2.47,4.93,0.473,0.273,0.366,550,0.33,Blue
Topaz,3.31,Ideal,VVS1,57.79,55.19,4.02,9.24,2.29,76.03,,3.05,0.465,0.254,0.585,500,0.31,Blue
Emerald,3,Good,VVS1,56.13,57.11,5.65,6.31,2.12,65.74,4.47,-0.76,0.444,0.51,0.269,700,0.32,Blue
Ruby,1.08,,SI1,59.61,68.16,9.96,9.47,4.78,72.62,1.84,2.05,0.509,0.202,0.24,500,0.66,White
Amethyst,3.1,,IF,55.02,56.85,4.57,4.75,2.77,60.15,4.51,1.7,0.479,0.287,0.327,600,0.68,White
Topaz,0.47,Fair,VS1,62.61,67.99,5.27,7.5,2.67,77.85,4.21,-4.57,0.572,0.58,0.555,400,0.32,Red
Emerald,3.12,Ideal,SI2,62.5,54.1,8.85,7.89,3.61,65.2,3.59,-1.29,0.579,0.428,0.405,600,0.33,Red
Ruby,2.86,Good,VS2,60.52,63.44,3.92,5.01,3.04,70.75,4.44,0.26,0.281,0.439,0.26,650,0.63,White
Sapphire,3.35,Fair,VS2,62.48,64.9,9.97,5.57,5.35,71.37,2.3,-0.85,0.167,0.384,0.495,600,0.32,Violet
Sapphire,4.5,Very Good,VS1,61.25,52.23,8.17,6.86,4.92,64.8,4.77,-3.18,0.574,0.138,0.38,550,0.44,White
Diamond,4.28,Very Good,IF,61.97,60.88,9.71,5.69,6.33,71.82,1.72,1.62,0.243,0.443,0.349,700,0.55,Blue
Emerald,4.91,Good,VVS1,55.65,50.26,4.01,6.44,3.81,77.34,3.31,4.88,0.101,0.503,0.38,400,0.65,Violet
Topaz,4.89,Ideal,VVS2,63.81,68.56,4.63,6.19,2.12,66.62,2.87,-1.59,0.158,0.464,0.597,550,0.62,White
Amethyst,3.91,Very Good,VS1,61.44,60.49,5.6,7.66,5.81,78.67,4,4.6,0.389,0.157,0.392,450,0.34,Blue
Ruby,4.79,Very Good,VS2,61.11,50.74,3.36,3.57,2.55,64.69,2.4,2.56,0.238,0.365,0.506,400,0.63,Blue
Amethyst,4.36,Very Good,VS2,58.87,63.66,3.42,9.7,3.21,62.36,,-1.72,0.356,0.171,0.268,450,0.64,FaintYellow
Emerald,3.69,Good,VVS1,55.28,67.71,9.33,3.72,4.84,66.99,1.38,-0.8,0.479,0.465,0.142,500,0.68,White
Ruby,0.56,Fair,VS2,64.01,64.75,3.3,5.37,4.08,77.85,3.45,1.27,,0.587,0.47,500,0.31,Blue
Topaz,0.44,Premium,VS2,64.86,52.67,8.25,3.06,5.11,63.23,1.3,2.48,0.101,0.351,0.229,600,0.68,Green
Sapphire,4.22,Good,VVS1,63.08,60.8,8.02,8.71,2.87,68.32,4.89,2.47,,0.179,0.528,500,0.38,White
Ruby,2.55,Ideal,IF,64.15,64.66,3.51,3.79,4.63,72.49,1.81,1.41,0.428,0.29,0.525,700,0.62,Blue
Topaz,4.11,Good,SI2,56.21,66.01,4.31,4.95,4.04,76.31,4.09,-3.88,0.271,0.341,0.442,450,0.63,Red
Ruby,1.7,Good,SI1,56.29,50.32,6.18,6.16,4.64,78.1,3.92,3.54,0.185,0.373,0.208,450,0.6,FaintYellow
Topaz,2.11,Premium,SI2,63.8,55.67,7.49,8.91,,79.84,4.9,-2.33,0.115,0.328,0.292,400,0.68,Red
Sapphire,3.56,Premium,,55.58,67.69,9.27,8.37,4.4,76.91,4.74,-3.25,,0.204,0.197,650,0.46,FaintYellow
Ruby,4.59,Premium,SI1,55.93,55.17,6.69,4.05,5.33,60.19,4.49,-2.88,0.594,0.349,0.229,400,0.58,Blue
Ruby,0.62,Fair,SI1,63.17,59.45,9.55,6.13,5.35,67.86,3.57,-4.6,0.269,0.597,,500,0.56,LightYellow
Ruby,4.34,Good,IF,60.57,63.93,4.33,5.33,4.98,77.09,3.09,2.36,0.5,0.541,0.308,550,0.67,LightYellow
Ruby,4.01,Ideal,VVS2,58.92,69.71,7.36,9.64,4.18,79.52,1.81,-4.48,0.476,0.482,0.461,700,0.36,LightYellow
Ruby,1.71,Premium,IF,60.53,58.52,8.91,8.99,,,3.53,-4.58,0.149,,0.365,550,0.34,White
Ruby,1.91,Premium,VVS1,63.79,60.07,4.63,4.05,2.55,66.8,3.87,-4.98,0.225,0.286,,550,0.56,Green
Sapphire,0.42,Good,VVS1,62.57,61.17,8.52,6.01,4.44,73.02,4.77,-4.95,0.529,0.218,0.184,550,0.61,Red
Diamond,0.28,Ideal,VVS1,61.92,54.68,5.8,6.11,2.2,68.17,2.13,1.8,0.287,0.204,0.596,550,0.45,LightYellow
Amethyst,2.49,Premium,VS2,64.77,57.37,10,9.73,2.2,63.13,2.43,-0.05,0.461,0.178,0.419,500,0.47,FaintYellow
Ruby,0.66,Good,VS1,60.21,58.69,3.64,8.57,2.57,77.99,2.8,1.72,0.266,,0.324,450,0.68,White
,1.13,Very Good,VS2,55.06,50.39,6.87,8.66,3.05,66.08,3.77,-2.68,0.284,0.512,0.578,600,0.58,White
Sapphire,,Fair,IF,59.29,50.15,8.48,5.58,6.5,65.12,4.37,2.19,0.401,0.457,0.355,400,0.34,Green
Emerald,2.94,Good,VVS2,55.97,54.49,7.73,7.87,2.54,71.43,2.03,,0.218,0.554,0.505,450,0.52,Violet
Emerald,3.24,Premium,VVS2,56.16,60.24,6.54,5.24,3.22,76.89,3.16,-0.03,0.336,0.228,0.322,600,0.35,Violet
Ruby,1.1,Ideal,VVS2,57.55,69.11,6.59,8.77,5.07,69.53,2.01,3.62,0.462,0.533,0.543,400,0.57,FaintYellow
Emerald,4.18,Very Good,SI1,58.81,69.45,5.84,9.72,5.05,62.24,,-4.35,0.107,0.419,0.394,500,0.58,Violet
Amethyst,4.37,Ideal,VVS2,59.82,62.94,5.4,7.27,5.94,68.96,4.74,3.55,0.546,0.351,0.481,700,0.6,Violet
Sapphire,2.71,Ideal,SI1,56.7,66.54,7.16,6.7,4.75,61.98,4.53,-1.68,0.343,0.455,0.484,600,0.66,Blue
Topaz,4.58,Ideal,VS1,58.12,68.01,8.24,9.11,3.2,63.48,2.84,-2.54,0.405,0.388,0.393,550,0.37,
Sapphire,4.26,Good,SI2,57.77,66.78,,9.34,3.08,68.73,2.47,3.49,0.47,0.512,0.167,400,0.54,White
Ruby,3.71,Good,VVS2,58.65,60.87,9.63,3.63,5.73,62.29,3.18,1.95,0.169,0.194,0.263,550,0.64,LightYellow
Diamond,3.72,Fair,SI1,56.08,,5.55,7.88,2.44,73.4,3.93,-2.04,0.528,0.31,0.109,700,0.44,Red
Amethyst,0.71,Very Good,VS2,58.97,50.07,6.04,7.4,4.16,70.88,1.47,1.97,,0.463,0.112,450,0.64,Violet
Ruby,1.5,Ideal,VVS2,60.54,62.96,5.88,4.47,4.17,66.87,1.91,4.03,0.125,0.467,0.431,500,0.49,Violet
Topaz,0.52,Premium,VVS1,55.97,58.52,3.78,3.87,5.33,63.18,1.48,3.7,0.554,0.236,0.576,700,0.6,LightYellow
Topaz,0.24,Ideal,IF,60.21,62.89,3.81,5,6.48,70.26,1.07,3.06,0.498,0.32,0.216,700,,Green
Topaz,0.96,Very Good,VS2,62.56,63.89,8.57,4.18,4.23,75.97,4.14,4.97,0.279,0.225,0.464,550,0.67,White
Emerald,4.43,Ideal,VS1,55.08,51.96,5.67,4.7,5.49,74.99,2.5,,0.524,0.423,0.378,550,0.67,LightYellow
Ruby,1.35,Good,VS2,55.48,67.49,4.51,9.42,5.83,79.45,4.06,2.49,0.422,0.588,0.381,400,0.51,Violet
Diamond,4.86,Good,VVS1,59.66,53.51,7.95,9.41,2.15,70.01,2.99,-2.06,0.497,0.346,0.515,550,0.62,Blue
Topaz,3.07,Very Good,VVS2,63.73,50.21,9.72,4.77,4.86,72.63,3.74,4.32,0.583,0.369,0.387,450,0.64,Red
Topaz,1.34,Fair,VVS2,64.98,58.59,9.56,4.41,5.98,64.87,2.99,-4.2,0.132,0.399,0.571,650,0.62,FaintYellow
Topaz,2.59,Ideal,VS1,55.93,51.79,8.06,6.18,5.24,75.44,2.95,1.68,0.49,0.571,0.587,550,0.68,FaintYellow
Sapphire,1.25,Very Good,SI2,55.18,69.12,4.34,7.65,5.48,70,,-2.98,,0.548,0.471,700,0.51,Blue
Diamond,4.92,Premium,IF,57.29,55.68,4.08,3.97,5.65,69.45,,4.91,0.438,0.388,0.143,650,0.69,Blue
Emerald,4.27,Premium,VVS2,59.67,54.47,9.1,8.72,2.09,65.98,1.44,0.2,0.504,0.3,0.441,450,,Blue
Topaz,0.33,Fair,SI1,60.72,55.24,9.74,3.52,6.18,66.37,3.27,0.33,0.297,0.42,0.575,500,0.36,Violet
Sapphire,4.75,Good,VS1,64.73,55.67,7.36,3.79,6.08,64.15,1.56,0.27,0.216,0.194,0.558,,0.44,FaintYellow
Topaz,3.66,Very Good,SI2,63.88,51.25,9.31,7.45,4.71,78.91,3.33,2.59,0.212,0.482,0.202,500,,White
Ruby,0.6,Ideal,SI2,60.62,60.8,8.7,4.43,3.57,64.76,3.64,4.71,0.258,0.2,0.548,550,0.65,Blue
Topaz,3.42,Very Good,SI2,58.62,50.36,4.08,4.6,3.66,60.77,1.77,4.61,0.469,0.411,0.181,400,0.65,Green
Sapphire,3.31,Fair,VVS2,58.21,64.94,4.56,9.13,4.41,68.45,1.64,-2.67,0.595,0.222,0.139,500,0.36,Green
Diamond,1.25,Very Good,SI1,60.73,65.35,,5.55,3.31,79.37,1.73,0.59,0.592,0.582,0.119,550,0.59,Violet
Topaz,3.84,Fair,SI2,62.21,57.99,6.32,9.45,4.55,60.61,4.29,0.46,0.208,0.415,0.581,650,0.59,Green
Topaz,0.62,Fair,VS2,59.82,69.42,5.27,3.76,4.78,65.17,1.63,-3.75,0.17,0.559,0.217,500,0.68,FaintYellow
Amethyst,2.55,Fair,VS1,58.04,65.64,5.98,9.52,5.28,65.01,4.12,,0.18,0.531,0.181,500,0.64,White
Emerald,0.25,Very Good,VS1,61.13,52.46,3.06,9.4,2.3,70.65,1.08,2.59,0.389,0.448,,,0.57,FaintYellow
Emerald,4.85,Premium,VS1,60.58,69.6,8.05,6.78,2.3,75.13,4.3,3.69,0.396,0.399,0.432,500,0.6,Violet
Ruby,3.81,Ideal,VVS2,59.27,66.9,4.4,8.31,6.15,68.28,1.97,2.36,0.55,0.557,0.178,600,0.35,Green
Sapphire,0.96,Fair,VS1,62.48,64.08,5.58,6.06,5.35,66.58,1.75,-3.81,0.298,0.358,0.415,550,0.49,Red
Topaz,1.84,Good,VS2,57.82,63.07,5.82,8.36,3.54,65.7,3.52,4.19,0.533,0.504,0.11,450,0.55,Blue
Emerald,0.97,Fair,IF,59.85,62.1,3.46,4.7,2.11,78.35,4.49,-2.89,0.18,0.172,0.297,550,0.34,Red
Diamond,3.88,Very Good,IF,64.4,69.8,5.56,9.32,4.74,78.81,3.87,1.1,0.516,0.355,0.48,500,0.54,White
Ruby,0.48,Fair,VVS1,,59.57,9.3,8.52,3.12,71.59,3.24,1.45,0.279,0.331,0.232,500,0.49,
Emerald,4.23,Good,VS2,58.88,53.32,9.25,8.13,2.26,77.62,1.96,-3.48,0.523,0.298,0.27,550,0.44,White
Emerald,4.72,Premium,,60.46,55.89,,8.63,5.4,79.75,2.63,-1.57,0.257,0.205,0.152,600,0.64,Violet
Topaz,3.45,Very Good,VS1,59.05,57.5,3.21,5.41,6.4,71.32,4.43,-2,0.47,0.18,0.439,500,0.45,Red
Sapphire,1.22,Very Good,SI2,56.13,56.33,7.16,4.33,,65.95,4.19,2.1,0.527,0.544,0.276,400,0.64,LightYellow
Amethyst,1.93,Very Good,VVS1,58.35,50.61,4.43,5.48,2.5,66.72,1.89,1.25,0.161,0.366,0.189,650,0.34,FaintYellow
Amethyst,2.49,Good,SI1,63.6,51.47,9.29,3.27,3.65,72.25,4.51,-0.78,0.156,0.592,0.107,500,0.46,FaintYellow
Emerald,3.1,Very Good,SI1,59.61,50.1,6.38,,3.12,67.62,1.96,-3.35,0.464,0.139,0.404,400,0.57,LightYellow
Emerald,3.41,Premium,VS2,60.85,63.58,5.28,7.25,3.68,70.2,4.93,2.39,0.444,0.5,0.342,550,0.34,FaintYellow
Emerald,2.86,Ideal,VS2,56.81,63.29,9.67,8.93,4.51,64.59,3.97,4.39,0.188,0.145,0.456,600,0.36,Violet
Amethyst,1.89,Ideal,VS2,58.56,51.36,5.23,9.51,4.86,79.87,3.83,0.77,0.6,0.132,0.355,600,0.45,LightYellow
Ruby,4.48,Fair,VVS2,64.29,56.3,5.25,8.06,3.39,63.84,3.33,4.12,0.17,0.255,0.302,400,0.31,Green
Topaz,0.59,Ideal,VS2,58.14,55.66,3.93,9.24,5.03,,4.42,3.11,0.348,0.558,0.542,500,0.34,Blue
Sapphire,2.44,Good,SI1,57.51,59.07,4.56,5.04,5.08,77.38,4.53,4.5,,0.571,0.375,500,0.54,Green
Diamond,3.92,Ideal,VVS2,55.56,57.17,8.32,7.74,6.47,,2.02,-1.61,0.142,0.228,0.5,,0.34,White
Topaz,0.49,Good,SI2,55.97,66.41,8.32,9.84,4.16,78.74,4.17,1.32,0.325,0.379,0.536,400,0.31,White
Topaz,3.59,Good,SI1,60.85,67.65,5.71,7.28,3.48,76.11,1.66,-2.72,0.599,0.151,0.36,600,0.55,Green
Sapphire,4.13,Fair,VS2,61.6,54.12,5.45,6,5.86,67.05,2.58,2.38,0.579,0.548,0.266,400,0.49,LightYellow
Amethyst,3.37,Ideal,SI2,61.42,52.42,5.93,4.84,2.76,63.39,4.66,4.84,0.287,0.147,0.18,500,0.39,Blue
Topaz,0.26,Fair,SI1,60.4,66.79,5.11,5.2,4.01,70.08,2.22,-1.78,0.35,0.179,0.224,700,0.56,White
Emerald,1.06,Very Good,IF,59.91,60.03,7.25,4.42,4.82,60.11,2.73,-4.34,0.552,0.238,0.16,600,0.56,LightYellow
,1.84,Premium,SI2,55.72,56.49,8.86,7.92,2.64,78.98,2.68,4.73,0.556,0.224,0.477,400,0.54,Green
Diamond,1.32,Ideal,VVS2,63.41,51.03,3.07,8.07,2.25,77.12,3.28,-4.69,0.489,0.314,0.258,700,0.31,Green
Diamond,4.82,Very Good,SI2,60.13,62.12,9.55,8.46,,76.42,4.34,-1.36,0.229,0.158,0.541,400,0.48,White
Ruby,3.33,Very Good,VVS2,56.32,54.15,3.83,6.27,3.57,67.15,3.19,0.6,0.286,0.257,0.455,550,0.4,White
Sapphire,1.63,Fair,SI2,56.36,50.75,9.3,,5.35,62.3,4.76,2.82,0.386,0.483,0.433,650,0.4,FaintYellow
Amethyst,4.66,Fair,VS1,60.13,58.9,4.63,5.95,4.4,74.22,4.5,-2.83,0.528,0.299,0.23,400,0.5,Red
Amethyst,3.75,Premium,VS2,57.45,61.94,9.42,8.24,2.1,72.96,3.45,-4.46,0.321,0.525,0.121,400,0.47,White
Sapphire,1.57,Premium,VVS1,64.22,53.43,8.51,8.99,6.14,76.47,2.73,1.97,0.412,0.245,0.418,450,0.63,Green
Diamond,2.02,Premium,SI2,,63.03,4.88,3.57,5.87,70.19,2.3,-4.03,0.305,0.325,0.107,600,0.67,LightYellow
Sapphire,1.16,Premium,VVS1,64.78,53.78,3.2,4.71,2.34,63.03,3.45,-2.56,0.394,0.297,0.266,600,0.33,Red
Ruby,4.86,Fair,VVS1,,50.41,8.01,9.73,3.15,76.36,4.23,-2.32,0.107,0.373,0.582,500,0.59,FaintYellow
Amethyst,2.68,Good,VVS1,63.11,52.98,8.75,6.02,4.81,74.05,3.02,3.38,0.286,0.588,0.372,700,0.55,LightYellow
Diamond,4.5,Fair,IF,58.89,61.74,7.76,3.49,2.81,79.16,4.52,0.79,0.483,0.154,0.413,450,0.5,Red
Emerald,1.86,Good,VVS1,56.34,62.71,5.67,4.43,6.38,61.8,2.15,-0.48,0.112,0.598,0.17,700,0.54,Green
Emerald,4.33,Fair,SI1,61.9,67.3,3.89,8.79,3.89,71.74,4.44,-4.74,0.509,0.205,,400,0.62,Blue
Sapphire,0.46,Fair,VS1,59.07,51.25,5.43,8.32,5.17,72.73,3.66,0.08,0.593,0.188,,400,0.35,Violet
Diamond,4.91,Premium,VVS1,64.49,69.06,4.88,4.52,4.3,80,2.17,2.13,0.344,0.448,0.45,450,0.43,Green
Emerald,4.58,Good,VS1,56.94,60.44,8.06,3.71,3.39,76.65,2.66,4.77,0.186,0.494,0.45,500,0.35,FaintYellow
Diamond,1.94,Very Good,VVS2,61.27,54.91,4.12,3.56,5.14,66.25,1.15,-0.17,0.526,0.304,0.532,500,0.54,White
Diamond,3.92,Very Good,SI2,63.66,57.31,8.74,6.5,4.14,69.46,4.66,0.57,0.497,0.47,0.435,650,0.45,White
Topaz,3.81,Very Good,,59.03,51.11,7.28,7.87,4.86,67.15,4.07,-1.79,0.59,0.313,0.101,650,0.64,Violet
Sapphire,4.53,Premium,VS2,64.54,52.2,6.38,5.27,3.77,78.36,3.44,3.16,0.223,0.46,0.47,700,0.37,LightYellow
Topaz,1.67,Very Good,SI2,55.77,67.65,5.52,3.6,6.49,70.48,4.88,0.4,0.193,0.505,0.586,650,0.68,Red
Amethyst,2.43,,SI2,60.87,52.12,6.55,6.44,2.93,78.04,4.69,-1.24,0.167,0.445,0.116,500,0.66,Green
Ruby,4.35,Premium,VVS1,62.77,51.12,6.78,4.53,2.82,67.24,4.67,-3.84,0.322,0.282,0.165,400,0.65,White
Diamond,3.94,Very Good,VS1,57.02,61.97,4.66,4.27,2.04,63.6,2.22,3.92,0.464,0.137,0.252,500,0.34,Green
Sapphire,2.09,Premium,SI1,55.58,57.65,9.92,8.42,,70.83,1.91,3.01,0.172,0.299,0.489,500,0.59,Red
Ruby,4.26,Fair,VS1,55.8,58.12,9.37,7.23,2.71,79.74,3.97,-2.93,0.313,0.255,0.356,500,0.43,Violet
Amethyst,0.43,Premium,VS2,58.19,52.41,5.74,5.21,3.11,72.57,2.31,3.75,0.224,0.51,0.456,700,0.41,FaintYellow
Amethyst,3.95,Very Good,VVS2,57.23,50.88,4.78,6.22,2.93,61.1,2.09,0.57,0.298,0.518,0.122,400,0.64,LightYellow
Amethyst,1.19,Premium,VVS1,57.24,67.31,5.15,4.57,6.41,60.68,2.01,2.71,,0.254,0.267,400,0.66,Red
Emerald,1.57,Ideal,VS1,59.59,57.79,9.86,6.93,5.84,68.59,1.28,1.51,0.294,0.35,0.201,400,0.47,Red
Diamond,2.57,Very Good,SI2,55.85,52.2,5.85,8.3,5.37,60.75,3.9,-4.3,0.136,0.28,0.507,700,0.38,Blue
Ruby,2.36,Fair,VVS1,64.96,54.01,9.38,6,,62.09,1.03,-2.51,0.485,0.585,0.177,450,0.42,White
Sapphire,2.7,Good,SI1,61.96,52.06,3.41,5.69,2.03,75.07,3.26,-0.77,0.122,0.403,0.32,550,0.51,Blue
Diamond,2.81,Premium,IF,55.3,59.56,8.44,4.76,6.36,75.17,2.07,-3.88,0.269,0.533,0.111,650,0.68,Red
Topaz,1.79,Premium,SI2,61.92,66.07,8.33,5.26,2.91,63.69,3.67,-1.27,0.164,0.369,0.389,500,0.64,Blue
Ruby,1.04,Very Good,VS1,62.92,57.87,7.56,5.52,2.3,77.02,4.78,-4.64,0.457,0.216,0.114,550,0.59,Green
Ruby,3.89,Very Good,VVS2,56.91,62.4,3.85,5.19,3.71,63.51,3.76,3.84,0.171,0.266,0.545,650,,Blue
Sapphire,2.12,Ideal,SI1,63.4,63.51,9.87,3.63,3.25,75.28,2.51,-4.57,0.426,0.372,0.169,650,0.59,White
Emerald,2.63,Fair,VS2,61.12,64.24,4.49,4.03,6.25,72.05,1.71,0.48,0.408,0.318,0.161,500,0.6,Blue
Topaz,3.29,Premium,VS1,63.21,62.11,7.97,9.97,2.12,77.13,2.36,1.9,0.392,0.506,0.102,450,0.44,White
Amethyst,4.57,Premium,IF,62.17,61.08,8.26,5.54,6.4,75.07,2.84,-2.07,0.233,0.143,0.111,550,0.57,White
Amethyst,3.6,Good,VS2,62.05,59.57,8.32,8.64,4.64,60.01,4.52,-4.98,0.544,0.221,0.171,450,0.48,FaintYellow
Sapphire,0.42,Premium,VVS2,56.58,59.47,8.78,8.02,3.35,61.21,4.91,0.54,0.195,0.573,0.232,400,0.58,LightYellow
Amethyst,4.23,Premium,VVS1,58.16,56.66,,6.95,5.91,60.64,4.71,-0.35,0.283,0.423,0.414,650,0.5,
Topaz,4.95,Ideal,VVS1,60.23,60.09,3.67,6.15,3.88,76.67,3,-3.13,0.464,0.5,0.578,450,,Green
Emerald,2.47,Good,VS1,56.13,59.58,,7.66,4.4,71.92,2.89,-4.08,0.213,0.597,0.466,400,0.63,LightYellow
Amethyst,4.85,,VS2,59.78,56.39,9.82,7.09,2.64,79.36,2.09,2.98,0.404,0.464,0.447,650,0.55,LightYellow
Emerald,2.83,Premium,IF,59.45,56.02,9.17,8.14,5.96,67.77,2.52,-3.05,0.458,0.109,0.337,550,0.6,White
Topaz,2.41,Fair,IF,57.32,58.92,9.93,9.96,5.95,63.58,4.67,-0.75,0.375,0.237,0.518,400,0.61,FaintYellow
Emerald,1.79,Premium,VVS2,57,66.06,7.08,5.2,5.38,66.8,4.45,2.88,0.262,0.448,0.108,400,0.54,Green
Amethyst,3.36,Ideal,SI1,57.47,54.95,7.71,5.34,5.27,65.41,1.59,4.15,0.493,0.533,0.255,500,0.54,White
Sapphire,1.3,Premium,VS2,61.05,66.91,4.85,7.82,2.9,76.97,2.42,-1.01,0.154,0.571,0.47,650,0.54,Red
Sapphire,0.7,Premium,VS2,59.15,64.48,,8.91,3.99,65.32,3.32,-0.34,0.214,0.129,0.46,650,0.32,White
Topaz,0.33,Very Good,,59.14,55.24,3.15,4.33,2.41,62.67,1.45,2.11,0.286,0.126,0.482,500,0.62,Blue
Sapphire,1.6,Premium,SI2,56.82,50.28,8.04,8.98,4.66,66.66,2.41,-3.47,0.332,0.418,0.462,400,0.68,Blue
Ruby,2.1,Good,VVS2,62.87,51.54,9.48,9.28,2.95,75.95,3.34,3.4,0.112,,0.255,650,0.54,LightYellow
Amethyst,2.85,Very Good,VVS2,62,67.66,3.79,5.76,3.34,68.01,2.81,-2.28,0.447,0.322,0.553,550,0.64,Blue
Sapphire,1.61,Good,,59.29,,6.18,4.87,5.67,72.3,4.46,-0.84,0.189,0.575,0.519,700,0.3,Green
Topaz,4.92,Good,VVS2,56.42,57.59,7.36,5.8,6.43,64.11,3.38,4.38,0.546,0.543,0.24,550,0.51,Green
Diamond,1.6,Ideal,VS2,62.15,51.23,7.43,4.31,3.71,61.51,,4.7,0.253,0.307,0.552,650,0.43,White
Emerald,2.32,Premium,SI2,63.99,66.22,5.15,,5.57,64.68,3.11,-0.67,0.236,0.379,0.174,700,0.31,Blue
Sapphire,0.7,Good,VVS1,56.78,55.1,3.14,8.58,2.59,76.4,2.23,-2.31,0.161,0.51,0.309,700,0.51,Red
Diamond,1.45,Premium,VVS2,61.03,,9.21,6.99,4.38,73.76,3.37,-3.63,0.476,0.403,0.507,450,,White
,0.43,,VVS1,59.24,60.46,3.64,6.46,4.48,61.64,4.99,-3.44,0.565,0.198,0.466,650,0.61,Violet
Ruby,2.89,Ideal,SI1,55.88,64.3,4.24,4.5,6,64.29,1.8,0.1,0.494,0.242,0.267,600,0.69,Red
Emerald,3.81,Ideal,VVS2,62.26,59.24,9.74,6.87,3.09,64.63,3.89,1.86,0.531,0.226,0.516,400,0.48,Green
Sapphire,1.14,Good,VS2,55.71,50.55,6.5,5.81,2.29,65.64,3.85,-1.37,0.419,0.319,0.146,500,0.67,Blue
Ruby,1.97,,VVS1,62.02,51.26,9.12,6.54,3.57,73.2,4.12,-2.61,0.273,0.457,0.494,650,0.33,FaintYellow
Sapphire,0.28,Very Good,VS1,57.81,69.52,9.28,3.64,5.36,63.3,2.75,-4.97,0.474,0.335,0.446,550,0.65,FaintYellow
Amethyst,4.23,Premium,SI2,60.66,58.24,9.93,9.46,2.21,62.36,1.04,-2.1,0.198,0.575,0.228,550,0.37,LightYellow
Ruby,3.94,Premium,SI1,56.6,53.66,3.28,8.35,2.66,70.25,4.62,1.3,0.104,0.549,0.598,700,0.46,Blue
Diamond,0.5,Ideal,VVS2,58.71,64.41,3.37,8.19,2.2,66.54,2.03,2.41,0.281,0.439,,550,0.5,Blue
Sapphire,1.95,Ideal,VS2,56.04,67.64,4.34,7.07,4.23,64.44,2.6,3.15,0.394,0.123,0.534,550,0.69,White
Amethyst,4.79,Good,VVS1,59.67,55.34,7.59,4.59,5.71,63.48,4.32,0.22,0.43,0.257,0.231,550,0.66,FaintYellow
Emerald,2.08,Very Good,IF,57.13,61.42,4.83,3.73,3.2,65.22,4.49,4.22,0.317,0.512,0.475,450,0.45,FaintYellow
Sapphire,2.73,Very Good,VS2,56.88,54.91,6.47,5.53,2.14,60.77,3.75,2.89,0.527,0.185,0.124,600,0.51,White
Ruby,1.91,Ideal,VS2,56.07,66.45,8.5,5.89,2.79,66.24,2.76,2.86,0.508,0.545,0.598,400,0.63,Blue
Ruby,3.06,Ideal,IF,62.65,51.74,4.3,8.33,2.38,67.66,3.58,-4.83,0.104,0.428,0.111,600,0.56,LightYellow
Ruby,4.9,Very Good,IF,61.4,57.45,5,4.04,4.49,64.51,2.73,-4.51,0.449,0.437,0.214,400,0.62,Blue
Amethyst,4.99,Very Good,SI2,56.57,57.6,8.09,8.72,4.25,72.91,1.82,2.65,0.46,0.173,0.355,550,0.59,Violet
Sapphire,3.92,Good,VS1,59.72,62.74,3.05,6.1,3.1,77.18,2.35,-1.97,0.485,0.411,0.253,450,0.38,FaintYellow
Emerald,2.14,Very Good,VS1,61.61,53.56,8.3,8.6,5.79,74.78,3.42,-2.18,0.491,0.526,0.571,500,0.7,FaintYellow
,2.57,Premium,VS1,63.78,59.5,7.73,6.46,3.85,63.97,1.34,-2.04,0.19,0.321,0.39,550,0.52,Blue
Diamond,1.91,Very Good,VS2,55.6,61.04,3.91,3.36,6.36,62.61,1.08,2.52,0.205,0.119,0.288,600,0.53,FaintYellow
Ruby,4.93,Fair,SI2,58.62,67.82,4.71,7.26,3.05,78.49,1.02,1.78,0.372,0.357,0.359,400,0.54,Green
Topaz,3.6,Very Good,VS2,61.16,60.53,3.11,5.99,4.8,69.09,1.45,-4.5,0.259,0.475,0.231,550,0.32,FaintYellow
Emerald,2.35,Ideal,VS2,55.16,52.64,7.07,6.22,5.58,77.28,1.55,2.91,0.397,0.327,0.452,500,0.69,LightYellow
Sapphire,0.26,Ideal,VS1,57.44,52.03,5.78,8.48,2.85,73.03,3.7,-0.62,0.333,0.279,0.557,650,0.56,Red
Diamond,2.7,Fair,VVS1,62.45,68.48,5.96,4.56,5.57,74.6,2.62,2.4,0.238,0.507,0.5,550,0.38,LightYellow
Diamond,4.92,Premium,SI2,58.56,69.59,3.72,3.18,5.98,63.9,1.18,4.47,0.442,0.216,0.158,600,0.61,Red
Emerald,2.71,Very Good,VS2,55.84,,5.47,5,5,75.86,1.75,1.37,0.329,0.128,0.445,450,0.32,FaintYellow
Topaz,1.08,Very Good,VS2,61.27,65.03,9.43,4.09,6.03,68.07,3.05,1.82,0.513,0.568,0.243,600,0.4,White
Topaz,0.31,Fair,VS2,57.5,55.01,3.45,5.41,3.77,67.39,3.48,-1.6,0.122,0.356,0.119,500,0.42,Violet
Ruby,1.9,Good,VS1,62.02,66.66,9.82,4.46,3.81,72.32,4.94,1.22,0.216,0.206,0.295,400,0.31,Violet
Diamond,4.61,Good,VVS2,64,51.93,8.94,3.68,2.08,65.54,3.08,2.17,0.1,0.581,0.327,400,0.67,LightYellow
Sapphire,4.98,Premium,VS1,60.28,58.74,4.42,8.79,5.6,65.39,1.48,-2.39,0.309,0.578,0.111,500,0.52,Blue
Emerald,4.74,Very Good,VVS2,60.99,61.92,7.94,4.47,2.15,61.57,3.59,-1.69,0.203,0.511,0.522,700,0.43,Green
Diamond,3.7,Very Good,VS1,60.14,67.05,3.64,5.55,3.19,67.93,3.43,-4.1,0.21,0.418,0.571,450,0.49,LightYellow
Topaz,2.88,Very Good,SI2,63.17,67.13,4.12,3.01,4.79,72.2,2.37,2.66,0.446,0.437,0.336,650,0.52,Green
Sapphire,3.04,Ideal,VVS1,57.42,53.69,6.42,8.4,4.73,65.28,3.64,1.28,0.495,0.483,,650,0.64,Red
Topaz,2.79,Good,VVS1,59.02,69.34,5.8,6.24,4.16,77.9,4.72,-1.16,0.228,0.107,0.427,400,0.65,Green
Topaz,3.59,Fair,VS2,63.95,62.77,8.71,9.05,4.78,79.51,1.08,0.33,0.407,0.313,0.144,550,0.31,Blue
Amethyst,2.21,Ideal,VS1,62.24,63.18,9.57,3.37,3.45,62.91,1.83,1.77,0.39,0.308,0.529,650,0.49,Blue
Sapphire,3.41,Ideal,VVS2,58.2,67.78,9.6,4.15,2.92,70.5,1.47,-3.17,0.102,0.364,0.548,550,0.63,White
Amethyst,0.78,Good,VVS2,63.33,56.41,4.03,4.8,3.32,66.04,3.82,1.77,0.569,0.25,0.583,700,0.5,Violet
Ruby,1.48,Very Good,VVS1,57.39,58.3,7.8,9.22,3.11,67.87,3.64,1.28,0.27,0.2,0.125,400,0.61,LightYellow
Sapphire,4.21,Premium,VS2,61.34,69.7,7,5.48,3.93,68.87,1.37,1.48,0.255,0.14,0.183,500,0.3,Green
Topaz,4.54,Fair,SI2,64.56,50.33,,4.31,5.41,69.01,1.54,-1.75,0.394,0.197,0.399,650,0.56,Green
Emerald,2.79,Good,VVS2,60.75,67.34,9.96,8.61,3.46,67.55,4.41,-3.49,0.281,0.444,0.223,500,0.35,Blue
Diamond,0.35,Premium,VS1,62.99,66.85,6.19,,3.6,67.14,3.37,-1.09,0.249,0.347,0.298,600,0.66,Violet
Sapphire,4.65,Good,VS2,62.35,55.25,7.66,5.45,5.14,61.54,3.04,-4.06,0.468,0.565,0.317,550,0.68,LightYellow
Diamond,3.57,Good,SI1,63.66,66.43,6.52,7.58,6.11,67.77,3.11,-3.37,0.469,0.204,0.358,400,0.64,FaintYellow
Sapphire,2.19,Good,VS1,64.69,56.6,3.72,5.69,3.17,79.77,1.66,,0.443,0.306,0.469,550,0.55,Green
Sapphire,3.07,Good,VS1,55.22,62.58,3.99,3.12,5.31,69.17,2.59,4.25,0.528,0.237,0.238,450,0.34,LightYellow
Ruby,2.26,Very Good,VVS1,55.28,58.94,8.25,9.92,4.81,67.4,3.33,-2.77,0.348,0.151,0.457,500,0.66,FaintYellow
Amethyst,2.43,Ideal,SI2,60.94,52.03,8.61,4.67,4.35,75.22,2.96,0.37,0.426,0.131,0.471,450,0.58,LightYellow
Diamond,4.46,Good,VS1,64.54,67.91,5.55,4.71,,77.8,2.71,-3.42,0.598,0.468,0.295,650,0.45,Red
Ruby,0.97,Premium,IF,59.86,60.91,3.47,3.94,3.71,73.25,2.14,0.37,0.22,0.592,0.385,650,0.52,White
Topaz,0.7,Premium,VS2,63.4,59.64,9.7,4.11,2.92,67.2,2.48,2.55,0.523,0.345,0.346,500,0.62,Violet
Sapphire,0.21,Premium,IF,62.68,67.59,6.48,6.51,2.63,,3.71,3.13,0.205,0.106,0.571,500,0.43,Red
Emerald,1.71,Ideal,SI2,59.98,56.56,3.94,9.58,3.24,68.37,4.89,2,0.325,0.54,0.384,450,0.66,LightYellow
Topaz,0.91,Ideal,VS1,60.13,61.41,4.39,7.88,4.94,62.07,4.58,-2.98,0.306,,0.14,550,0.62,White
Diamond,1.26,Premium,VS1,59.36,67.65,3.32,7.6,4.42,70.74,4.19,-0.5,0.475,0.166,0.395,550,0.67,Violet
Emerald,0.25,Very Good,VVS1,57.52,56.86,7.97,5.53,3.97,63.71,3.85,3.17,0.444,0.138,0.227,600,0.36,Blue
Ruby,1.29,Ideal,VVS1,63.59,65.87,7.93,8.69,2.65,73.36,2.77,2.35,0.485,,0.256,650,0.42,Blue
Topaz,1.8,Ideal,SI1,57.1,60.29,7.22,,5.5,75.16,2.58,3.03,0.375,0.46,0.313,400,0.61,Green
Emerald,,Very Good,VVS1,64.07,53.16,6.82,6.2,4.17,71.76,,-4.05,0.138,0.213,0.149,450,0.36,Green
Diamond,3.12,Good,SI1,58.6,50.81,5.67,9.96,4.9,65.57,1.74,2.28,0.397,0.245,0.111,550,0.66,Violet
Diamond,,Ideal,SI2,55.26,64.53,9.65,7.26,2.17,,4.72,-0.57,0.228,0.32,0.186,450,0.45,FaintYellow
Sapphire,0.67,Premium,SI2,56.68,55.24,8.6,9.08,,64.04,1.47,-1.43,0.317,0.243,0.28,400,0.48,LightYellow
Diamond,3.06,Premium,VVS1,63.88,,9.35,6.67,4.33,64.37,1.46,-3.38,0.158,0.232,0.408,650,0.67,Green
Diamond,4.99,Very Good,SI1,56.28,53.78,5.18,4.13,3.57,62.74,1.73,,0.203,0.228,0.228,450,0.58,Red
Sapphire,4.73,Premium,VVS2,62.39,61.36,9.85,9.91,5.72,75.19,1.28,1,0.322,0.376,0.519,700,0.52,Violet
Ruby,0.21,Fair,VVS1,56.83,51.87,4.16,7.59,5.65,70.89,1.21,2.02,0.45,0.272,0.383,650,0.34,Violet
Topaz,4.02,,VS1,59.99,64.72,3.39,4.04,2.99,62.19,1.61,0.45,0.277,0.454,0.486,700,0.4,Violet
Amethyst,1.9,Very Good,SI1,57.05,65.31,5.24,8.18,3.67,71.82,2.31,4.65,0.297,0.295,0.386,650,0.49,Violet
Amethyst,0.51,Very Good,VS1,58.33,68.33,4.41,6.07,4.73,77.17,3.27,-3.13,0.422,0.289,0.251,550,0.53,Red
Amethyst,1.62,Very Good,SI1,56.25,61.23,6.62,8.76,6.49,69.04,3.16,0.75,0.202,,0.257,400,0.64,FaintYellow
Ruby,1.74,Fair,VS2,60.56,52.13,5.45,4.94,5.54,76.61,1.3,2.43,0.155,0.266,0.126,700,0.59,FaintYellow
Topaz,2.71,Ideal,SI1,58.66,66.56,4.2,9.6,2.22,78.72,3.8,-2.6,0.542,0.524,0.345,550,0.63,Red
Diamond,3.37,Good,IF,58.65,56.28,8.91,5.08,,65.33,2.17,-4.57,0.258,0.498,0.459,550,0.35,Green
Amethyst,3.8,Premium,SI1,55.39,67.99,6.56,9.98,4.21,71.29,2.65,-2.61,0.282,0.456,0.54,650,0.64,Violet
Topaz,1.38,,SI1,56.36,69.56,3.77,7.9,2.08,77.83,2.47,-4.93,0.501,0.254,0.594,500,0.4,Green
Topaz,1.74,Very Good,VVS2,62.08,52.65,3.53,9.8,4.04,72.19,2.98,-0.42,0.214,0.363,0.127,600,0.61,White
Topaz,1.68,Ideal,VVS2,57.92,51.66,5.68,8.07,3.47,68.71,1.13,-4.56,0.521,0.126,0.47,700,0.52,FaintYellow
Diamond,1.94,Ideal,SI2,59.42,67.95,9.36,8.28,2.47,71.93,1.77,2.51,0.423,0.119,0.387,550,0.6,Red
Diamond,5,Fair,VS2,62.63,67.98,6.56,3.85,4.4,74.94,1.61,4.01,0.489,,0.249,600,0.63,LightYellow
Emerald,,Very Good,VS2,59.45,61.7,3.97,3.11,6.24,65.49,4.21,-1.79,0.357,0.344,0.41,500,,Blue
Topaz,4.88,Very Good,VVS1,57.26,67.76,4.73,3.6,5.94,62.86,3.22,0.88,0.133,0.513,0.124,550,0.7,LightYellow
Emerald,3.53,Premium,VS2,60.5,68.61,3.35,6.06,4.52,63.79,4.04,3.26,0.475,0.42,0.563,700,0.68,FaintYellow
Amethyst,2.15,Premium,VVS2,63.01,61.11,8.82,5.81,2.93,74.55,3.83,,0.255,0.314,0.289,450,0.43,
Ruby,2.07,Premium,,61,63.73,9.62,4.29,2.52,62.22,2.07,2.07,0.42,0.325,0.345,600,0.55,Red
Topaz,2.55,Premium,SI1,59.2,62.27,3.54,3.3,5.08,66.47,3.04,3.95,0.147,0.596,0.201,700,0.65,Green
Amethyst,2.2,Ideal,IF,56.26,53.49,4.21,7.84,3.76,76.67,1.58,1.87,0.442,0.294,0.443,550,0.4,White
Sapphire,4.18,Ideal,VVS2,57.49,58.72,4.2,4.38,4.35,77.7,4.12,1.8,0.177,0.261,0.533,400,0.53,LightYellow
Ruby,2.43,Premium,VVS1,64.46,63.63,8.63,9.85,5.5,79.36,1.82,,0.188,0.297,0.281,450,0.55,LightYellow
Diamond,1.62,Premium,IF,62.72,62.21,8.87,3.72,4.71,72.17,4.94,-3.41,0.276,0.574,0.396,700,0.31,Red
Ruby,3.92,Premium,SI1,55.88,54.3,5.93,5.54,2.35,64.78,4.89,0.86,0.573,0.132,0.5,700,0.6,Violet
Amethyst,4.3,Good,SI1,55.06,68.2,9.79,6.35,6.44,73.3,1.66,-3.1,0.282,0.416,0.477,650,0.69,FaintYellow
Amethyst,2.22,Premium,IF,56.75,65.68,4.82,4.53,2.65,63.78,1.03,-0.33,0.255,0.537,0.495,450,0.38,FaintYellow
Ruby,3.41,Good,VVS1,64.44,51.37,6.68,6.52,6.41,64.81,1.47,3.7,0.239,0.36,0.465,400,0.32,Green
Topaz,0.48,Premium,IF,60.8,56.88,9.97,3.87,4.28,78.57,2.63,4.51,0.447,0.283,0.383,600,0.34,Blue
Sapphire,2.74,Very Good,VS1,63.39,69.91,8.79,3.01,5.77,60.19,4.12,-0.87,0.559,0.275,0.566,450,0.54,Violet
Topaz,0.42,Fair,SI2,59.65,57.8,6.41,7.89,,70.99,,-3.49,0.309,0.133,0.393,450,0.4,Green
Amethyst,0.34,Ideal,VVS2,63.27,63.27,3.76,8.84,5.88,61.17,2.93,4.13,0.388,0.368,0.483,600,0.5,FaintYellow
Emerald,3.14,Very Good,IF,55.34,52.01,9.33,7.02,2.58,64.46,4.49,-0.32,,0.51,0.27,550,0.48,Violet
Emerald,1.66,Fair,IF,59.27,56.22,6.79,4.6,6.01,67.08,4.54,-2.1,0.37,0.476,0.201,500,0.7,White
Ruby,3.76,Good,VVS1,58.78,67.64,5.16,5.76,3.99,62.17,3.41,4.94,0.43,0.277,0.293,400,0.56,Violet
Amethyst,4.5,,IF,64.82,60.21,6.16,7.38,5.88,60.69,2.37,4,0.463,0.541,0.451,700,0.59,FaintYellow
Amethyst,0.87,Good,VVS1,58,66.5,5.18,3.23,3.24,67.11,3.98,-0.68,0.549,0.175,0.436,650,,Blue
Emerald,3.68,Good,VVS2,59.17,50.15,6.86,3.66,5.19,70.24,3.68,-4.49,0.24,0.517,0.187,450,0.69,Green
Emerald,2.67,Ideal,VS1,62.59,63.32,4.91,9.71,5.48,76.14,2.87,0.84,0.124,0.536,0.173,600,0.62,Red
Emerald,0.74,Fair,VS2,63.81,56,6.12,7.75,4.25,66.76,4.08,2.17,0.586,0.498,0.24,550,0.33,FaintYellow
Sapphire,3.33,Ideal,VVS2,63.78,67.22,5.98,7.88,5.89,66.22,4.27,-4.95,0.599,0.573,0.103,550,0.7,LightYellow
Ruby,3.13,Premium,IF,58.95,68.88,7.31,3.72,5.07,60.23,3.6,-1.69,0.547,0.568,0.403,400,0.43,Red
Emerald,2.68,Good,SI2,64.49,63.75,,4.63,3.42,72.34,1.06,-4.06,0.255,0.109,0.559,550,0.38,Violet
Ruby,4.65,Premium,VS1,61.54,52.92,7.19,5.74,6.18,75.31,2.86,3.79,0.341,0.357,0.184,500,0.4,Blue
Sapphire,2.7,Ideal,VS2,63.51,59.36,7.15,4.44,3.53,60.07,2.75,-4.58,0.483,0.171,0.201,650,0.55,White
Sapphire,4.95,,VS2,64.26,59.29,5.75,8.67,5.29,60.11,4.58,4.5,0.191,0.568,0.428,700,0.51,Blue
Diamond,2.64,Fair,SI1,57.34,66.61,4.73,,5.12,77.32,3.04,-4.65,0.555,0.351,0.324,550,0.64,White
Sapphire,0.76,Good,SI1,59.99,59.21,8.87,4.38,2.59,65.55,2.5,-4.66,0.522,0.347,0.467,650,0.34,White
Ruby,2.46,Very Good,IF,60.88,56.65,5.41,8.4,3.93,70.52,2.25,-0.66,0.451,0.419,0.217,550,0.52,LightYellow
Emerald,1.08,Ideal,SI1,63.02,62.23,5.18,6.79,4.58,73.18,3.39,-1.47,0.53,0.185,0.168,400,0.65,White
Ruby,3.07,Very Good,VS2,59.01,62.94,6.24,4.45,2.84,72.89,1.28,-4.51,0.377,0.405,0.576,450,0.62,LightYellow
Sapphire,3.53,Good,VS2,57.1,66.2,4.95,8.9,2.45,71.19,4.5,2.91,0.159,0.286,0.572,400,0.44,Green
Sapphire,2.45,Premium,VVS2,62.43,68.01,8.82,4.47,4.46,64.01,3.48,-4.34,0.22,0.371,0.52,400,0.58,LightYellow
Emerald,0.67,Good,SI1,60.92,67.8,6.95,7.83,2.69,75.15,1.97,-4.39,0.395,0.556,0.487,550,0.45,Violet
Sapphire,2.45,Fair,SI1,63.98,62.53,8.28,5.8,5.55,71.38,2.14,-0.14,0.585,0.592,0.276,400,0.61,FaintYellow
Topaz,0.59,Very Good,VVS2,61.55,,8.22,8.25,5.85,66.44,4.61,-1.51,0.108,0.168,0.156,500,0.35,FaintYellow
Amethyst,3.47,Very Good,VS2,55.17,66.02,8.52,5.96,2.42,73.85,1.13,-3.58,0.429,0.313,0.334,650,0.41,FaintYellow
Sapphire,3.99,Premium,VVS1,64.67,56.14,9.08,5.01,5.16,63.02,2.21,-3.77,0.483,0.199,0.217,500,0.63,FaintYellow
Emerald,4.82,Premium,IF,,65.16,9.44,9.73,5.3,67.34,2.18,4.7,0.529,0.48,0.219,550,0.39,Blue
Topaz,0.91,Ideal,VVS1,60.96,60.12,5.69,8.31,2.3,63.96,3.98,1.43,0.574,0.188,0.457,500,0.37,Blue
Sapphire,2.76,Good,VVS1,64.09,52.47,6.11,8.79,4.68,67.21,1.81,-2.91,0.153,0.255,0.181,650,0.45,Green
Sapphire,2.92,Fair,VS2,61.64,65.06,3.35,5.19,4.8,71.08,1.26,-1.79,0.189,0.406,0.491,500,0.59,Green
Ruby,4.63,Ideal,IF,59.79,62.97,9.48,5.44,4.3,69.17,2.56,1.62,0.161,0.274,0.399,500,0.34,Blue
Emerald,3.21,Good,VVS1,56.07,51.65,7.11,4.21,5.1,71.42,3.88,-4.13,0.534,0.326,0.26,700,0.44,FaintYellow
Ruby,0.9,Premium,SI2,64.62,59.01,7.99,6.13,3.11,66.06,,-1.43,0.166,0.129,0.155,650,0.61,FaintYellow
Amethyst,2.29,Fair,SI2,55.78,59.73,6.05,9.98,3.18,61.8,1.69,-4.72,0.116,0.335,,450,0.69,
Sapphire,3.34,Premium,SI2,56.7,63.07,6.32,7.13,6.16,62.29,3.53,,0.11,0.355,0.511,550,0.37,White
Topaz,,Premium,VVS2,63.2,63.57,6.8,8.07,5.06,67.26,3.83,3.54,0.305,,0.372,500,0.58,Blue
Diamond,4.34,Very Good,VVS2,59.9,,8.57,8.16,3.79,68.39,1.01,,0.406,0.305,0.598,600,0.53,White
Amethyst,1.07,Good,IF,56.78,50.67,7.29,4.42,5.02,74.42,4.75,1.45,0.214,0.237,0.429,400,0.34,Violet
Amethyst,4.77,Ideal,VVS1,57.86,65.88,8.68,3.39,5.37,65.84,2.52,3.09,0.245,0.571,0.395,500,0.57,White
Diamond,0.48,Very Good,,64.94,69.63,,3.85,3.36,74.2,,2.61,0.159,0.291,0.154,500,0.56,Red
Ruby,4.92,,VS1,60.84,68.81,4.44,8.04,4.34,72.17,4.35,-4.79,0.33,0.159,0.284,500,0.32,White
Topaz,4.32,Good,SI1,59.02,60.02,4.45,6.19,2.52,65.69,1.44,-3.29,0.35,0.511,0.46,550,0.65,
Topaz,3.37,Good,VS1,63.76,60.58,3.03,9.33,4.71,79.52,1.93,-4.34,0.434,0.161,0.429,500,0.47,LightYellow
Emerald,3.73,Fair,,59.8,68.61,4.25,5.57,5.1,65.35,4.42,-2.2,0.373,0.34,0.483,400,0.33,White
,0.55,Very Good,SI1,58.08,60.88,3.83,3.72,5.34,70.6,3.25,-4.16,0.234,0.536,0.539,650,0.54,Violet
Ruby,0.4,Ideal,IF,56.64,55.55,6.18,9.78,6.32,76.82,3.46,0.09,0.539,0.497,0.529,600,0.6,FaintYellow
Emerald,0.69,Very Good,VS1,62.44,63.55,3.89,5.8,2.75,64.34,2.22,,0.27,0.441,0.155,500,0.35,White
Diamond,0.62,Premium,VVS1,60.96,59.54,5.91,8.94,2.31,61.36,3.14,-3.29,0.45,0.378,0.248,400,0.46,Green
Sapphire,2.83,Good,VVS1,55.92,65.7,10,3.32,6.24,69.78,4.36,4.84,0.456,0.515,0.565,450,0.4,LightYellow
Sapphire,1.23,Premium,VS2,60.92,65.67,6.52,5.52,4.92,72.36,4.93,4.15,0.155,0.126,0.335,650,0.68,Blue
Topaz,4.33,Very Good,SI1,56.59,68.72,9.47,7.16,4.53,62.51,2.55,-3.01,0.366,0.587,0.39,450,0.55,LightYellow
Diamond,2.34,Ideal,IF,64.82,52.76,7.91,6.67,3.9,62.14,1.64,-2.93,0.308,0.103,0.563,650,0.62,Green
Ruby,3.54,Premium,VVS1,57.6,60.43,9.26,8.09,3.98,61.64,2.45,2.33,0.54,0.36,0.312,400,0.43,White
Ruby,3.33,Premium,VS1,61.96,65.72,7.38,9.18,3.34,73.15,2.39,1.56,0.297,0.21,0.565,600,0.64,Red
Emerald,1.74,Fair,SI1,,58.7,8.67,8.31,4.81,78.68,2.42,-1.97,0.157,,0.277,600,0.43,Red
Ruby,1.37,Very Good,VS1,61.91,62.54,5.12,5.17,,78.49,2.02,3.66,0.539,0.555,0.302,700,0.41,LightYellow
Emerald,1.84,Premium,VVS2,59.3,66.34,5.6,9.79,4.45,76.17,3.18,-3.78,0.546,0.228,0.454,450,0.39,Green
Emerald,4.02,Very Good,VVS1,55.74,59.47,9.72,9.43,2.26,67.48,4.88,2.75,0.463,0.576,0.599,400,0.41,Green
Sapphire,3.01,Ideal,SI2,64.8,58.17,4.87,7.41,5.26,71.43,1.21,4.07,0.39,0.452,0.278,400,0.52,Green
Emerald,1.42,Premium,SI2,56.92,53.61,5.95,6.57,6.33,80,,-3.49,0.508,0.55,0.225,550,0.34,FaintYellow
Ruby,4.13,Ideal,VS2,62.7,66.49,7.56,6.61,2.83,76.67,4.82,0.57,0.178,0.43,0.368,450,0.32,White
Emerald,0.46,Premium,VS2,56.38,65.92,5.75,8.15,3.23,61.73,2.68,-4.43,0.439,0.593,0.296,450,0.42,
,3.56,Good,SI1,57.81,64.86,3.15,6.38,4.42,60.04,3.18,3.1,0.182,0.243,0.503,550,0.4,White
Sapphire,2.31,Fair,IF,60.6,57.87,8.55,9.91,4.2,67.69,1.43,2.28,0.481,0.149,0.431,700,0.6,Violet
Topaz,3.71,Fair,VVS2,59.13,61.66,5.35,7.97,5.67,60.54,3.38,-0.31,0.169,0.458,0.462,600,0.32,Blue
Ruby,4.65,Fair,SI1,64.58,52.48,4.59,4.67,2.57,75.23,2.55,-2.08,0.464,0.379,0.3,500,0.48,Green
Topaz,3.8,Ideal,VS1,63.48,56.39,6.54,7.61,4.49,72.17,3.91,-3.2,0.159,0.513,0.358,650,0.69,LightYellow
Amethyst,2.32,Very Good,VS1,64.22,58.71,3.06,6.39,6.15,73.25,3,2.23,0.495,0.344,0.187,650,0.42,Blue
Emerald,0.92,Fair,IF,61.41,50.87,9.05,4.12,5,78.48,1.43,1.93,0.179,0.558,0.211,500,0.48,White
Topaz,4.07,Premium,VS2,57.19,52.07,,6.63,3.21,79.7,1.63,0.21,0.318,0.353,0.39,650,0.55,Green
Sapphire,2.41,Premium,VS2,60.18,66.59,9.46,9.01,2.28,66.45,4.53,-3.58,0.533,0.52,0.33,650,0.48,LightYellow
Topaz,0.56,Good,VS1,62.66,69.42,7.74,3.17,3.89,62.79,3.39,-4.48,0.47,0.509,0.424,500,0.44,Blue
Topaz,3.65,Ideal,SI2,55.65,56.44,6.84,8.96,4.1,60.53,1.28,-4.67,0.529,0.252,0.542,550,0.62,LightYellow
Ruby,1.6,Premium,IF,63.63,52.13,8.64,7.8,2.6,77.42,2.22,3.83,0.427,0.406,0.473,450,0.42,Green
Topaz,0.43,Premium,SI1,,68.71,9.95,8.08,4.16,65.78,4.03,-3.77,0.291,0.259,0.515,500,0.46,LightYellow
Topaz,4.53,Good,VVS1,62.24,68.29,4.76,9.25,5.05,60.67,,-0.14,0.274,0.38,0.538,450,0.49,FaintYellow
Diamond,2.52,Good,SI1,61.94,63.09,5.49,9.61,4.14,71.94,4.51,3.25,0.172,0.445,0.404,650,0.57,Red
Sapphire,1.55,Very Good,VVS2,63.48,56.77,6.39,5.07,3.02,68.02,2.15,-0.39,0.32,0.49,0.579,600,0.56,Violet
Diamond,3.64,Very Good,VS2,55.88,52.25,6.78,9.43,6.31,77.42,4.49,-4.89,0.55,0.421,0.508,650,0.68,FaintYellow
Emerald,4.45,Very Good,SI1,58.77,68.79,6.87,4.52,2.52,62.04,,3.08,0.484,0.582,0.373,500,0.67,White
Sapphire,0.2,Premium,VS2,60.03,68.41,6.84,4.01,4.74,71.91,4.88,-4.05,0.118,0.278,0.14,550,0.48,White
Emerald,3.5,Good,VS2,60.47,64.86,8.8,6.88,,75.79,4.39,0.09,0.196,0.312,0.457,500,0.37,LightYellow
Ruby,3.88,Ideal,VVS1,64.43,68.68,5.83,9.49,3.21,77.32,4.69,3.19,0.433,0.377,0.448,700,0.39,White
Emerald,1.21,Very Good,SI2,55.42,52.8,3.08,3.38,3.71,61.43,4.34,0.7,0.21,0.405,0.266,700,0.54,White
Topaz,2.55,Fair,VVS1,63.66,52.18,9.13,6.7,3.96,75.65,,-3.01,0.304,0.352,0.274,650,0.31,Violet
Sapphire,0.63,Premium,SI1,60.52,53.84,7.64,7.75,4.91,75.91,4.19,-3.75,0.561,0.245,0.451,700,0.42,Blue
Topaz,3.78,Ideal,VVS2,60.55,54.31,4.33,8.22,4.31,65.24,3.23,4.86,0.564,0.209,0.465,550,0.51,Red
Ruby,4.27,Premium,VS2,58.2,66.54,3.21,6.53,2.86,66.02,2.57,-2.52,0.232,0.435,0.406,550,0.4,Violet
Sapphire,0.72,Very Good,VS1,61.44,68.43,5.21,7.02,6.02,78.41,2.63,-4.86,0.392,0.556,0.216,500,0.33,White
Diamond,4.12,Premium,VS2,61.46,54.31,3.87,6.18,3.64,72.55,2.71,-1.28,0.451,0.535,0.516,650,0.32,FaintYellow
Ruby,3.9,Very Good,VVS2,56.89,59.25,9.28,8.06,3.72,,3.02,2.34,0.209,0.399,0.58,400,0.33,Violet
Emerald,1.87,Premium,SI1,61.77,59.09,,5.65,5.6,76.36,3.71,-0.85,0.144,0.215,0.26,450,0.42,Violet
Topaz,3.51,Very Good,VVS2,57.67,53.56,7.94,4.96,4.41,79.42,2.46,-3.42,0.264,0.572,0.567,500,0.37,Green
Amethyst,0.2,Good,VS1,61.89,67.07,7.61,4.84,3.04,68.21,3.73,-3.06,0.579,0.314,0.247,550,0.41,FaintYellow
Ruby,4.67,Good,VVS1,61.12,,8,7.57,6.12,75.04,2.35,2.18,0.52,0.144,0.191,500,0.51,FaintYellow
Ruby,2.84,Good,VS1,62.16,61.32,6.71,9.47,5.62,74.47,3.29,4.34,0.157,0.435,0.311,550,0.61,Blue
Emerald,3.18,Good,VVS2,55.2,55.17,8.11,4.92,4.7,68.04,3.64,-2.32,0.538,0.562,0.317,700,0.62,White
Sapphire,3.39,Good,VS1,56.25,61.18,6.59,4.75,4.3,69.07,2.57,4.29,0.431,0.18,0.53,700,0.39,White
Ruby,2.89,Fair,VS2,,65.85,5.64,8.01,5.04,72.42,3.18,-3.72,0.347,0.378,0.401,550,0.59,White
Sapphire,4.31,Premium,VVS2,58.81,56.1,9.01,3.06,3.62,63.48,1.07,-4.07,0.367,0.447,0.123,500,0.63,Violet
Amethyst,3.13,Good,SI2,63.37,52.27,6.21,8.84,5.12,70.13,2.9,-3.3,0.47,0.161,0.275,600,0.34,FaintYellow
Topaz,4.56,Fair,SI1,55.63,61.68,6.98,5.65,2.17,66.72,4.29,-1.08,0.351,0.29,0.116,550,0.53,
Ruby,3,Fair,VVS1,62.69,62.72,6.26,9.31,3.8,61.68,2.2,0.35,0.362,0.422,,400,0.46,White
Diamond,1.02,Premium,VVS1,55.84,54.04,8.43,7.96,4.78,64.01,2.06,-2.7,0.265,0.565,0.432,650,0.43,Red
Ruby,4.59,Premium,VS1,59.68,54.97,6.78,8.55,4.8,70.03,4.09,-4.18,0.478,0.238,0.2,450,0.34,FaintYellow
Topaz,3.47,Very Good,VS1,64.38,53.06,6.3,4.2,2.32,78.15,2.28,2.36,0.265,0.123,0.372,450,0.52,FaintYellow
Ruby,3.56,Very Good,SI2,55.78,68.43,4.8,5.55,5.24,77.21,2.56,-2.07,0.54,0.444,0.29,500,0.47,Violet
Topaz,4.93,Good,SI2,58.51,54.26,9.38,4.96,2.38,78.35,4.29,0.46,0.482,0.306,0.144,550,0.38,Blue
Sapphire,0.56,Ideal,VS1,60.18,50.21,9.04,8.01,5.33,64.89,1.26,2.65,0.341,0.557,0.556,400,0.53,FaintYellow
Diamond,2.26,Very Good,SI1,63.99,66.8,6.02,3.16,6.1,76.54,4.74,-3.95,0.387,0.214,0.282,500,0.47,Red
Amethyst,1.35,Ideal,VS2,58.33,66.06,7.62,7.33,6.39,66.87,1.79,0.13,0.572,0.137,0.56,700,0.65,Red
Emerald,3.23,Very Good,VVS1,63.07,59.13,6.56,9.08,4.72,79.25,1.86,3.35,0.349,0.443,0.31,600,0.62,Violet
Sapphire,4.07,Fair,VVS2,62.18,65.94,4.23,3.31,5.21,65.21,4.09,-1.4,0.487,,0.567,550,0.58,White
Amethyst,4.84,Fair,VVS2,58.07,58.99,5.63,5.03,3.05,66.64,1.49,0.31,0.193,0.38,0.374,550,0.33,Blue
Topaz,2.38,Fair,VVS1,58.41,54.49,8.97,4.46,3.69,60.18,1.56,4.4,0.248,0.335,0.358,500,0.37,Green
Sapphire,3.97,Ideal,SI1,56.91,58.52,8.58,9.99,2.05,78.45,1.37,2.44,0.165,0.219,0.295,600,0.6,Green
Amethyst,4.6,Good,SI2,61.93,59.74,3.72,9.9,5.59,72.28,3.42,-1.09,0.292,0.151,0.53,400,0.6,FaintYellow
Diamond,3.48,Very Good,SI2,60.63,50.18,3.53,3.87,5.1,66.24,4.37,-3.55,0.565,0.519,0.416,500,0.45,White
Topaz,1.37,Very Good,VS1,56.55,52.27,8.97,4.36,3.16,62.88,1.72,-2.28,0.129,0.264,0.124,600,0.55,Red
Sapphire,3.12,Ideal,IF,61.2,67.5,9.3,3.16,4.21,72.91,2.58,0.53,0.469,0.166,0.511,550,0.51,Violet
Sapphire,4.86,Fair,VS1,59.99,57.85,5.06,6.96,5.28,61.92,3.72,-3.34,0.523,0.303,0.316,550,0.57,Blue
Ruby,4.94,Good,SI1,55.93,56.63,5.45,7.8,5,62.9,2.22,-1.44,0.362,0.493,0.454,550,0.59,White
Topaz,3.28,Very Good,VVS1,64.54,67.77,5.35,7.58,3.44,70.12,1.78,1.53,0.459,0.331,0.319,600,0.59,Green
Topaz,4.46,Good,VS2,63.35,53.09,,4.82,3.66,62.64,4.62,4.32,0.558,0.274,0.408,700,0.63,FaintYellow
Emerald,1.16,Good,VS1,55.71,54.34,8.22,4.42,2.69,61.82,3.81,-2.75,0.415,0.237,0.573,550,0.36,Blue
Diamond,1.38,Premium,SI2,64.31,66.56,5.59,3.39,2.62,73.88,4.7,-2.46,,0.345,0.37,650,0.7,White
Topaz,4.77,Good,VVS2,64.17,55.59,8.85,7.43,3.82,69.22,4.12,1.85,0.229,0.393,0.137,700,0.55,Violet
Sapphire,0.85,Premium,VS2,55.42,62.66,9.15,4.72,4.16,60.99,2.39,-3.8,0.109,0.14,0.479,600,0.46,Green
Ruby,1.12,Ideal,VVS1,57.01,64.79,9.39,3.62,6.28,60.96,1.1,-3.35,0.187,0.353,0.272,550,0.56,
Topaz,2.22,Fair,SI2,62.02,54.45,8.73,5.48,4.27,79.21,2.87,-3.25,0.569,0.145,0.439,450,0.47,White
Diamond,3.03,Premium,IF,64.35,55.07,8.52,4.04,2.85,61.08,2.47,1.51,0.342,0.273,0.177,550,0.41,White
Topaz,3.1,Good,VS1,63.23,60.33,6.15,6.54,2.76,68.89,3.02,-0.33,0.333,0.348,0.383,650,0.62,FaintYellow
Emerald,1.6,Fair,VS2,57.82,65.84,3.19,4.04,3.55,67.79,1.05,-3.78,0.524,0.328,0.275,500,0.34,Green
Topaz,4.62,Good,VS2,55.33,61.09,3.78,9.92,6.13,70.06,3.13,-2.27,0.507,0.131,0.259,700,0.37,LightYellow
Diamond,4.59,Good,VVS2,59.73,51.35,6.72,5.35,5.57,77.61,2.65,-0.39,0.327,0.253,0.269,600,0.42,Red
Diamond,2.08,Premium,SI2,55.92,57.02,5.52,6.32,4.22,73.52,3.72,-1.91,0.471,0.282,0.478,650,0.31,LightYellow
Amethyst,2.28,Ideal,VS1,57.45,56.61,8.8,7.18,6.3,75.57,2.08,-0.84,0.355,0.337,0.472,550,0.57,
Topaz,3.57,Good,IF,61.4,66.15,6.94,8.95,2.97,68.57,4.28,4.17,0.265,0.481,0.259,450,0.53,Blue
Emerald,3.38,Premium,VS2,59.95,55.79,3.69,9.64,3.96,71.3,4.72,4.65,0.313,0.122,0.192,600,0.64,FaintYellow
Sapphire,2.04,Good,VVS2,58.77,68.02,6.35,5.57,2,61.36,1.66,4.92,0.446,0.369,0.188,450,0.52,Violet
Sapphire,2.19,Fair,SI2,64.3,56.7,8.75,5.96,5.9,61.44,3.59,-4.74,0.231,0.469,0.332,600,0.33,Red
Sapphire,1.87,Ideal,VS1,56.93,53.88,,4.06,2.71,77.39,,2.15,0.181,0.267,0.41,450,0.34,Red
Topaz,1.33,Good,VS1,59.87,60.8,4.16,4.33,6.31,70.14,2.36,4.35,0.222,0.282,0.282,450,0.64,White
Diamond,2.4,Ideal,SI2,60.73,57.73,3.7,8.06,4.28,62.18,1.45,4.04,0.545,0.372,0.124,450,0.54,Blue
Topaz,3.49,Ideal,SI2,58.22,62.95,5.71,6.05,6.47,61.5,3.67,-4.75,0.406,0.591,0.329,600,0.52,FaintYellow
Emerald,3.76,Fair,SI2,62.05,68.31,,8.9,4.44,78.39,2.82,3.07,,0.128,0.43,650,0.64,Green
Ruby,3.94,Fair,IF,63.67,68.82,8.08,6.7,4.05,63.41,1.76,-0.41,0.405,0.35,0.388,700,0.52,White
Diamond,2,Very Good,VVS2,60.41,54.55,6.13,4.98,4.12,68.63,1.23,3.5,0.523,0.286,0.256,550,0.42,Green
Topaz,3.87,Ideal,SI2,62.81,53.25,4.39,7.76,5.76,75.65,4.78,2.16,0.301,0.452,0.353,650,0.69,Green
Amethyst,0.23,Good,IF,55.61,68.8,3.72,6.31,3.63,77.34,2.64,-0.6,0.193,0.128,0.163,600,0.64,FaintYellow
Ruby,2.49,Fair,VS2,56.54,66.25,9.49,9.23,5.84,77.29,3.99,-2.05,0.226,0.277,0.294,500,0.43,Blue
Diamond,4.01,Good,SI1,59.62,55.23,3.3,5.6,5.99,77.67,1.55,-4.99,0.471,0.101,0.192,450,0.58,Green
Amethyst,3.22,Ideal,SI2,64.21,66.1,3.69,4.78,3.3,63.01,3.5,0.4,0.217,0.357,0.516,450,0.32,FaintYellow
Emerald,2.48,Fair,VVS1,60.32,64.82,4.64,6.08,6.17,68.57,1.1,-1.01,0.252,0.142,0.297,650,0.5,Violet
Sapphire,3.29,Very Good,VVS1,59.32,55.07,3.66,8.94,2.86,73.2,2.69,-1.61,0.559,0.52,0.339,600,0.58,LightYellow
Ruby,4.55,Ideal,IF,,68.12,7.51,8.77,5.72,78.02,1.98,-0.32,0.405,0.532,0.221,,0.46,Blue
Topaz,2.92,Good,IF,56.24,56.44,4.53,9.25,2.76,68.57,2.34,-0.24,0.155,0.475,0.456,550,0.59,Blue
Amethyst,4.04,Very Good,SI1,61.54,59.6,6.36,8.95,5.23,72.42,3.5,0.76,0.496,0.144,0.434,650,0.43,Green
Amethyst,4.91,Ideal,SI1,55.94,62.19,9.02,5.31,6.39,79.2,2.42,1.58,0.213,0.233,0.197,700,0.49,Violet
Amethyst,3.59,Fair,SI1,60.77,53.83,8.77,,2.34,79.28,1.99,-3.36,0.339,0.104,0.152,650,0.51,Red
Topaz,2.95,Ideal,SI1,62.14,62.23,4.02,8.56,2.88,73.33,3.86,-2.78,0.106,0.474,0.161,500,0.51,FaintYellow
Amethyst,0.38,Premium,SI2,59.12,64.13,3.62,8.87,3.59,70.06,3.17,-0.43,0.579,0.53,0.339,550,0.7,White
Amethyst,2,Good,VVS1,64.11,52.03,7.65,5.81,3.62,71.45,3.51,-2.34,0.515,0.378,0.588,650,0.67,Blue
Amethyst,2.91,Fair,VS2,56.52,57.59,4.47,6.6,2.82,78.02,2.53,2.95,0.592,0.549,0.523,600,0.58,LightYellow
Topaz,4.03,Fair,SI1,56.71,62.24,8.47,5.03,4.24,73.86,2.02,-0.19,0.419,0.125,0.335,700,0.46,Red
Diamond,2.3,Premium,SI1,60.17,68.52,6.04,7.88,5.56,64.82,2,0.35,0.483,0.373,0.437,400,0.57,Red
Emerald,4.81,Very Good,IF,64.32,67.82,4.08,7.7,5.61,63.9,4.97,0.61,0.16,0.485,,700,0.44,Red
Diamond,1.5,Fair,SI1,58.91,53.39,9.82,7.13,4.1,63.34,3.66,2.26,0.279,0.519,0.593,600,0.62,LightYellow
Ruby,3.77,Very Good,VS2,64.26,62.21,3.39,7.39,3.41,71.93,1.4,2.06,0.27,0.141,0.292,400,0.35,LightYellow
Ruby,2.21,Very Good,SI2,61.93,51.96,3.87,9.29,3.09,72.71,3.57,1.87,0.153,0.289,0.586,450,0.32,Green
Topaz,2.53,Very Good,,62.83,55.88,8.68,8.74,5.22,61.59,1.41,-4.18,0.27,0.132,0.501,600,0.43,FaintYellow
Sapphire,4.05,Ideal,VS2,64.38,61.95,6.17,3.87,2.38,74.94,2.2,2.52,0.423,0.404,0.299,400,0.45,Blue
Topaz,1.62,Premium,SI2,60.72,51.63,9.57,7.5,4.45,71.03,4.38,2.91,0.199,0.264,0.52,450,0.68,LightYellow
Sapphire,0.66,Good,VVS2,61.42,67.78,3.79,4.13,4.44,65.98,4.66,1.42,0.241,0.567,0.404,400,0.67,Green
Sapphire,2.7,Premium,SI2,60.79,66.58,4.1,4.04,2.51,79.13,4.44,3.52,0.263,0.25,0.44,550,0.5,Violet
Amethyst,2.74,Fair,VS2,62.85,59.47,3.01,6.14,4.12,69.89,3.22,-1.95,0.572,0.359,0.177,450,0.49,Violet
Ruby,4.03,Premium,SI1,57.73,59.84,4.52,6.4,3.12,69.55,2.81,-4.22,,0.178,0.504,450,0.58,White
Amethyst,4.85,Good,SI2,62.88,67.63,7.6,3.73,2.75,68.84,1.98,-1.94,0.166,0.281,0.269,700,0.66,Green
Amethyst,0.47,Ideal,VS1,62.14,51.01,8.06,6.58,2.37,71.19,4.19,2.2,0.557,0.571,0.196,600,0.67,Red
Ruby,3.04,Fair,SI1,61.02,52.88,6.01,4.24,2.87,60.96,3.49,2.73,0.493,0.503,0.508,650,0.41,Blue
Ruby,3.47,,VVS1,55.39,56.16,4.8,6.85,4.9,60.94,3.12,1.19,0.308,0.163,0.524,500,0.65,Green
Sapphire,4.93,Fair,SI2,62.75,57.29,8.01,8.82,5.28,69.24,2.04,-3.31,0.224,0.48,0.531,,0.53,Red
Topaz,4.72,Good,SI2,56.32,69.75,4.21,3.6,3.03,75.31,2.24,2.34,0.265,0.278,0.541,650,0.56,LightYellow
Amethyst,3.62,Ideal,VVS1,64.62,52.95,8.37,5.79,4.58,70.39,1.98,-4.89,,0.246,0.511,400,0.46,Red
Ruby,2.7,Good,SI2,55.81,56.06,8.51,4.64,3.67,78.44,3.55,-4.42,0.435,0.535,0.237,500,0.5,LightYellow
Amethyst,0.98,,IF,62.2,66.56,6.09,7.02,4.44,72.74,3.45,-4.07,0.539,0.291,0.399,550,0.5,White
Amethyst,2.04,Premium,IF,58.6,65.69,4.36,9.25,3.11,60.17,1.69,-2.53,0.139,0.57,0.32,600,0.59,FaintYellow
Topaz,3.01,Fair,VVS2,62.36,63.1,7.41,4.38,2.21,68.95,2.33,-0.55,,0.124,0.307,600,0.42,White
Emerald,3.68,Very Good,SI1,60.19,56.57,8.97,7.73,3.47,,1.07,0.4,0.392,0.275,0.421,650,0.45,Violet
Amethyst,3.25,Very Good,VVS2,61.3,52.36,6.71,3.65,2.72,60.33,1.71,0.15,0.427,0.47,0.472,450,0.6,White
Diamond,3.63,Ideal,VS1,55.75,69.67,6.23,6.82,5.3,62.13,3.11,2.27,0.283,0.168,0.435,700,0.65,Violet
Sapphire,2.26,Good,IF,64.66,,9.85,7.73,5.29,79.97,2.51,-3.7,0.258,0.138,0.282,550,0.34,Violet
Ruby,3.69,Premium,VVS1,55.04,66.89,6.76,7.7,2.33,73.51,3.35,1.03,0.333,0.367,0.561,700,0.45,FaintYellow
Emerald,0.89,Fair,VS1,64.41,67.9,3.24,8.17,3.79,73.51,2.68,-0.28,0.277,0.414,0.219,650,0.33,White
Sapphire,0.98,Ideal,SI2,60.68,58.82,6.51,5.92,2.42,71.39,1.37,1.78,0.42,0.112,0.126,600,0.37,Green
Sapphire,0.98,Good,IF,57.58,67.02,6.12,8.32,5.22,77.92,3.67,4.75,0.172,0.353,0.136,600,0.43,FaintYellow
Emerald,4.48,Very Good,VS1,61.38,55.58,5.04,6.31,2.08,65.77,4.78,-1.29,0.21,0.446,0.12,600,0.42,FaintYellow
Diamond,0.56,Very Good,SI1,61.73,67.8,5.22,5.26,3.97,77.06,2.09,-2.54,0.134,0.41,0.576,450,0.4,Green
Diamond,4.05,Fair,VS2,62.3,62.72,9.52,5.25,2.69,61.93,1.83,3.58,0.222,0.158,0.236,400,0.65,FaintYellow
Amethyst,1.32,Fair,SI2,55.16,53.89,3.94,4.23,4.99,79.5,4.35,-2.08,0.455,0.535,0.413,,0.45,White
Sapphire,2.45,Fair,SI2,64.83,65.73,8.35,8.04,2.96,76.35,2.08,3.61,0.126,0.147,0.466,450,0.59,LightYellow
Sapphire,4.6,Ideal,VS2,61.18,68.27,9.32,4.1,3.83,60.05,2.51,-4.43,0.391,0.308,0.564,500,0.66,Green
Amethyst,3.01,Fair,VS1,58.78,61.41,4.82,7.45,2.02,61.19,1.89,-4.37,0.307,0.225,0.425,500,0.4,White
Sapphire,1.21,Ideal,IF,60.71,65.21,3.47,7.66,6.45,61.7,3.51,1.27,,0.411,0.187,400,0.31,Red
Emerald,1.56,Premium,VS2,56.78,65.9,5.15,5.01,5.39,73.68,2.8,-2.17,0.517,0.282,0.27,700,0.42,Violet
Amethyst,4.62,Good,VS2,57.47,65.75,6.03,6.42,2.74,73.69,2.48,-1.08,0.572,0.359,0.119,550,0.44,Green
Emerald,2.25,Very Good,VS1,55.86,59.09,9.66,7.7,4,61.62,2.04,-4.82,0.319,0.465,0.217,650,0.34,Green
Ruby,3.02,Ideal,VS2,63.79,64.8,6.01,3,4.24,68.97,4.82,0.2,0.571,0.326,0.211,450,0.36,Blue
Ruby,2.41,Good,SI1,57.52,60.97,3.64,4.92,3.02,64.75,1.34,-4.86,0.159,0.445,0.237,700,0.34,FaintYellow
Ruby,2.02,Fair,SI2,62.4,58.29,4.03,5.66,2.38,67.98,2.1,3.56,0.149,0.531,0.546,550,0.32,White
Diamond,1.27,Very Good,VVS1,57.74,53.32,5.47,9.52,4.56,64.79,2.38,1.75,0.239,0.198,0.396,,0.62,FaintYellow
Ruby,3.49,Ideal,VS2,56.46,68.18,4.29,6.25,5.76,68.32,4.27,,0.517,0.331,0.447,700,0.51,White
Ruby,3.65,Fair,SI1,56.08,58.3,3.42,6.55,4.57,72.85,4.81,1.41,0.135,0.419,0.419,550,0.53,Violet
Diamond,1.52,Good,SI2,63.6,54.79,4.23,7.65,4.84,63.08,1.03,-0.29,0.256,0.403,0.128,500,0.59,Green
Ruby,3.99,Premium,VS1,56.2,54.85,3.74,6.16,4.66,64.37,4.84,-3.38,0.56,0.305,0.358,700,0.63,Red
Amethyst,4.3,Good,VS2,55.87,54.84,4.42,6.03,4.05,67.15,4.85,0.36,0.38,0.23,0.423,650,0.55,White
Sapphire,4.62,Ideal,VS2,55.09,50.05,9.98,9.82,2.66,79.6,4.65,4.18,0.119,0.108,0.529,650,0.57,Red
Ruby,0.97,Premium,VVS2,58.66,58.76,6.12,8.69,2.91,72.72,4.68,1.35,0.242,0.576,0.554,500,0.49,FaintYellow
Emerald,1.66,Premium,VS1,64.43,67.81,7.61,7.91,3.47,78.31,4.21,3.2,0.424,0.138,0.21,400,0.67,FaintYellow
Emerald,4.33,Fair,VS1,64.09,50.5,4.16,6.36,3.32,77.12,2.2,-2.49,0.11,0.326,0.194,450,0.46,Red
Amethyst,1.15,Good,SI1,56.15,69.13,8.95,5.42,4.35,71.18,4.21,-0.86,0.344,0.312,0.337,450,0.47,Green
Ruby,0.22,Ideal,VVS2,55.12,53.58,4.87,7.14,3.89,65.52,2.96,-2.23,0.597,0.562,0.307,700,0.53,FaintYellow
Emerald,4.38,Premium,VVS2,62.51,64.38,9.88,6.12,4.87,65.15,3.16,2.53,0.267,0.207,0.48,650,0.42,White
Ruby,1.77,Fair,SI1,58.06,65.71,8.86,6.27,5.78,71.38,1.09,1.38,0.215,0.488,0.283,500,0.34,Blue
Sapphire,2.19,Premium,VVS1,63.35,64.7,9.66,4.55,,71.14,2.9,0.72,0.141,0.157,0.589,700,0.63,LightYellow
Diamond,2.34,Good,VS2,57.15,56.78,7.68,8.54,4.08,71.19,2.08,-4.93,0.113,0.13,0.42,600,0.3,Green
Diamond,4.27,Very Good,IF,59.92,64.08,7.61,8.54,2.97,67.34,2.35,3.58,0.505,0.579,0.213,600,0.68,Blue
Diamond,1.82,Ideal,IF,55.33,59.46,8.89,5.11,6.1,,2.9,4.13,0.238,0.137,0.288,450,0.67,Green
Ruby,4.48,Very Good,VVS2,63.95,53.04,8.01,5.02,4.45,68.16,3.75,2.02,0.115,0.184,0.432,400,0.68,Blue
Emerald,3.16,Good,VS1,56.78,54.02,7.24,4.95,5.98,67.03,1.3,3.84,0.387,0.477,0.405,650,0.49,LightYellow
Amethyst,2.73,Very Good,VS1,57.95,50.52,5.51,4.14,5.02,70.11,3.42,3.39,0.207,0.496,0.466,400,0.59,Green
Diamond,1.76,Good,SI1,59.8,56.64,4.56,9.01,2.61,77.9,2.2,3.19,0.151,0.14,0.311,450,0.43,Red
Emerald,1.37,Good,VVS1,57.71,64.56,8.48,4.86,5.81,,,2.37,0.301,0.196,0.478,500,0.56,Red
Diamond,3.2,Fair,IF,55.4,69.38,5.7,7.89,3.43,76.28,4.58,-4.36,0.152,0.183,0.305,400,0.37,Violet
Sapphire,2.35,Very Good,SI2,55.29,52.67,3.43,3.7,5.35,70.69,1.4,-3.71,0.149,0.45,0.174,450,0.47,FaintYellow
Topaz,4.57,Premium,,64.55,57.07,6.36,8.15,4.29,70.88,4.5,3.43,0.329,0.518,0.157,400,0.45,Blue
Amethyst,2.56,Good,SI1,58.25,53.63,7.6,4.03,5.29,77.2,3.16,-1.02,0.163,0.213,0.581,650,0.49,Blue
Emerald,2.66,Very Good,SI1,58.34,65.22,3.16,4.11,4.37,62.92,1.66,2.55,0.367,0.561,0.125,450,0.7,White
Emerald,2.2,Premium,VS1,64.23,68.39,7.94,8.82,6.18,79.23,1.04,-3.01,0.451,0.137,0.439,400,0.49,FaintYellow
Diamond,3.99,Ideal,VVS1,63.36,52.28,4.57,5.04,4.3,70.41,3.42,1.5,0.22,0.472,0.581,700,0.36,Violet
Topaz,2.24,Premium,VVS1,61.87,68.07,4.56,4.21,2.27,66.52,3.13,-2.58,0.476,0.135,0.313,450,0.63,Violet
Ruby,1.49,Very Good,VVS2,61.59,55.43,6.94,6.76,4.04,66.29,3.86,-0.65,0.21,0.533,0.462,550,0.47,Green
Ruby,4.34,Very Good,IF,63.01,54.46,5.36,3.52,6.35,60.84,3.03,-2.13,0.532,0.578,0.333,450,,FaintYellow
Ruby,3.06,Premium,VVS1,56.69,51.13,6.15,7.97,5.55,65.77,1.09,-0.52,0.135,0.139,0.567,500,0.57,Violet
Topaz,3.04,Premium,VVS1,61.64,51.61,6.59,,4.84,68.56,2.73,4.82,0.542,0.302,0.31,550,0.57,Blue
Amethyst,3.13,Good,VVS1,55.98,51.38,9.45,4.74,2.68,74.01,4.36,1.67,0.246,0.528,0.179,450,0.58,Blue
Ruby,3.65,Very Good,SI2,56.27,58.93,4.43,7.89,2.82,65.58,2.53,3.63,0.419,0.579,0.279,450,0.37,Blue
Topaz,1.7,Good,IF,57.43,63.17,6.25,3.38,5.25,73.15,2.05,-0.19,0.219,0.334,0.561,550,0.56,Red
Ruby,0.36,Good,VVS2,62.1,53.69,8.5,6.35,5.29,72.01,2.16,-4.84,,0.353,0.395,,0.6,Red
Emerald,4.09,Ideal,VS2,63.93,54.35,4.44,9.66,3.68,,1.42,2.15,0.295,0.175,0.237,550,0.37,LightYellow
Sapphire,0.82,Very Good,VS1,61.91,53.46,3.58,6.77,6.48,60.19,2.53,4.67,0.32,0.194,0.331,400,0.41,Red
Diamond,3.66,Good,SI2,59.17,66.13,3.12,5.88,5.11,71.77,4.11,-2.14,0.14,0.498,0.378,400,0.66,FaintYellow
Topaz,0.6,Ideal,SI1,60.14,52.74,3.73,3.04,6.03,62.2,1.24,1.59,0.12,0.328,0.118,550,0.4,FaintYellow
Emerald,2,Good,SI1,62.12,51.47,4.92,4.79,2.21,60.26,4.67,-0.65,0.517,0.48,0.473,500,0.33,White
Sapphire,0.5,Good,IF,61.13,50.73,5.86,6,4.81,61.99,2.8,0.41,0.372,0.355,0.156,400,0.34,FaintYellow
Emerald,2.71,Very Good,SI2,60.29,50.8,7.16,5.64,5.37,63.85,3.63,-4.31,0.172,0.571,0.571,450,0.5,Green
Diamond,3.34,Premium,IF,57.37,60.93,4.4,6.07,5.59,69.71,2.49,2.54,0.255,0.185,0.374,600,0.67,LightYellow
Emerald,1.02,Premium,SI2,61.17,51.88,4.89,3.17,5.03,75.07,2.07,3.57,0.142,0.135,0.123,400,0.42,White
Topaz,1.98,Very Good,SI1,55.19,54.45,7.89,6.72,4.73,78.88,,-4.3,0.181,,0.395,600,0.69,White
Diamond,4.67,Premium,IF,60.6,66.65,9.36,4.76,5.36,65.7,2.89,0.48,0.297,0.501,0.257,550,0.67,FaintYellow
Diamond,2.32,Fair,VS2,63.21,69.36,3.95,5.8,2.17,71.19,2.68,2.63,0.384,0.312,0.564,650,0.56,White
Topaz,4.05,Premium,VS1,56.8,67.22,6.31,9.2,5.38,79.91,3.29,4.83,0.426,0.461,0.304,400,0.51,Green
Topaz,4.65,Good,VS1,56.14,69.19,5.07,8.8,3.48,71.75,2.61,-1.74,0.407,0.434,0.287,650,0.39,Blue
Amethyst,4.88,Good,VVS1,64.7,63.41,6.7,5.79,5.42,71.79,2.79,-1.6,0.183,0.553,0.552,500,0.54,LightYellow
Topaz,4.51,Ideal,SI1,63.43,69.74,3.83,3.38,5.5,63.26,4.15,3.77,0.281,0.395,0.334,650,0.45,Blue
Amethyst,1.72,Very Good,SI1,58.02,59.93,4.9,9.22,3.24,66.27,1.51,2.02,0.423,0.356,0.486,600,0.53,LightYellow
Sapphire,4.82,Ideal,SI1,57.09,65.89,7.96,5.79,5.22,63.81,2.63,4.56,0.324,0.154,0.383,600,0.57,Violet
Ruby,4.1,Good,VVS1,58.34,69.43,8.74,6.36,3.48,78.52,1.56,-0.18,0.416,0.128,0.39,600,0.3,Violet
Diamond,4.22,Good,SI1,59.31,64.19,7.35,3.6,5.26,69.28,4.75,1.21,0.442,,0.108,600,0.32,FaintYellow
Sapphire,0.27,Ideal,VVS2,63.21,69.13,9.61,7.85,2.85,67.16,4.32,-4.23,0.26,0.52,0.226,600,0.44,LightYellow
Diamond,4.78,Fair,SI2,57.39,55.07,7.57,7.98,2.35,74.67,4.39,4.69,0.232,0.283,0.327,450,0.52,Green
Diamond,3.93,Premium,IF,62.21,56.01,8.23,5.86,4.65,66.94,1.55,-1.35,0.33,0.156,0.231,600,0.44,Red
Topaz,3.89,Fair,VVS2,64.29,57.94,5.5,9.22,2.87,77.36,4.5,0.64,0.324,0.399,0.358,600,0.32,Blue
Ruby,0.59,Fair,IF,58.8,59.29,4.19,3.34,6.03,73.51,1.57,0.81,0.556,0.299,0.559,550,0.64,Red
Topaz,1.32,Fair,SI2,55.26,67.95,7.61,5.15,2.71,60.88,2.86,-0.47,0.559,0.204,0.441,700,0.34,Red
Emerald,4.82,Fair,VS1,63.28,67.76,9.43,4.45,4.73,71.2,1.4,2.91,0.23,0.429,0.578,450,0.52,Green
Diamond,2.6,Premium,SI2,62.08,63.16,9.87,7.89,5.14,76.45,4.72,0.81,0.129,0.308,0.387,450,0.63,Blue
Topaz,2.11,Very Good,SI1,56.49,54.65,6.15,4.43,2.01,78.82,4.94,-2.71,0.438,0.296,0.328,450,0.38,FaintYellow
Sapphire,4.23,Ideal,SI2,60.97,54.81,6.78,7.92,5.91,66.05,2.69,-1.55,0.114,0.527,0.461,500,0.53,White
Amethyst,0.62,Fair,VVS2,63.25,62.63,5.18,8.58,5.27,,4.8,4.54,0.337,0.549,0.564,700,0.58,White
Emerald,2.2,Fair,VS1,56.81,60.07,7.71,8.48,5.46,70.91,1.37,3.39,0.41,0.454,0.156,600,0.46,FaintYellow
Emerald,2,Ideal,SI2,57.23,55.17,8.36,3.2,2.25,60.33,4.64,4.67,0.19,0.565,0.555,550,0.46,Green
Amethyst,1.88,Ideal,VVS1,57.02,53.36,3.29,9.51,3.58,65.9,,-2.51,0.247,0.517,0.251,700,0.31,Blue
Emerald,1.68,Very Good,SI1,64.98,64.45,8.93,8,4.89,75.33,3.67,-0.58,0.593,0.159,0.581,450,0.63,White
Amethyst,1.21,Good,SI2,57.3,66.26,6.6,8.69,3.03,,2.43,-4.28,0.203,0.443,0.529,550,0.35,Blue
Amethyst,1.03,Very Good,VS1,57.67,55.23,7.06,7.52,5.74,67.86,3.4,-0.38,0.111,0.128,0.398,550,0.35,Violet
Topaz,3.27,Good,VS2,55.48,58.5,4.44,6.7,3.84,78.32,1.92,-2.65,0.186,0.18,0.113,500,0.35,FaintYellow
Emerald,4.61,Premium,VVS2,64.83,64.27,3.07,7.51,5.6,65.66,3.5,-0.84,0.178,0.599,0.275,400,0.59,Violet
Topaz,,Very Good,SI1,57.47,59.38,9.67,5.52,5.94,60.77,3.04,-1.94,0.288,0.519,0.282,500,0.36,
Diamond,1.63,Premium,SI1,62.25,69.23,9.5,6.2,4.14,63.31,2.45,,0.504,0.227,0.214,650,0.46,Blue
Topaz,0.96,Ideal,IF,,52.59,8.42,7.99,3.02,77.34,2.76,-2.32,0.351,0.25,0.466,400,0.64,Red
Emerald,4.18,Very Good,VS1,62.83,67.09,6.32,,3.71,,3,0.25,0.488,0.58,0.569,400,0.45,White
Ruby,4.86,Ideal,SI1,,56.12,5.22,,4.25,72.15,2.66,-4.14,0.565,0.261,0.355,700,0.52,Green
Emerald,1.88,Fair,SI1,55.84,63.74,4.09,3.34,4.05,74.6,1.28,1.25,0.127,0.369,0.574,400,0.54,Blue
Topaz,1.6,Ideal,VVS2,56.23,55.07,3.57,5.01,2.02,76.69,4.15,1.91,0.281,0.578,0.362,500,,White
Ruby,3.09,Fair,IF,57.95,69.33,6.2,7.22,2.38,63.82,3.66,-1.16,0.362,0.267,0.376,500,0.4,Red
Sapphire,3.92,Good,SI1,58.55,51,8.55,6.25,4.05,71,3.72,4.09,0.349,0.148,0.165,450,0.4,Red
,2.39,Fair,SI1,62.83,60.27,8.08,5.37,3.97,78.76,1.21,-4.15,0.51,0.499,0.349,650,0.4,Violet
Amethyst,3.22,Good,VVS2,55.61,68.21,8.29,8.02,6.01,67.12,4.09,1.26,0.27,0.177,0.543,650,0.58,Red
Amethyst,3.64,Fair,SI2,61.5,59.4,3.83,5.71,3.25,79.81,4.1,2.36,0.11,0.448,0.412,600,0.63,Blue
Ruby,4.81,Fair,VVS2,57.29,66.81,9.04,9.36,6.4,74.11,4.18,2.86,0.342,0.126,0.425,450,0.44,White
Sapphire,0.99,Premium,SI2,58.82,69,8.63,6.72,6.38,73.44,3.46,-0.49,0.362,0.207,0.228,500,0.44,Green
Ruby,4.99,Premium,VS2,55.02,51.36,3.66,6.38,2.85,60.59,3.06,-2.32,0.43,0.185,0.258,550,0.36,Blue
Diamond,2.08,Ideal,VS1,57.91,59.78,5.5,5.36,2.11,60.21,4.49,4.63,0.42,0.303,0.142,700,0.62,Red
Ruby,3.67,Premium,SI2,56.71,,5.63,3.94,2.89,63.16,3.33,4.27,0.588,0.218,0.547,650,0.56,Blue
Emerald,2.95,Good,VS2,,66.64,8.15,3.07,3.89,78.66,1.37,4.85,0.506,0.591,0.51,550,0.31,Violet
Amethyst,2.54,Premium,VVS1,56.58,53.26,9.02,7.74,3.65,75.85,2.39,2.24,0.42,0.242,0.59,450,0.68,Violet
,3.55,,SI1,63.36,61.34,5.63,3.46,4.13,70.33,3.85,2.82,0.567,0.257,0.42,450,0.39,Blue
Topaz,2.1,Very Good,VVS2,63.83,53.26,3.92,5.28,5.11,69.83,2.64,4.3,0.119,0.178,0.534,400,0.58,FaintYellow
Topaz,0.81,Good,SI2,63.45,65.11,3.58,9.13,4.33,62.56,4.2,-0.57,0.379,0.515,0.315,650,0.44,White
Emerald,2.55,Very Good,VS1,64.82,55.69,7.47,6.35,3.55,67.74,2.87,-3.37,0.282,0.587,0.238,400,0.65,Violet
Amethyst,2.71,Good,SI2,64.15,55.38,6.49,9.18,5.04,63,2.54,0.6,0.58,0.31,0.109,,0.43,Red
Sapphire,1.17,Ideal,VVS1,57.8,65.4,9.31,3.43,3.5,65.45,2.4,-0.23,0.232,0.546,0.178,400,0.66,LightYellow
Diamond,4.69,Premium,SI1,58.14,66.84,9.67,8.9,3.59,60.13,2.26,2.8,0.217,0.535,0.361,700,0.48,Green
Diamond,1.29,Very Good,VVS1,60.33,56.87,9.29,9.52,3.54,67.64,2.92,2.39,0.116,0.442,0.565,400,0.67,
Emerald,2.16,Very Good,VS2,58.85,60.02,3.53,9.4,3.37,73.41,3.4,-2.24,0.182,0.504,0.184,550,0.39,FaintYellow
Topaz,0.94,Premium,VVS1,64.7,63.87,4.99,5.36,5.15,73.75,4.7,-3.98,0.268,0.467,0.102,650,0.63,Blue
Amethyst,2.77,Ideal,SI2,58.4,64.9,4.67,3.67,2.79,68.33,3.93,0.74,0.282,0.439,0.514,,0.56,White
Ruby,1.68,Premium,IF,62.4,65.4,3.48,9.41,5.48,74.59,1.85,1.77,0.124,0.219,0.538,600,0.31,FaintYellow
Diamond,2.55,Fair,IF,60.75,57.81,9.43,4.1,6.15,68.49,2.82,0.07,0.525,0.383,0.144,700,0.45,FaintYellow
Emerald,1.28,Fair,IF,64.56,60.73,9.26,6.82,3.24,78.06,2.23,1.67,0.238,0.139,0.504,700,0.49,White
Amethyst,0.46,Fair,SI1,62.45,52.19,5.74,5.85,5.17,66.33,1.97,2.52,0.424,0.403,0.453,500,0.42,LightYellow
Emerald,3.94,,VVS1,58.04,68.97,9.71,9.7,4.72,72.05,3.63,-0.56,0.534,0.429,0.317,700,0.3,Violet
Ruby,3.28,Very Good,SI1,56.97,64.03,6.94,5.91,3.35,62.04,1.45,0.03,0.53,0.501,0.477,400,0.5,Violet
Ruby,1.84,Ideal,SI1,63.55,57.51,6.04,5.59,,70,1.1,1.35,0.295,0.353,0.149,450,0.51,White
Topaz,0.43,Good,VVS2,64.11,57.79,6.85,7.11,6.25,67.57,2.65,1.16,0.3,0.181,0.555,650,0.54,Red
Topaz,4.35,,VS1,63.31,51.81,5.95,6.69,5.14,65.14,1.55,-0.15,0.368,0.307,0.325,500,0.7,White
Topaz,1.02,Good,IF,62.37,59.14,5.04,6.16,4.9,66.34,3.04,-2.47,0.189,0.581,0.103,500,0.64,LightYellow
,4.67,Very Good,IF,58.22,63.46,4.27,6.52,6.49,66.37,3.2,1.82,0.388,0.534,0.58,500,0.66,Green
Diamond,2.5,Premium,IF,60.05,69.05,6.22,3.69,3.59,69.68,1.66,-1.12,0.597,0.593,0.319,700,0.3,Green
Emerald,1.83,Very Good,VS2,64.16,62.95,6.72,9.54,3.03,76.87,3.79,-0.42,0.377,,0.296,450,0.36,Red
Topaz,3.76,Ideal,VS2,56.35,63.01,8.75,4.75,3.48,69.74,1.46,0.25,0.408,0.502,0.376,650,0.69,Blue
Ruby,4.41,Premium,SI2,59.95,65.73,6.31,6.99,2.77,64.17,3.47,-0.32,0.119,0.178,0.598,650,0.62,White
Diamond,1.98,Very Good,SI2,58.56,60.2,,3.25,6.16,61.38,3.58,1.62,0.284,0.599,0.142,650,0.46,LightYellow
Topaz,2.16,Fair,IF,61.77,50.64,9.68,5.07,5.14,66.99,4.24,0.14,0.251,0.56,0.5,700,0.67,Blue
Diamond,2.28,Fair,IF,61.34,67.8,8.05,7.82,4.72,63.15,4.55,-2.01,0.333,0.571,0.266,400,0.61,Violet
Emerald,4.63,Very Good,SI1,60.6,58.05,3.84,6.2,5.63,76.72,3.68,4.58,0.396,,0.186,700,0.58,Red
Emerald,3.52,,VS2,57.8,69.69,6.23,8.11,4.32,79.9,3.48,4.87,0.17,0.31,0.492,600,0.59,White
Amethyst,1.39,Ideal,VS1,56.6,58.13,9,4.09,2.86,76.97,3.71,-4.27,0.162,0.424,0.598,650,0.65,Violet
Diamond,1.09,Ideal,VVS2,62.84,63.37,6.44,9.92,2.69,67.69,3.11,1.75,0.286,0.554,0.496,700,0.4,White
Topaz,1.31,Very Good,VS1,64.92,59.2,8.68,6.12,,61.62,3.47,3.87,0.522,0.296,0.437,700,0.7,Blue
Topaz,1.47,Ideal,SI1,56.69,54.65,8.43,6.77,5.62,74.19,4.62,,0.148,0.453,0.502,650,0.69,FaintYellow
Amethyst,1.3,Premium,VVS2,55.76,68.62,4.12,4.8,3,73.36,3.78,3.12,0.291,0.317,0.188,450,0.41,FaintYellow
Diamond,3.36,Ideal,VVS1,62.46,62.54,5.31,5.37,5.17,61.34,2.2,3.92,0.387,0.51,0.363,400,0.65,Green
Emerald,0.76,,VVS1,58.44,59.01,8.35,7.58,3.12,75.78,3.86,-1.44,0.181,0.109,0.252,650,0.39,FaintYellow
Diamond,2.06,Very Good,VS1,57.13,,4.11,5.39,3.95,76.49,1.36,,0.187,,0.43,600,0.5,White
Amethyst,3.2,Premium,,60.25,69.98,5.96,8.03,2.28,74.36,2.81,1.11,0.393,0.519,0.167,650,0.52,LightYellow
Amethyst,1.6,Ideal,SI2,61.75,67.9,3.96,5,4.26,74.55,2.57,-0.74,0.379,0.316,0.48,600,0.34,LightYellow
Amethyst,0.51,Fair,SI2,57.15,58.46,4.65,8.36,2.76,73.8,2.34,3.08,0.477,0.15,0.344,650,0.32,Violet
Amethyst,0.59,Good,IF,64.95,53.43,5,7.72,5.8,68.72,3.49,-2.79,0.232,0.378,0.405,650,0.62,Green
Amethyst,0.8,,VVS1,58.28,50.59,6.71,4.48,6.31,72.33,1.68,4.48,0.382,0.294,0.355,450,0.6,FaintYellow
Sapphire,4.21,Fair,SI1,58.15,53.04,9.38,3.35,2.38,72.34,4.77,-0.38,0.545,0.255,0.189,600,0.36,FaintYellow
Ruby,3.36,Fair,SI2,59.23,60.69,5.7,9.51,4.4,70.76,2.03,3.49,0.315,0.531,0.426,550,0.64,Red
Diamond,0.51,Fair,VS2,62.45,66.32,8.95,4.65,5.17,72.08,3.77,-2.54,0.285,0.321,0.421,650,0.48,FaintYellow
Sapphire,2.08,Fair,VS2,63.73,57.27,7.87,7.04,2.29,67.99,2.75,3.94,0.513,0.199,0.528,550,0.34,Blue
Amethyst,1.54,Good,VVS2,58.24,58.68,8.46,5.08,4.49,73.57,1.82,0.45,0.49,0.151,0.28,500,0.3,Red
Sapphire,2.97,Very Good,VVS1,56.19,59.47,8.34,7.61,6.22,64.54,2.7,-2.27,0.261,0.565,0.252,450,0.64,Blue
Ruby,2.71,Fair,VS1,57.56,50.35,5.11,7.91,4.37,77.07,2.45,1.01,0.233,0.454,0.38,400,0.42,Green
Amethyst,2.51,Very Good,SI1,55.84,53.54,4.65,3.52,4.79,77.02,4.12,-4.26,0.417,0.159,0.224,600,0.41,FaintYellow
Emerald,1.71,Good,VS2,61.3,60.02,,3.35,,69.96,3.63,-1.4,0.232,0.136,0.265,450,0.64,Blue
Amethyst,0.86,Good,VS1,62.41,55.59,8.16,9.94,4.77,69.93,4.33,0.3,0.314,0.371,0.203,500,,Violet
Diamond,3.76,Premium,,59.29,60.47,5.56,8.38,6,67.98,1.17,0.26,0.346,0.274,0.49,500,0.6,FaintYellow
Ruby,4.42,Premium,SI1,64.53,52.16,6.88,4.83,3.48,60.91,4.33,1.14,0.512,0.406,0.516,400,0.55,FaintYellow
Topaz,4.73,Fair,VVS1,62.28,66.06,8.43,6.44,5.47,62.87,2.65,-4.57,0.571,0.419,0.379,500,0.64,LightYellow
Sapphire,0.48,Very Good,SI1,58.8,65.67,3.39,9.71,4.57,74.29,2.03,2.66,0.368,0.267,0.458,450,0.32,Violet
Amethyst,3.75,Good,VS1,56.02,63.4,3.69,6.81,3.16,62.85,1.82,-4.07,0.398,0.331,0.474,650,0.48,Blue
Amethyst,3.69,Ideal,SI2,59.94,60.63,3.18,5.94,3.76,68.24,2.39,4.41,0.289,,0.508,500,0.38,Blue
Topaz,4.75,Premium,VS1,60.04,57.8,4.15,3.26,3.61,67.08,2.38,0.48,0.3,0.498,0.44,450,0.51,Blue
Emerald,1.41,Premium,IF,60.51,63.65,3.84,7.09,4.11,64.39,1.57,4.8,0.45,0.44,0.531,600,0.52,Red
Ruby,3.76,Ideal,SI2,61.82,65.64,6.24,9.17,2.51,70.58,3.4,-3.18,0.586,0.529,0.541,600,0.53,White
Sapphire,0.46,Very Good,SI2,57.64,66.17,5.01,6.8,2.68,67.26,1.33,2.76,0.129,0.468,0.446,650,0.57,FaintYellow
Ruby,3.23,Very Good,SI1,55.02,56.95,3.32,8.47,3.7,75.19,,0.83,0.485,0.459,0.595,600,0.42,LightYellow
Topaz,1.88,Very Good,VS1,63.13,53.88,6.15,9.2,4.53,72.78,2.57,3.36,0.288,0.323,0.446,650,0.31,FaintYellow
Topaz,3.89,Fair,IF,63.24,56.84,7.05,5.85,4.78,69.61,4.26,-4.48,0.306,0.302,0.319,550,0.41,Violet
Topaz,4.34,Fair,VVS1,64.12,50.15,5.59,5.88,6.1,71.51,1.88,-1.35,0.262,0.224,0.455,700,0.42,LightYellow
Diamond,,Ideal,VS1,64.69,58.46,4.82,9.45,4.56,68.62,3.24,1.59,0.37,0.563,0.46,650,0.48,LightYellow
Sapphire,2.72,Good,VS2,56.59,55.47,5.73,5.38,5.28,75.67,1.47,-2.12,0.393,0.4,0.285,500,0.36,Blue
Emerald,0.76,Ideal,SI1,58.54,65.8,6.64,7.63,4.17,79.21,3.87,4.09,0.432,0.462,0.557,400,0.59,White
Ruby,2.2,Good,VS1,63.51,63.5,6.05,7.34,4.36,75.34,2.3,2.72,0.405,0.127,0.21,700,0.44,White
Emerald,1.93,Ideal,IF,64.34,50.52,3.65,6.4,4.65,77.23,4.84,-1.28,0.487,0.531,0.501,500,0.45,Red
,1.08,Fair,VS2,55.15,52.89,6.2,7.49,4.35,75.67,4.63,-3.5,0.411,0.201,0.506,400,0.43,Blue
Ruby,4.49,Very Good,VVS1,58.88,60.84,8.04,7.92,3.39,68.15,2.91,1.7,0.59,0.434,0.585,550,0.49,FaintYellow
Topaz,0.91,Premium,SI1,56.13,62.36,8.74,9.47,,77.08,4.16,2.19,0.26,0.184,0.444,700,0.33,Violet
Emerald,3.25,Ideal,VVS2,62.88,65.38,6.08,8.61,4.78,60.76,1.3,-2.27,0.416,0.144,0.196,550,0.64,White
Amethyst,4.47,Ideal,VVS2,62.47,69.37,9.96,5.51,3.56,77.71,4.13,-4.11,0.156,0.222,0.545,450,0.59,White
Sapphire,4.58,Premium,IF,,64.04,8.9,6.02,5.59,69.4,2.79,-3.67,0.294,0.276,0.189,550,0.31,Blue
Topaz,4.01,Ideal,VVS1,58.9,60.9,4.51,9.33,2.74,66.6,1.38,3.78,0.162,0.139,0.379,700,0.65,Violet
,1.05,Very Good,VVS1,59.06,58.29,6.2,4.9,6.47,70.5,2.11,-1.22,0.386,0.239,0.177,600,0.6,Violet
Emerald,4.12,Premium,VS1,57.62,64.76,5.07,5.27,5.55,73.76,2.2,,0.546,0.394,0.528,450,0.63,White
Ruby,1.53,Premium,VVS2,58.61,68.7,6.85,7.82,2.44,72.31,3.87,-1.01,0.442,0.336,0.197,500,0.52,White
Amethyst,4.63,Very Good,VS1,64.83,58.46,4.57,3.78,5.82,72.36,4.15,2.65,0.596,0.463,0.386,450,0.63,Blue
Diamond,3.6,Very Good,VVS1,55.47,61.69,3.25,8.51,3.16,62,3.13,3.4,0.513,0.395,0.216,550,0.44,LightYellow
Ruby,3.97,Premium,IF,58.24,54.14,9.33,,4.87,74.58,2.32,-1.72,0.541,0.507,0.368,650,0.66,FaintYellow
Sapphire,0.61,Very Good,IF,62.9,67.15,6.64,7.5,2.74,74.23,2.63,4.96,0.463,0.42,0.361,600,0.66,Green
Emerald,3,Very Good,VS2,58.82,64.27,9.4,3.51,5.2,62.32,3.5,-3.24,0.215,0.158,,550,0.33,White
Amethyst,4.14,Very Good,SI2,64.5,57.09,3.83,4.67,,60.87,3.53,0.63,0.3,0.452,0.182,500,0.47,Blue
Amethyst,4.34,Premium,IF,58.32,67.48,4.06,3.68,5.83,79.66,1.72,1.65,0.446,0.263,0.383,650,0.45,Green
Emerald,0.34,Ideal,SI2,63.5,69.42,4.59,5.16,4.2,74.92,3,-3.46,0.399,0.113,0.483,650,0.66,Violet
Emerald,4.71,Good,VVS2,,55.77,6.2,9.58,4.49,72.12,3.27,-4.66,0.375,0.104,0.187,650,0.62,FaintYellow
Emerald,0.41,Premium,VS2,55.09,53.73,9.16,5.51,2.97,66.32,4,-3.81,0.211,0.212,0.56,650,0.48,White
Amethyst,3.15,Good,VVS2,59.03,66.64,7.55,4.29,4.32,65.51,2.87,-3.55,0.573,0.195,0.242,600,0.56,Red
Sapphire,3.53,Very Good,VS1,57.81,61.65,3.39,7.63,4.39,,4.75,1.37,0.124,0.297,0.524,450,0.6,Blue
Amethyst,0.72,Very Good,SI2,59.8,67.69,5.85,9.3,5.64,72.17,3.66,4.71,0.575,0.562,0.5,650,0.4,Red
Diamond,0.43,Ideal,VS1,59.63,56.95,8.06,3.24,5.2,71.52,3.89,-0.05,0.22,0.387,0.107,550,0.59,Violet
Sapphire,3.97,Very Good,IF,64.06,61.63,5.26,7.68,5.14,78.71,3.35,2.94,0.35,0.105,0.263,550,0.63,LightYellow
Emerald,2.05,Good,VS2,56.84,61.54,6.45,5.02,2.13,72.56,4.38,-3.95,0.342,0.539,0.451,400,0.63,Blue
Sapphire,0.71,Premium,VVS2,56.82,53.76,7.98,5.62,4.46,69.03,2.44,-1.48,0.128,0.124,0.396,600,0.64,Blue
Topaz,3.86,Premium,VVS2,56.08,69.84,9.75,4.66,6.47,77.95,1.13,-3.43,0.513,0.577,0.368,400,0.59,Red
Emerald,4.28,Ideal,VVS1,62.39,63.28,5.33,9.34,5.38,72.28,1.46,1.87,0.141,0.557,0.235,550,0.63,Blue
Topaz,3.02,Good,IF,64.18,63.28,8.21,9.2,5.76,74.29,2.71,4.59,0.157,0.32,0.588,400,0.65,Blue
Ruby,0.97,Very Good,SI1,58.69,55.94,8.23,7.23,4.22,72.53,2.57,-1.72,0.197,0.38,0.368,500,0.34,White
Emerald,0.27,Fair,VS1,55.62,63.01,6.8,3.11,5.74,63.39,2.79,-1.92,0.384,0.298,0.363,550,0.36,
Topaz,3.56,Ideal,SI2,56.56,66.66,8.69,9.63,5.68,62.48,3.16,-0.63,0.354,0.145,0.339,500,0.62,Blue
Amethyst,2.84,Ideal,SI1,,66.27,6.75,6.27,4.39,72.49,2.63,-3.95,0.501,0.107,0.282,400,0.3,LightYellow
Topaz,3.32,Fair,SI2,60.92,68.39,7.37,6.42,4.56,78.28,1.18,2.61,0.372,0.336,0.372,500,0.49,Red
Ruby,4.1,Premium,VVS1,57.82,52.97,8.86,8.41,2.23,79.27,4.2,4.15,0.359,0.563,,550,0.4,FaintYellow
Ruby,2.28,Premium,VS1,63.97,53.66,6.33,7.3,5.84,79.91,4.74,-4.1,0.199,0.127,0.383,650,0.54,Green
Topaz,0.8,Premium,SI2,56.62,,6.35,3.85,2.6,76.88,3.32,-1.4,0.243,0.466,0.135,550,0.65,White
Diamond,4.71,Fair,VS1,64.3,66.15,7.14,3.74,3.35,67.28,2.87,3.72,0.336,0.17,0.215,450,0.54,White
Emerald,2.82,Very Good,SI2,58.33,63.49,8.63,4.76,5.35,72.27,1.46,-3.46,0.517,0.465,0.227,400,0.46,Green
Emerald,3.15,Very Good,VVS2,63.67,52.86,3.89,3.49,3.35,72.18,4.69,1.87,0.315,0.327,0.554,650,0.49,Violet
,4.68,Good,VS1,64.49,61.9,8.4,8.83,4.27,,2.45,-3.06,0.283,0.321,0.176,450,0.7,FaintYellow
Sapphire,4.67,Good,VS2,64.86,64.97,5.06,3.28,2.69,74.84,4.1,2.29,0.476,0.503,0.287,550,0.41,Green
Emerald,2.95,Premium,VS1,63.04,52.74,3.5,9.62,3.31,63.4,1.77,1.54,0.469,0.188,0.577,650,0.61,FaintYellow
Diamond,1.63,Fair,SI2,56.02,51.12,8.55,3.78,5.3,63.77,4.64,4.54,0.512,0.328,0.254,450,0.49,Blue
Diamond,4.99,Ideal,VS2,55.55,55.1,4.02,9,3.88,78.89,3.85,0.56,0.51,0.14,0.552,550,0.31,White
Diamond,3.47,Very Good,SI2,62.4,51.82,4.49,4.66,4.53,76.8,2.25,-0.44,0.28,0.444,0.563,550,0.38,Blue
Diamond,2.16,Fair,VS1,63.97,52.97,7.94,7.63,3.61,76.37,4.03,0.17,0.228,0.201,0.133,550,0.64,Red
Ruby,2.89,Good,VVS1,56.66,54.07,6.95,5.39,6.19,69.66,2.22,1,0.542,0.4,0.535,400,0.51,LightYellow
Sapphire,2.2,Very Good,SI2,64.41,60.61,9.44,3.47,5.85,71.36,1.86,4.64,0.451,0.315,0.36,650,0.62,Red
Emerald,4.46,Very Good,VVS2,61.1,53.12,9.68,8.11,2.51,72.5,4.23,-4.41,0.111,0.549,0.552,650,0.66,FaintYellow
Diamond,2.52,Fair,VVS1,56.24,62.09,5.2,8.66,6.4,65.88,4.72,0.85,0.276,0.355,0.138,450,0.64,White
Diamond,4.15,Good,VVS2,56.67,55.81,,5.09,5.64,65.89,1.21,0.08,0.389,0.505,0.13,500,0.36,Green
Diamond,4.23,Fair,SI2,55.66,56.21,4.47,8.49,2.71,63.6,1.35,4.68,0.557,0.553,0.308,450,0.35,Green
Ruby,4.16,Ideal,,56.43,69.35,6.62,6.2,2.19,71.2,4.54,2.84,0.217,0.129,0.511,700,0.53,Violet
Ruby,3.67,Very Good,VVS1,62.32,66.1,5.65,8.11,6.02,63.27,4.79,3.74,0.211,0.22,0.134,400,0.51,White
Diamond,4.3,Fair,SI2,,58.48,3.1,7.52,5.41,64.02,3.83,-4.24,0.453,0.163,0.34,400,0.35,Green
,2.06,Fair,IF,60.62,58.95,5.76,9.51,3.24,78.05,2.72,3.56,0.418,0.16,0.435,600,0.47,Green
Emerald,0.75,Ideal,VS1,62.21,52.3,3.43,5.3,6.28,70.52,3.07,2.55,0.392,0.113,0.337,500,0.38,LightYellow
Amethyst,4.24,Fair,VS1,63.95,66.89,8.59,3.77,6.08,72.38,2.48,0.01,0.31,0.379,0.18,500,0.44,FaintYellow
Amethyst,2.59,Very Good,IF,60.9,50.08,9.5,8.52,2.96,62.69,4.78,-1.81,0.54,0.245,0.258,600,0.42,Red
Diamond,0.81,Premium,IF,60.7,52.89,5.07,8.69,3.8,64.12,3.73,-1.46,0.292,0.31,0.243,650,0.39,Violet
Emerald,0.75,Premium,VS2,64.13,60.68,7.55,3.18,2.21,61.96,4.79,1.51,0.359,0.413,0.122,600,0.61,Blue
Topaz,0.96,Good,VVS1,57.95,53.77,,3.88,3.39,65.43,4.62,-4.03,0.12,0.385,0.224,450,0.45,Blue
Diamond,3.8,Ideal,SI2,57.04,62.66,5.54,8.83,4.23,77.63,3.74,-2.57,0.154,0.322,0.477,450,0.57,
Topaz,3.61,Good,VS1,63.73,50.07,7.03,7.2,2.29,77.77,1.94,1.62,0.584,0.396,0.386,450,0.38,LightYellow
Amethyst,1.18,Premium,VS2,55.75,51.97,3.73,6.17,3.52,73.47,2.8,-2.04,0.143,0.183,0.388,400,0.57,Violet
Emerald,4.27,Ideal,SI2,56.9,65.29,5.64,8.79,2.68,77.51,3.7,2.9,0.424,0.353,0.222,700,0.43,White
Emerald,1.55,Fair,SI2,59.11,61.53,9.69,4.72,6.16,63.82,2.88,2.36,0.107,0.581,0.264,700,0.58,Blue
Ruby,4.01,Fair,SI1,58.61,50.39,4.16,5.27,5.73,62.96,2.77,0.04,0.579,0.573,0.427,550,0.58,FaintYellow
Diamond,2.55,,VS1,62.06,54.12,7.34,8.41,5.45,75.31,2.69,2.89,0.344,0.498,0.219,,0.59,Violet
Amethyst,3.71,Premium,SI2,55.92,54.78,8.83,,5.49,79.79,1.71,-3.39,0.48,0.405,,500,0.64,Violet
Emerald,2.03,Fair,IF,59.77,66.98,8.4,4.46,2.06,74.35,2.54,3.14,0.222,0.29,0.48,,0.51,Green
Topaz,1.87,Ideal,VS2,63.09,61.65,8.4,9.26,4.71,60.74,4.95,-2.97,0.504,0.167,0.111,550,0.49,LightYellow
Emerald,4.24,Fair,SI1,61.83,60.83,3.41,9.96,4.66,63.68,2.03,1.88,0.338,0.533,0.45,450,,Red
Topaz,0.37,Good,VS2,61.32,51.73,9.82,4.01,6.47,64.95,2.24,1.95,0.531,0.502,0.126,400,0.6,Red
Ruby,4.88,Good,VS2,57.39,63.14,8.09,5.08,4.85,68.46,4.85,1.1,0.162,0.314,0.109,550,0.56,Green
Ruby,3.31,Good,VVS1,58.94,53.12,9.68,8.25,4.93,64.42,3.05,0.45,0.359,0.393,0.465,400,0.32,FaintYellow
Ruby,2.28,Good,SI1,56.81,60.43,9.85,3.86,3.71,61.21,4.09,3.82,0.255,0.373,0.313,400,0.64,White
Emerald,3.21,Good,VS2,60.09,61.85,,6.25,4.25,65.17,1.99,1.68,0.158,0.154,0.371,400,0.57,Blue
Topaz,0.79,Very Good,VS1,60.84,66.84,6.8,4.53,3.78,67.02,2.61,-1.47,0.252,0.469,0.308,500,0.62,FaintYellow
Amethyst,2.67,Good,VVS1,61.31,66.13,8.11,7.65,6.1,65.67,3.49,2.86,0.202,0.269,0.303,600,0.63,White
Diamond,4.93,Very Good,VS1,63.76,53.8,8.94,5.52,2.91,60.56,2,-2.85,0.299,0.315,0.239,600,0.33,FaintYellow
Ruby,1.33,Very Good,SI1,55.62,68.32,9.8,8.94,2.68,78.55,2.54,-1.56,0.439,0.387,0.576,600,0.41,Violet
Sapphire,3.67,Fair,VS2,58.88,50.06,9.82,6.21,6.49,70.83,2.9,2.79,0.116,0.585,0.126,500,0.44,FaintYellow
Emerald,2.29,Ideal,VS2,60.91,56.6,5.29,6.76,6.19,76.97,4.37,4.69,0.577,0.406,0.424,500,0.64,FaintYellow
Sapphire,3.33,Good,SI1,,51.33,7.76,9.22,4.67,60.31,3.77,4.11,0.382,0.247,0.329,400,0.33,LightYellow
Ruby,1.18,Ideal,VS1,55.22,64.42,4.03,8.38,5.48,75.94,4.67,-1.93,0.593,0.112,,600,0.46,LightYellow
Topaz,2.46,Premium,SI2,56.89,60,8.67,8.66,2.5,74.09,4.87,3.48,0.585,0.254,0.163,700,0.66,FaintYellow
Emerald,4.9,Very Good,VVS2,63.46,53.5,4.12,3.09,5.46,79.54,,0.45,0.382,0.387,0.155,600,0.57,Violet
Emerald,,Premium,VS2,60.15,51.7,9.23,7.6,4.09,62.29,2.68,-0.6,0.112,0.364,0.145,650,0.53,Green
Diamond,3.25,Very Good,VS2,59.14,54.52,9.85,6.26,5.72,72.85,3.24,0.12,0.488,0.5,0.174,700,0.48,Red
Emerald,2.96,Good,SI2,64,68.42,3.6,9.19,4.32,60.42,4.59,2.02,0.572,0.103,0.522,450,0.56,Green
Topaz,,Premium,VVS1,55.75,63.55,6.59,3.27,5.27,67.14,1.08,-0.29,0.545,0.564,0.145,550,0.6,Violet
Amethyst,3.15,Fair,VS1,64.22,54.84,4.85,8.91,3.53,72.72,1.93,-4.37,0.459,0.514,0.223,450,0.67,Red
Sapphire,2.61,Premium,SI2,55.28,67.87,6.29,3.95,5.29,,4.35,-4.55,0.122,0.212,0.47,600,0.31,Blue
Topaz,0.28,Very Good,SI2,,52.73,5.06,7.14,3.22,61.66,3.09,-0.23,0.26,0.152,0.541,400,0.42,
Amethyst,4.52,Very Good,,60.55,63.77,3.46,8.09,,69.79,4.33,-0.58,0.372,0.461,0.12,650,0.66,White
Sapphire,4.17,Ideal,VS1,61.39,58.5,5.76,4.38,5.02,64.77,3.61,3.04,0.584,0.372,0.509,700,0.68,Red
Diamond,1.04,Premium,VVS1,55.3,55.37,4.43,4.17,4.15,64.32,4.25,-2.77,0.272,0.486,0.439,400,0.31,Green
Amethyst,2.18,Fair,VS1,60.31,55.25,6.85,7.78,4.73,73.77,2.67,0.84,0.576,0.196,0.204,450,0.48,Green
Emerald,3.9,Good,VS1,56.14,60.02,7.76,4.17,4.77,60.55,1.04,1.23,0.34,0.396,0.2,700,0.61,Violet
Topaz,4.9,Ideal,SI2,56.56,68.63,5.84,6.59,,72.64,3.7,-3.22,0.124,0.554,0.474,550,0.66,Violet
Sapphire,4.77,Premium,VVS1,57.15,64.85,4.43,4.84,4.51,63.25,2.99,-3.2,0.145,0.59,0.349,500,0.36,Blue
Ruby,4.52,Ideal,VS2,61.13,63.24,4.34,3.22,4.54,60.29,4.93,2.29,0.198,0.475,0.337,600,0.41,LightYellow
Diamond,0.96,Premium,VS1,58.9,67.51,3.02,,4.64,70.87,1.48,-2.72,0.534,0.596,,600,0.49,FaintYellow
Topaz,4.59,Good,VVS2,55.85,61.41,7.92,3.92,5.48,62.25,3.48,-2.55,0.315,0.58,0.48,600,0.48,Red
Sapphire,4.42,Good,VS2,57.89,53.84,4.77,6.82,4.21,71.23,2.2,-2.5,0.509,0.583,0.167,650,0.42,Blue
Diamond,2.01,Fair,SI2,55.77,69.54,9.8,4.48,2.96,65.61,3.01,1.82,0.326,0.306,0.339,650,0.55,Red
Sapphire,2.09,Ideal,VVS1,61.64,60.69,8.23,8.95,3.88,65.58,1.29,1.62,,0.163,0.13,500,0.66,Violet
Amethyst,2.41,Fair,IF,60.57,56.31,5.07,3.19,3.69,76.11,4.44,4.56,0.416,0.168,,700,0.58,Green
Diamond,3.35,Premium,SI1,59.08,65.56,4.11,,2.26,74.24,4.57,-0.31,0.358,0.143,0.35,650,0.46,Violet
Ruby,1.45,Good,VVS2,64.28,59.28,7.37,3.63,5.6,76.55,2.97,-2.85,0.367,0.1,,650,0.47,Blue
Ruby,0.31,Good,VS2,60.19,50.25,9.05,9.23,5.76,68.5,1.33,-0.75,0.353,0.298,0.441,400,0.66,Green
Ruby,0.88,Very Good,SI1,63.88,56.4,7.09,3.29,3.2,62.25,3.32,0.23,0.306,0.586,0.306,550,0.64,Violet
,2.31,Very Good,VVS1,60.79,59.14,3.08,4,3.46,75.27,2.15,-3.05,0.548,0.139,0.288,400,0.56,Red
Diamond,1.55,Fair,VVS2,58.77,57.45,8.5,4.94,,77.34,1.1,2.68,0.219,0.367,0.117,650,0.34,Red
Ruby,3.87,Ideal,VS2,60.39,61.03,9.75,3.7,4.33,71.76,4.32,-4.04,0.586,0.513,0.191,500,0.5,Green
Amethyst,0.71,Premium,SI1,56.52,53.67,3.33,9.38,4.11,64.41,1.52,-4.74,0.488,,0.547,400,0.59,Blue
Emerald,4.6,Fair,IF,61.75,61.45,8.66,3.93,5.99,75.34,4.7,-3.34,0.377,0.427,0.14,400,0.39,White
Amethyst,4.5,Good,VS2,64.82,69.73,8.03,3.58,4.22,60.88,3.65,-4.66,0.222,0.55,0.551,450,0.33,Green
Amethyst,4.56,Good,IF,57.47,65.08,5.78,3.42,2.8,66.88,1.57,-3.85,0.208,0.334,0.407,,0.62,Violet
Ruby,3.75,Good,IF,58.23,63.69,7.44,8.64,5.36,67.82,2.07,-4.2,0.46,0.226,0.175,450,0.56,Violet
Amethyst,0.71,Premium,VS1,59.06,54.01,4.11,7.55,5.91,66.63,4.91,1.91,0.135,0.139,0.448,500,0.53,LightYellow
Topaz,2.3,Fair,SI2,59.83,61.64,8.04,8.3,4.74,78.9,3.59,2.26,0.318,0.274,0.192,600,0.3,LightYellow
Ruby,0.83,Premium,VVS1,62.19,66.39,7.07,7.93,,76.64,2.93,-1.73,0.23,0.394,0.189,450,0.69,White
Diamond,4.94,Good,VS1,56.37,,3.61,9.78,3.01,70.61,4.82,-3.02,0.143,0.591,0.423,500,0.38,Violet
Amethyst,1.8,Very Good,IF,58.02,51.74,9.08,8.38,6.05,78.7,1.12,2.68,0.584,0.204,0.591,600,0.67,FaintYellow
Ruby,3.01,Fair,VVS1,,63.24,3.9,5.68,2.34,63.12,2.53,-3.42,0.266,0.375,0.293,,0.61,Blue
Diamond,3.94,Very Good,VVS1,60.9,63.47,6.07,5.03,6.05,61.93,4.27,-1.1,0.235,0.371,0.159,550,0.56,Green
Sapphire,4.62,Fair,VVS1,60.37,66.09,3.92,5.04,3.64,67.69,4.82,0.7,0.131,0.171,0.567,700,0.47,Violet
Sapphire,3.83,Good,VVS2,59.35,62.59,7.52,5.19,2.4,79.82,4.14,0.52,0.537,0.113,0.196,600,0.52,FaintYellow
Topaz,3.44,Very Good,VS2,62.11,66.96,8.16,4.3,2.82,78.07,3.55,-0.71,0.128,0.581,0.592,550,0.66,Blue
Sapphire,2.44,Very Good,IF,57.04,55.32,9.63,5.75,6.45,64.44,1.51,0.53,0.111,0.581,0.361,650,0.52,Red
Ruby,3.11,Fair,VVS1,57.83,50.71,4.77,3.77,3.68,78.6,3.15,1.67,0.248,0.286,0.547,650,0.48,Violet
Diamond,0.65,Very Good,SI1,59.44,64.66,5.56,5.08,5.48,72.62,3.3,-2.55,0.314,0.202,0.223,600,0.44,Green
Sapphire,4.44,Very Good,VVS2,61.96,57.72,5.71,4.23,4.15,66.18,4.31,-1.09,0.4,0.502,0.493,550,0.47,Red
Emerald,2.81,Good,VVS2,55.82,54.19,3.68,9.44,4.6,76.35,3.68,1.87,0.385,0.177,0.523,400,0.38,Violet
Emerald,0.39,Fair,SI1,56.16,51.03,8.66,6.23,4.86,77.13,4.38,-3.73,0.27,0.526,0.176,450,0.34,Blue
Topaz,4.62,Fair,IF,62.82,65.11,3.58,8.76,4.71,60.01,3.32,,0.439,0.319,0.236,400,0.45,Violet
Ruby,2.55,Ideal,VS1,57.61,66.53,5.37,7.12,6.49,62.69,1.54,-4.68,0.311,0.153,0.196,450,0.51,
Amethyst,4.37,Fair,VVS2,64.63,57.78,4.33,7.19,4.48,74.99,4,-2.9,0.394,0.587,0.524,700,0.43,Red
Sapphire,4.31,Good,IF,64.61,67.7,7.65,3.02,4.8,72.24,3.54,-0.91,,0.124,0.519,550,0.35,Green
Topaz,4.12,Very Good,VVS2,61.86,58.31,9.34,3.09,3.57,65.23,2.39,-2.32,0.564,0.289,0.321,450,0.65,Blue
Diamond,0.49,Ideal,IF,62.17,69.03,8.23,4.95,3.08,65.49,4.28,2.86,0.521,0.406,0.511,550,0.62,Violet
,1.39,Very Good,VVS1,61.51,69.66,8.42,3.41,4.02,62.22,4.53,-0.9,0.422,0.199,0.567,500,0.45,LightYellow
Ruby,4.4,Fair,SI2,56.77,66.35,3.55,4.94,4.76,68.55,3.94,-1.8,0.103,0.415,0.471,550,0.35,Blue
Sapphire,4.52,Premium,,60,55.12,8.17,7.33,3.42,61.23,,4.44,0.246,0.357,0.169,500,0.31,White
Diamond,2.4,Very Good,SI1,62.93,57.33,3.44,,4.25,73.67,2.24,1.35,0.165,0.378,0.509,500,0.53,
Diamond,2.31,Fair,VVS2,62.75,60.65,6.39,7.29,5.67,64.91,1.91,2.1,0.464,0.275,0.107,450,0.47,Blue
Amethyst,1.04,Good,SI1,63.99,56.57,7.84,6.88,3.91,77.62,4.32,3.67,0.195,0.556,0.212,600,0.52,Blue
Amethyst,4.85,Fair,VVS2,64.01,66.38,4.78,3.57,4.6,61.9,3.6,-1.94,0.235,0.498,0.283,700,0.41,White
Topaz,1.22,Ideal,VVS2,57.61,68.55,7.78,3.9,6.16,73.84,3.56,0.52,0.285,0.305,,400,0.69,Red
Topaz,1.12,Premium,SI2,62.22,69.72,9.16,3.29,4.8,77.41,1.8,-0.88,0.291,0.443,0.124,600,0.6,Blue
Topaz,3.37,Premium,VS2,61.51,56.73,9.15,8.69,3.4,74.08,3.22,-2.13,0.19,0.245,0.129,600,0.66,Green
Diamond,1.37,Premium,VS2,63.86,55.4,4.34,5.26,4.56,,4.95,-4.9,0.453,0.55,0.496,600,0.53,Blue
Emerald,4.71,Good,SI2,56.83,53.22,4.92,5.82,5.87,66.57,2.79,-3.61,0.278,0.369,0.15,700,0.59,FaintYellow
Diamond,0.25,Premium,SI1,62.4,50.95,7.66,7.37,2.69,62.7,3.21,3.11,0.384,0.376,0.332,650,0.63,LightYellow
Emerald,0.23,Very Good,VVS1,59.23,53.54,8.89,9.78,5.71,66.99,4.5,-3.62,0.166,0.106,0.478,400,0.33,Red
Amethyst,2.62,Good,VVS2,58.94,55.69,6.19,7.31,2.45,71.92,4.5,4.06,0.105,0.42,0.56,550,,Green
Emerald,2.54,Fair,VS1,55.36,57.82,9.46,3.82,6.31,78.92,,-2.28,0.403,0.114,0.47,450,0.31,LightYellow
Topaz,0.98,Ideal,VS2,64.61,52.19,7.02,9.32,2.72,65.91,4.61,-0.37,0.469,0.443,0.401,550,0.47,Blue
,2.57,Good,IF,61.76,66.4,4.83,4.61,4.1,,3.62,3.66,0.424,0.328,0.231,450,0.65,Red
Diamond,2.18,Ideal,IF,60.91,62.38,3.14,8.53,6.28,62.01,2.37,-1.53,0.108,0.358,0.468,500,0.44,
Sapphire,4.47,Good,IF,57.51,61.25,8.65,8.23,2.94,65.36,4.07,-2.7,0.27,0.57,0.119,600,0.66,Green
Topaz,0.24,Fair,VVS1,61.58,60.91,3.65,5.91,4.89,63.2,2.95,-4.69,0.555,0.56,0.506,450,0.68,LightYellow
Emerald,4.89,Ideal,SI2,64.46,55.8,3.55,6.66,5.32,69.57,3.19,4.51,0.446,0.127,0.173,600,0.33,Green
Ruby,3.2,Good,VVS2,56.63,68.75,8.44,,2.17,78.74,3.55,-0.95,0.492,0.575,0.397,500,0.35,FaintYellow
Emerald,0.93,Ideal,VVS2,64.84,54.63,3.22,7.92,4.67,78.3,4.23,3.9,0.109,0.145,0.522,650,0.65,Red
Sapphire,0.42,Premium,SI1,59.27,63.37,8.9,9.85,5.42,68.54,2.89,-0.64,0.313,0.252,0.542,450,0.31,Blue
Amethyst,2.78,Premium,VS2,64.78,55.06,7.19,5.99,6.36,77.15,2.04,3.82,0.564,0.385,0.367,400,0.58,FaintYellow
Sapphire,1.33,Premium,IF,61.34,69.79,7.46,9.99,2.62,68.63,3.45,-3.96,0.192,0.451,0.28,600,0.49,Green
Ruby,1.65,Very Good,VVS1,58.24,68.23,9.57,4.77,5.89,68.18,4.89,-0.59,0.517,0.511,0.463,550,0.57,Red
Amethyst,1.38,Premium,SI1,58.74,55.29,,3.84,4.83,77.69,1.39,-0.57,0.118,0.359,0.557,500,0.38,Blue
Diamond,3.32,Premium,VS1,57.91,69.75,3.53,9.99,5.27,60.61,1.03,4.74,0.228,0.26,0.125,450,0.6,Green
Amethyst,2.86,Fair,VVS2,58.35,62.52,8.97,5.63,5.33,77.61,2.55,-0.07,0.211,0.37,0.302,650,0.51,FaintYellow
Emerald,0.57,Ideal,VVS2,61.47,64.57,7.67,9.02,5.26,76.69,,-3.95,0.107,0.144,0.271,600,0.32,FaintYellow
Diamond,2.73,Ideal,VVS1,55.17,55.66,5.22,3.21,6.15,64.02,3.04,4.08,0.445,0.157,0.37,550,0.46,Red
Amethyst,4,Premium,,64.68,54.32,8.97,7.4,2.55,68.13,2.26,4.5,0.511,0.42,0.305,700,0.53,Green
Amethyst,0.59,Ideal,SI1,62.69,67.16,3.16,3.02,3.28,77.03,4.73,-0.92,0.263,0.281,0.133,450,0.59,Violet
Topaz,4.47,Good,VS2,64.41,55.5,8.86,6.53,6.06,,1.98,2.97,0.4,0.123,0.163,600,0.53,Blue
Topaz,2.98,Premium,SI2,62.18,68.35,7.34,8.16,4.05,74.57,1.49,-4.3,0.206,0.394,0.1,400,0.64,Green
Emerald,4.76,Premium,VVS1,59.81,57.33,4.83,7.35,3.83,63.12,1.89,-0.94,0.188,0.575,0.531,,0.53,White
Diamond,0.91,Very Good,SI1,56.9,50.18,3.04,7.39,4.43,69.48,1.39,0.11,0.304,0.28,0.517,450,0.33,LightYellow
Amethyst,4.97,Good,VS2,60.16,61.84,6.65,5.29,3.4,70.22,4.38,3.71,0.183,0.371,0.402,600,0.31,Green
Sapphire,3.29,Premium,SI1,62.12,57.07,5.96,7.44,4.69,61.9,2.61,-3.99,0.499,0.581,0.253,600,0.59,Violet
Emerald,2.92,Premium,VVS2,63.54,69.52,9.04,8.98,5.96,66.5,4.32,-0.93,0.224,0.224,0.334,450,0.37,Green
Topaz,,Ideal,,58.24,57.73,8.52,6.48,3.78,74.68,3.55,0.13,0.126,0.506,0.432,500,0.3,Violet
Ruby,0.31,Premium,SI1,60.1,56.29,7.13,6.79,2.94,63.4,2.9,1.66,0.534,0.235,0.483,700,0.7,White
Topaz,4.71,Premium,SI2,61.2,61.33,4.06,8.87,2.7,72.43,1.41,,0.555,0.529,0.262,600,0.44,White
Topaz,3.29,Premium,SI2,60.89,64.6,8.08,3.85,5.14,61.5,1.15,-2.19,0.415,0.195,0.274,650,0.34,Blue
Ruby,0.64,Premium,VS2,55.52,69.33,7.16,7.21,2.33,61.55,3.23,-4.55,0.161,0.2,0.56,550,0.61,LightYellow
Diamond,0.3,Very Good,SI2,59.83,51.39,3.16,6.32,2.34,73.89,1.8,-3.52,0.458,0.113,0.216,400,0.41,FaintYellow
Emerald,0.44,Good,VS2,63.09,58.39,8.33,5.92,,79.85,2.77,-0.05,0.181,0.183,0.428,500,0.45,White
Sapphire,3.13,Very Good,SI2,63.02,,8.82,5.85,5,67.27,4.79,-2.65,0.219,0.281,0.564,550,0.47,LightYellow
Amethyst,3.15,Ideal,SI1,60.07,50.1,8.42,7.43,2.85,72.31,1.53,,0.223,0.362,0.426,550,0.69,Green
Sapphire,2.6,Fair,VS2,64.52,59.78,4.23,9.28,4.85,72.38,3.83,2.89,0.487,0.545,0.249,650,0.47,Red
Ruby,1.67,Premium,SI2,63.26,66.13,6.52,7.55,4.6,63.51,1.85,-1.21,0.132,0.415,0.247,650,0.7,Violet
Ruby,2.75,Ideal,IF,62.37,51.02,6.69,4.85,5.51,78.81,1.96,2.23,0.425,0.326,0.425,500,0.32,FaintYellow
Diamond,2.68,Fair,SI2,60.16,56.81,9.54,3.96,3.91,70.55,3.55,2.67,0.195,0.567,0.258,550,0.38,Violet
Emerald,0.29,Premium,IF,60.91,58.02,9.48,9.85,2.08,67.82,1.52,0.38,0.381,0.286,0.476,550,0.43,LightYellow
Diamond,1.56,Premium,SI1,,64.33,3.44,5.13,3.98,62.7,2.55,-2.26,0.249,0.153,0.585,550,0.34,FaintYellow
Diamond,,Fair,IF,60.32,55.91,9.99,6.26,5.11,71.25,2.52,2.98,0.202,0.573,0.488,700,0.58,LightYellow
Diamond,4.52,Very Good,IF,60.26,54.93,8.51,3.12,6.31,78.05,2.82,-1.22,0.455,0.406,0.481,650,0.32,Blue
Ruby,3.68,Fair,VVS1,57.03,52.31,5.63,8.68,5.78,70.21,2.27,0.9,0.52,0.52,0.232,550,0.39,Violet
Ruby,4.98,Fair,SI2,64.51,69.92,8.2,8.55,2.1,62.47,2.09,-0.07,0.549,0.133,0.452,400,0.65,Green
Emerald,1.65,,VS1,57.45,59.43,5.64,7.86,3.1,65.55,4.13,1.26,0.298,0.574,0.473,500,0.42,Red
Diamond,4.42,Premium,,56.04,50.96,9.55,5.49,4.47,79.75,1.32,3.52,0.289,0.59,0.524,600,0.5,Green
Sapphire,3.09,Premium,VS2,59.67,51.53,5.65,5.62,2.25,68.03,4.4,-1.45,0.472,0.106,0.488,400,0.4,Green
Emerald,2.38,Very Good,VVS1,61.86,52.56,8.36,6.47,4.68,79.7,4.35,4.16,0.561,0.391,0.288,500,0.32,Green
Amethyst,1.27,Very Good,SI1,56.95,54.23,4.09,5.81,3.93,70.91,4.73,-3.91,0.51,0.307,0.315,500,0.36,Blue
,3.74,Good,IF,,64.81,8.97,4.18,5.01,74.2,1.96,-2.39,0.328,,0.567,400,0.41,Violet
,4.54,Good,VS2,57.61,61.17,7.34,4.62,,64.41,4.67,4.2,0.37,0.189,0.295,700,0.53,Blue
Emerald,1.33,Good,VS1,58.03,65.53,8.65,5.32,2.84,79.75,2.8,,0.163,0.484,0.323,700,0.56,Green
Diamond,1.04,Very Good,,57.46,50.4,5.93,3.14,6.12,60.17,3.74,-0.37,0.259,0.231,0.129,650,0.46,Blue
Amethyst,3.54,Fair,VS2,59.71,55.3,5.42,5.39,3.55,77.13,4.41,-2.4,0.158,0.414,0.47,400,0.67,Red
Topaz,4.89,Premium,SI2,55.18,58.11,6.73,8.75,6.37,73.77,1.25,2.88,0.258,0.158,0.269,450,0.37,Violet
Emerald,3.8,Premium,SI2,55.88,58.58,5.72,6.28,2.72,73.18,1.14,-4.13,0.339,0.375,0.166,550,0.62,Violet
Diamond,1.57,Ideal,VVS2,62.29,51.07,6.6,4.3,5.39,66.31,1.81,-3.73,0.36,0.315,0.566,550,0.64,White
Topaz,2.22,Very Good,VVS2,59.12,60.23,6.01,7.86,2.91,63.72,3.24,-3.42,0.304,0.155,0.336,400,0.62,Red
Amethyst,2.04,Very Good,SI1,58.6,55.73,,3.15,5.22,72.48,4.11,-1.84,0.108,0.122,0.229,450,0.46,LightYellow
Sapphire,4.29,Good,VVS1,55.1,53.83,9.84,4.08,3.18,78.3,4.1,3.58,0.367,0.527,0.247,650,0.35,
Diamond,3.9,Ideal,VS1,57.98,63.42,3.11,7.07,3.49,65.01,4.57,3.75,0.282,0.37,0.557,450,0.35,FaintYellow
Diamond,3.03,Ideal,VVS1,63.21,51.68,9.48,7.71,4.89,76.13,3.23,-2.99,0.334,0.437,0.378,650,,LightYellow
Sapphire,1.52,Very Good,VS2,58.4,67.34,8.79,5.06,2.15,61.77,3.24,0.2,0.14,0.442,0.379,500,0.32,White
Ruby,4.7,Good,VS1,64.64,68,5.95,4.95,3.11,64.86,1.31,1.65,0.379,0.241,0.148,400,0.51,LightYellow
Amethyst,3.34,Premium,SI1,58.9,56.51,5.25,3.14,5.86,61.1,4.06,-0.88,0.509,0.464,0.255,550,0.32,LightYellow
Ruby,4.86,Good,VVS1,59.64,69.74,4.15,4.99,3.4,67.64,2.92,4.49,0.154,0.119,0.403,550,0.53,Blue
Sapphire,2.98,Premium,VS2,63.02,58.03,3.93,9.72,6.3,73.93,,0.48,0.24,0.138,,,0.33,Green
Topaz,4.14,Very Good,IF,64.83,69.25,6.86,5.78,2.64,69.92,1.5,-0.65,0.261,0.178,0.392,700,0.62,LightYellow
Sapphire,4.1,Good,VS2,58.72,69.74,3.74,5.29,5.25,70.76,4.56,1.25,0.119,0.37,0.177,400,0.34,FaintYellow
Amethyst,1.82,Ideal,SI2,56.2,66.54,6.34,7.39,2.73,71.5,3.31,3.21,0.322,0.529,0.351,650,0.53,LightYellow
Amethyst,4.83,Fair,VVS1,60.23,52.5,8.7,9.92,5.44,64.47,3.47,-2.4,0.165,0.331,0.318,500,0.63,Red
Ruby,0.31,Ideal,SI1,60.92,61.69,8.3,6.06,2.96,66.67,1.96,4.21,0.178,0.456,0.23,450,0.49,Green
Ruby,3.89,Premium,SI1,64.59,64.64,3.93,3.66,5.9,69.1,3.2,-1.82,0.401,0.262,0.304,450,0.61,Red
Emerald,4.83,Very Good,VS1,59.14,51.55,9.73,8.02,4.81,71.47,1.64,1.34,0.306,0.225,0.47,550,0.52,LightYellow
Ruby,1.83,Good,VS1,55.91,67.87,,9.28,5.96,76.94,2.68,2.18,0.496,0.508,0.256,600,0.56,Red
Sapphire,3.31,Very Good,IF,61.51,67.04,7.94,7.76,4.83,69.24,1.98,4.02,0.101,0.237,0.3,600,0.47,Green
Sapphire,2.9,Very Good,,55.21,,5.1,6.48,5.63,75.38,1.67,1.27,0.539,0.31,0.406,550,0.31,
Amethyst,3.86,Premium,SI2,59.25,60.29,7.32,4.73,5.91,62.36,4.2,4.4,0.382,0.521,0.506,400,0.64,Red
Sapphire,4.36,Very Good,SI1,59.1,56.49,7.01,6.12,4.11,62.6,3.65,2.13,0.441,0.4,0.263,500,0.65,Blue
Sapphire,3.09,Good,SI1,57.55,60.13,4.25,5.96,5.03,65.76,4.2,2.93,0.272,0.4,0.193,600,0.44,Green
Ruby,4.12,Ideal,IF,64.64,64.59,7.57,9.74,2.12,66.36,4.34,2.79,0.123,0.147,0.589,600,0.4,FaintYellow
Amethyst,1.7,Very Good,VVS2,59.03,58.32,5.28,3.26,4.23,72.53,2.56,1.02,0.234,0.23,0.109,650,0.38,Green
Diamond,1.3,Good,SI1,63.95,57.04,7.28,5.55,2.96,64.39,4.02,,0.253,0.283,0.398,450,0.64,Violet
Sapphire,2.27,Good,VS2,60.15,51.54,6.79,5.18,2.52,62.83,3.94,-1.64,0.295,0.343,0.299,400,0.68,Red
Amethyst,3.45,Premium,VVS2,63.21,58.94,8.9,9.87,6.48,72.92,1.99,-2.88,0.46,0.4,0.103,450,0.51,Green
Sapphire,1.1,Very Good,VVS2,59.51,57.86,4.5,3.05,6.49,79.95,3.76,-3.32,0.488,0.123,0.334,550,0.31,LightYellow
Sapphire,3.47,Premium,IF,64.92,63.27,4.06,5.05,2.96,,4.71,0.27,0.555,0.571,0.407,650,0.55,Red
Diamond,2.09,Ideal,IF,61.4,58.77,8.98,9.82,6.04,78.44,3.74,,0.143,0.554,0.506,450,0.39,FaintYellow
Emerald,4.02,Ideal,VS2,56.56,50.08,6.11,4.11,6.04,61.24,2.31,0.76,0.4,0.525,0.268,550,0.47,White
Topaz,0.38,Good,IF,55.06,59.69,8.47,8.53,6.39,75.29,3.81,3.76,0.161,0.382,0.558,450,0.59,Blue
Sapphire,3.41,Very Good,IF,64.29,65.47,9.72,6.95,3.77,67.68,3.32,-3.57,0.504,0.421,0.592,400,0.32,Green
Ruby,3.32,Good,IF,61.87,68.91,6.81,9.34,6.19,76.44,4.22,2.22,0.274,0.476,0.403,650,0.55,Red
Diamond,4.72,Very Good,SI1,56.06,53.86,5.1,9.11,5.52,60.97,2.09,4.83,0.16,0.189,0.471,700,0.38,LightYellow
Topaz,3.62,Premium,IF,62.43,58.45,8.56,7.03,5.31,76.74,1.65,0.46,0.306,0.579,0.337,450,0.49,Blue
Amethyst,4.02,Ideal,IF,57.27,66.95,9.52,6.88,3.12,72.4,2.73,2.96,0.391,0.451,0.434,650,0.47,Green
Ruby,4.54,Ideal,SI2,63.09,50.86,4.72,4.06,4.21,61.6,3.51,0.26,0.533,0.152,0.37,450,0.43,White
Topaz,3.44,Premium,VVS2,61.1,57,7.82,3.42,5.55,79.17,1.39,3.67,0.44,0.375,0.294,400,0.35,FaintYellow
Ruby,1.59,,VVS2,56.24,61.82,8.46,8.12,5.81,77.45,2.05,0.9,0.452,0.214,0.394,550,0.49,Violet
Emerald,4.37,Fair,VS2,55.71,56.85,,7.29,2.89,73.78,1.67,-3.03,0.422,0.221,0.297,450,0.54,Blue
Sapphire,3.79,Fair,VS1,59.66,,7.15,8.57,3.4,67.38,4.08,-2.67,0.25,0.458,0.2,600,0.53,Green
Amethyst,2.24,Very Good,VS2,64.37,68.78,7.43,3.13,2.73,70.19,3.82,-1.43,0.106,0.312,0.557,400,0.6,Green
Emerald,3.61,Premium,SI1,60.65,50.48,7.46,9.54,2.68,60.55,3.5,4.69,0.406,0.156,0.303,550,0.43,FaintYellow
Diamond,4.36,Very Good,SI1,62.59,51.56,3.59,3.51,2.96,73.44,2.85,1.26,0.308,0.176,0.127,650,0.7,Violet
,4.88,Very Good,SI1,59.69,53.94,3.15,9.33,6.09,79.11,2.79,-0.16,0.206,0.144,0.575,600,0.45,Green
Diamond,4.77,Premium,VVS1,58.84,57.7,5.06,4.34,3.63,64.37,3.07,-1.33,0.581,0.115,0.172,500,0.31,Violet
Ruby,1.76,Very Good,VS2,63.22,59.42,5.5,,4.24,68.15,4.27,3.79,0.296,0.521,0.243,700,0.39,Green
Amethyst,2.22,Premium,SI2,59.63,50.73,4.01,9.1,2.05,77.24,3.38,-1.97,0.227,0.128,0.473,,0.48,LightYellow
Amethyst,0.73,Fair,VS2,56.42,67.65,6.57,6.16,5.39,61.32,3.99,-0.28,0.104,0.348,0.495,450,0.51,Blue
Amethyst,1.39,Fair,IF,57.75,65.17,4.59,7.86,3.3,66.4,2.04,-3.64,0.487,,0.587,400,0.52,FaintYellow
Sapphire,4.44,Very Good,,60.61,55.36,5.36,9.3,5.17,78.83,2.91,-1.2,0.189,0.471,0.238,400,0.65,Blue
Ruby,1.93,Ideal,IF,59.03,55.14,5.05,5.04,2.89,75.38,3.52,3.77,0.302,0.128,0.598,600,0.43,LightYellow
Diamond,3.18,Premium,VS1,58.66,50.51,8.4,3.95,3.7,61.62,2.26,-4.27,0.4,0.129,0.521,650,0.6,Blue
Diamond,3.4,Good,SI2,61.69,57.98,9.14,6.78,4.33,69.29,3.08,-4.6,0.134,0.281,0.103,600,0.54,LightYellow
Sapphire,3.95,Good,SI2,61.36,55.09,5.09,5.72,4.84,70.25,4.36,-0.67,0.32,0.281,0.474,500,0.43,White
Topaz,1.08,Very Good,SI1,58.14,62.37,5.64,8.59,2.74,74.81,1.31,1.68,0.122,0.234,0.37,700,0.59,Green
Diamond,1.66,Ideal,IF,58.59,60.96,8.71,3.04,3.95,64.29,4.24,-4.64,0.305,0.573,0.463,650,0.41,Red
Emerald,2.35,Premium,VVS1,62.52,69.14,8.31,7.06,2.05,64.71,3.41,-0.26,0.172,0.263,0.23,600,0.46,Red
Amethyst,1.95,Fair,SI2,64.21,65.9,7.96,6.61,2.6,77.05,2.65,-4.61,0.111,0.16,0.125,650,0.45,Violet
Diamond,4.92,Very Good,VVS2,58.24,51.62,7.96,8.95,3.48,64.49,3.24,1.66,0.201,0.58,0.521,700,0.31,Blue
Amethyst,4.21,Premium,VVS1,57.92,64.09,5.08,7.04,6.22,68.95,3.42,2.07,0.421,0.412,0.434,600,0.33,Red
Diamond,2.5,Premium,SI2,57.65,52.14,9.56,9.97,5.97,73.9,4.12,4,0.507,0.1,0.413,,0.34,Violet
Ruby,4.42,Premium,SI2,56.42,56.46,8.66,3.19,4.36,70.5,4.21,4.44,0.39,0.269,0.375,400,0.61,Green
Topaz,1.87,Ideal,VS1,58.77,61.1,4.48,,4.72,78.31,3.96,2.89,0.142,0.55,0.392,550,0.45,White
Amethyst,3.97,Premium,IF,60.16,59.91,7.64,9.83,3.3,70.22,1.07,0.17,0.113,,0.325,500,0.55,Violet
Emerald,1.27,Ideal,VS2,60.37,63.87,4.08,9.62,5.01,64.15,3.23,-2.89,0.584,0.259,0.413,650,0.66,Red
Ruby,3.91,Ideal,SI2,61.91,66.2,7.04,4.53,3.07,76.63,2.73,1.88,0.557,0.182,0.254,450,0.51,Blue
Topaz,2.39,Premium,VVS2,55.53,66.59,5.02,8.79,2.01,75.58,3.31,4.77,0.496,0.456,0.544,650,0.64,Red
Emerald,0.72,Fair,SI1,60.61,51.17,3.74,8.64,6.33,64.04,3.42,,0.365,0.378,0.54,400,0.68,FaintYellow
Ruby,1.51,Premium,VS1,57.55,62.83,7.22,9.74,3.72,75.42,3.46,0.9,0.272,0.493,0.183,600,0.38,Blue
Sapphire,2.13,Fair,VVS1,57.39,69.23,9.19,6.57,4.35,66.45,2.4,4.15,0.521,0.398,0.242,450,0.63,LightYellow
Sapphire,3.8,Very Good,SI2,62.9,65.1,3.98,6.7,2.45,71.31,2.79,-1.28,0.485,0.502,0.442,500,0.59,Green
Ruby,0.55,Good,IF,56.53,60.4,9.29,8.51,4.37,79.42,1.06,0.73,0.307,0.231,0.24,400,0.67,Red
Amethyst,3.37,Very Good,VS1,58.29,69.97,3.89,9.99,6.06,60.89,4.74,-0.05,0.303,0.192,0.139,450,0.55,Blue
Topaz,3.64,Ideal,VS1,61.38,50.88,8.19,5.16,5.95,63.41,4.95,0.17,0.334,0.405,0.306,450,0.59,Green
Diamond,3.34,Very Good,VS2,61.43,51.76,9.93,7.78,4.6,72.12,2.6,4.74,0.153,0.464,0.122,600,0.43,Violet
Ruby,3.85,Good,SI1,55.48,65.36,3.66,7.7,5.86,61,2.68,-2.59,0.461,0.586,0.542,450,0.38,LightYellow
Ruby,1.06,Good,VS2,55.73,60.99,4.49,9,,62.2,2.84,-4.56,0.222,0.41,0.497,700,0.47,FaintYellow
Diamond,3.02,Fair,VS2,61.55,52.49,6.24,7.55,2.87,72.26,2.17,-4.92,0.593,0.465,0.398,450,0.59,Blue
Sapphire,4.72,Very Good,SI1,64.53,57.51,8.16,6.21,3.9,76.83,2.74,-2.93,,0.286,0.286,500,0.53,Blue
Ruby,3.13,Ideal,VVS1,64.99,51.29,9.29,5.18,5.64,70.91,2.43,0.67,0.261,0.45,0.162,700,0.4,Blue
Diamond,3.13,Ideal,VS2,64.87,60.53,8.1,9.78,5.18,63.74,1.08,2.82,0.443,0.487,0.16,450,0.43,FaintYellow
Topaz,3.73,Fair,SI1,58.52,52.08,8.4,5.35,3.73,62.63,1.51,-2.54,0.472,0.29,0.384,400,0.64,LightYellow
Emerald,1.8,Fair,VS1,57.42,50.14,6.16,4.79,3.54,76.41,1.31,-3.18,0.419,0.536,0.548,450,0.62,Red
Sapphire,3.56,Very Good,SI2,55.99,56.45,5.49,8.55,6.34,78.05,1.96,-1.05,0.353,0.408,0.172,650,0.56,Blue
Topaz,4.6,Fair,VS1,58.26,54.68,6.55,6.48,3.19,75.09,1.4,2.06,0.264,0.115,0.563,600,0.56,FaintYellow
Emerald,0.25,Good,SI1,57.77,57.24,7.55,4.28,3.39,64.39,1.92,-2.82,0.205,0.224,0.557,650,0.52,Violet
Ruby,4.38,Ideal,VS1,60.77,57.01,6.52,5.51,3.56,67.04,1.02,1.37,0.401,0.461,0.547,700,0.44,Green
Sapphire,1.25,Good,SI2,58.69,62.6,8.53,4.42,5.52,68.62,4.96,-0.2,0.21,0.356,0.213,700,0.53,Red
Diamond,2.39,Premium,VVS2,57.32,63.6,4.1,4.46,5.83,62.48,1.44,-3.82,0.294,0.321,0.557,500,0.4,LightYellow
Emerald,4.29,Good,VVS2,61.13,52.55,5.77,3.53,2.98,65.07,4.36,-0.71,0.383,0.585,0.339,500,0.44,FaintYellow
Topaz,4.15,Ideal,SI1,58.23,59.77,3.47,7.52,3.83,74.53,1.41,-2.15,0.396,0.3,0.315,550,0.69,Red
Emerald,4.48,Premium,SI1,58.54,67.78,7.7,5.6,5.89,75.65,2.25,0.59,0.566,0.16,0.413,450,0.57,LightYellow
Diamond,4.71,Very Good,VVS1,60.98,52.97,8.3,3.42,3.41,63.65,4.77,1.87,0.179,0.282,0.566,700,0.3,Violet
Topaz,2.35,Premium,SI2,56.18,69.34,7.67,7.56,3.82,66.53,2.24,4.5,0.338,0.582,0.335,700,0.47,LightYellow
Ruby,3.35,Fair,SI1,62.74,50.39,9.69,5.08,4.49,69.89,3.62,1.6,0.532,0.548,0.599,600,0.57,Red
Emerald,2.07,Ideal,VS2,64.65,51.99,9.53,4.13,4.89,63.5,2.27,-4,0.24,0.521,0.139,700,0.61,White
Ruby,1.88,Fair,VS1,,53.55,4.89,9.72,3.37,77.26,4.77,0.97,0.361,0.49,0.404,550,0.56,White
Amethyst,2.27,Good,VS2,60.6,59.4,4.7,3.52,4.59,66.05,1.04,2.55,0.405,0.366,0.577,550,0.68,White
Topaz,3.77,Very Good,SI1,58.85,55.98,3.18,5.71,5.26,64.96,2,-0.44,0.442,0.276,0.502,600,0.42,Blue
Sapphire,2.61,Ideal,VS1,64.57,58.36,6.52,7.31,,77.87,2.65,,0.419,0.492,0.227,550,0.67,
Sapphire,4.11,Very Good,VVS2,56.33,68.82,9.03,9.95,6.5,73.47,4.3,-0.9,0.36,0.209,0.317,500,0.54,LightYellow
Diamond,3.78,Ideal,VS1,63.14,56.83,4.1,3.58,6.2,70.25,3.29,-3.55,0.214,0.322,0.138,600,0.33,Red
Sapphire,0.3,Fair,VVS1,61.5,66.96,7.15,9.52,2.69,62.15,4.58,-2.62,0.495,0.522,0.588,650,0.64,FaintYellow
Sapphire,3.23,Good,IF,62.91,51.46,8.04,9.17,3.49,62.91,4.53,0.14,0.565,0.28,0.425,550,0.56,FaintYellow
Amethyst,2.3,Premium,SI2,64.5,66.24,5.57,8.45,3.27,64.48,4.82,2.23,0.438,0.46,0.338,700,0.3,FaintYellow
Amethyst,2.39,Very Good,VS1,59.96,68.03,7.92,3.72,2.1,64.37,1.73,0.41,0.268,0.324,0.118,500,0.69,LightYellow
Sapphire,4.13,Ideal,SI1,57.88,55.7,8.86,5.04,4.26,77.74,2.69,0.57,0.598,0.17,0.431,550,0.44,White
Sapphire,2.83,Ideal,VVS1,62.8,60.94,3.07,4.9,2.71,78.84,2.71,-0.82,0.213,0.333,0.18,650,0.35,Red
Diamond,4.45,Very Good,VVS2,63.45,53.74,8.15,6.74,2.62,68.34,1.49,-2.86,0.6,0.1,0.141,400,0.3,Violet
Topaz,3.62,Premium,VVS2,61.86,51.82,7.2,3.84,2.95,64.01,,-1.47,0.355,0.483,0.112,550,0.59,Violet
Sapphire,2.85,,IF,63.49,65.41,8.91,8.71,5.42,65.47,2.45,-3.22,0.367,0.208,0.563,700,0.58,Green
Sapphire,3.82,Ideal,SI1,62.3,62.6,3.97,7.78,2.58,60.47,3.56,1.75,0.391,0.286,0.44,550,0.65,LightYellow
Emerald,0.38,Ideal,VS2,64.57,65.04,8.65,9.03,4.83,64.3,3.42,1.57,0.167,0.275,0.257,650,0.55,White
Diamond,0.33,Very Good,VS2,60.71,58.79,3.99,4.56,3.31,60.31,1.95,,0.449,0.348,0.133,600,0.59,FaintYellow
Amethyst,0.6,Very Good,VS1,58.8,54.99,7.09,7.34,2.31,79.24,3.29,-3.9,0.333,0.473,0.525,400,0.68,
Emerald,,Ideal,VVS2,61.81,58.54,4.9,8.96,6.4,72.47,2.03,-1.33,0.255,0.428,0.46,650,0.33,White
Sapphire,1.33,Ideal,VVS1,55.69,51.3,4.68,3.35,4.91,73.48,2.14,2.21,0.473,0.422,0.416,500,0.69,Violet
Ruby,4.92,,IF,59.98,55.67,6.49,6.85,2.92,61.65,3.2,3.19,0.459,0.58,0.476,650,0.3,Green
Emerald,2.8,Fair,VS2,62.73,55.95,8.3,8.09,,69.22,2.83,4.89,0.121,0.137,0.577,650,0.51,Violet
Amethyst,3.38,Ideal,VS1,56.69,64.29,7.52,,3.75,68.63,2.69,4.45,0.236,0.179,,600,0.4,White
Amethyst,1.54,Good,VS1,,51.06,9.92,5.47,2.79,76.73,2.57,-3.74,0.219,0.128,0.286,500,0.34,White
Diamond,1.74,Good,,58.5,54.91,3.83,3.23,,75.59,4.02,2.86,0.271,0.243,0.124,500,0.39,Blue
Diamond,1.81,Premium,VVS1,58.35,55.53,8.05,6.43,5.87,68.31,2.12,1.62,0.311,0.179,0.228,400,0.67,LightYellow
Diamond,3.55,Very Good,VVS1,61.51,61.03,3.39,7.17,3.66,74.55,2.25,-4.77,0.522,0.27,0.242,650,0.44,Red
Diamond,2.47,Premium,VS2,59.97,54.89,5.5,8.18,5.65,61.74,3.32,4.05,0.452,0.385,0.524,500,0.58,Violet
Diamond,2.68,Ideal,VS1,62.97,52.65,5.4,3.6,2.85,65.07,4.86,-0.05,0.539,0.169,0.405,500,0.37,FaintYellow
Diamond,3.04,Very Good,VVS2,55.58,55.16,4.79,5.92,2.34,63.4,2.16,2.72,0.441,0.162,0.153,500,0.56,White
Ruby,3.89,Ideal,VVS1,59.54,58.44,6.73,4.8,4.37,74.51,2.66,0.51,0.16,0.407,0.32,450,0.57,Blue
Emerald,0.63,Very Good,VS1,55.14,60.51,4.71,4.45,3.77,77.66,1.51,-1.72,0.324,0.222,0.339,700,0.33,Blue
Diamond,3.93,Fair,VVS1,57.21,50.73,5.57,4.72,2.31,72.37,3.56,-0.12,0.423,0.235,0.241,450,0.44,
,2.9,Fair,IF,62.75,56.2,9.02,5.52,4.84,73.3,2,3.31,0.336,0.245,0.566,450,,Violet
Emerald,3.41,Fair,,56.06,65.28,5.27,8.13,,71.82,3.1,-2.92,0.16,0.219,0.394,,0.5,Green
Ruby,1.77,Premium,VVS1,56.06,61.95,9.9,6.05,4.37,71.81,2.68,0.52,0.127,0.399,0.272,500,,Green
Diamond,2.17,Very Good,VS1,59.01,59.12,4.93,3.44,2.24,64.24,,1.26,0.276,0.168,0.589,600,0.44,Blue
Ruby,1.31,Premium,VVS1,62.77,59.06,9.32,5.43,3.7,60.37,4.33,,0.512,0.238,0.469,700,0.59,LightYellow
Topaz,4.9,Very Good,VVS1,61.38,57.38,6.02,3.77,3.13,63.85,3.95,,0.486,0.591,0.541,550,0.44,Red
Topaz,2.59,Ideal,IF,62.82,56.84,9.35,4.48,2.67,66.38,2.8,-3.35,0.563,0.295,0.489,650,0.51,Blue
Diamond,4.98,Fair,VVS1,55.5,58.01,5.99,3.91,4.25,68.01,2.66,-2.38,0.379,0.358,0.314,650,0.7,Red
Sapphire,2.55,Fair,VVS1,60.64,67.38,8.39,9.8,2.29,74.43,2.65,-0.43,0.322,0.241,0.142,600,0.47,Blue
Topaz,1.25,Very Good,VS1,59.53,59.38,5.8,9.16,2.28,60.31,3.01,-2.93,0.497,0.47,0.363,450,0.4,Blue
Sapphire,2.64,Premium,VVS2,63.96,63.39,7.35,7.37,5.5,71.59,3.48,2.29,,0.366,0.259,500,0.57,Violet
Emerald,0.39,Premium,IF,62.37,66.16,3.36,4.75,3.92,65.89,2.3,-2.22,0.209,0.303,0.121,550,0.31,Green
Amethyst,4.54,Good,VVS1,59.24,58.64,7.19,4.22,5.35,63.6,,-3.02,0.6,0.589,0.252,700,0.43,LightYellow
Amethyst,4.13,Fair,VVS2,60.54,66.78,5.21,8.89,3.47,65.68,4.63,-1.44,0.131,0.114,0.564,650,0.58,Violet
Diamond,3.68,Fair,VS1,59.25,69.85,9.97,3.51,3.58,67.33,1.27,-2.74,0.558,0.2,0.161,450,0.46,White
Emerald,3.13,Premium,IF,59.41,60.08,8.67,7.85,3.93,77,1.09,2.05,0.194,0.568,0.359,400,0.62,Violet
Amethyst,2.98,Fair,SI1,61.34,58.05,3.56,5.06,3.37,65.02,3.7,2.99,0.544,0.598,0.166,400,0.5,Green
Diamond,4.98,Premium,VS1,57.17,66.12,4.39,6.43,4.52,70.55,3.58,-0.8,0.567,0.366,0.193,450,0.34,White
Amethyst,1.53,Good,VVS2,58.33,62.98,7.31,8.1,2.33,74.73,2.83,1.63,0.49,0.553,0.325,500,0.62,Blue
Emerald,3.94,Very Good,IF,57.79,62.26,5.1,3.25,4.51,78.54,4.31,-3.03,,0.448,0.494,700,0.68,Violet
Topaz,2.99,Very Good,VVS1,63.01,67.72,4.49,4.23,5.21,60.66,4,-1.64,0.447,0.577,0.599,550,0.33,FaintYellow
Ruby,4.88,Good,VVS2,64.42,62.99,5.49,7.53,6.46,75.53,4.87,-3.46,0.275,0.302,0.151,400,0.69,FaintYellow
Diamond,4.17,Fair,VS1,59.14,62.83,3.74,9.44,4.87,64.9,4.34,-2.89,0.558,0.405,0.189,700,0.42,White
Emerald,4.99,Ideal,IF,55.77,54.14,6.88,4.81,5.19,76.79,1.33,-0.27,0.119,0.521,0.343,400,0.53,FaintYellow
Ruby,3.02,Fair,VVS2,55.94,63.76,4.98,4.05,4.68,62.95,2.66,1.47,0.214,0.186,0.283,550,0.33,Green
Topaz,1.18,Premium,SI2,59,68.26,9.07,9.47,6.28,73.39,2.43,-3.57,0.54,0.178,0.392,,0.63,Violet
Ruby,2.62,Ideal,SI1,58.95,61.53,3.23,9.06,5.64,74.78,4.34,0.29,0.43,0.308,0.406,400,0.48,Red
Topaz,3.61,Good,VVS2,56.46,68.07,5.46,9.37,4.77,70.4,1.94,-0.39,0.509,0.165,0.262,500,0.47,Blue
Amethyst,3.92,Very Good,VS1,63.07,56.79,6.85,3.87,3.5,66.89,1.44,-4.88,0.337,0.225,0.55,450,0.68,Blue
Topaz,0.2,Very Good,VS1,60,50.85,4.65,9.46,3.46,63.15,1.31,3.75,0.496,0.434,0.258,650,0.46,LightYellow
Amethyst,2.62,Fair,VVS1,56.09,58.9,3.4,7.07,5.39,62.1,3.25,0.79,0.298,0.184,0.152,550,0.58,Green
Emerald,1.33,Very Good,VVS1,55.99,50.08,3.51,7.67,6.18,75.11,2.22,-2.4,0.226,0.438,0.261,450,0.68,Blue
Topaz,4.4,Fair,VVS2,59.46,53.1,4.12,6.18,6.44,61.2,1.76,0.97,0.471,0.307,0.281,650,0.68,Green
Diamond,0.93,Premium,VS1,56.17,53.81,4.9,5.49,3.18,71.65,4.64,4.29,0.206,0.595,0.341,500,0.63,FaintYellow
Topaz,3.4,Premium,SI2,60.61,60.68,7.94,3.79,4.66,60.58,1.06,-4.8,0.228,0.524,0.5,500,0.67,Blue
Sapphire,1.48,Good,VVS2,58.85,69,6.32,4.57,5.16,69.22,2.76,4.52,,0.498,0.589,450,0.46,Red
Sapphire,1.91,Premium,SI2,64.2,50.4,3.23,7.11,3.86,62.77,2.94,1.56,0.408,0.248,0.115,500,0.54,Red
Diamond,4.71,Fair,VS2,59.19,54.73,4.09,5.22,2.49,73.01,3.16,0.39,0.318,0.495,0.449,700,0.49,FaintYellow
Sapphire,1.35,Very Good,SI1,61.14,69.39,5.58,3.84,3.29,64.9,,-1.03,0.499,0.3,0.167,450,0.5,Red
Topaz,0.66,Premium,VS1,63.11,67.63,5.94,7.97,4.32,67.01,1.03,-3.68,0.101,0.386,0.571,550,0.58,Red
,0.53,Premium,SI2,58.03,66.7,3.44,6.7,2.52,75.2,1.95,-4.82,0.147,0.331,0.581,550,0.32,LightYellow
Emerald,2.62,Fair,VS2,60.12,51.84,3.85,3.29,3.41,72.07,4.13,-0.65,0.438,0.486,0.293,400,0.65,FaintYellow
Emerald,3.28,Premium,SI2,56.21,62.88,4.84,7.71,3.16,74.46,2.36,0.51,0.202,0.373,0.197,650,0.68,FaintYellow
Ruby,1.77,Very Good,VS2,59.33,54.06,8.86,9.03,3.59,73.93,3.3,4.9,0.328,0.414,,550,0.43,LightYellow
Emerald,3.51,Very Good,,58.76,63.02,4.46,8.43,5.09,77.8,2.13,0.25,0.313,0.379,0.382,650,0.47,White
Emerald,0.49,Very Good,VVS1,59.28,58.55,4.59,9.47,4.14,75.61,1.34,2.05,0.127,0.548,0.251,450,0.67,Violet
Ruby,4.32,Very Good,VVS2,56.07,62.71,,5.37,3.69,74.63,2.01,1.32,0.544,0.573,0.251,600,,LightYellow
Topaz,4.12,Ideal,IF,58.98,58.58,9.24,3.62,3.24,61.36,4.3,3.79,0.406,0.315,0.418,450,0.66,Violet
,4.93,Very Good,IF,63.7,68.15,6.7,8,5.1,62.31,2.36,-0.13,0.202,0.354,0.42,550,0.63,LightYellow
Amethyst,4.7,Ideal,SI1,64.37,50.51,3.56,9.31,5.03,,3.2,-3.24,0.124,0.187,0.577,,0.68,White
,1.91,Very Good,SI2,57.42,53.83,4.31,5.23,4.01,66.64,1.05,-2.64,0.116,0.256,0.211,450,0.39,Blue
Sapphire,2.12,Very Good,VS1,58.01,66.66,,,3.25,70.22,3.09,-1.41,0.449,0.479,0.107,500,0.59,Violet
Ruby,3.78,Fair,SI2,55.1,64.73,9.14,8,5.64,74.58,3.9,-3.1,0.564,0.422,0.167,600,0.42,Blue
Emerald,0.84,Very Good,VVS1,56.16,53.73,8.57,8.1,5.83,66.5,3.33,2.92,0.481,0.404,0.3,550,0.61,FaintYellow
Diamond,1.71,Premium,VVS1,58.45,52.43,6.79,8.81,5.81,77.26,1.09,-1.3,0.317,0.332,0.42,600,0.62,Red
Sapphire,0.77,Very Good,,61.85,56.23,6.07,8.22,3.77,68.59,1.08,-1.19,0.588,0.302,0.468,650,0.34,Blue
Topaz,2.38,Good,IF,57.92,59.64,4.88,5.8,3.14,66.62,4.55,0,0.161,0.217,0.104,450,0.32,Blue
Diamond,2.85,Fair,VS2,55.75,50.94,6.83,5.96,5.81,70.25,1.86,-2.13,0.191,0.556,0.128,550,0.46,Violet
Emerald,1.21,Fair,SI1,62.31,66.91,7.78,8.63,6.41,70.25,3.73,-3.75,0.515,,0.443,500,0.63,Red
Diamond,0.33,Very Good,SI2,59.67,60.42,7.19,4.87,2.87,77.17,1.13,2.35,0.18,0.207,0.149,600,0.38,FaintYellow
Topaz,3.65,Good,IF,60.19,68.39,4.58,3.76,4.86,63.82,2.22,0.91,0.176,0.306,0.256,650,0.53,LightYellow
Emerald,0.3,Very Good,VVS1,58.26,56.51,9.32,4.53,3.48,70.38,2.3,-3.09,0.375,0.186,,700,0.34,LightYellow
Ruby,4.87,,IF,61.13,50.98,5.73,6.54,4.19,76.23,4.41,-4.38,0.512,0.455,0.13,400,0.35,FaintYellow
Amethyst,1.26,Fair,IF,63.91,67.43,9.19,6.99,4.58,73.36,4.22,0.38,0.293,0.432,0.488,650,0.55,Green
Topaz,3.39,Fair,SI1,,52.99,5.78,3.49,4.42,71.13,4.33,1.66,0.352,0.111,0.493,450,0.58,Violet
Sapphire,2.29,Good,VVS2,60.88,56.71,3.27,5.12,5.43,76.99,4.77,-2.66,0.58,0.256,0.584,700,0.4,Blue
Emerald,0.49,Ideal,VS1,58.74,59.29,8.17,8.25,6.37,75.47,2.49,-1.09,0.221,0.262,0.191,550,0.58,Blue
Diamond,2.47,Good,SI2,55.83,59.84,9.44,9.04,2.39,61.26,1.87,3.8,0.259,,0.542,650,0.35,Red
Amethyst,2.68,Premium,VS2,59.29,50.47,4.78,3.91,5.08,68.96,3.95,0.06,0.222,0.188,0.21,650,0.51,Red
Topaz,4.3,Good,SI2,64.25,,6.8,6.63,4.35,74.08,1.33,3.59,0.343,0.56,0.328,600,0.46,Green
Topaz,3.72,Ideal,VVS2,61.8,51.54,8.65,4.05,3.79,72.79,4.91,0.46,0.209,0.141,0.447,700,0.46,LightYellow
Emerald,0.58,Premium,VS1,59.9,56.54,5.25,8.05,4.98,66.76,3.98,1.11,0.237,0.207,0.297,450,0.32,Green
Amethyst,1.2,Premium,VVS1,61.21,69.51,5,4.1,5.99,68.78,2.14,0.82,0.568,0.113,0.197,650,0.36,FaintYellow
Diamond,1.7,Ideal,SI1,60.59,55.61,5.88,3.68,4.75,70.15,4.16,-3.64,0.205,0.596,0.3,500,0.65,Violet
Amethyst,0.76,,SI1,64.12,66.26,6.85,6.09,5.69,68.57,4.65,-4.51,0.49,0.515,0.206,400,0.69,Green
Topaz,2.39,Good,VVS2,57.24,60.21,6.87,3.66,3.33,74.83,1.61,2.18,0.32,0.439,0.171,500,0.38,LightYellow
Diamond,4.92,Premium,SI2,63.89,54.05,6.4,8.71,3.97,69.84,3.64,1.06,0.233,0.593,0.582,600,0.62,FaintYellow
Diamond,2.67,,VS1,61.88,64.44,8.74,8.79,2.78,75.95,1.57,-1.51,0.23,0.108,0.483,550,0.69,Blue
Emerald,3.76,Ideal,SI1,56.28,61.1,4.07,6.58,4.58,69.06,3.27,0.88,0.199,0.519,0.157,650,0.47,Red
Diamond,3.48,Fair,VVS2,58.72,60.66,3.6,7.01,5.33,60.84,1.73,0.46,0.318,0.442,0.128,650,0.61,FaintYellow
Topaz,4.28,Ideal,SI1,59.36,50.6,4.18,3.93,4.61,77.18,3.04,2.36,0.266,0.18,0.373,700,0.55,Violet
Topaz,1.24,Good,IF,,56.68,7.93,4.94,6.1,74.67,2.99,0.79,0.332,0.498,0.464,400,0.39,LightYellow
Topaz,3.82,Premium,IF,60.54,64.69,4.02,3.85,5.87,63.44,2.19,1.59,0.366,0.489,0.311,450,0.54,Blue
Ruby,4.43,Good,VVS2,57.59,65.92,5.26,4.5,,66.83,1.22,0.47,0.105,0.249,0.372,450,0.56,Blue
Topaz,1.02,Fair,SI2,59.58,66.3,9.16,5.76,4.58,61.29,4.15,-3.41,0.5,0.338,0.491,700,0.69,Red
Amethyst,1.86,Premium,VVS2,59.39,50.75,3.98,7.77,4.91,69.62,2.9,3.56,0.472,0.117,0.5,400,0.35,FaintYellow
Diamond,4.86,Fair,SI2,60.22,53.25,6.7,8.1,5.63,69.14,3.72,-0.98,0.257,0.103,0.51,600,,White
Sapphire,3.95,Very Good,VS2,63.46,69.71,6.54,6.11,2.34,63.62,4.49,-2.93,0.287,0.231,0.553,550,0.46,Blue
Ruby,1.56,Ideal,VVS1,62.81,53.11,3.24,5.05,5.63,63.71,2.02,4.67,0.584,0.253,0.375,500,0.64,Violet
Topaz,2.91,Very Good,IF,63.73,54.26,3.81,8.67,2.3,64.9,3.31,1.53,0.476,0.528,0.596,700,0.36,Violet
Diamond,2.14,Good,SI1,60.72,66.05,9.65,6.06,5.24,74.18,4.28,4.21,0.164,0.331,0.362,550,0.46,FaintYellow
Emerald,2.55,Very Good,VVS2,61.16,57.87,9.73,6.92,4.09,66.55,4.73,-2.55,0.139,0.571,0.388,400,0.61,Red
Ruby,1.9,Ideal,VS1,59.3,52.33,9.12,4.87,3.07,71.6,1.27,1.49,0.581,0.429,0.268,600,0.42,White
Emerald,1.54,Premium,SI1,62.17,52.5,6.02,3.47,5.18,64.8,1.6,-0.68,0.459,0.412,0.328,550,0.43,Violet
Diamond,3.44,Fair,VVS1,57.05,51.68,7.15,4.15,5.92,77.21,1.49,-4.57,0.553,0.261,0.213,700,0.68,Green
Ruby,3.94,Premium,VS1,59.75,53.61,8.77,7.99,5.73,73.89,1.43,-0.26,0.316,0.216,0.545,700,0.35,Violet
,4.39,,SI1,62.14,59.94,7.73,4.94,2.87,79.76,4.69,-1.56,0.321,0.331,0.311,700,0.51,FaintYellow
Emerald,0.95,Good,VVS1,62.78,50.3,9.27,3.88,4.72,77.36,3.56,-4.12,0.101,0.474,0.451,450,0.53,Violet
Sapphire,4.15,Very Good,VS1,57.48,52.34,5.21,7.49,4.98,62.7,4.5,2.5,0.595,0.284,0.433,500,0.51,Violet
Amethyst,1.42,Ideal,IF,56.82,68.14,7.37,6.35,2.24,74.13,2.72,0.49,0.48,0.519,0.363,500,0.48,Green
Emerald,2.25,,VVS2,57.89,67.53,6.97,3.16,3.48,65.71,4.57,-4.67,0.262,0.451,0.556,600,0.59,LightYellow
Ruby,4.53,Good,SI2,64.2,66.66,9.89,9.94,2.47,71.89,3.55,-2.57,0.353,0.179,0.447,500,0.69,White
Amethyst,2.38,Premium,SI1,56.29,64.13,9.15,5.68,3.88,72.95,4.19,4.68,0.248,0.271,,400,0.35,LightYellow
Topaz,,Ideal,VVS2,64.53,63.23,4.16,7.59,5.27,75.06,3.31,2.2,0.143,0.123,0.562,450,0.42,White
Emerald,0.97,Ideal,VS2,64.95,55.51,3.41,9.89,5.62,70.17,2.19,4.24,0.392,0.294,0.562,700,0.46,FaintYellow
Amethyst,2.47,Good,SI1,62.83,56.7,6.12,7.44,5.43,67.47,3.26,0.58,0.376,0.342,0.286,450,0.48,Green
Sapphire,3.86,Premium,VVS2,62.6,54.72,6.82,5.18,3.22,78.91,3.91,3.29,0.347,0.515,0.382,450,0.64,Green
Amethyst,4.99,Very Good,SI2,64.53,69.61,8.53,6.42,2.67,66.7,3.67,0.09,0.6,0.305,0.511,450,0.58,White
Amethyst,3.98,Fair,SI1,57.91,62.69,4.12,3.72,5.93,65.86,2.86,-0.14,0.551,0.41,0.477,450,0.68,FaintYellow
Topaz,4.41,Good,IF,56.29,69.32,9.44,4.18,5.34,66.26,1.09,-3.01,0.412,0.279,0.354,700,0.44,FaintYellow
Topaz,3.79,Premium,VVS1,63.23,55.44,7,5.18,5.4,76.49,3.32,2.88,0.257,0.443,0.566,700,0.47,Blue
Diamond,4.5,Fair,VVS1,56.71,62.42,8.9,3.59,3.22,72.7,4.7,0.11,0.173,0.187,0.302,450,0.44,LightYellow
Ruby,0.57,Good,VVS2,55.45,65.18,8.86,3.79,4.57,63.68,4.7,-3.16,0.522,0.209,0.104,650,0.34,Green
Topaz,4.66,Very Good,VS1,56.96,51.89,9.66,8.88,6.04,63.9,4.44,-0.58,0.179,0.53,0.57,500,0.49,Violet
Diamond,2.1,Very Good,VVS2,59.38,63.34,7.61,4.75,5.75,62.24,3.48,-0.28,0.129,0.278,0.144,700,0.54,Red
Emerald,4.62,Premium,SI1,59.95,53.38,8.49,5.26,3.2,68.39,3.04,-4.64,0.457,0.225,0.509,550,0.49,Red
Amethyst,0.56,Premium,VVS1,55.63,56.56,8.74,4.22,6.28,69.53,1.09,2.36,0.227,0.106,0.504,600,0.63,Green
Amethyst,3.63,Very Good,SI2,59.43,64.32,6.28,5.83,3.7,67.01,2.4,,0.549,0.459,0.373,450,0.42,Red
Amethyst,3.73,Very Good,SI1,61.04,58.8,6.03,7.88,4.58,67.86,4.41,0.57,,0.334,0.594,650,0.66,LightYellow
Ruby,4.99,Good,VS2,64.32,68.42,9.63,9.62,5.29,72.21,1.63,1.45,0.387,0.187,0.369,600,0.37,White
Ruby,3.89,Premium,VVS1,57.27,54.82,3.47,6.77,3.13,70.94,4.23,-4.56,0.47,0.537,0.382,450,0.56,LightYellow
Diamond,2.04,Fair,VS1,57.11,53.08,9.67,5.1,3.77,68.78,2.09,-1.75,0.159,0.499,0.186,400,0.48,Blue
Amethyst,2.87,Very Good,VS1,58.89,56.74,7.05,6.57,6.18,69.93,3.19,2.7,0.405,0.239,0.161,500,0.5,FaintYellow
Ruby,1.96,Fair,VS2,64.84,67.04,,3.89,2.34,75.85,2.17,-3.56,0.35,0.211,0.279,600,0.45,Violet
Topaz,,Premium,SI1,58.36,66.95,6.9,7.74,2.09,70.32,2.09,-0.06,0.226,0.308,0.502,700,0.37,White
Sapphire,1.39,Premium,SI1,55.44,57.39,7.46,5.3,6.34,79.16,4.49,,0.548,0.282,0.346,450,0.37,White
Diamond,1.27,Ideal,SI1,57.66,66.2,3.78,9.61,5.94,71.05,3.76,4.6,0.538,0.179,0.513,600,0.34,Violet
Emerald,2.83,Very Good,SI2,60.58,51.56,7.69,7.61,5.6,66.54,1.86,-2.68,0.51,0.591,0.239,500,0.39,FaintYellow
,4.55,Premium,VS1,59.13,50.15,9.32,6.33,3.5,78.87,2.91,-0.6,0.537,0.267,0.202,,0.31,Blue
Ruby,4.58,Premium,VVS2,62.74,67.3,9.8,4.61,3.69,61.96,3.05,-0.78,0.566,0.365,0.273,500,0.32,Green
Diamond,0.46,Very Good,VVS2,61.07,67.48,7.2,3.64,6.04,77.47,3.92,0.99,0.379,0.471,0.519,600,0.45,White
Diamond,0.58,Ideal,SI2,60.59,52.87,5.29,4.32,6.39,62.44,3.72,-1.72,0.359,0.564,0.452,500,0.3,LightYellow
Amethyst,1.38,Ideal,SI2,58.23,55.95,6.94,6.99,2.28,72.85,3.7,-0.2,0.573,0.175,0.451,600,0.66,
Emerald,,Ideal,SI2,60.52,67.01,3.02,6.64,4.11,77.77,2.52,4.22,0.547,0.171,0.424,600,0.65,LightYellow
Amethyst,0.66,Ideal,VVS1,61.16,51.68,9.43,3.07,3.8,62.12,1.93,-4.42,0.394,0.403,0.234,450,0.59,Violet
Diamond,2.06,Good,IF,56.79,67.26,8.49,8.21,5.32,79.99,3.01,-4.85,0.165,0.23,0.538,450,0.65,LightYellow
Sapphire,3.02,Very Good,VVS2,62.36,61.49,4.17,3.28,,69.64,4.02,4.97,0.48,0.433,0.327,500,0.67,White
Sapphire,2.98,Very Good,VVS2,58.93,63.15,7.27,3.55,2.35,69.81,4.59,-0.32,0.187,0.179,0.226,700,0.44,FaintYellow
Topaz,2.81,Very Good,SI1,62.42,61.9,3.14,7.98,2.75,66.86,3.93,-1.68,0.528,0.389,0.148,600,0.46,Red
Topaz,1.83,Ideal,SI2,56.78,61.65,4.51,7.52,3.38,67.9,2.58,-2.84,0.449,0.466,0.593,,0.67,FaintYellow
,3.59,Ideal,SI1,61.57,53.7,4.19,4.51,5.54,69.1,4.83,1.8,0.37,0.461,0.302,650,0.52,LightYellow
Sapphire,4.17,Premium,SI2,55.27,54.72,4.09,7.64,5.48,63.58,4.47,1.26,0.576,0.464,0.451,700,0.55,Blue
Ruby,1.86,Good,VS2,56.59,61.6,6.86,3.13,5.47,69.72,4.62,-2.38,0.433,0.425,0.565,450,,LightYellow
Sapphire,0.61,Very Good,VVS2,63.91,58.03,9.75,4.95,5.5,71.94,2.13,-2.57,0.215,0.596,0.116,550,0.7,Blue
Ruby,1.62,,,59.61,60.83,3.91,8.32,,60.51,4.93,3.33,0.233,0.581,0.548,450,0.54,FaintYellow
Emerald,0.86,Very Good,VVS1,60.08,55.07,9.11,6.32,4.77,74.9,2.08,2.39,0.187,0.148,0.555,450,0.64,
Emerald,2.44,Ideal,SI2,64.08,59.28,3.58,8.99,2.65,71.22,1.65,2.64,0.543,0.285,0.21,700,0.66,LightYellow
Topaz,0.95,Ideal,SI1,59.85,52.87,3.58,4.01,3.01,62.19,1.85,-0.44,0.242,0.505,0.265,600,0.69,Green
Amethyst,,Very Good,VS2,61.55,50.77,7.4,9.04,3.46,76.85,3.6,-1.9,0.577,0.329,0.542,550,0.39,LightYellow
Topaz,1.26,Fair,VVS2,57.22,69.02,7.02,6.4,4.31,69.94,2.6,-0.02,0.328,0.248,,700,0.5,Green
Topaz,3.75,Ideal,VVS1,55.82,64.46,5.41,3.71,2.83,68.51,1.64,0.94,0.532,0.544,0.514,650,0.46,Green
Amethyst,0.33,Premium,VS2,58.53,59.96,6.73,3.33,5.94,67.66,3.99,2.23,0.321,0.294,0.103,550,0.3,LightYellow
Emerald,2.86,Ideal,IF,62.99,61.02,8.28,3.01,4.8,75.7,1.56,-0.41,0.579,0.113,0.34,550,0.35,Violet
Emerald,1.01,Premium,SI1,59.47,60.22,8.41,7.46,4.42,61.62,1.29,,0.494,0.329,0.365,650,0.33,LightYellow
Amethyst,0.2,Good,VVS1,56.68,67.98,3.08,4.55,2.07,74.11,4.43,0.21,0.569,0.302,0.415,650,0.58,LightYellow
Ruby,4.37,Ideal,VVS2,60.45,65.47,3.55,4.02,4.53,72.74,3.17,-3.39,0.513,0.21,0.301,700,0.69,FaintYellow
Topaz,3.42,Ideal,VS2,57.64,56.5,3.02,7.21,6.12,68.47,3.55,-4.24,0.435,0.28,0.108,550,0.4,Green
Topaz,0.67,Good,IF,64.47,54.36,3.11,5.86,3.01,79.03,5,0.61,0.548,0.162,0.353,450,0.65,FaintYellow
Amethyst,3.39,Premium,VVS1,60.77,51.33,8.88,6.15,2.99,71.01,4.82,-0.37,,0.387,0.379,500,0.67,LightYellow
Emerald,3.14,Fair,IF,64.83,52.96,3.58,3.94,6.12,71.92,2.66,-1.19,0.311,0.31,0.28,500,0.46,Red
Emerald,2.47,Premium,VVS1,55.43,59.8,7.98,4.77,5.75,75.26,2.97,0.7,0.326,0.153,0.553,450,0.36,Green
Ruby,2.21,Very Good,VVS2,55.12,54.05,9.86,3.69,5.06,72.51,1.24,2.01,,0.597,0.247,650,0.68,Green
Diamond,4.46,Very Good,VVS1,,56.25,8.75,5.34,5.3,76.86,2.95,-2.68,0.373,0.588,0.122,400,0.69,Blue
Ruby,1.38,Very Good,VVS2,63.62,52.67,3.46,5.16,2.27,64.58,2.12,0.45,0.365,0.528,0.527,400,0.68,LightYellow
Ruby,2.11,Good,VVS1,60.24,68.46,9.26,8.44,5.43,75.71,4.03,-2.81,0.24,0.224,0.597,550,0.34,LightYellow
Sapphire,1.78,Premium,SI2,63.76,50.67,9.71,9.91,5.35,61.27,2.45,1.4,0.373,0.148,0.509,500,0.31,White
Amethyst,3.9,Ideal,VS2,56.31,57.04,7.94,9.99,2.22,73.66,1.05,0.56,0.556,0.295,0.206,550,0.46,LightYellow
Sapphire,4.6,Very Good,VVS1,61.99,55.16,7.31,5.7,5.55,79.71,3.85,2,0.496,0.487,0.192,550,0.63,Green
,4.28,Premium,VVS1,61.6,50.17,7.21,8.55,4.88,73.75,1.82,3.36,0.472,0.535,0.143,700,0.51,LightYellow
Diamond,4.03,Ideal,VS1,60.45,68.57,8.74,4.95,4.57,66.59,2.1,-1.74,0.446,0.296,0.54,600,0.46,White
Sapphire,4.94,Premium,VS1,59.05,56.27,6.87,4,,70.13,,3.93,0.303,0.306,0.472,550,0.56,White
Amethyst,3.55,Good,VVS1,61.47,60.05,5.34,7.48,4.31,79.86,4.12,-4.23,0.498,0.104,0.568,450,0.61,Green
Diamond,3.81,Very Good,,60.5,61.65,9.79,6.34,3.05,69.58,1.98,1.36,0.26,0.525,0.43,700,0.45,Red
Amethyst,4.92,Fair,VVS2,57.73,62.21,3.34,7.16,2.01,75.76,4.05,-1.94,0.521,0.289,0.121,650,0.33,Red
Amethyst,0.23,Very Good,VS1,56.05,59.21,7.66,5.56,6.32,63.65,1.1,2.47,0.582,0.593,0.258,650,0.68,Red
Topaz,3.24,Very Good,VVS1,58.87,61.88,7.1,5.11,4.08,76.82,3.58,-4.92,0.263,0.273,0.403,550,0.52,White
Emerald,3.75,Good,SI1,60.12,65.04,7.47,9.49,2.2,63.53,1.48,3.3,0.465,0.101,0.35,700,0.37,Red
Emerald,4.61,Ideal,IF,60.09,69.04,7.5,9.18,3.49,79.87,2.69,3.33,0.544,0.209,0.144,500,0.38,LightYellow
Ruby,4.44,Very Good,SI1,59.26,63.14,3.86,3.87,3.68,62.16,2.24,-0.17,0.366,0.371,0.115,450,0.58,FaintYellow
Topaz,4.24,Ideal,SI1,58.27,59.24,3.93,7.57,5.92,67.63,4.12,4.29,0.495,0.5,0.244,450,0.3,FaintYellow
Emerald,4.74,Ideal,,58.5,58.89,3.47,5.5,3.54,74.05,4.17,-0.83,0.403,0.112,0.444,600,0.6,Red
Emerald,2.78,Good,SI1,57.66,64.2,9.57,6.97,5.96,74.9,4.41,4.05,0.532,0.107,0.573,450,0.69,Green
Amethyst,0.23,Very Good,IF,60.8,62.54,7.27,4.45,3.99,66.13,1.06,-4.99,0.541,0.235,0.428,400,0.54,Red
Amethyst,0.25,Good,VVS1,63.5,58.41,3.54,8.07,2.75,71.96,4.4,-0.93,0.423,0.19,0.115,450,0.6,Violet
Topaz,2.81,Good,VVS1,63.8,56.72,6.04,5.17,3.29,61.7,1.97,-4.41,0.229,0.343,0.521,700,0.63,White
Topaz,2.29,Fair,IF,64.94,,5.52,7.82,5.82,60.72,4.34,-3.09,0.406,0.549,0.131,600,0.57,Green
Amethyst,2.37,Good,SI2,55.89,65.34,4.04,4,2.72,62.75,4.35,-0.61,0.247,0.216,0.461,600,0.51,Green
Diamond,2.12,Fair,SI2,57.14,54.14,8.75,3.94,4.77,67.94,1.89,1.82,0.111,0.282,0.323,550,0.62,Violet
Ruby,4.61,,VS2,62.3,55.84,8.43,5.43,5.26,,1.98,-1.9,0.596,0.462,0.227,400,0.38,LightYellow
Sapphire,1.92,Ideal,VS1,61.45,67.87,6.25,9.98,3.4,61.98,1.65,-2.68,0.321,0.376,0.427,400,0.58,LightYellow
Amethyst,4.31,Premium,VS2,56.34,63.22,6.66,9.03,5.62,68.79,1.71,3.51,0.33,0.192,0.453,650,0.4,White
Sapphire,4.53,Premium,VVS2,,56.22,6.06,7.35,3.41,78.21,4.82,-4.45,0.374,0.24,0.356,450,0.65,Blue
Emerald,2.6,Ideal,SI1,59.06,57.28,6.86,5.16,3.22,71.89,2.54,3.45,0.478,0.483,0.499,600,0.66,Violet
Amethyst,2.35,Very Good,SI2,64.57,57.58,8.13,4.15,2.34,66.16,1.16,-4.74,0.479,0.157,0.219,500,0.54,LightYellow
Amethyst,3.85,Premium,SI1,63.55,53.73,9.13,8.21,4.63,63.76,2.32,-4.9,0.376,0.12,0.268,700,0.51,Violet
Ruby,3.6,Good,IF,55.73,60.22,7.15,4.43,4.4,70.25,1.19,4.36,0.507,0.505,0.423,550,0.47,Red
Sapphire,1.78,Premium,IF,55.9,65.31,3.88,5.88,4.98,64.8,4.93,-1.59,0.206,0.121,0.338,500,0.69,Green
Diamond,0.69,Ideal,VS2,59.17,61.28,8.4,6.7,4.11,78.85,3.66,-3.35,0.524,0.237,0.14,450,0.31,FaintYellow
Amethyst,1.47,Very Good,VVS2,55.08,63.12,5.61,3.65,2.93,66.55,3.05,-3.15,0.159,0.39,0.162,550,0.45,Red
Ruby,0.83,Ideal,VS2,55.94,61.91,7.41,8.46,2.47,60.9,1.45,1.47,0.428,0.11,0.489,700,0.38,White
Emerald,1.61,Very Good,VVS2,64.33,51.18,4.39,9.59,4.25,75.67,2.07,3.26,,0.549,0.469,550,0.42,Green
,1.46,Premium,VVS1,62.92,53.76,4.14,4.03,4.42,75.83,4.08,-0.5,0.594,0.558,0.506,400,0.51,White
Ruby,3.26,Good,SI1,61.73,57.01,3.37,9.07,6.2,77.8,4.61,-2.74,,0.294,0.159,400,0.59,Violet
Diamond,4.78,Good,VVS1,63.3,67.78,5.2,6.39,4.23,76.38,4.28,-1.87,0.559,0.522,0.264,450,0.54,Green
Amethyst,,Ideal,IF,57.5,56.97,7.18,3.95,6.2,65.94,3.67,-3.01,0.383,0.11,0.489,450,0.62,Blue
Sapphire,4.65,Very Good,VVS1,62.26,56.54,5.23,7.25,4.86,75.24,3.17,-3.09,0.597,,0.24,600,0.6,LightYellow
Topaz,3.96,,VS2,61.16,51.61,,9.51,2.68,77.17,2.86,0.59,0.368,0.203,0.112,550,0.39,Blue
Sapphire,3.69,Very Good,VVS2,63.49,69.44,9.96,9.7,2.39,76.91,1.63,0.26,0.31,0.235,0.495,650,0.41,White
Sapphire,2.19,Very Good,IF,57.83,65.57,9.99,8.04,6.33,69.09,1.47,1.74,0.478,,0.275,550,0.42,White
Diamond,1.76,Very Good,VVS1,62.64,65.32,7.23,6.46,2.92,74.05,4.23,-3.25,0.152,0.585,0.355,500,0.43,FaintYellow
Sapphire,4.26,Premium,IF,63.53,57.67,5.27,4.31,3.56,78.59,4.16,-4.6,0.23,,0.133,650,0.53,White
Amethyst,4.55,Very Good,IF,60.49,51.57,9.03,7.2,2.16,72.51,1.07,0.67,0.381,0.523,0.246,650,0.67,Green
Topaz,2.37,Good,VVS2,59.14,55.27,8.16,7.29,3.24,66.43,3.08,,0.302,0.484,0.515,700,0.62,Green
Sapphire,0.24,Ideal,VS2,64.49,67.06,7.31,3.78,6.3,61.62,1.61,2.12,0.345,0.29,0.155,600,0.53,Green
Topaz,4,Fair,SI1,56.69,53.61,9.36,4.78,2.41,62.24,4.07,-2.8,0.527,0.384,0.448,500,0.42,FaintYellow
Amethyst,1.57,Very Good,,55.36,67.88,6.12,5.15,,69.61,1.73,,0.198,0.277,0.282,500,0.33,LightYellow
Emerald,0.25,Good,VS1,56.79,60.72,4.79,9.02,2.29,72.1,3.05,-2.84,0.156,0.221,0.286,450,0.58,Blue
Diamond,4.06,Good,VS2,61.83,64.29,9.77,7.08,4.93,63.58,3.69,-3.31,0.334,0.167,0.183,600,0.32,Red
Topaz,2.68,,VVS1,62.89,59.07,9.02,4.71,4.23,63.75,2.56,3.77,0.209,0.43,0.108,550,0.34,Blue
Ruby,3.49,Ideal,VS1,62.17,68.65,9.38,5.17,5.29,62.32,3.68,-3.48,0.109,0.191,0.333,650,0.67,Green
Ruby,4.59,Fair,VS1,59.2,54.79,9.43,4.02,5.5,66.37,4.66,1.97,0.458,0.534,0.592,400,0.38,Blue
Sapphire,2.8,Fair,VS1,64.68,61.45,5.68,3.31,5.05,71.58,3.88,-1.49,0.314,0.398,0.517,650,0.59,FaintYellow
Ruby,2.62,Fair,VS1,59.44,51.38,9.03,6.57,2.88,73.71,2.29,-2.41,0.458,0.442,0.335,500,0.48,Green
,1.6,Premium,VS2,64.81,59.61,9.22,3.22,,78.22,2.41,4.33,0.203,0.409,0.404,450,0.47,White
Diamond,1.66,Premium,SI2,64.18,69.45,6.83,9.94,4.78,71.93,2.34,3.84,0.251,0.422,0.422,450,0.34,Green
Diamond,4.02,Good,VS1,59.07,51.76,7.38,8.41,5.83,64.62,2.92,-2.74,0.426,0.548,0.537,600,0.53,White
Topaz,2.36,Ideal,VVS1,56.61,60.13,7.04,8.45,2.51,74.55,1.36,-0.88,0.436,0.262,0.393,700,0.62,White
Topaz,0.98,Very Good,VVS1,55.9,62.05,3.11,8.28,4.72,77.86,1.08,2.05,0.474,0.456,0.564,700,0.49,Violet
Ruby,0.65,Ideal,IF,60.31,68.63,6.75,7.49,2.93,64.2,2.24,3.13,0.152,0.183,0.446,400,0.51,LightYellow
Amethyst,2.47,Premium,SI2,62.63,55.95,3.26,3.49,4.99,,4.27,-0.62,0.512,0.421,0.188,700,0.51,Violet
Topaz,2.43,Good,SI2,56.76,60.06,6.16,6.19,4.33,76.14,4.47,4.14,0.394,0.303,0.362,450,0.35,Blue
Diamond,3.34,Very Good,VVS1,58.18,69.74,3.32,4.95,2.85,66.13,3.99,-0.83,0.16,0.523,0.238,600,0.36,Violet
Ruby,2.46,Fair,SI1,61.31,65.38,6.19,5.09,2.55,70,1.74,-3.93,0.319,0.273,0.421,550,0.48,LightYellow
Amethyst,0.89,Fair,IF,59.61,66.21,5.13,5.59,5.14,68.3,2.97,4.83,0.289,0.528,,700,0.58,Green
Emerald,2.64,Premium,VVS1,61.04,65.61,8.42,5.24,5.68,65.01,3.03,4.3,0.186,0.329,0.539,550,0.55,FaintYellow
Sapphire,4.55,Good,VS1,61.76,60.3,6.35,7.64,3.67,70.31,1.77,2.73,0.536,0.548,0.349,550,0.44,Violet
Sapphire,0.97,Ideal,VVS2,58.81,58.69,6.58,3.05,4.8,77.49,2.47,3.92,0.377,0.6,0.29,650,0.46,LightYellow
Emerald,3.51,Premium,VS1,62.86,55.1,9.33,5.56,5.63,61.42,2.18,1.47,0.329,0.59,0.422,700,0.69,White
Diamond,3.05,Ideal,VS2,62.03,59.32,6.38,9.61,5.26,78.23,2.01,-0.98,0.185,0.32,0.444,450,0.46,Green
Amethyst,3.79,Very Good,IF,61.88,50.41,4.09,4.81,5.28,61.11,2.62,-1.25,0.403,0.583,0.563,400,0.4,Violet
Diamond,0.92,Ideal,VVS2,56.49,51.94,3.79,7.35,4.51,68.92,2.27,-1.94,0.161,0.525,0.167,650,0.45,Violet
Amethyst,4.72,Very Good,SI2,59.74,55.75,5.14,6.92,2.62,60.53,4.71,1.85,0.364,0.106,0.115,600,0.54,LightYellow
Sapphire,3.18,Good,VVS1,,56.67,4.86,6.42,6.26,74.46,3.52,-2.03,0.259,0.263,0.384,600,0.35,Red
Amethyst,4.27,Premium,VS1,57.26,64.15,8.73,3.86,3.38,62.26,3.32,-1.58,0.389,0.145,0.571,400,0.38,White
Topaz,1.38,Ideal,SI2,62.59,53.43,8.31,8.85,2.51,76.7,2.67,-0.01,0.44,0.167,0.456,450,0.36,Green
Sapphire,3.75,Good,IF,56.21,65.92,3.41,6.97,,77.97,2.82,-0.54,0.574,0.555,0.343,500,0.52,Red
Amethyst,,Good,IF,56.5,66.02,4.41,6.77,5.97,68.06,2.8,-4.51,0.406,0.251,0.134,650,0.45,FaintYellow
Topaz,2.11,Ideal,SI2,59.13,61.74,6.14,9.64,5.94,79.72,1.07,-0.7,0.269,0.39,0.577,450,0.64,
Emerald,2.04,Fair,VVS1,56.35,59.83,3.61,3.58,4.32,67.95,4.83,-0.11,0.519,0.329,0.37,600,0.39,LightYellow
Ruby,3.36,Fair,IF,55.12,59.35,4.16,6.44,3.39,69.15,3.86,0.57,0.44,0.561,0.179,500,0.57,Blue
Ruby,0.65,Very Good,VVS1,59.11,58.41,9.36,7.94,5.65,68.39,3.19,3.69,0.309,0.217,0.58,700,0.54,Green
Sapphire,3.73,Good,SI2,61.49,51.77,6.79,8.58,6.17,70.89,1.95,-1.52,0.128,0.321,0.106,600,0.31,LightYellow
Diamond,0.41,Premium,VVS1,59.95,63.11,8.58,3.01,2.05,78.39,1.02,2.01,0.51,0.143,0.557,700,0.44,Violet
Diamond,1.11,Premium,VS1,55.52,61.55,5.31,7.78,6.08,62.16,2.11,4.17,0.466,0.415,0.314,700,0.37,Green
Amethyst,3.39,Good,IF,57.32,50.32,5.62,9.69,3.06,67.89,4.13,4.31,0.332,0.543,0.561,500,0.43,White
Sapphire,0.67,Fair,SI2,60.24,54.05,9.01,8.11,5.58,67.13,4.88,4.39,0.382,0.253,0.175,700,0.39,Red
Topaz,,Good,VS2,62.38,58.73,7.6,5.93,5.65,62,4.04,3.4,0.487,0.497,0.413,,0.6,LightYellow
Sapphire,,Very Good,VS2,62.94,68.03,7.75,9.13,4.53,75.52,2.73,0.56,0.337,0.168,0.386,650,0.69,White
Emerald,3.21,Good,VS1,60.19,69.81,7.47,9.15,3.97,62.77,4.39,2.07,0.426,0.333,0.262,,0.39,Green
Diamond,4.13,Ideal,SI2,61.46,65.03,6.79,7.82,3.01,60.94,4.98,-4.31,0.34,0.239,0.252,500,0.61,Red
Sapphire,4.46,Fair,VS1,64.03,64.99,9.94,7.66,3.08,79.47,2.23,-3.13,0.412,0.434,0.23,600,0.3,White
Topaz,1.45,Ideal,VVS1,55.65,58.31,9.26,5.41,4.24,73.95,2.64,4.9,0.355,0.445,0.324,450,0.33,Red
Amethyst,4.28,Ideal,SI2,55.99,61.42,7.98,4.7,2.64,74.59,2.73,-4.75,0.232,0.304,0.357,650,0.45,LightYellow
Emerald,1.14,Good,VS2,59.58,54.66,7.75,7.41,5.05,71.5,2.53,-4.7,0.415,0.267,0.202,550,0.39,Blue
Amethyst,2.18,Good,IF,61.1,64.76,3.59,3.06,2.14,63.43,3.58,-2.62,0.339,0.488,0.413,700,0.39,FaintYellow
Diamond,2.88,Premium,VS2,55.05,51.2,6.4,8.9,2.12,70.68,4.49,0.64,0.235,0.371,0.114,650,0.42,LightYellow
Diamond,,Ideal,VS1,59.53,58.34,6.47,9.32,4.3,75.53,4.46,-3.01,0.535,0.373,0.42,500,0.62,
Diamond,0.34,Good,VS1,56.73,66.63,3.36,4.15,3.2,74.17,1.41,-3.98,0.275,0.495,,550,0.36,Blue
Amethyst,1.59,Premium,SI2,61.45,69.6,8.29,7.01,4.15,72.84,1.12,-3.54,0.257,0.411,0.551,450,0.42,Green
Diamond,3.12,Ideal,SI2,57.68,63.93,3.01,4.25,4.51,61.65,2.74,-0.37,0.125,0.175,0.496,500,0.61,FaintYellow
Amethyst,1.92,Premium,SI2,64.02,53.95,5.98,6.46,3.4,72.95,1.57,0.29,0.17,0.154,0.194,400,0.62,Red
Ruby,3.92,Fair,SI2,55.64,61.42,9.32,7.47,5.96,61.34,1.28,-2.49,0.305,0.229,0.271,600,0.32,Red
Diamond,3.33,Very Good,VVS1,63.09,61.21,5.38,5.73,4.23,78.35,1.43,4.54,0.385,,0.329,500,0.46,LightYellow
Diamond,1.33,Ideal,IF,58.92,69.32,7.08,9.26,5.7,77.08,3.54,3.1,0.134,0.235,0.197,700,0.48,White
Sapphire,0.9,Good,VS1,63.57,66.8,5.16,9.24,6.02,60.47,2.4,-0.3,0.397,0.219,0.375,500,0.69,Red
Amethyst,3.22,Fair,SI1,63.15,50.98,4.25,6.72,6,,3.53,-3.34,0.387,0.13,0.347,700,0.57,Red
Ruby,2.36,Premium,IF,57.39,54.4,8.11,7.06,2.3,71.38,1.19,3.91,,0.358,0.396,700,0.39,Red
Sapphire,1.01,Very Good,VS2,55.51,66.84,,3.02,2.2,60.9,4.73,-3.46,0.429,0.11,0.474,700,0.42,LightYellow
Diamond,1.77,Ideal,VVS1,61.96,69.45,3.51,5.37,4.66,78.19,4.87,1.84,0.49,0.358,0.318,650,0.58,Blue
Diamond,1.65,Very Good,SI2,57.04,55.89,6.05,8.33,3.85,77.97,4.74,1.25,0.455,0.169,0.275,450,0.57,FaintYellow
Emerald,0.72,Fair,VS2,64.31,63.81,7.96,9.96,5.47,63.38,1.95,3.81,0.264,0.537,0.353,550,0.33,LightYellow
Sapphire,2.83,Very Good,SI2,55.67,56.16,7.06,9.62,6.29,78.41,4.44,-1.82,0.125,0.297,0.566,550,0.63,FaintYellow
Amethyst,3.87,Ideal,SI1,58.24,50.82,4.71,3.66,2.3,74.06,2.55,-2.52,0.385,0.487,0.35,700,0.61,White
Amethyst,2.96,Fair,VS1,55.13,66.59,8.72,5.92,4.84,69.24,3.79,-0.76,0.441,0.224,0.545,600,0.42,Green
Diamond,4.17,Premium,VS1,58.17,64.78,3.68,3.38,4.72,69.19,1.76,3.82,0.527,0.596,0.162,600,0.4,LightYellow
Diamond,0.81,Ideal,IF,60.41,51.07,7.69,8.86,5.91,66.3,2.69,-3.64,0.117,0.328,0.491,,0.36,Red
Topaz,2.29,Very Good,SI2,61.55,52.91,7.25,8.11,3.41,71.72,4.58,4.47,0.243,0.443,0.237,700,0.48,FaintYellow
Ruby,3.13,Ideal,VS1,62.26,69.99,9.29,9.45,4.32,72.03,2.83,1.62,0.105,0.554,0.232,600,0.45,White
Diamond,,Fair,SI1,63.33,63.02,6.69,6.51,6.23,63.4,4.72,-4.25,0.303,0.247,0.598,700,0.3,LightYellow
Diamond,3.54,Very Good,IF,56.11,66.01,8.73,3.72,6.48,69.68,2.43,1.05,0.218,0.3,0.158,550,0.64,Red
Amethyst,3.7,Premium,SI1,62.62,57.77,4.51,7.09,4.55,62.21,3.38,0.3,0.137,0.427,0.241,550,0.43,White
Ruby,3.33,Good,VVS2,57.78,60.36,6.82,9.07,2.94,75.46,2.77,1.29,0.479,0.18,,400,0.37,White
Ruby,0.65,Premium,VS1,56.38,62.4,6.73,3.35,5.57,75.9,1.52,-0.06,0.423,0.451,0.11,450,0.49,LightYellow
Diamond,3.54,Ideal,VS2,57.66,66.12,5.07,8.7,3.69,77.11,2.92,2.98,0.312,0.507,0.349,650,0.63,Red
Diamond,3.68,Good,VS2,63.58,56.78,3.04,7.37,6.11,60.91,2.44,3.38,0.182,0.401,0.218,400,0.63,Green
Emerald,4.97,Fair,IF,61.27,63.45,8.21,3.93,5.58,73.33,1.79,0.58,0.375,0.26,0.535,400,0.44,LightYellow
Sapphire,3.53,Very Good,SI1,60.97,65.51,5.78,7.61,6.23,77.52,2.69,-4.07,0.213,0.411,0.125,400,0.55,Red
Emerald,3.5,Very Good,SI1,60.85,66.1,5.1,3.43,2.97,66.71,2.13,0.02,0.207,0.544,0.303,400,0.58,White
Sapphire,2.67,Fair,SI1,59.09,59.98,4.36,4.22,3.87,75.85,2.03,-4.05,0.334,0.227,0.427,450,0.34,Green
Emerald,4.37,Ideal,SI1,59.17,59.47,8.96,3.41,3.12,60.11,4.44,-4.77,0.219,0.535,0.461,650,0.39,FaintYellow
Ruby,4.98,Premium,VVS2,,52.09,5.34,7.09,6.23,73.31,4.07,-0.69,0.37,0.467,0.482,550,0.46,FaintYellow
Ruby,3.94,Good,VS1,58.33,,4.43,5.01,5.31,64.81,3.71,4.7,0.119,0.321,0.55,550,0.37,Blue
Amethyst,3.14,Fair,SI1,60.12,64.04,6.66,5.02,2.11,61.56,2.46,-3.29,0.225,0.599,0.572,500,0.68,Violet
Ruby,0.58,Ideal,VVS1,61.06,68.41,8.47,7.53,3.26,70,1.92,3.04,0.448,0.17,0.446,550,0.64,White
Emerald,3.69,Ideal,VVS1,55.72,,7.22,3.77,5.32,67.33,3.53,-4.9,0.182,0.317,0.432,550,0.64,Green
Topaz,3.6,Good,SI2,58.34,69.38,9.72,7.43,5.07,71.93,2.12,-4.08,0.411,0.451,0.367,550,0.59,LightYellow
Emerald,3.92,Fair,SI2,58.39,54.68,9.7,7.89,2.17,77.12,4,3.38,0.11,0.107,0.317,450,0.69,LightYellow
Amethyst,0.8,Premium,VS2,60.15,53.52,9.32,9,3.73,67.84,2.93,-1.19,0.425,0.547,0.587,650,0.56,Violet
Emerald,3.34,Premium,VS1,62.1,52.29,6.96,7.7,5.57,78.53,,4.69,0.428,0.275,0.43,450,0.32,LightYellow
Sapphire,1.62,Fair,VVS1,61.35,69.8,8.38,7.57,3.53,65.37,4.59,-4.38,0.244,0.201,0.405,700,0.7,Green
Amethyst,3.85,Very Good,IF,60.71,61.22,5.02,7.6,3.08,75.56,2.77,-1.65,0.462,0.254,0.247,700,0.41,FaintYellow
Emerald,1.35,Premium,VS1,57.91,55.41,7.03,3.29,,72.81,4.82,0.83,0.193,0.199,0.291,550,0.58,White
Emerald,3.48,Very Good,VS2,63.39,56.35,3.47,6.09,4.94,70.3,3.64,1.86,0.298,0.102,0.229,650,0.33,Violet
Amethyst,1.62,Fair,SI2,62.85,69.01,4.84,6.86,2.11,68.99,3.42,0.06,0.553,0.125,0.346,600,0.58,LightYellow
Sapphire,0.24,Ideal,VVS2,56.84,68,5.28,7.66,6.08,78.27,1.37,3.43,0.487,0.188,0.284,500,0.68,Violet
Ruby,3.24,Fair,IF,61.55,57,5.53,5.04,4.19,72.97,4.93,1.63,0.526,0.434,0.539,650,0.37,LightYellow
Emerald,0.74,Ideal,IF,64.07,51.27,4.13,7.75,5.86,67.22,1.37,4.37,0.29,0.1,0.351,650,0.44,LightYellow
Topaz,3.36,Fair,SI1,59.36,66.67,3.58,5.77,3.76,71.04,2.08,2.81,0.589,0.449,0.594,400,0.64,Violet
Diamond,4.64,Very Good,VS1,64.25,68.29,7.05,8.01,3.69,71.02,1.68,4.66,0.429,0.171,0.486,600,0.49,FaintYellow
Emerald,4.85,Very Good,SI2,55.22,66.75,6.44,,2.55,77.54,1.23,2.37,0.101,0.354,0.165,550,0.47,Green
Diamond,1.33,Fair,VVS2,60.16,68.26,7.09,5.13,5.59,60.83,5,-2.6,0.137,0.283,0.202,450,0.49,FaintYellow
Diamond,4.08,Ideal,IF,57.56,61.52,3.91,9.65,2.02,68.82,2.28,0.18,0.449,0.338,0.564,600,0.39,FaintYellow
Emerald,1.9,Fair,VVS2,57.62,66.79,9.63,8.31,3.3,70.2,1.18,-1.53,0.573,0.436,0.581,550,0.57,Violet
Amethyst,4.52,Ideal,VS2,63.78,68.88,5.89,9.29,2.33,63.04,1.5,-0.36,0.472,0.198,0.102,400,0.58,Violet
Amethyst,3.98,Very Good,IF,58.11,67.8,6.15,4.4,5.2,60.02,1.95,-0.14,0.361,0.179,0.328,450,0.58,Violet
Sapphire,0.55,Good,SI2,55.23,61.74,6.83,9.6,5.23,60.04,1.15,4.51,0.2,0.564,0.228,450,0.36,Blue
Emerald,2.15,Premium,VVS1,60.4,64.93,7.83,8.21,3.41,79.69,1.59,2.41,0.501,0.121,0.239,700,0.57,Violet
Diamond,1.82,Very Good,SI2,64.71,64.43,5.69,7.13,5.16,61.52,1.13,2.63,0.387,0.361,,650,0.69,LightYellow
Sapphire,3.97,Fair,VS2,55.79,66.06,4,3.09,3.12,61.8,1.67,4.03,0.184,0.363,0.384,500,0.49,LightYellow
Sapphire,2.17,Fair,VS2,57.86,54.58,8.48,3.36,3.41,62.49,2.78,-4.91,0.209,0.111,0.132,600,0.33,Green
,3.49,Ideal,SI1,59.7,50.04,4.82,8.41,5.63,79.78,4.9,2.39,0.293,0.302,0.429,500,0.48,Green
Topaz,3.09,Premium,IF,63.3,60.2,6.1,7.68,5.33,74.89,3.71,2.44,0.278,0.321,0.303,500,0.43,LightYellow
Diamond,4.88,Very Good,VVS1,57.69,65.31,7.43,4.5,5.48,68.17,3.15,-0.12,0.303,0.55,0.126,700,0.5,LightYellow
Amethyst,4.7,Premium,VVS2,58.44,52.5,9.76,6.09,2.51,79.74,4.96,-1.96,0.297,0.144,0.163,450,0.51,Red
Ruby,2.25,Premium,VVS1,58.84,60.66,3.24,7.59,2.6,71.21,3.81,-4.49,0.5,0.473,0.125,450,0.4,Red
Ruby,3.67,Very Good,VS2,58.8,56.29,6.63,3.11,3.36,76.14,2.48,4.69,0.215,0.389,0.274,650,0.53,FaintYellow
Emerald,4.18,Ideal,IF,57,66.76,9.55,7.74,2.47,61.51,4.17,-0.07,0.217,0.533,0.429,550,0.46,Green
Ruby,4.51,Ideal,VVS1,64.16,52.01,4.79,5.81,4.35,78.79,2.93,-3.83,0.126,0.122,0.403,550,0.68,Red
Emerald,0.53,Ideal,SI2,62.93,66.96,3.79,3.66,4.39,79.05,1.16,1.68,0.484,0.31,0.354,500,0.36,Violet
Topaz,1.65,Good,VVS1,64.76,62.22,7.18,4.14,3.56,77.27,3.54,2.81,0.379,0.378,0.429,,0.46,Blue
Sapphire,1.74,Premium,VS2,58.71,68.39,4.07,5.99,3.87,63.22,3.92,4.2,0.259,0.173,0.537,650,0.47,Violet
Amethyst,2.29,Good,VVS2,55.45,68.71,9.15,7.38,2.45,60.07,4.92,-0.13,0.372,0.194,0.227,700,0.31,LightYellow
,1.01,Ideal,VVS1,56.16,66.18,8.06,5.41,5.05,77.97,1.39,3.09,0.476,0.382,0.579,400,0.59,Red
Emerald,2.58,Very Good,SI1,58.57,60.6,3.85,3.77,3.19,66.14,2.29,3.56,0.362,0.393,0.581,400,0.56,White
Emerald,3.38,Premium,VVS1,64.11,52.85,7.04,8.78,5.5,67.26,3.89,-2.87,0.397,0.166,0.362,450,0.57,LightYellow
Topaz,2.59,Very Good,VS1,64.81,54.51,3.19,6.5,5.47,69.41,3.58,-0.8,0.189,0.338,0.455,700,0.41,FaintYellow
Diamond,3.4,Fair,VS2,63.22,58.36,,4.98,4.66,66.35,3.06,1.04,0.586,,,500,0.7,LightYellow
Emerald,0.52,Premium,VS1,57.38,64.58,4.44,7.78,3.98,,1.76,0.38,0.53,0.136,0.435,500,0.66,Green
Topaz,4.4,Very Good,VS2,61.6,60.9,8.12,5.35,2.93,68.07,1.84,4.95,0.249,0.497,0.111,550,0.35,Red
Amethyst,4.71,Ideal,VS2,60.97,58.77,3.74,5.53,6.22,74.63,4.87,-1.27,0.133,0.158,0.465,500,0.68,Blue
Ruby,3.17,Good,VS1,63.23,59.55,6.31,4.94,6.03,60.64,1.42,3.67,0.36,0.16,0.464,500,0.7,Blue
Amethyst,4.43,Very Good,SI2,60.1,64.83,9.5,5.53,5.38,64.1,3.92,-3.05,0.543,0.395,0.396,600,0.49,Blue
Sapphire,0.83,Fair,VVS2,58.18,50.69,3.52,4.84,6.13,78.29,1.01,4.08,0.107,,0.102,600,0.42,White
Topaz,4.03,Ideal,VVS2,55.19,58.85,5.07,9.88,6.05,60.91,1.5,-4.87,0.382,0.363,0.223,650,0.65,LightYellow
Ruby,0.77,Fair,VS2,62.95,61.45,8.48,4.8,4.35,69.55,4.42,2.3,0.111,0.123,0.142,650,0.62,Violet
Topaz,2.16,Good,SI2,60.3,61.77,6.24,7.53,2.94,63.63,2.24,-0.33,0.11,0.388,0.339,650,0.52,Red
Emerald,1.75,Fair,SI2,60.34,62.37,7.55,4.35,2.92,75.58,4.98,-4.92,0.316,0.36,0.144,600,0.65,White
Emerald,3.01,Very Good,VS1,64.57,51.07,8.68,6.9,4.24,70.39,,3.94,0.497,0.583,0.306,550,0.48,LightYellow
Ruby,1.65,Very Good,VVS1,59.86,61.16,8.49,6.56,5.26,74.37,2.47,1.65,0.113,0.449,0.215,700,0.52,Blue
Sapphire,3.26,Ideal,VS2,58.16,61.01,5.77,6.88,3.82,76.59,2.71,2.26,0.358,0.597,0.315,500,0.61,LightYellow
Diamond,1.96,Good,SI1,58.4,67.1,6.01,5.49,,75.02,1.96,1.12,0.461,0.515,0.32,450,0.33,White
Ruby,4.33,Good,VS2,55.12,65.2,7,9.1,2.33,68.18,4.27,4.17,0.233,0.581,0.315,600,0.42,Green
Emerald,3.24,Premium,IF,56.22,50.62,3.86,5.09,5.5,69.1,1.03,3.17,0.381,0.549,0.31,600,0.44,Green
Amethyst,1.23,Premium,VVS2,55.44,61.12,9.09,9.1,2.77,73.1,1.96,-2.04,0.542,0.577,0.275,500,0.43,Violet
Emerald,1.81,Very Good,VS1,57.43,63.82,3.65,5.84,6.04,74.96,4.48,-1.6,0.51,0.453,0.505,650,0.69,Red
Emerald,4.27,Fair,VVS1,55.65,61.6,4.29,7.57,2.78,67.44,4.9,-3.73,0.427,0.172,,650,0.57,Red
Emerald,2.06,Fair,SI1,58.31,63.53,9.61,3.07,5.34,75.56,2.76,-4.52,0.217,0.554,0.309,650,0.33,Red
Ruby,2.77,Ideal,SI2,56.26,52.33,4.97,6.09,5.36,60.1,4.31,2.8,0.153,0.354,0.586,700,0.45,Green
Amethyst,3.31,Good,VVS1,64.18,53.38,4.71,7.55,5.88,78.24,4.26,-1.7,0.171,0.349,0.44,450,,Red
Sapphire,1.87,Very Good,SI1,64.38,61.65,5.98,5.08,4.35,71.92,4.09,0.41,0.597,0.374,0.438,700,0.67,White
Diamond,1.61,Fair,VS2,61.03,66.01,8.07,5.25,3.81,71.31,4.37,2.05,0.461,0.205,0.184,,0.51,Green
Sapphire,2.48,Premium,VVS1,63.05,50.52,5.56,5.78,,71.22,4.78,2.17,0.207,0.204,0.176,450,0.53,Violet
,1.23,Very Good,VVS1,61.77,58.72,9.12,4.88,5.76,60.8,1.21,3.66,0.396,0.384,0.107,400,0.36,Red
Amethyst,1.56,Ideal,VS2,63.11,69.84,4.05,7.22,3.88,78.99,2.44,3.12,0.11,0.488,0.508,400,0.33,White
Sapphire,0.5,Very Good,VVS2,61.4,65.31,3.83,3.34,6.45,75.28,3.8,1.92,0.514,0.151,0.473,500,0.38,Red
Sapphire,1.66,Fair,IF,59.3,59,3.54,8.82,3.34,74.32,1.78,-2.95,0.499,0.47,0.592,500,0.55,Green
Sapphire,1.74,Ideal,VVS2,63.74,51.96,5.09,9.72,3.97,74.02,3.12,3.34,0.429,0.192,0.394,650,0.67,Red
Topaz,4.82,Premium,VVS2,59.38,57.18,4.4,4.16,3.87,70.87,3.49,-3.9,0.205,0.307,0.578,450,0.39,Blue
Topaz,3.03,Premium,IF,58.96,53.09,6.23,4.58,4.15,72.45,1.67,-2.68,,0.135,0.294,600,0.31,FaintYellow
Ruby,3.98,Fair,VS2,61.24,68.42,9.97,9.64,3,78.49,3.74,-1.66,0.44,0.408,,400,0.4,LightYellow
Topaz,0.42,Ideal,VVS2,64.38,63.71,9.08,4.15,3.23,67.21,1.15,0.65,0.286,0.526,0.491,600,0.44,White
Amethyst,0.71,Premium,VS1,59.42,67.11,9.26,3.74,4.07,71.95,1.11,4.44,0.401,0.331,0.268,500,0.33,Violet
Sapphire,4.11,Ideal,VS1,60.75,67.95,8.82,8.55,5.47,67.81,3.97,0.74,0.259,0.529,0.596,500,0.34,Green
Ruby,3.19,Very Good,IF,59.92,62.14,4.9,7.74,5.35,62.37,3.61,1.54,0.354,0.45,0.176,700,0.5,LightYellow
Diamond,1.12,Good,VS1,64.1,50.13,4.58,7.76,2.83,62.89,4.06,0.87,0.241,0.472,0.107,600,0.55,Violet
,2.14,Good,VS2,61.77,61.12,8.12,4.59,4.39,61.29,1.06,-4.15,0.455,0.283,0.421,500,0.62,FaintYellow
Amethyst,2.79,Good,VVS1,59.2,66.05,7.19,,4.35,67.8,1.31,-1.99,0.173,0.269,0.267,500,0.36,Blue
Diamond,4.25,Premium,VS2,61.07,56.29,4.44,4.12,4.57,66.98,2.23,4.25,0.277,0.167,0.274,450,0.65,FaintYellow
Diamond,0.49,Fair,IF,56.56,68.56,9.77,4.13,3.42,62.48,1.41,-2.63,0.453,0.388,0.444,500,0.68,Blue
Emerald,3.06,Good,VVS1,58.42,69.94,5.97,6.47,5.23,68.98,,-0.87,0.447,0.594,0.484,550,0.55,Red
Sapphire,3.64,Fair,VS1,62.36,60.99,8.7,7.71,3.26,64.26,3.24,0.82,0.361,0.368,0.303,650,0.33,Blue
Sapphire,4.89,Good,VVS2,60.62,60.62,3.52,5.25,3.48,62.02,,2.54,0.144,0.369,0.17,600,0.42,LightYellow
Emerald,4.07,Very Good,SI2,58.14,63.1,3.25,6.33,2.86,66.44,1.37,0.65,0.343,0.286,0.302,500,0.67,Blue
Amethyst,1.53,Good,VS1,58.62,61.33,6.19,5.44,2.72,73.49,1.29,-0.56,0.158,0.221,0.254,650,0.31,Blue
Diamond,3.61,Fair,VS2,63.1,53.21,3.84,9.4,5.97,60.74,1.18,1.99,0.281,0.587,0.485,550,0.55,Violet
Ruby,3.86,Premium,VS2,60.41,55.42,9.85,7.92,3.77,73.72,4.52,1.1,0.231,0.313,0.27,400,0.47,Green
Ruby,3.7,Very Good,SI2,57.39,54.04,8.68,7.38,5.4,62.85,4.05,0.09,0.554,0.173,0.238,650,0.49,Violet
Sapphire,4.14,Fair,IF,57.97,51.44,6.18,8.11,5.41,78.17,4.29,0.89,0.333,0.255,0.48,550,0.63,FaintYellow
Diamond,4.54,Ideal,VVS2,59.68,52.81,9.86,4.88,4.57,61.95,1.07,-0.93,0.488,0.466,0.594,600,0.38,LightYellow
Diamond,0.67,Good,VVS2,62.63,69.45,4.67,9.51,5.72,63.83,3.87,0.12,0.321,0.579,0.241,600,0.31,White
Diamond,0.7,Very Good,VVS1,64.97,61.1,7.75,4.4,2,64.55,3.53,-0.51,0.252,0.221,0.382,550,0.66,Violet
Emerald,4.02,Premium,VVS1,56.86,52.52,3.12,3.97,2.73,73.27,1.39,4.98,0.317,0.337,0.547,500,0.45,Violet
Ruby,1.41,Ideal,VS2,62.55,64.26,5.61,9.34,5.84,76.22,3.33,-4.44,,0.254,0.577,700,0.62,White
,0.48,Good,IF,61.17,59.54,3.56,4.82,6.22,,1.26,1.58,0.15,0.265,0.557,550,0.48,Green
Ruby,2.13,Very Good,SI2,60.31,54.49,5.57,8.94,4.3,74.88,2.81,-2.58,0.29,0.145,0.568,500,0.62,Blue
Sapphire,4.14,Fair,VS2,64.66,68.87,5.66,5.08,5.12,77.75,3.73,-1.27,0.223,0.398,0.182,450,0.57,Red
Diamond,0.81,Good,SI1,58.23,54.49,5.63,5.06,2.7,72.21,1.25,-3.1,0.344,0.238,0.294,700,0.54,Blue
Diamond,3.42,Very Good,VVS2,56.77,51.95,5.9,9.7,5.02,66.21,3.04,2.52,0.396,0.21,0.302,650,0.44,FaintYellow
Amethyst,0.22,Good,VVS2,63.78,54.12,7.32,9.76,4.92,63.06,3.76,-2.13,0.456,0.166,0.443,700,0.42,Red
Sapphire,0.73,Very Good,VS2,55.69,68.24,4.33,9.73,2.49,71.77,1.2,1.54,,0.32,0.136,650,0.34,Green
Topaz,1.88,Fair,SI2,63.17,67.16,4.64,3.96,5.52,76.73,4.48,0.68,0.395,0.303,0.224,500,0.56,White
Amethyst,0.6,Good,VVS2,60.89,67.89,7.52,7,2.15,63.81,2.42,-0.71,0.487,0.479,0.547,400,0.62,LightYellow
Sapphire,4.26,Very Good,,56.64,68.32,,3.26,6.41,79.99,2.26,-1.59,,0.309,0.504,400,0.47,Violet
Topaz,4.35,Ideal,VVS1,57.27,51.55,4.13,7.81,6.35,62.54,1.49,2,0.34,0.572,0.286,600,0.33,Blue
Sapphire,3.83,Premium,VVS2,56.56,64.23,8.51,7.7,5.54,60.78,4.94,0.37,0.397,,0.327,400,0.58,Red
Amethyst,1.36,Very Good,VVS1,62.18,63.29,9.52,9.95,4.19,73.72,3.31,-4.53,0.55,0.357,0.336,400,0.53,FaintYellow
Amethyst,2.71,,VS1,56.47,69.86,6.26,9.14,3.34,67.3,3.33,2.39,0.35,0.56,0.454,400,0.51,White
Ruby,1.08,Very Good,SI2,61.81,64.29,7.3,4.53,3.53,73.41,3.44,2.57,0.51,0.157,0.405,550,0.69,Green
Sapphire,1.55,Good,IF,56.28,65.84,8.71,6.11,2.46,63.62,2.67,-0.81,0.579,0.289,0.319,550,0.55,Blue
Ruby,2.68,Premium,IF,63.02,64.3,9.75,4.8,5.26,63.74,2.53,-4.8,0.13,0.191,0.266,550,0.67,Violet
Sapphire,3.73,Good,,64.19,62.41,9.78,3.33,6.32,70.05,3.2,-3.09,0.531,0.369,0.459,600,0.69,White
Diamond,0.65,Very Good,IF,60.59,61.06,9.46,5.68,3.07,78.91,1.66,0.74,0.155,0.513,0.154,500,0.3,LightYellow
Topaz,1.62,Very Good,SI1,64.66,69.39,8.71,3.75,6.4,67.51,3.36,2.56,0.133,0.546,0.245,600,0.37,Red
Ruby,4.65,Premium,VS1,58.9,68.73,5.98,8.35,4.04,61.46,2.99,-4.15,0.314,0.119,0.178,650,0.52,Blue
Diamond,2.26,Ideal,VVS2,57.45,58.76,7.69,5.73,2.63,74.74,,1.73,0.346,0.288,0.174,450,0.66,Green
Diamond,4.71,Good,VVS1,56.77,55.68,8.34,3.22,5.47,78.44,4.12,0.01,0.143,0.287,0.241,450,0.44,Green
Ruby,4.96,Ideal,VS1,59.79,60.18,3.64,4.89,5.74,67.26,1.3,-2.65,0.58,0.466,0.569,550,0.68,Violet
Amethyst,2.73,Very Good,SI2,56.31,64.92,3.81,5.33,3.52,69.14,1.96,-0.14,0.127,0.514,0.141,500,0.48,LightYellow
Ruby,1.58,Very Good,SI1,63.76,58.02,7.94,6.17,6.35,79.03,1.68,-4.36,0.449,0.268,0.349,550,0.64,LightYellow
Topaz,4,Fair,VS1,62.85,60.74,7.67,7.77,4.41,74.96,2.83,1.59,0.274,0.335,0.56,500,0.43,White
Amethyst,0.96,Fair,IF,60.62,55.97,8.63,8.52,2.14,73.38,3.83,-3.74,0.165,0.143,0.38,400,0.65,Red
Ruby,1.41,Ideal,SI1,62.21,58.55,4.29,9.9,3.55,62.57,1.97,-4.77,0.505,0.143,0.251,550,0.39,Red
,3.97,Fair,VVS1,55.5,69.15,9.56,8.98,5.45,71.63,1.61,-4.73,0.501,0.464,0.212,600,0.44,Red
Topaz,2.28,Premium,VS2,57.04,54.3,4.67,6.2,2.89,77.2,3.26,2.11,0.553,0.513,0.261,700,0.63,White
Sapphire,1.17,Ideal,VS1,61.21,69.77,3.95,3.74,2.59,74.53,3.66,-2.56,0.519,0.238,0.173,700,0.69,LightYellow
Emerald,3.33,Fair,IF,59.77,54.31,5.27,7.65,4.76,62.32,4.8,,0.364,0.379,0.24,700,0.66,Green
Diamond,3.72,Fair,SI2,61.05,56.38,8.66,5.96,3.35,,3.43,-4.54,0.153,0.367,0.505,650,0.5,FaintYellow
Topaz,0.8,Premium,SI2,55.89,51.74,3.2,5.84,4.76,76.1,3.27,-4.55,0.503,0.542,0.427,400,0.44,LightYellow
Sapphire,1.53,Premium,VS1,61.52,65.04,4.59,5.36,3.42,67.63,2.89,3.48,0.118,0.135,0.161,700,0.4,Red
Topaz,1.26,Ideal,VVS1,63.04,50.35,9.69,4.18,5.47,75.08,2.12,2.07,0.45,0.415,0.247,550,0.49,Violet
Ruby,2.02,Good,SI2,60.46,65.76,3.12,3.62,3.9,74.25,4.8,-3.9,0.125,0.261,0.385,450,0.58,White
Topaz,3.86,Premium,VVS1,58.57,61.54,4.95,8.73,6.44,66.65,3.84,0.48,0.22,0.483,0.19,600,0.62,LightYellow
Diamond,3.63,Fair,VVS2,56.75,64.98,,4.29,3.69,74.85,2.89,-3.47,0.336,0.175,0.215,550,0.69,Violet
Ruby,3.38,Ideal,VS2,57.65,65.66,9.47,7.9,2.66,72.79,3.13,2.79,0.394,0.445,0.405,400,0.35,Violet
Sapphire,0.23,Good,VS2,60.23,52.49,8.96,8.09,4.86,66.24,4.83,1.68,0.552,0.538,0.493,600,,LightYellow
Emerald,0.88,Ideal,IF,57.56,50.43,6.22,5.15,5.28,,2.94,4.46,0.594,0.516,0.508,500,0.4,Blue
Ruby,1.27,Fair,VS2,62.78,53.38,5.22,6.89,3.55,69.14,4.97,0.64,0.473,0.576,0.375,400,0.55,Red
Diamond,1.51,Good,VVS1,56.32,57.68,9.61,7.98,5.36,61.01,3.29,-1.08,0.6,0.163,0.248,500,0.36,Red
Ruby,0.9,Good,,60.16,51.47,4.32,3.94,3.54,73.66,4.67,1.96,0.206,0.415,0.541,500,0.35,Green
Ruby,2.17,Premium,IF,59.96,59.13,6.34,4.19,2.44,62.73,3.9,0.95,0.329,0.135,0.492,600,0.66,Violet
Amethyst,0.56,Very Good,VS1,56.39,55.7,5.93,8.02,2.37,64.85,1.44,-0.91,0.498,0.365,0.533,550,0.33,Green
Emerald,3.8,Fair,,64.95,57.28,9.55,4.96,4.14,79.16,3.46,-0.8,0.104,0.333,0.542,450,0.37,Violet
Amethyst,3.98,Very Good,VS2,63.23,68.81,8.29,3.75,,64.61,4.81,-3.5,0.355,0.193,0.407,400,0.67,Green
Diamond,2.96,Fair,SI2,58.87,64.49,6.24,6.64,4.39,67.84,2.33,-0.23,0.534,0.133,0.393,550,0.31,White
Topaz,0.63,Ideal,VVS1,61.85,63.16,7.25,8.64,4.39,79.2,2.43,-3.46,0.411,0.541,0.541,600,0.45,White
Emerald,4.47,Very Good,VVS1,62.17,63.07,9.35,5.14,5.88,75.01,1.46,-3.27,0.466,0.398,0.235,,0.37,Green
Topaz,4.84,Good,SI2,61.51,61.11,8.82,4.82,6.26,73.61,3.05,-3.44,0.528,0.332,0.185,650,0.55,Green
Topaz,1.17,Premium,VS1,59.32,60.26,7.31,4.45,2.79,76.42,2.19,-0.19,0.542,0.312,0.305,600,0.35,LightYellow
Topaz,3.58,Fair,SI2,63.85,67.64,9.41,6.34,2.59,61.19,4.09,-0.12,0.292,0.42,0.142,500,0.65,Red
Emerald,4.24,Premium,SI1,62.72,51.5,5.66,7.01,5.07,77.74,1.82,-4.36,0.226,0.266,0.344,500,0.58,White
Amethyst,2.79,Fair,SI1,60.42,55.77,8.13,3.94,4.75,65.04,3.95,1.5,0.294,0.463,0.21,700,0.4,Green
Emerald,1.75,Good,VVS2,55.03,52.08,3.11,8.61,3.56,63.07,2.64,-3.37,0.253,0.195,0.305,700,0.31,Blue
Topaz,2.5,Good,VS2,57.23,50.22,7.08,6.71,6.03,76.59,4.76,-0.37,0.349,0.206,0.225,650,0.65,Blue
Diamond,2.66,Good,VVS1,60.09,50.28,3.96,6.94,4.44,65.61,3.29,1.08,0.298,0.553,0.1,500,0.51,Blue
Topaz,2.12,Good,VVS2,63.99,50.48,6.67,3.82,2.78,64.77,4.55,-4.45,0.154,0.274,0.564,450,0.64,Red
Amethyst,4.66,Good,VS2,61.29,63.63,4.73,7.36,3.75,75.82,2.03,0.56,0.531,0.486,0.497,500,0.67,White
Topaz,3.77,Premium,VS2,59.18,52.23,5.66,7.75,5.95,61.11,4.79,4.17,0.211,0.121,0.392,700,0.39,Blue
Diamond,1.36,Ideal,VVS2,55.48,54.05,8.55,5.83,2.08,61.52,1.87,-3.65,0.538,0.348,0.106,400,0.53,White
Topaz,3.01,Very Good,VVS1,60.97,58.38,3.41,7.19,5.77,76.26,4.78,4.18,0.192,0.324,0.527,400,0.57,Violet
Topaz,3.51,Premium,VS1,58.51,55.39,6.76,4.63,6.28,68.38,4.5,3.17,0.475,0.136,0.474,650,0.42,Violet
Ruby,0.87,Very Good,SI1,60.37,66.33,4.01,7.47,3.65,76.93,1.81,0.36,,0.456,0.302,500,0.41,Violet
Emerald,1.92,Ideal,VS2,62.66,62.47,7.01,6.73,3.28,75.79,3.63,-3.75,0.374,0.264,0.35,500,0.6,FaintYellow
Emerald,4.55,Fair,SI2,63.04,56.67,7.44,7.08,,71.15,2.48,2.23,0.573,0.493,0.493,400,0.48,LightYellow
Emerald,2.92,Ideal,IF,63.64,56.36,4.27,4.76,2.18,74.99,2.61,1.47,0.429,0.226,0.427,450,0.67,Violet
Diamond,1.24,Ideal,IF,61.36,63.67,3.04,8.52,5.04,62.86,1.16,1.66,0.122,0.254,0.552,650,0.38,Blue
Topaz,0.79,Fair,IF,64.06,53.41,3.6,8.78,2.77,63.81,4.31,-3.71,0.434,0.156,0.383,450,0.55,Red
Ruby,2.69,Very Good,SI2,61.91,55.61,7.83,3.73,6.03,,2.04,-0.1,0.154,0.203,0.39,400,0.64,Red
Diamond,2.83,Good,VS1,62.84,57.07,5.66,9.07,4.05,,4.08,1.54,0.132,0.577,0.502,600,0.45,Green
Amethyst,1.81,Fair,SI1,61.85,59.09,5.61,8.43,6.38,60.1,3.36,-0.34,0.348,0.414,0.203,650,0.48,LightYellow
Emerald,3.23,Fair,VS2,,53.81,7.84,6.87,6.41,79.07,4.88,0.9,0.536,0.506,0.204,400,0.65,Green
Emerald,0.53,Ideal,VVS1,57.23,53.14,6.48,3.39,5.6,74.24,1.8,0.64,0.538,0.15,0.17,550,0.54,FaintYellow
Topaz,0.9,Fair,VVS1,62.6,69.8,7.46,6.66,3.98,76.91,2.28,-0.73,0.435,0.338,0.177,500,0.6,Blue
Sapphire,2.82,Premium,SI2,56.17,68.26,9.44,6.28,4.08,78.25,1.67,-3.49,0.258,0.104,0.469,500,0.51,Red
Amethyst,0.5,Good,SI1,55.92,60.47,6.55,4.56,6.28,72.62,4.33,3.13,0.517,0.143,0.311,500,0.36,Violet
Ruby,4.43,Ideal,VS1,59.92,65.31,7.47,8.83,5.27,70.06,2.32,1.42,,0.184,0.336,450,0.54,Blue
Emerald,0.88,Very Good,SI1,58,63.48,7.48,5.24,3.8,63.02,1.78,1.41,0.598,0.433,0.324,550,0.44,White
Amethyst,3.43,Very Good,VS2,60.63,51.5,6.74,7.06,5.88,63.77,3.37,-4.47,0.346,0.364,0.222,400,0.65,Red
Ruby,2.08,Very Good,VVS2,61.78,60.36,7.65,6.15,3.22,69.01,2.51,2.54,0.53,0.522,0.582,600,0.36,Red
Amethyst,2.12,Very Good,VVS2,57.27,53.68,8.84,9.15,6.22,61.33,4.25,-2.84,0.412,0.325,0.352,650,0.32,Green
Amethyst,3.87,,VS2,62,61.68,8.65,6.51,3.09,75.73,4.05,1.85,0.509,0.4,0.292,500,0.61,
Diamond,2.6,Ideal,VS2,64.95,51.24,3.4,4.95,5.3,71.17,1.48,1.82,0.125,0.414,0.476,650,0.32,FaintYellow
Diamond,3.68,Premium,VVS1,62.6,53.26,9.66,8.06,4.91,78.52,4.42,-4.09,0.262,0.137,0.486,450,0.38,
Ruby,2.62,Premium,VS1,56.74,65.63,8.93,8.37,4.64,72.49,4.93,0.33,0.352,0.535,0.592,450,0.66,Blue
Amethyst,3.05,Very Good,,61.34,66.86,9.79,9.54,4.11,79.44,4,2.11,0.177,0.341,0.332,650,0.54,Red
Topaz,3.85,Premium,SI1,55.09,68.15,4.36,8.22,4.51,65.57,4.3,2.79,0.311,0.445,0.151,450,0.39,White
Amethyst,3.12,Good,SI2,59.7,,6.75,3.35,5.12,67,4.67,-0.87,0.227,0.322,0.484,550,0.34,LightYellow
Sapphire,3.15,Premium,SI2,60.33,68.14,6.08,8.8,4.85,68.47,4.14,-4.75,0.186,0.382,,400,0.66,Blue
Topaz,3.99,Fair,VVS1,64.72,51.89,5.64,6.38,3.24,65.91,3.34,2.02,0.326,0.337,0.127,450,0.39,Red
Amethyst,4.76,Very Good,IF,62.37,63.19,5.85,4.02,3.22,75.91,1.27,-1.87,0.343,0.43,0.386,700,0.68,LightYellow
Ruby,2.01,Fair,VVS2,62.06,,9.33,9.85,4.92,,2.94,-2.62,0.212,0.156,0.169,,0.3,White
Emerald,2.97,Fair,VS2,60.32,55.36,7.89,7.55,2.69,69.1,4.13,2.97,0.309,0.421,0.593,550,0.53,FaintYellow
Amethyst,0.61,Very Good,SI1,60.13,69.86,5.27,9.25,6.39,69.13,2.02,-1.23,0.322,0.49,0.508,650,0.56,White
Emerald,1.92,Ideal,VVS2,64.92,55.72,5.65,4.24,5.81,76.29,3.61,-0.08,0.451,0.133,0.166,700,0.31,LightYellow
Sapphire,2.18,Premium,VVS2,55.21,61.5,6.28,8.44,4.04,64.82,2.26,-1.15,0.559,0.387,0.149,450,0.67,FaintYellow
Sapphire,4.21,Good,SI1,58.03,67.45,5.57,7.18,4.36,66.42,4.45,4.08,0.327,0.138,0.241,400,0.65,LightYellow
Emerald,2.66,Ideal,VS1,56.34,55.78,4.47,5.7,3.59,78.59,2.45,-0.75,0.597,0.232,0.229,,0.69,LightYellow
Emerald,3.71,Good,VVS1,58.15,62.13,6.05,4.5,2.69,67.95,1.18,-1.28,0.171,0.222,0.318,700,0.47,LightYellow
Emerald,0.29,Very Good,,59.64,64.4,3.56,5.39,4.66,79.91,3.33,-2.86,,0.552,0.105,600,0.33,White
Topaz,2.43,Premium,IF,58.42,62.53,8.98,,6.45,68.75,1.18,-0.57,0.228,0.21,0.433,400,0.31,LightYellow
Emerald,4.53,Ideal,SI1,64.63,58.12,8.77,8.13,2.73,68.45,1.86,-0.04,0.129,0.227,0.345,700,0.48,FaintYellow
Ruby,1.28,Very Good,,61.81,68.9,9.24,6.05,4.41,71.87,3.01,1.64,0.121,0.316,0.127,700,0.63,Green
Sapphire,0.35,Ideal,VVS1,62.28,62.25,6.12,5.75,6.32,76.93,4.17,2.3,0.119,0.142,0.119,450,0.51,Violet
Ruby,2.28,Fair,VVS2,62.42,54.49,7.56,3.06,6.42,74.39,2.28,-2.64,0.41,0.291,0.185,700,0.62,FaintYellow
Diamond,3.58,Premium,VVS1,63.99,66.12,8.67,9.65,4.19,75.23,2.16,4.44,0.327,0.395,0.263,650,0.45,LightYellow
Ruby,2.38,Premium,SI2,62.68,63.12,5.2,8.4,2.33,79.54,1.45,1.32,0.516,0.178,0.13,400,0.5,White
Ruby,2.41,Very Good,VVS1,55.16,52.19,7.43,9.97,3.13,75.93,3.34,-3.98,0.576,0.566,0.263,650,0.6,Green
Diamond,3.42,Very Good,SI2,57.61,55.56,6.07,9.44,5.17,69.34,3.13,2.65,0.176,0.261,0.55,550,0.47,Violet
Topaz,1.42,Very Good,VS2,64.89,53.16,5.62,9.04,2.31,73.13,1.04,2.01,0.461,0.266,0.36,700,0.65,White
Diamond,3.81,Premium,VS2,61.52,51.45,9.02,3.41,4.87,76.61,3.81,1.93,0.393,0.322,0.105,550,,Red
Sapphire,0.93,Fair,VVS2,55.68,54.6,7.37,7.31,4.03,63.39,2.84,2.83,0.556,0.235,0.424,500,0.36,Blue
Topaz,2.1,Premium,VS1,59.67,55.56,7.36,4.58,2.81,66.95,2.16,1.4,0.221,0.442,0.558,450,0.55,LightYellow
Ruby,3.35,Very Good,IF,64.81,59.33,4.1,9.17,2.45,72.1,3.84,-4.83,0.149,0.285,0.187,450,0.49,Red
Topaz,4.18,Good,VS2,64.93,69.39,,8.74,5.07,67.6,4.25,1.59,0.296,0.242,0.33,700,0.49,FaintYellow
Topaz,4,Fair,VVS2,59.32,68.87,8.89,4.19,2.79,61.08,3.39,3.01,0.186,0.146,0.273,500,0.36,Red
Ruby,3.66,Premium,SI1,63.93,,4.49,8.51,4.35,78.81,1.38,0.48,0.55,0.453,0.124,550,,FaintYellow
Topaz,1.92,Good,VVS1,60.92,62.93,9.79,9.91,4.22,70.8,4.62,-3.17,0.389,0.37,0.226,550,0.5,FaintYellow
Topaz,0.79,Fair,SI2,60.09,68.95,8.82,5.5,5.03,72.69,1.07,1.73,0.46,0.58,0.27,450,0.55,Green
Ruby,1.24,Premium,VS2,59.12,52.85,4.87,5.56,3.94,74.39,1.84,-4.53,0.193,0.184,0.52,,0.61,White
Ruby,4.35,Very Good,VVS1,63.92,56.61,3.76,3.18,6.12,60.73,2.06,-0.4,0.49,0.227,0.202,550,,LightYellow
Amethyst,4.32,Premium,VVS1,61.21,61.07,4.19,8.09,5.84,63.64,2.48,-0.21,0.376,0.548,0.434,400,,White
Ruby,4.77,Fair,VS2,58.34,66.28,4.7,8.79,5.68,78.07,2.42,4.82,0.576,0.59,0.351,550,0.34,FaintYellow
Amethyst,0.56,Very Good,SI2,59.92,62.48,4.66,3.33,3.25,75.74,4.6,-3.19,0.356,0.179,0.105,550,0.6,Red
Ruby,2.78,Ideal,VVS2,59.44,66.18,3.11,9.62,6.43,61.32,4.18,0.4,0.105,0.167,0.428,450,0.41,Blue
Sapphire,3.31,Good,SI1,59.51,,8.01,3.51,4.36,75.75,1.81,1.94,0.112,0.58,0.517,650,0.31,Green
Ruby,3.61,Very Good,SI2,,53.85,9.84,6.98,6.39,78,,-4.85,0.213,0.582,0.323,550,0.58,Red
Emerald,3.29,Very Good,IF,61.33,64.81,5.01,9.49,5.78,63.34,2.45,4.03,0.487,0.523,0.194,400,0.69,
Topaz,3.9,Fair,VVS2,55.52,56.97,3.11,9.5,5.89,61.25,1.87,1.98,0.198,0.391,0.484,600,0.38,Violet
Sapphire,1.93,Fair,VS1,63.86,58.72,9.43,3.93,5.18,77.26,4.78,1.25,0.264,0.481,0.11,600,0.62,Blue
Ruby,1.06,Good,SI2,59.15,65.83,4.44,9.8,2.78,72.02,3.29,1.42,0.303,0.489,0.353,600,0.68,Violet
Sapphire,1.18,Fair,SI2,63.01,51.4,3.05,4.89,6.31,79.8,3.36,-3.85,0.156,0.292,0.121,450,0.41,Violet
Emerald,0.26,Very Good,SI2,62.29,53.36,4.57,5.39,3.8,74.11,3.62,4.58,0.493,0.418,0.538,600,0.59,LightYellow
Emerald,1.88,Good,VS1,59.72,55.92,3.73,7.73,6.25,70.22,3.5,-0.58,0.37,0.57,,700,0.3,Red
Emerald,0.64,Good,IF,56.99,67.67,8.08,3.78,5.95,64.91,3.52,0.72,0.226,0.298,0.596,600,0.31,Red
Topaz,1.74,Premium,SI2,60.62,58.1,3.01,6.74,5.7,74,1.01,-2.46,0.334,0.233,0.177,400,0.42,LightYellow
Amethyst,3.22,Very Good,SI1,64.48,55.04,6.09,8.71,2.04,61.54,3.74,-3.89,0.453,0.48,0.413,400,0.37,LightYellow
Emerald,4.49,Very Good,SI2,56.86,63.57,6.44,6.47,4.59,68.31,3.97,2.88,0.452,0.57,0.395,650,0.6,FaintYellow
Diamond,4.23,Fair,VS1,57.56,50.61,8.49,3.43,3.1,66.93,1.11,0.87,0.218,0.385,0.299,600,0.44,White
Topaz,1.41,Very Good,VVS1,64.93,65.5,6.66,8.64,5.96,72.06,3.5,-1.1,,0.417,0.503,650,0.38,Green
Sapphire,0.84,Fair,VS1,63.93,63.96,3.87,4.68,5.16,64.44,2.06,-3.42,0.114,0.251,0.497,500,0.35,LightYellow
Topaz,1.13,Very Good,VS2,60.5,51.1,5.99,8.64,4.92,,3.51,-0.93,0.312,0.298,0.526,550,0.45,Green
Sapphire,4.86,Premium,SI2,61.95,59.96,9.54,9.57,6.07,62.99,2.06,-4.97,0.128,0.374,0.496,550,0.53,Green
Emerald,2.84,Very Good,VVS1,59.43,58.08,4.66,8.28,3.33,66.21,1.38,4.74,0.111,0.538,,550,0.49,LightYellow
Sapphire,1.08,Premium,SI2,59.04,53.16,5.1,3.23,2.49,77.27,1.71,1.33,0.395,0.543,0.368,450,0.57,LightYellow
Emerald,4.24,Very Good,,59.43,53.08,9.11,7.62,3.37,67.94,4.67,-2.12,0.373,0.424,0.158,450,0.56,Green
Sapphire,2.1,Very Good,SI1,59.14,53.2,8.5,4.91,2.83,77.83,2.76,3.64,0.542,0.381,0.531,550,0.34,Green
Emerald,4.52,Ideal,IF,61.76,61.99,5.07,4.39,3.14,74.95,4.67,-4.06,0.482,0.377,0.526,650,0.37,Red
Emerald,1.45,Very Good,VS2,58.3,53.42,7.96,8.33,4.55,74.31,2.94,-2.78,0.483,0.109,0.533,650,0.41,FaintYellow
Sapphire,2.09,Premium,VS2,56.71,51.19,3.6,5.03,4.05,75.36,4.59,-1.78,0.545,0.422,0.114,600,0.42,LightYellow
Topaz,2.62,Good,IF,,69.15,6.8,4.01,6.41,70.08,3.27,4.03,0.178,0.217,0.223,500,0.43,Blue
Amethyst,4.48,Premium,VS1,55.31,50.78,9.1,4.2,3.88,65.38,2.4,,0.106,0.244,0.313,650,0.68,
Amethyst,4.37,Very Good,IF,62.19,63.28,8.9,7.74,2.68,63.57,1.89,-0.82,0.286,0.58,0.23,400,0.56,White
Amethyst,2.96,Fair,IF,,68.72,4.42,6.2,5.94,69.94,2.48,1.17,0.237,0.234,0.497,450,0.64,Blue
Emerald,1.26,Ideal,VS1,56.9,50.76,6.73,4.46,3.24,67.51,1.71,2.73,0.151,0.563,0.163,550,0.51,White
Diamond,2.14,Fair,SI2,58.79,69.31,5.79,3.56,2.49,73.16,4.93,1.63,0.204,0.351,0.393,400,0.67,Red
Diamond,4.88,Ideal,VVS2,56.17,60.05,6.93,9.56,4.96,66.98,2.39,1.82,0.146,0.148,0.445,600,0.38,Green
Diamond,3.12,Ideal,SI1,58.84,65.7,3.53,9.98,3.15,61.14,3.23,2.43,0.471,0.181,0.468,450,0.45,Blue
Diamond,3.95,Fair,IF,56.02,62.5,9.87,5.76,2.07,67.58,4.99,0.87,0.362,0.184,0.404,600,0.37,White
Diamond,2.36,Very Good,VS1,59.83,62.34,6.94,4.74,4.99,77.69,3.08,0.08,0.217,0.252,0.335,500,0.54,White
Sapphire,2.75,Premium,VS2,56.76,65.78,3.84,3.29,2.33,74.13,2.24,3.3,0.539,0.286,0.2,500,0.32,White
Topaz,2.26,Fair,IF,56.3,51.31,7.5,5.15,2.01,67.72,3.46,2.13,0.587,0.332,0.23,700,0.48,LightYellow
Emerald,3.57,Good,SI1,60.79,57.85,3.05,7.08,5.07,64.21,4.27,-0.22,0.31,0.39,0.138,600,0.42,White
Amethyst,4.29,Ideal,SI2,61.25,69.39,3.05,6.67,4.04,71.32,3.47,3.49,0.47,0.494,0.32,650,0.64,Red
Topaz,2.64,Premium,SI2,55.06,51.09,4.25,5.88,5.62,78.7,1.88,-3.24,0.47,0.233,0.108,450,0.41,Blue
Emerald,2.51,Good,IF,58.88,55.26,4.9,5.53,2.74,71.6,1.77,3.83,0.381,0.268,0.226,450,0.62,FaintYellow
Emerald,1.83,Premium,SI2,55.78,63.44,4.84,9.85,4.3,77.79,3.87,-3.3,0.331,0.485,0.466,400,0.34,Blue
Topaz,1.05,Very Good,VVS2,62.39,52.01,6.1,6.5,2.52,74.11,4.4,-2.53,0.422,0.386,0.383,600,0.57,FaintYellow
Topaz,4.71,Good,VVS2,61.82,60.73,,,3.84,62.4,3.8,-2.35,0.184,0.46,0.475,500,0.38,Red
Sapphire,1.72,Fair,VS2,55.5,64.27,5.96,7.89,3.6,74.06,1.37,-4.36,0.463,0.434,0.241,650,0.67,Violet
Ruby,4.04,Premium,VVS2,64.41,65.15,5.62,7.08,4.87,72.12,2.29,-2.01,0.155,0.192,0.438,400,0.49,Green
Diamond,3.63,Fair,SI2,64.6,61.22,7.69,4.11,4.81,67.21,3.74,-2.23,0.403,0.392,0.479,400,0.39,Green
Ruby,4,Fair,SI1,58.35,60.01,4.74,7.96,3.16,79.07,3.84,0.9,,0.522,0.428,650,0.36,FaintYellow
Diamond,4.7,Premium,VS2,56.31,64.28,7.39,3.14,2.23,66.6,2.86,0.98,0.545,0.595,0.327,550,0.45,Blue
Ruby,3.19,,SI2,56.14,52.9,9.7,8.08,2.47,61.68,2.19,0.49,0.462,0.139,0.195,550,0.48,LightYellow
Ruby,4.51,Ideal,IF,63.41,63.61,6.3,4.05,6.11,64.95,1.37,1.3,0.335,0.244,0.508,450,0.67,Blue
Ruby,1,Ideal,VS1,59.59,68.38,6.58,9.89,5.27,68.73,1.21,-4.6,0.404,0.103,0.478,450,0.56,Green
Ruby,3.21,Good,VVS2,55.1,63.66,8.1,6.58,6.24,77.8,1.46,1.99,0.419,0.189,0.476,400,0.69,White
Sapphire,3.91,Good,VS2,64.25,50.93,6.55,3.07,4.78,60.57,2.35,,0.555,0.434,0.551,500,0.37,Blue
Emerald,1.5,Good,VVS2,60.93,60.12,4.01,8.87,5.96,75.95,3.44,1.32,0.347,0.326,0.54,700,0.54,Red
Topaz,3.76,Ideal,VVS2,61.9,64.53,7.27,8.77,5.48,65.53,4.39,-2.22,0.395,0.382,0.244,600,0.5,Blue
Amethyst,3.94,Fair,VVS1,63.24,50.86,6.56,8.34,3.1,72.05,2,-1.91,0.515,0.14,0.122,450,0.63,Violet
Emerald,4.19,Very Good,IF,63.19,65.24,9.66,6.77,5.37,67.57,1.3,2.66,0.323,0.314,0.565,600,0.34,Red
Sapphire,1.7,Very Good,VVS2,55.76,55.63,3.65,4.53,4.74,65.28,4.86,-3.89,0.229,0.197,0.279,450,0.51,Red
Diamond,3.47,Premium,VS1,60.74,61.78,6.76,7.48,2.76,70.15,3.47,-1.27,0.256,0.444,0.587,400,0.36,Green
,1.66,Ideal,SI1,61.96,69.33,7.32,8.94,2.42,67.49,,-3.1,0.183,0.31,0.472,550,0.35,White
Ruby,3.75,Premium,VVS1,55.86,69.9,7.34,6.45,3.65,67.86,2,-3,0.473,0.43,0.272,700,0.68,Red
Diamond,2.42,Very Good,VS2,57.22,62.69,3.42,3.47,4.64,63.22,2.67,-4.96,0.57,0.161,0.393,450,0.38,Violet
Topaz,3.07,Premium,VS2,58.96,59.83,5.29,9.83,4.51,62.84,4.87,3.88,0.116,0.157,0.563,400,0.4,LightYellow
Topaz,2.2,Ideal,VS1,63.87,53.55,4.84,7.74,4.17,65.22,1.47,-1.83,0.447,0.393,0.159,700,0.59,White
Amethyst,0.98,Ideal,VS1,63.51,54.17,,9.87,4.15,71.77,2.71,-1.13,0.301,0.546,0.458,,0.36,LightYellow
Sapphire,1.05,Ideal,SI1,62.82,58.58,8.15,4.31,2.07,64.66,2.75,-4.74,0.282,0.473,0.251,650,0.66,Green
Sapphire,0.57,Very Good,IF,64.9,64.05,4.46,4.42,2.1,75.47,4.97,-4.05,0.383,0.502,0.149,550,0.35,White
Diamond,3.17,Ideal,VS1,57.43,65.39,8.78,3.7,3.83,76.29,1.77,-2.78,0.245,0.2,0.289,450,0.42,Green
Sapphire,4.27,Good,VS2,59.68,54.44,6.4,4.47,4.32,63.23,2.87,-3.29,0.587,,0.23,550,0.41,Red
Diamond,0.3,Good,IF,59.47,60.71,4.84,3.76,5.04,79.52,4.95,3.39,0.477,0.542,0.128,650,0.32,Red
Ruby,0.52,Ideal,VS1,61.79,61.83,5.1,4.91,4.99,,3.63,4.52,0.331,0.568,0.586,650,0.47,FaintYellow
Topaz,2.4,Good,VS1,63.5,67.86,4.84,7.06,6.43,61.46,1.66,4.35,0.38,0.129,0.248,550,0.51,Green
Diamond,3.74,Ideal,SI2,59.92,,7.23,8.74,3.76,68.77,4.74,-2.86,0.155,0.18,0.319,600,0.65,White
Diamond,0.96,Very Good,VS2,59.92,66.35,6.69,,2.57,63.63,3.17,-3.73,0.444,0.152,0.482,,0.45,White
Topaz,1.5,Good,IF,,60.33,9.57,4.1,3.35,75.69,4.26,1.6,0.401,0.185,0.125,700,0.38,LightYellow
Amethyst,1.31,Very Good,VVS1,62.42,51.3,4.92,5.03,5.45,62.3,4.22,-2.21,0.576,0.179,0.373,600,0.54,Violet
Amethyst,2.12,Good,VVS1,57.01,56.69,5.23,5.4,3.1,69.67,3.21,-4.44,0.381,0.337,0.496,700,0.65,Blue
Amethyst,1.28,Fair,SI1,64.62,62.43,3.05,9.22,5.68,61.67,4.26,0.62,0.109,0.267,0.523,550,0.69,FaintYellow
Amethyst,1.89,Fair,IF,55.92,62.75,5.09,4.59,5.63,77.97,4.54,-2.34,0.459,0.14,0.453,500,,Red
Ruby,3.7,Very Good,VS1,55.23,66.98,4.76,3.9,4.11,66.17,4.25,-1.81,0.188,0.261,0.296,450,0.68,FaintYellow
Topaz,3.13,Good,VS1,58.59,57.59,5.81,9.12,5.29,72.34,3.52,0.95,0.396,0.55,0.381,600,0.47,LightYellow
Amethyst,0.59,Fair,IF,62.01,68.73,6.47,9.18,5.61,74.59,3.35,1.97,0.399,0.331,0.19,400,0.32,Red
Topaz,3.26,Ideal,VVS1,,53.26,7.69,8.5,5.27,60.64,2.85,-3.9,0.559,0.468,0.405,400,0.52,
Emerald,2.49,Premium,SI1,64.33,51,4.34,5.67,3.41,67.63,1.32,-4.49,0.355,0.22,0.154,600,0.65,Blue
Diamond,4.69,Fair,SI2,61.88,53.53,6.89,9.39,2.76,65.67,2.91,3.25,0.475,0.333,0.535,600,0.3,Blue
Topaz,1.59,Fair,SI2,59.37,59.25,8.1,6.08,2.54,70.92,3.52,-2.32,0.152,0.542,0.578,500,0.68,Blue
Emerald,3.69,Ideal,VVS2,60.96,66.46,4.69,8.54,6.34,75.42,2.81,0.26,0.595,0.548,0.244,500,0.7,Red
Sapphire,3.71,Fair,VS2,64.69,53.08,5.46,6.04,2.43,62.61,2.67,2.85,0.304,0.175,0.204,400,0.43,Blue
Diamond,1.26,Fair,IF,,60.96,4.44,6.37,3.98,69.5,1.94,-4.45,0.53,0.268,0.372,500,0.37,Green
Diamond,4.54,Fair,SI1,,65.53,3.78,9.02,2.46,62.61,,2.73,,0.27,0.57,500,0.67,White
Sapphire,2.56,Good,VVS2,61.93,50.7,8.29,3.01,5.58,75.8,1.82,0.58,0.228,0.246,0.307,700,0.58,Violet
Amethyst,3.46,Fair,VS2,55.1,50.83,4.68,4.92,4.49,75.7,1.31,-3.94,0.522,0.307,0.151,600,0.67,Violet
Amethyst,,Premium,VVS2,58.81,59.81,5.57,7.51,2.79,66.61,3.9,1.76,0.238,0.333,0.568,450,0.49,FaintYellow
Emerald,1.44,Good,VVS2,60.68,53.65,4.73,9.45,6.32,66.56,3.8,-4.27,0.562,0.365,0.206,450,,
Sapphire,3.01,Good,VS2,64.01,59.01,3.31,3.09,5.82,71.98,3.07,-1.89,0.129,0.121,0.41,650,0.38,White
Emerald,1.73,Very Good,VVS2,64.92,50.88,8.1,6.25,2.57,79.95,1.32,0.36,0.422,0.217,0.545,400,0.46,LightYellow
Ruby,2.6,Fair,VVS1,60.56,69.54,7.5,6.62,5.66,79.61,3.47,1.74,0.286,0.423,0.389,600,0.6,Green
Emerald,2,Premium,SI1,64.45,63.08,6.33,10,5.8,66.31,2.12,-2.38,0.345,0.432,0.15,700,0.34,Green
Emerald,3.27,Premium,IF,55.99,63.73,7.72,7.88,5.47,76.59,4.8,-3.2,0.315,0.404,0.41,450,0.33,Blue
Sapphire,2.54,Very Good,SI2,62.01,60.19,8.93,3.88,3.58,66.31,1.19,2.4,0.497,0.203,,450,0.66,LightYellow
Emerald,0.22,Premium,SI1,59.01,66.5,7.33,6.89,3.15,70.23,1.01,-0.91,0.592,0.309,0.155,600,0.4,Red
Emerald,3.32,Good,SI2,62.51,66.67,9.35,4.08,4.36,60.63,4.33,-2.97,0.17,0.363,0.458,450,0.34,
Topaz,2.23,Ideal,VVS1,63.68,53.18,4.41,8.08,4.13,78.81,1.93,0.94,0.357,0.187,0.505,450,0.64,LightYellow
Diamond,1.84,Good,VVS1,55.54,65.37,9.18,5.54,4.63,74.69,3.68,-1.06,0.502,0.577,0.4,550,0.61,Green
Amethyst,0.65,Ideal,SI2,,61.33,6.79,7.63,3.88,77.31,2.4,1.2,0.463,0.372,,650,0.69,Blue
,1.26,Premium,VS2,55.68,65.25,8.89,9.26,2.95,71.16,4.29,2.82,0.359,0.132,0.107,400,0.56,Blue
Diamond,1.27,Fair,VS2,62.53,68.37,8.21,8.54,4.57,61.31,4.41,-4.8,0.288,0.488,0.483,600,0.35,Red
Topaz,4.69,Ideal,VS2,55.69,56.7,3.4,8.58,4.42,68.78,4.77,-1.44,0.389,0.599,0.488,550,0.41,Violet
Ruby,2.28,Good,VVS2,,61.42,8.86,4.96,6.09,67.35,2.54,-1.49,0.292,0.174,0.476,600,,LightYellow
Sapphire,0.4,Good,VVS2,57.05,65.75,5.36,7.14,4.86,70.31,1.02,4,0.428,0.115,0.384,400,0.51,Violet
Diamond,0.87,Good,SI2,59.34,69.74,5.96,4.31,5.46,64.2,1.58,4.97,0.524,0.374,0.544,550,0.33,White
Amethyst,0.58,Good,IF,64.33,62.25,3.08,4.55,3.92,69.03,2.23,1.53,0.412,0.129,0.505,600,0.3,LightYellow
Ruby,3.03,Very Good,VVS2,62.92,64.42,8.31,7.95,5.7,60.59,4.23,-0.92,0.163,0.143,0.199,450,0.6,White
Sapphire,1.1,Premium,IF,62.86,66.93,6.27,5.85,3.39,62.98,4.64,-0.6,0.392,0.368,0.158,400,0.48,Blue
Topaz,2.59,Fair,VVS1,62.63,65.03,9.58,9.22,6.4,77.43,1.84,1.64,0.33,0.578,0.109,700,0.46,Blue
Amethyst,1.98,Very Good,IF,60.69,68.85,4.97,6.41,5.67,67.56,2.56,0.94,0.566,0.14,0.207,700,0.6,FaintYellow
Diamond,4.06,Premium,IF,64.51,54.59,6.47,3.48,,68.58,3.26,3.59,0.394,0.377,0.468,550,0.48,Red
Amethyst,1.74,Ideal,VS2,63.32,68.16,5.88,5.9,5.68,67.14,2.11,2.14,0.47,0.354,0.338,650,0.33,Blue
Sapphire,2.4,Very Good,VVS2,59.4,54.14,8.54,3.94,4.42,72.41,2.37,-3.66,0.409,0.408,0.448,600,0.55,Green
Amethyst,3.66,Very Good,VS1,62.43,61.3,6.75,9.96,4.61,60.1,4.15,3.39,0.599,0.54,0.502,550,0.61,Green
Amethyst,2.28,Very Good,VS1,64.98,60.46,6.22,3.17,6.49,78.97,1.68,-2.09,0.504,0.336,0.282,700,0.35,White
Amethyst,4.01,Very Good,VS2,63.71,66.63,9.63,6.93,5.23,71.08,3.16,2.62,0.495,0.385,0.539,700,0.63,LightYellow
Sapphire,3.38,Ideal,,55.01,57.97,5.65,5.55,2.59,67.62,3.32,-4.45,0.336,0.388,0.491,400,0.54,LightYellow
Emerald,2.17,Good,SI1,62.38,52.86,6.43,7.25,5.39,77.27,1.57,-1.87,0.549,0.17,0.399,700,0.32,Violet
Amethyst,2.62,,SI1,63.98,64.14,6.88,6.77,2.9,69.93,3.81,2.24,0.395,0.225,0.445,,0.41,LightYellow
Amethyst,4.84,Premium,VVS1,58.28,62.13,3.38,9.43,6.21,61.86,1.8,4.77,0.369,0.209,0.246,700,0.33,White
Ruby,3.38,Good,VVS1,64.77,66.54,6.69,4.28,3.19,78.26,3.79,-0.98,0.398,0.262,0.474,600,0.55,LightYellow
Amethyst,4.54,Ideal,VVS1,59.01,65.17,5.35,3.84,4.08,67.73,2.6,-2.57,0.476,0.216,0.176,700,0.49,White
Amethyst,1.06,Fair,IF,59.21,67.9,7.55,9.09,5.66,71.44,3.45,3.71,0.107,0.271,0.182,550,0.54,FaintYellow
Diamond,2.52,Ideal,SI2,56.61,66.78,7.51,9.52,6.34,78.89,3.33,3.41,0.392,0.433,0.416,450,0.59,FaintYellow
Amethyst,4.56,Fair,VVS2,55.97,63.72,7.98,5.49,2.71,65.9,4.94,0.44,0.528,0.249,0.212,500,0.6,Violet
Emerald,1.75,Premium,VVS1,60.37,59.31,5.79,9.69,2.31,63.56,1.25,-2.33,0.284,0.344,0.313,450,0.63,White
Topaz,4.84,Fair,VS1,61.03,50.41,3.73,5.4,5.56,77.31,,-1.91,0.198,0.552,0.377,500,0.47,Green
Diamond,0.67,Very Good,IF,58.67,56.15,6.07,7.09,5.88,70.44,3.36,-0.11,0.159,0.557,0.441,700,0.67,FaintYellow
Sapphire,4.53,Good,VVS1,61.07,64.55,6.87,7.67,4.71,73.9,4.03,4.82,0.388,0.546,0.526,700,0.56,Red
Topaz,2.34,Good,VVS1,58.95,51.19,3.17,9.96,2.77,62.21,4.58,-3.89,0.28,0.308,0.364,600,0.34,FaintYellow
Amethyst,0.55,Very Good,SI1,63.68,65.13,6.83,4.19,2.71,73.92,1.39,-1.36,0.479,0.451,0.366,600,0.55,Red
Ruby,4.42,Good,SI1,64.54,60.33,5.79,5.06,4.07,71.48,2.12,3.61,0.512,0.248,,550,0.65,FaintYellow
Amethyst,1.41,,VVS2,60.94,67.36,6.35,6.82,2.87,66.56,1.45,4.62,0.549,0.47,0.511,400,0.41,Green
Emerald,0.31,Very Good,VVS2,63.42,63.2,5.12,4.5,3.56,76.99,1.29,-4.49,0.104,0.579,0.159,450,0.48,Blue
Diamond,0.85,Very Good,IF,63.54,65.97,6.44,7.06,5.57,69.21,1.08,0.89,0.507,0.526,0.159,650,0.41,FaintYellow
Amethyst,3.36,Good,VS1,62.14,53.43,9.17,8.45,2.48,68.18,4.22,1.04,0.411,0.207,0.382,550,0.61,Green
Emerald,4.89,Fair,VS2,56.92,53.46,8.51,9.15,3.37,63.67,1.63,0.05,0.261,0.358,0.333,400,0.69,Green
Emerald,0.74,Premium,SI1,56.55,54.22,7.31,5.35,3.78,65.09,2.55,-4.57,0.267,0.526,0.351,400,0.55,
Topaz,2.42,Fair,VS1,64.19,56.67,7.39,4.21,3.02,65.47,1.05,-1.82,0.381,0.506,0.202,600,0.56,Red
Sapphire,1.07,Ideal,SI2,57.65,68.09,9.27,7.8,5.19,68.12,4.32,-0.6,0.102,0.269,0.53,500,0.36,Red
Ruby,3.78,Very Good,SI1,57.46,65.49,6.36,7.81,4.11,70.02,1.43,-0.12,0.266,0.565,0.189,550,0.43,LightYellow
Sapphire,0.77,Very Good,VVS2,56.66,57.29,6.78,6.07,6.26,79.81,2.78,4.66,0.549,0.519,0.238,600,0.46,White
Ruby,1.35,,VVS2,60.27,68.37,9.02,7.16,3.53,70.9,2.44,-1.95,0.425,0.126,0.215,450,0.48,Red
Amethyst,1.14,Premium,VS2,61.77,65.58,8.28,8.59,6.16,69.34,2.02,-4.41,0.178,0.596,0.523,450,0.61,White
Topaz,2.85,Very Good,VS1,61.76,63.12,6.03,8.13,4.56,72.79,2.85,-3.8,0.516,0.432,0.19,550,0.62,Violet
Diamond,4.39,Fair,VS1,57.61,58.73,5.14,7.71,4.42,75.11,1.16,-1.47,0.464,0.49,0.52,700,0.57,LightYellow
Emerald,2.65,Ideal,VS2,55.95,63.03,6.62,7.63,3.06,79.59,2.46,2.78,0.132,0.209,0.568,650,0.54,LightYellow
Ruby,0.48,Very Good,VVS2,58.1,61.86,3.84,8.07,6.26,79.96,3.15,1.07,0.582,0.596,0.358,600,0.63,LightYellow
Topaz,2.9,Fair,IF,60.03,65.64,7.76,7.25,3.43,77.22,3.43,2.82,0.511,0.374,0.245,400,0.47,Green
Topaz,4.03,Ideal,VS1,61.12,54.51,6.25,3.59,4.46,60.85,3.19,4.18,0.171,0.437,0.15,400,0.53,LightYellow
Sapphire,0.83,Ideal,VVS1,57.71,67.71,7.16,7.08,6.23,60.84,2.82,-3.79,0.536,0.342,0.127,700,0.5,FaintYellow
Diamond,0.55,Ideal,VS1,56.83,61.84,8.92,9.23,5.83,66.46,3.34,0.27,0.563,0.525,0.403,600,0.57,Violet
Emerald,1.1,Premium,SI2,63.42,66.14,5.49,3.26,3.39,77.36,1.36,1.25,0.355,0.227,0.128,550,0.56,White
Emerald,3.78,Ideal,VS1,63.58,56.95,6.48,5.79,5.62,75.23,2.24,-0.83,0.245,0.156,0.593,500,0.39,LightYellow
Sapphire,3.04,Good,SI2,57.8,57.84,6.89,5.75,5.06,72.59,4.87,-0.47,0.382,0.152,0.213,500,0.31,Green
Diamond,2.79,Good,VS1,60.6,68.75,4.96,4.78,2.15,63.86,4.83,-4.16,0.446,0.114,0.576,700,,Green
Emerald,1.4,Ideal,VVS2,59.4,62.44,4.92,7.02,4.22,79.43,3.52,-4.41,0.227,0.12,0.514,600,0.69,Violet
Ruby,1.79,Very Good,VVS1,56.42,56.35,6.68,4.19,3.9,77.97,3,-4.57,0.24,0.206,0.235,600,0.34,FaintYellow
Emerald,4.84,Good,SI2,64.41,51.64,4.8,9.41,4.97,78.27,1.92,1.56,0.485,0.103,0.31,500,0.46,White
Amethyst,1.36,Fair,VS1,55.1,58.69,9.03,4.09,5.16,70.15,2.44,-3.99,0.0254,0.136,0.594,400,0.44,FaintYellow
Sapphire,4.53,Premium,IF,56.88,66.98,9.96,9.76,5.17,67.36,3.59,-1.32,0.277,0.304,0.222,600,0.42,Red
Emerald,3.56,Very Good,SI1,58.46,55.03,4.48,3.08,4.07,72.74,4.25,4.17,0.285,0.297,0.341,650,0.6,Red
Sapphire,0.79,Fair,SI2,63.56,67.21,7.03,6.42,6.26,73.13,4.31,-3.32,0.466,0.386,0.423,600,0.69,White
Amethyst,2.44,Very Good,SI1,62.89,53.23,4.02,3.25,2.32,78.55,1.55,-0.27,0.272,0.229,0.455,600,0.59,Red
Topaz,4.75,Fair,VVS1,60.8,52.6,4.3,9.14,4.92,71.43,3.02,2.29,0.254,0.284,0.326,500,0.42,Violet
Topaz,2.21,Ideal,VS2,61.95,62.11,8.36,8.59,3.98,77.58,3.86,-2.52,0.483,0.463,0.216,500,0.32,Blue
Diamond,4.34,Fair,IF,58.41,66.09,4.4,4.58,3.05,66.31,3.79,-4.78,0.309,0.219,0.491,450,0.54,Violet
Ruby,1.43,Ideal,VS2,64.41,65.6,8.24,3.97,2.62,60.85,4.89,2.78,,0.111,0.294,500,0.36,FaintYellow
Amethyst,2.94,Fair,VS1,55.27,60.87,5.83,4.48,4.08,68.73,1.51,2.29,0.501,0.201,0.559,450,0.57,Violet
Diamond,,Fair,SI2,56.01,62.77,6.36,3.55,3.37,64,2.85,4.8,0.577,0.301,0.289,700,0.69,FaintYellow
Amethyst,4.62,Fair,VVS2,64.26,55.16,4.82,4.66,2.99,75.56,1.31,1.06,0.419,0.53,0.297,700,0.61,Green
Diamond,2.53,Ideal,VS1,64.45,61.02,6.84,3.48,2.16,76.1,3.28,-1.91,,0.467,0.477,550,0.55,Green
Ruby,3.27,Fair,VS1,59.91,54.15,5.32,8.97,3.41,75.66,3.74,-3.7,0.314,0.418,0.261,550,0.7,White
Topaz,,Fair,VS2,60.76,68.57,4.22,8.97,6.19,69.26,1.3,-4.01,0.405,0.271,0.442,550,0.41,LightYellow
Sapphire,1.42,Premium,VS1,64.03,63.56,3.97,6.84,4.42,77.86,3.13,1.38,0.203,0.446,0.486,550,0.56,Red
Sapphire,1.54,,IF,63.53,61.29,10,9.44,3.09,68.91,4.89,-1.51,0.429,0.389,0.279,650,0.43,Blue
Ruby,0.65,Good,VVS2,63.62,54.94,5.42,5.45,6.39,72,1.14,3.32,0.555,0.448,0.156,500,0.31,Violet
Emerald,1.54,Very Good,VS2,58.72,58.18,8.63,4.25,4.93,64.27,1.71,-3.75,0.191,0.599,0.455,500,0.5,FaintYellow
Diamond,1.74,Premium,VVS1,63.31,65.6,5.39,5.13,4.28,60.48,3.18,4.64,0.365,0.5,0.46,450,0.64,FaintYellow
Amethyst,4.85,Fair,SI1,55.69,54.79,7.36,3.87,6.2,72.09,3.85,-4.4,0.215,0.328,0.496,650,0.45,White
Emerald,3.41,Good,,59.87,52.58,8.89,8.76,5.51,73.06,4.3,2.82,0.141,0.581,0.228,600,0.43,Violet
Ruby,2.24,Good,SI1,57.37,56.15,7.87,8.32,4.4,78.58,2.19,2.78,0.142,0.201,0.224,700,,Green
Amethyst,4.94,Fair,SI2,55.36,65.89,3.48,4.33,2.03,76.9,2.34,1.13,0.21,0.417,0.309,400,0.42,White
Ruby,0.94,Fair,VS2,61.17,67.66,4.35,6.82,3.86,75.52,4.16,4.93,0.271,0.264,0.521,450,0.58,FaintYellow
Emerald,2.49,Premium,SI1,55.76,58.29,,4.96,5.6,74.01,2.68,-4.95,0.21,0.151,0.301,500,0.7,LightYellow
Diamond,3.31,Ideal,VS1,56.2,65.63,6.3,3.92,3.28,68.64,4.5,-0.35,0.495,0.588,0.43,600,0.39,Green
Diamond,0.47,Premium,SI2,55.82,56.64,7.19,4.72,2.24,69.77,4.68,-3.94,0.137,0.348,0.275,650,0.68,Blue
Emerald,3.64,Ideal,VS1,64.75,60.18,3.17,7.2,4.74,75.59,4.4,0.15,0.121,0.309,0.385,700,0.67,LightYellow
Ruby,0.68,Good,VS2,55.39,50.4,6.41,7.55,6.05,63.18,1.34,-3.04,0.191,0.174,0.106,400,0.41,White
Topaz,0.87,Very Good,IF,57.7,64.24,6.02,4.31,6.45,74.35,3.16,-0.54,0.215,0.491,,450,0.5,FaintYellow
Emerald,0.97,Fair,VVS1,61.52,64.37,7.8,8.42,2.52,72.5,4.78,-4.62,0.433,,0.174,600,0.37,Blue
Topaz,4.66,Premium,VS1,63.23,52,4.92,7.02,6.33,64.49,4.85,-0.47,0.103,0.318,0.373,500,0.49,Blue
Ruby,3.48,Good,IF,61.08,57.18,8.21,6,3.73,68.91,3.1,1.67,0.557,0.335,0.464,450,0.53,White
Diamond,3.35,Premium,VS1,64.77,59.67,7.7,7.52,5.36,75.65,2.73,3.79,0.242,0.185,0.232,600,0.54,Violet
Diamond,2.87,Ideal,VS1,58.38,65.48,6.57,5.33,2.92,62.31,1.75,4.27,0.152,0.491,0.388,600,0.63,Blue
Ruby,1.61,Fair,IF,59.72,66.47,5.63,4.85,5.03,72.48,4.99,-1.47,0.577,0.508,0.215,650,0.57,LightYellow
Emerald,3.18,Ideal,VS1,63.21,64.38,5.11,9.48,5.02,68.42,3.48,3.08,0.552,0.58,0.448,500,0.53,FaintYellow
Amethyst,2.17,Ideal,VVS1,61.82,54.32,6.75,9.29,3.27,65.01,1.32,3.79,0.143,0.351,0.461,650,0.55,Red
Diamond,0.9,Ideal,SI1,57.14,57.13,7.04,6.33,4,77.83,4.51,4.7,0.322,0.298,0.224,600,0.41,Green
Sapphire,3.51,Good,VS2,59.99,54.95,6.14,7.23,3.87,69.55,3.63,-0.6,0.416,0.28,0.255,450,0.48,Red
Topaz,0.82,Fair,SI2,64.76,62.74,5.24,7.6,4.95,79.76,2.33,3.2,0.493,,0.241,650,0.6,Blue
Emerald,1.12,,SI2,63.63,62.95,9.16,7.59,6.4,72.7,1.74,-2.4,0.591,,0.231,650,0.56,Red
Topaz,4.12,Premium,SI1,56.92,50.32,5.17,6.7,4.57,66.61,3.66,2.67,0.479,,0.14,550,0.61,FaintYellow
Topaz,3.37,Ideal,IF,56.8,64.63,7.71,5.19,4.45,65.99,1.04,3,0.372,0.462,0.594,500,0.57,LightYellow
Sapphire,3.23,Fair,SI1,63.28,54.59,9.33,9.23,3.52,73.87,4.46,3.54,0.117,0.321,0.567,450,0.56,Red
Topaz,2.21,Premium,VVS2,56.99,66.03,7.53,6.93,5.05,66.97,3.52,3.13,0.203,0.485,0.413,650,0.31,Violet
Ruby,2.1,Fair,SI2,59.53,66.66,5.56,9.35,5.81,71.55,,2.86,0.534,0.565,0.473,550,0.42,FaintYellow
Ruby,3.51,Premium,VS1,56.81,65.94,5.08,8.8,2.44,71.32,3.78,1.83,0.297,0.208,0.164,550,0.35,Violet
Sapphire,3.75,Fair,VS2,55.15,58.16,8.97,7.55,3.09,60.31,2.05,-3.89,0.151,0.284,0.465,450,,White
Topaz,2.65,Very Good,VVS1,63.75,56.97,6.43,7.97,4.67,73.86,,-1.28,0.498,0.425,0.478,450,0.68,FaintYellow
Amethyst,4.85,Fair,VVS1,62.79,58.7,7.15,9.38,,,3.65,-2.53,0.161,0.36,0.148,400,0.58,LightYellow
Sapphire,4.79,Fair,VVS2,59.71,60.54,7.17,7.42,3.56,76.21,4.55,-0.67,0.242,0.343,0.499,650,0.6,Red
Emerald,2.18,Ideal,SI1,56.6,55,6.74,6.28,4.16,78.78,3.92,4.17,0.115,0.519,0.151,550,0.46,Blue
Sapphire,4.14,Ideal,VVS1,63.06,68.63,9.52,6.1,5.63,69.77,2.58,1.14,0.249,0.475,0.502,,0.46,Green
Emerald,2.81,Ideal,SI1,58.59,60.08,9.52,9.86,4.37,75.52,4.26,-4.16,0.509,0.362,0.434,550,0.32,White
Ruby,2.66,Fair,VS2,61.62,51.46,3.28,8.26,3.71,69.38,4.27,-2.01,0.322,0.223,0.191,450,0.32,White
Amethyst,0.46,Very Good,VVS2,58.17,69.94,6.54,7.7,2.66,65.85,4.88,3.52,0.204,0.488,0.473,550,0.36,White
Ruby,2.96,Premium,SI1,59.32,59.68,6.96,3.67,2.91,78.02,3.48,-1.25,0.34,0.319,0.308,700,0.68,Blue
Sapphire,4.52,Ideal,IF,60.35,68.94,9.48,7.12,4.33,72.33,3.75,-4.93,0.102,0.56,0.552,600,0.42,FaintYellow
Amethyst,3.94,Good,SI1,62.62,57.81,3.49,4.32,5.62,61.21,2.93,2.75,0.45,0.101,0.27,500,0.3,Green
Ruby,3.97,Fair,SI1,63.32,54.5,8.52,5.73,3.8,78.69,2.08,,0.103,0.384,0.248,450,0.67,Red
Amethyst,0.97,Very Good,VVS2,59.44,64.74,7.5,6.9,3.03,68.34,1.33,-3.78,0.257,0.408,0.316,550,0.59,Blue
Sapphire,1.92,Very Good,IF,57.33,58.65,8.13,3.06,3.71,73.37,4.02,1.17,0.191,0.169,0.202,600,0.53,LightYellow
Amethyst,1.32,Ideal,VVS1,56.54,67.63,5.04,9.04,2.25,79.19,2.88,0.69,0.573,0.353,0.188,400,0.38,Violet
Amethyst,1.72,Ideal,SI2,58.41,59.29,8.23,6.07,4.39,70.68,4.38,,0.162,0.158,0.317,550,0.56,
Diamond,2.98,Good,VS2,63.02,56.77,4.98,7.36,2.33,71.96,2.73,-2.92,0.406,0.3,0.4,550,0.41,Blue
Amethyst,1.95,Good,SI1,57.74,69.33,7.73,4.41,5.82,63.77,4.77,-3.96,0.286,0.438,0.352,500,0.57,LightYellow
Diamond,,Ideal,VS1,55.48,66.61,8.51,7.91,5.43,75.56,2.49,-3.78,0.461,0.441,0.477,600,0.58,LightYellow
Amethyst,2.3,Premium,VVS2,60.64,54.11,8.48,5.17,5.16,70.43,2.74,2.36,0.268,0.34,0.558,550,0.41,Red
Topaz,,Ideal,VVS1,55.34,59.78,6.81,6.61,6.25,69.74,3.63,4,0.153,0.514,0.505,500,0.4,LightYellow
Emerald,0.66,Ideal,SI1,63.85,52.27,5.89,5.26,6,63.55,2.27,0.62,0.12,0.389,0.224,400,0.57,Red
Diamond,4.48,Very Good,VS2,61.78,52.15,4.7,7.51,2.01,,3.51,1.46,0.595,0.401,0.329,500,0.6,LightYellow
Amethyst,0.25,Ideal,VS1,57.57,67.07,3.23,8.95,5.51,78.98,1.05,4.73,0.582,0.188,0.279,650,0.36,Green
Diamond,0.21,Ideal,VVS2,59.69,68.64,3.34,7.49,4.63,67.75,1.98,-4.84,0.208,0.334,0.198,500,0.7,Green
Amethyst,4.17,Ideal,VS2,62.39,64.78,5.93,4.25,3.96,64.44,1.93,-3.44,0.144,0.124,0.578,600,0.32,Blue
Diamond,4.98,Premium,VVS1,64.16,69.78,3.66,4.75,3.29,71.97,1.44,-0.3,0.404,0.229,0.145,450,0.34,Violet
Ruby,3.69,Very Good,SI2,63.74,50.91,3.78,6.66,2.88,70.16,4.7,-4.12,0.445,0.203,0.139,650,0.43,Red
Diamond,0.27,,SI1,55.7,56.63,5.42,5.23,5.97,69.59,4.94,-2.38,0.467,0.287,0.575,500,0.39,Violet
Emerald,1.29,Fair,SI1,55.81,52.64,6.37,4.37,3.63,63.27,1.16,-1.12,0.556,0.336,0.231,450,0.32,LightYellow
Topaz,4.86,Fair,SI1,60.98,65.64,7.14,3.33,4.02,78.17,2.78,2.06,0.227,0.214,0.247,400,0.66,FaintYellow
Ruby,4.08,Fair,VVS2,59.96,67.81,7.86,3.73,5.21,72.16,1.66,-3.68,0.211,0.13,0.154,700,0.37,Violet
Amethyst,2.92,Very Good,SI1,57.93,58.94,6.4,6.95,5.54,72.43,4.32,,0.137,0.274,0.198,600,0.42,LightYellow
Sapphire,1.34,Ideal,VVS2,64.76,66.58,7.65,4.36,4.81,62.37,1.59,-4.48,0.175,0.151,0.289,600,0.45,Violet
Topaz,0.27,Fair,SI1,62.46,66.95,9.03,6.49,3.89,69.11,1.74,-0.53,0.425,0.169,0.137,600,0.3,Red
Amethyst,0.3,Ideal,IF,61.87,52.79,5.62,7.49,2.29,71.66,3.94,-4.01,0.343,0.504,0.406,600,0.34,Violet
Ruby,3.14,Fair,SI2,56.81,57.54,7.82,4.75,4.75,78.47,1.36,-0.02,0.459,0.308,0.305,400,0.5,Blue
Sapphire,0.3,Premium,SI1,57.84,53.76,7.61,9.65,5.81,71.61,4.8,-0.84,0.411,0.273,0.213,650,0.4,Red
Diamond,4.97,Ideal,IF,61.05,63.4,7.46,4.8,2.21,79.17,3.93,-1.2,0.453,0.132,0.434,550,0.49,Blue
Sapphire,1.08,Very Good,VVS2,62.96,57.75,7.08,4.13,3.59,73.84,4.91,3.12,0.365,0.298,0.215,400,0.57,White
Sapphire,3.61,Premium,VS2,64.31,63.36,8.08,6.2,3.11,63.12,2.79,0.16,0.574,0.379,0.444,650,0.53,Green
Ruby,0.94,Premium,VVS1,61.98,67.52,8.73,6.1,4.43,61.3,1.93,-2.28,0.437,0.265,0.342,700,0.6,Red
Diamond,2.79,Very Good,VS1,59.19,58.26,5.74,9.01,2.05,70.97,4.74,3.13,0.453,0.382,0.592,650,0.69,Green
Topaz,0.59,Premium,IF,61.91,69.44,7.58,3.33,5.97,78.89,3.03,0.21,0.542,0.599,0.148,700,0.46,Blue
Ruby,3.88,Ideal,VVS1,55.69,58.17,4.74,4.91,5.56,66.38,4.8,4.76,0.405,0.306,0.115,550,0.6,White
Sapphire,,Good,SI1,61,54.27,8.29,9.15,2.47,77.68,4.81,-0.05,0.214,0.381,0.194,550,0.38,White
Emerald,0.61,Good,VVS2,63.95,60.59,9.16,8.31,6.02,62.92,4.2,3.25,0.313,0.192,0.55,500,0.31,FaintYellow
Emerald,4.27,Fair,VVS1,61.37,,8.33,3.03,5.45,74.82,1.9,-4.99,0.463,0.444,0.582,450,0.67,LightYellow
Sapphire,2.83,Fair,,55.08,52.5,6.44,6.7,6.3,68.32,1.94,-2.49,0.563,0.106,0.47,700,0.47,Blue
Diamond,4.62,Ideal,SI2,61.95,50.46,3.93,4.71,3.16,60.26,3.59,-4.7,0.34,0.192,0.517,650,0.51,FaintYellow
Amethyst,4.6,Very Good,SI2,62.26,64.88,9.11,9.92,5.85,65.79,2.91,0.48,0.212,0.283,0.157,450,0.31,White
Amethyst,4.62,Ideal,SI1,60.41,,8.7,9.88,2.66,68.01,2.67,-0.27,0.257,0.476,0.274,700,0.48,White
Sapphire,0.57,Fair,VVS1,63.16,58.81,7.89,9.49,5.13,68.75,1.82,2.58,0.313,0.464,0.451,700,0.35,White
Amethyst,0.78,Premium,VVS2,57.02,51.31,8.96,3.07,2.32,63.43,1.89,-3.87,0.465,0.541,0.314,500,0.69,White
Ruby,4.94,Ideal,,59.09,64.81,6.73,9.33,5.21,72.33,2.46,3.3,0.153,0.583,0.269,600,,Blue
Diamond,2.54,Ideal,IF,63.08,67.34,9.94,5.29,2.68,76.93,3.53,-4.28,0.124,0.197,0.253,650,0.58,Red
Ruby,1.34,Very Good,VS1,61.04,56.47,8.86,7.49,5.31,73.77,1.17,3.45,0.599,0.575,0.124,550,0.67,FaintYellow
Diamond,3.89,Fair,VS2,64.94,54.44,4.15,6.14,3.98,75.98,,0.51,0.276,0.221,0.205,450,0.62,Green
Amethyst,1.47,Ideal,,55.69,56.74,5.82,5.48,2.61,66.96,3.99,-4.09,0.228,,0.427,600,0.61,Violet
Amethyst,3.69,Premium,VS1,57.44,68.17,4.19,5.01,4.57,76.88,2.68,-4.69,0.414,0.181,0.166,700,,FaintYellow
Ruby,,Premium,VVS2,56.99,58.36,4.57,5.99,2.11,60.11,3.39,2.98,0.566,0.111,0.178,400,0.51,Red
Amethyst,3.96,Good,VS1,64.76,63.08,6.51,5.08,3.07,76.56,1.4,-1.83,0.32,0.258,0.449,650,0.44,FaintYellow
Sapphire,1.52,Fair,VVS2,63.69,51.49,5.53,9.48,3.32,60.55,4.76,4.45,,0.211,0.182,500,0.66,Blue
Ruby,2.13,Premium,VS1,56.33,55.63,9.37,6.06,6.46,72.92,1.56,4.88,0.238,0.271,0.213,700,0.38,FaintYellow
Topaz,2.18,Very Good,SI2,58.54,54.56,3,9.61,5.58,64.12,3.6,3.02,0.368,0.239,0.137,400,0.45,Red
Amethyst,2.56,Fair,IF,55.53,51.25,3.07,5.6,3.4,69.87,1.67,2.62,0.375,0.158,0.419,650,0.59,FaintYellow
Diamond,1,Premium,SI1,61.33,52.41,9.44,4.82,3.64,68.08,4.94,2.16,0.218,0.204,0.492,600,0.5,FaintYellow
Sapphire,2.37,Ideal,SI1,58.31,58.33,4.67,8.66,3.97,79.15,3.53,-3.01,0.386,0.144,0.391,500,0.52,Violet
Diamond,2.65,Fair,SI1,57.58,61.16,3.02,6.64,5.55,66.46,3.08,-3.46,0.388,0.365,0.228,650,0.51,Violet
Diamond,2.75,Premium,VVS2,60.23,56.24,6.06,4.14,5.06,73.29,4.38,-0.96,0.389,0.514,0.453,450,0.3,Violet
Topaz,4.14,Ideal,VVS1,62.96,58.39,4.37,9.5,4.44,70.34,1.68,4.45,0.301,0.386,0.359,500,0.36,LightYellow
Amethyst,2.68,Good,SI1,59.04,65.19,3.37,9.73,4.01,67.58,2.7,-4.67,0.418,0.262,0.169,400,0.67,Blue
Ruby,1.31,Fair,VVS2,62.57,54.94,6.71,7.82,3.14,73.02,4.91,3.21,0.27,0.523,0.192,600,0.6,White
Sapphire,3.38,Fair,SI2,59.46,50.68,3.98,9.8,4.04,62.8,3.03,-0.88,0.296,0.177,0.124,600,0.45,FaintYellow
Topaz,4.03,Premium,VVS2,57.15,55.14,8.86,7.72,5.49,74.65,3.52,-4.68,0.121,0.513,0.117,550,0.37,Green
Amethyst,1.73,Good,VS1,59.46,68.43,5.12,7.36,4.01,71.73,1.27,-3.22,0.578,0.408,0.184,650,0.53,Blue
Diamond,3.3,Very Good,VVS2,60.38,50.36,4.55,8.78,4.36,75.41,1.29,4.81,0.459,0.2,0.447,700,0.44,Green
Emerald,0.91,Premium,VS1,59.62,52.58,8.18,3.47,3.52,75.09,1.25,3.15,0.47,0.204,0.254,700,0.37,Green
Ruby,1.84,Premium,SI2,57.74,51.3,8.94,6.1,4.18,69.52,2.96,3.28,0.493,0.129,0.302,700,0.51,LightYellow
Emerald,4.56,Very Good,IF,56.85,57.54,3.65,6.01,5.42,68.36,3.88,0.49,0.459,0.543,0.478,450,0.31,White
Ruby,4.57,Very Good,VVS2,64.47,62.95,4.06,7.35,6.15,77.12,2.3,-4.61,0.534,0.476,0.164,550,,Green
Emerald,2.96,Very Good,VVS1,57.97,68.21,6.32,5.43,4.23,78.24,3.3,3.18,0.111,0.566,0.372,650,0.3,FaintYellow
Topaz,3.57,Very Good,VVS1,62.05,65.88,7.13,6.17,2.67,68.39,3.31,-0.27,0.152,0.213,0.541,450,0.57,FaintYellow
Emerald,4.3,Very Good,IF,58.41,55.01,3.58,8.95,5.48,78.59,1.63,2.15,0.31,0.123,0.519,650,0.57,Blue
Sapphire,4.8,Ideal,SI2,64.7,62.7,5.63,9.64,5.41,78.43,4,2.46,0.531,0.347,0.278,550,0.52,White
Amethyst,2.55,Ideal,SI1,64.88,63.28,9.28,6.39,5.04,62.59,3.19,-4.6,0.245,0.258,0.294,600,0.46,Green
Amethyst,2.9,Very Good,VVS1,63.25,51.81,9.13,7.94,4.62,69.28,1.48,-2.75,0.474,0.307,0.347,450,0.33,Green
Amethyst,2.2,Good,VS1,60.81,58.54,5.18,6.83,3.44,76.11,4.79,3.33,0.234,0.332,0.383,400,0.6,Violet
Amethyst,0.55,Good,VVS2,60.42,,4.59,9.07,5.37,63,1.99,-0.09,0.599,0.496,0.41,450,0.4,White
Diamond,2.23,Very Good,,58.29,53.14,7.08,4.83,6.43,64.81,2.65,-4.68,0.521,0.458,0.168,550,0.47,Red
Sapphire,4,Ideal,SI2,56.22,51.17,3.67,9.04,4.11,71.07,4.78,4.59,0.331,0.49,0.398,450,0.36,Violet
Amethyst,4.06,Good,VVS2,55.79,50.54,4.63,6.61,2.73,62.44,2.33,1.18,0.544,0.213,0.35,400,0.54,White
Ruby,4.48,Ideal,SI2,59.65,67.17,4.17,6.19,3.01,66.73,1.74,-1.01,0.403,0.121,0.108,550,0.55,FaintYellow
Diamond,0.45,Premium,SI2,64.79,56.61,4.45,9.66,3.16,70.29,4.93,4.01,0.165,0.539,0.25,550,0.54,Violet
Topaz,2.73,Ideal,VVS2,57.47,59.86,4.5,5.14,4.86,75.83,4.98,-3.68,0.429,0.287,0.377,600,0.33,FaintYellow
,0.72,Very Good,VS2,59.11,55.83,7.39,3.58,5.45,63.15,3.75,4.75,0.358,0.267,0.511,,0.68,Blue
Sapphire,1.16,Fair,SI1,61.41,53.32,6.42,7.7,3.57,74.43,4.58,-2.4,0.201,0.469,0.232,600,0.51,Blue
Topaz,4.52,Very Good,SI2,58.51,55.23,9.04,4.84,5.29,78.96,5,0.61,0.14,0.161,0.123,400,0.5,Green
Diamond,2.58,Premium,VVS1,55.04,53.4,8.15,7.49,2.4,64.14,1.59,3.18,0.542,0.285,0.439,600,0.55,FaintYellow
Topaz,3.84,Ideal,VVS1,58.96,65.16,6.49,3.39,6.04,64.54,4.37,-2.34,0.292,0.329,0.103,500,0.54,Blue
Amethyst,0.51,Good,VVS2,63.05,68.15,5.15,6.94,2.3,75.69,1.19,-2.09,0.543,0.594,0.594,400,0.4,Blue
Ruby,2.2,Very Good,VVS1,64.44,58.69,8.82,4.66,5.61,62.69,3.58,0.91,0.472,0.485,0.171,700,0.48,Violet
Topaz,3.44,Good,SI2,57.75,66.46,3.56,3.53,5.2,69.41,3.5,-4.26,0.115,0.532,0.324,650,0.44,FaintYellow
Sapphire,0.84,Ideal,SI2,64.22,58.52,7.77,3.39,4.9,68.27,2.95,2.58,0.507,0.51,0.177,600,0.55,Blue
Diamond,1.76,Fair,VS1,63.67,58.94,3.79,9.7,2.27,70.23,3.3,-1.91,0.216,0.243,0.331,500,0.37,Green
Sapphire,3.65,Very Good,SI2,59.07,59.7,6.73,4.86,4.34,70.38,2.11,4.56,0.309,0.187,0.415,500,0.32,Blue
Amethyst,3.33,Good,VS1,55.05,66.4,9.31,7.07,2.55,71.16,1.03,-2.11,0.278,0.57,0.584,550,0.56,Blue
Ruby,4.86,Very Good,VS2,63.45,68.73,4.67,,3.98,76.36,1.75,4.41,0.107,0.131,0.217,500,0.54,White
Amethyst,4.17,Very Good,SI2,57.87,64.89,3.55,5.54,2.76,68.52,4.74,-3.87,0.527,0.385,0.351,700,0.64,FaintYellow
Amethyst,4.88,Good,VVS2,62.56,67.77,5.38,6.8,2.7,64.31,2.09,-0.99,0.453,0.268,0.227,400,0.35,Green
Ruby,4.26,Premium,SI1,60.72,62.85,6.35,6.92,4.58,75.72,3.85,1.5,0.334,0.462,0.167,450,0.57,
Amethyst,4.3,Very Good,VS1,57.22,66.79,8.07,8.86,3.28,79.59,2.82,-2.39,0.294,0.227,0.497,650,0.35,FaintYellow
Emerald,2.97,Premium,IF,61.48,61.14,3.21,5.7,5.47,62.52,4.92,2.47,0.58,0.482,0.101,400,0.34,Green
Topaz,2.69,Premium,VVS1,62.65,65.45,3.92,5.47,3.14,65.21,4.91,3.63,0.538,0.321,0.24,450,0.31,Red
Sapphire,2.15,Ideal,SI1,59.74,64.11,5.88,7.75,3.51,79.55,3.12,4.42,0.593,0.356,0.127,650,0.31,White
Emerald,4.13,Good,VVS2,62.48,64.99,3.67,5.6,4.66,64.43,2.38,4.78,0.261,0.485,0.109,500,0.31,FaintYellow
Topaz,1.07,Ideal,VS1,59.05,54.69,9.69,6.58,2.04,68.45,2.61,-4.45,0.416,0.417,0.38,500,0.65,White
Emerald,0.47,Fair,VS2,64.8,53.08,6.58,4.21,5.79,61.67,2.43,1.05,0.25,0.454,0.253,400,0.58,Red
Emerald,4.75,Ideal,VS1,57.4,63.06,5.64,4.99,2.41,66.1,1.23,3.59,0.131,0.402,0.369,400,0.63,White
Amethyst,0.22,Very Good,IF,52.46,59.66,9.86,8.23,2.12,65.18,1.2,3.74,0.522,0.551,0.458,450,0.56,Green
Amethyst,4.89,Very Good,,62.5,65.29,7.52,8.88,5.48,79.15,3.25,,0.317,0.224,0.499,600,0.45,Green
Diamond,3.7,Very Good,VVS2,60.29,52.93,6.61,8.59,5.6,62.81,3.3,-4.88,0.537,0.239,0.337,550,0.64,LightYellow
Diamond,1.78,Fair,VS2,58.5,68.95,4.69,5.74,4.87,66.2,1.29,2.68,0.321,0.503,0.331,400,0.37,White
Topaz,3.55,Premium,SI2,59.46,64.08,4.77,6.08,5.74,61.59,2.55,4.39,0.123,0.128,0.179,600,0.68,Violet
Topaz,4.13,Very Good,VS2,61.29,50.46,5.54,5.87,6.13,73.44,4.68,-4.96,0.124,0.257,0.434,550,0.42,Red
Ruby,1.38,Ideal,IF,60.3,61.53,8.26,4.35,3.01,79.73,2.75,-4.56,0.447,0.56,0.207,650,0.33,Red
,3.9,Premium,VVS2,62.62,56.25,8.71,8.48,4.02,63.06,2.42,2.74,0.464,0.269,0.419,550,0.41,White
Ruby,4.06,Ideal,IF,58.61,55.49,4.34,8.8,3.82,72.54,1.29,2.79,0.592,0.565,0.493,650,0.68,White
Ruby,1.4,Ideal,IF,56.07,68.04,,7.27,2.76,63.07,4.31,-2.89,0.314,0.52,0.324,500,0.43,Blue
Emerald,0.4,Very Good,IF,60.06,66.72,5.32,8.19,3.19,64.53,3.36,2.17,0.507,0.514,0.404,450,0.42,Violet
Sapphire,1.18,Ideal,VS1,57.59,50.19,4.4,7.57,3.84,70.84,1.67,3.83,0.248,0.153,0.212,650,0.39,LightYellow
Sapphire,1.16,Fair,VVS1,61.17,53.63,4.36,3.72,2.46,78.99,2.66,-2.42,0.221,0.113,0.534,700,0.47,Violet
Sapphire,0.51,Premium,VS1,60.2,64.39,6.24,6.86,5.41,69.5,3.92,-0.53,0.114,0.528,0.414,400,0.42,Blue
Amethyst,3.68,Very Good,VVS2,62.79,66.96,8.37,5.43,4.74,69.01,2.06,-0.14,0.366,0.455,0.36,550,0.41,Blue
Amethyst,2.02,Very Good,SI1,60.75,64.35,7,4.54,6.15,62.74,2.95,-0.86,0.22,0.288,0.364,600,0.62,Red
Ruby,4.45,Ideal,IF,59.31,60.51,6.25,7.65,2.14,71.27,3.17,,0.4,0.268,0.394,450,0.43,LightYellow
Amethyst,1.41,Ideal,IF,56.2,69.69,3.13,9.22,4.93,69.25,3.86,4.89,0.263,0.137,0.412,550,0.38,Green
Ruby,2.38,Good,VVS1,56.2,65.95,6.94,10,5.53,66.69,,0.71,0.462,0.371,0.405,650,0.57,Blue
Amethyst,3.27,Good,VS2,61.4,59.36,7.72,7.04,4.3,,2.83,2.15,0.423,0.358,0.442,700,0.34,Green
Sapphire,4.41,Very Good,IF,63.81,61.67,3.69,7.71,6.35,65.96,1.69,-3.93,0.57,0.417,,700,0.39,Green
Emerald,2.72,Very Good,VS1,59.15,50.9,9.69,7.56,2.17,78.06,2.24,0.1,0.341,0.479,0.215,450,0.57,FaintYellow
Diamond,1.99,Ideal,SI2,60.31,69.29,3.64,7.87,4.36,77.45,2.55,3.96,0.229,0.269,0.501,400,0.39,White
Diamond,4.36,Fair,IF,60.91,57.25,7.83,4.72,3.41,69.73,4.66,2.13,0.318,0.352,0.495,450,0.31,Violet
Ruby,,Fair,VVS2,59.77,63.23,6.67,4.12,6.38,78.16,3.63,-2.2,0.576,0.3,0.156,450,0.61,LightYellow
Ruby,0.58,Ideal,SI2,55.6,63.34,9.19,5.85,6.31,79.23,3.16,3.43,0.401,0.12,0.324,450,0.44,Blue
Topaz,2.34,Good,VVS1,60.89,51.14,5.9,6.26,2.44,60.73,3.04,-4.48,0.409,0.214,0.418,650,0.49,LightYellow
Ruby,3.97,Good,SI1,56.37,55.32,6.56,8.34,3.77,77.05,3.62,4.85,0.576,0.524,0.127,700,0.52,Blue
Sapphire,0.35,Fair,VS2,60.56,63.12,6.87,7.36,2.99,68.05,1.92,2.58,0.586,0.358,0.539,400,0.53,Violet
Diamond,3.01,Very Good,SI1,62.75,68.24,9.12,6.87,5.73,79.9,2.71,4.51,0.57,0.408,0.233,400,0.31,FaintYellow
Ruby,3.05,Ideal,VVS2,55.05,65.57,8.6,6.49,6.1,66.86,3.26,3.55,0.36,0.435,0.248,650,0.63,FaintYellow
Ruby,4.66,Very Good,VS1,59.3,61.6,4.96,4.56,5.98,76.66,2.47,2.71,0.459,0.547,0.481,600,0.4,Green
Topaz,1.58,Good,SI1,62.46,54.65,9.69,5.61,3.61,64.41,1.21,-0.58,0.285,0.321,0.456,550,0.57,White
Sapphire,1.54,Fair,VVS2,60.29,68.98,8.27,3.77,3.36,78.6,2.71,3.08,0.561,0.557,0.587,550,0.56,White
Sapphire,2.31,Very Good,SI1,57.35,58.07,3.08,3.46,5.04,74.85,1.56,-4.24,0.542,0.596,0.295,500,0.56,Green
Sapphire,1.91,Good,IF,61.98,53,4.29,3.09,6.19,65.68,4.14,-2.72,0.449,0.465,0.336,600,0.67,FaintYellow
Ruby,3.73,Good,VVS1,62.83,50.43,8.99,3.61,2.28,73.75,3.02,3.87,0.174,0.491,0.496,400,0.48,Red
Amethyst,3.28,Good,IF,58.63,69,7.52,7.16,2.26,68.71,4.87,1.99,0.279,0.579,0.514,500,0.51,Violet
Ruby,3.84,Very Good,VVS1,57.97,65.56,4.81,,3.82,77.19,2.47,-3.14,0.567,0.37,0.134,400,0.35,FaintYellow
Ruby,4.14,Premium,VS1,60.45,54.33,4.2,3.2,3.88,60.12,2.06,-0.84,0.504,0.354,0.17,700,0.44,FaintYellow
Sapphire,4.63,Fair,VVS2,58.65,52.84,4.03,8.48,4.22,70.47,4.99,2.13,0.164,0.104,0.351,450,0.31,Red
Ruby,2.27,Good,SI1,63.36,69.19,5.23,7.66,4.25,73.63,2.29,2.96,0.579,0.226,0.409,550,0.43,Blue
Emerald,4.93,Very Good,VVS1,62.79,54.82,9.29,9.01,4.09,67.94,2.6,3.4,0.156,0.381,0.575,500,0.5,
Emerald,1.24,Ideal,VVS2,58.12,59.24,5.46,9.62,5.52,69.47,1.04,-3.52,,0.584,0.277,700,0.32,FaintYellow
Ruby,3.63,Fair,SI2,59.57,62.22,7.62,8.69,5.44,64.8,1.85,-4.93,0.335,0.296,0.386,400,0.57,LightYellow
Amethyst,2.76,Ideal,SI1,63.89,51.25,3.78,8.58,5.38,68.35,4.1,-3.66,0.553,0.548,0.425,650,0.48,LightYellow
Emerald,4.12,Ideal,SI2,56.47,56.89,6.72,3.6,3.47,78.42,3.82,-0.08,0.164,0.194,0.241,450,0.33,LightYellow
Emerald,2.49,Very Good,SI2,62.54,68.87,5.4,5.51,2.08,67.69,2.6,4.22,0.127,0.343,0.571,600,0.47,LightYellow
Emerald,3.96,Premium,VVS1,58.17,64.01,4.12,7.32,5.7,,4.67,-3.06,0.496,0.265,0.211,700,0.36,White
Emerald,4.66,Very Good,IF,56.19,57.36,8.58,3.12,6.17,69.31,3.17,2.71,0.338,0.448,0.107,400,0.64,White
Ruby,3.72,Very Good,VVS1,,65.83,8.71,6.32,4.58,72.41,3.52,1.79,0.6,0.515,0.389,700,0.51,Green
Diamond,3.93,Fair,VVS1,57.76,66.74,5.14,3.06,2.54,60.09,4.21,4.64,0.162,0.102,0.417,550,0.53,Violet
Sapphire,0.52,Very Good,VS2,,53.04,7.58,8.19,2.71,63.74,3.81,-2.09,0.124,0.119,0.4,550,0.44,Blue
Diamond,1.18,Fair,SI1,64.08,61.73,5.76,4.86,5.86,67.11,1.6,1.86,0.244,0.386,0.225,400,0.45,White
Sapphire,4.88,Good,SI1,58.03,57.34,3.31,8.28,4.98,66.56,2.91,-4.7,0.152,0.365,0.511,600,0.39,White
Sapphire,3.53,Fair,SI2,56.99,60.14,5.99,6.36,3.11,74.39,3.41,-2.6,0.137,0.388,0.158,550,0.61,White
Diamond,2.89,Very Good,VS1,59.79,59.38,7.03,3.76,2.84,70.97,1.2,1.25,0.598,0.147,0.12,650,0.31,FaintYellow
Topaz,1.96,Good,SI1,56.57,60.08,5.09,9.44,3.31,64.33,1.98,4.71,0.554,0.279,0.227,400,0.52,Blue
Topaz,0.41,,IF,57.72,60.44,9.64,7.89,3.39,72.11,4.13,,0.364,0.107,0.338,650,0.37,Blue
Amethyst,1.97,Premium,IF,64.87,51.39,6.91,8.07,5.68,62.62,4.82,1.64,0.118,0.57,0.529,450,0.64,Red
Ruby,2.59,Very Good,VVS2,60.58,53.55,5.6,,6.04,77.35,4.92,-4.26,0.523,0.253,0.207,550,0.57,Violet
Topaz,,Ideal,VVS1,62.84,61.32,8.15,3.88,3.13,74.99,3.87,-4.89,0.284,0.154,0.507,650,0.35,LightYellow
Sapphire,1.03,Very Good,VVS1,57.12,68.72,5.39,9.68,2.86,66.92,3.81,-3.5,0.464,0.439,0.399,500,0.47,Red
Emerald,2.64,Ideal,SI1,60.2,64.93,3.17,5.42,4.49,60.97,3.82,0.81,0.471,0.17,0.48,400,0.49,Red
Diamond,3.01,Premium,VVS1,60.11,54.77,3.06,4.64,4.55,75.66,2.19,3.1,0.541,0.121,0.322,550,0.69,White
Sapphire,1.35,Very Good,IF,63.13,57.23,5.11,9.15,3.02,64.87,2.64,-1.37,0.599,0.248,0.116,450,0.55,FaintYellow
Ruby,3.02,Premium,VS2,55.22,56.71,4.09,6.24,5.68,65.18,1.72,2,0.556,0.558,0.212,400,0.6,LightYellow
Sapphire,4.52,Ideal,VVS2,63.6,65.39,5.47,7.58,6.14,68.63,2.88,-0.24,0.485,0.438,0.251,650,0.59,FaintYellow
Ruby,2.47,Fair,VVS1,55.8,69.44,8.39,4.86,2.37,72.17,1.16,3.18,0.272,0.103,0.138,550,0.48,Red
Diamond,4.32,Very Good,VS2,64.17,57.11,5.16,9.78,5.42,60.69,,-3.96,0.549,0.572,0.179,650,0.55,Violet
Sapphire,4.65,Good,SI1,56.43,50.3,6.92,6.32,4.26,76.51,4.79,0.84,0.246,0.545,0.167,450,0.38,White
Emerald,0.64,Good,VS1,60.32,68.74,9.44,5.97,2.88,60.68,1.55,4.32,0.425,0.191,0.174,450,0.59,Red
Amethyst,0.66,Premium,IF,55.99,65.06,7.89,3.45,3.93,63.5,2.94,-4.11,0.594,0.354,0.416,400,0.44,Blue
Topaz,2.49,Fair,VS1,59.47,66.69,6.93,7.96,4.28,64.54,2.76,-2.37,0.55,0.566,0.295,500,0.43,LightYellow
Amethyst,3.02,Good,IF,57.99,54.17,9.07,6.79,4.64,76.99,3.98,-2.27,0.379,0.429,0.468,550,0.64,LightYellow
Amethyst,2.24,Good,VVS2,59.2,62.91,5.31,9.76,2.15,74.92,3.06,1.53,0.159,0.104,0.423,550,0.41,Green
Topaz,1.77,Very Good,SI1,60.45,54.65,4.38,3.89,5.13,72.21,2.79,2.81,0.494,,0.167,400,0.32,Red
Diamond,3.28,Good,VS1,59.59,50.23,8.23,5.74,4.29,67.12,1.56,1.4,0.383,0.104,0.325,450,0.62,Blue
Ruby,0.21,Ideal,VVS2,55.23,53.14,3.41,4.78,4.88,71.06,2.14,-0.52,0.391,,0.31,600,0.33,FaintYellow
Ruby,4.85,Premium,SI2,63.63,68.46,5.97,,5.82,61.02,3.35,-2.49,0.371,0.451,0.365,400,0.38,Blue
Topaz,1.31,Good,SI2,55.95,54.31,5.01,3.5,4.54,77.32,1.16,4.29,0.265,0.277,0.525,500,0.34,LightYellow
Topaz,4.6,,VVS2,64.81,61.7,9.8,9.95,6.03,73.84,2.33,-3.19,0.159,0.192,0.244,600,0.31,LightYellow
Topaz,0.72,Ideal,VVS2,63.51,69.36,5.64,8,5.57,73.34,1.57,2.69,0.243,0.6,0.367,650,0.61,LightYellow
Ruby,1.34,Good,VS1,60.61,51.51,7.64,5.67,4.83,79.69,1.3,-3.43,0.5,0.379,0.289,650,0.59,FaintYellow
Sapphire,1.33,Premium,VS1,57.45,66.16,,5.58,4.62,70.66,2.7,-0.77,0.136,0.336,0.546,700,0.56,LightYellow
Emerald,4.98,Premium,VS1,55.86,61.95,9.88,6.36,3.94,61.46,2.22,-1.99,0.429,0.501,0.222,600,0.6,LightYellow
Topaz,0.22,Premium,SI2,61.72,56.47,4.26,7.89,5.96,64.56,3.29,-2.13,0.259,0.395,0.256,650,0.52,Blue
Amethyst,3.27,Good,SI2,57.02,57.29,9.35,7.14,,63.21,,-1.94,0.261,0.178,0.338,550,0.48,Green
Sapphire,4.37,Ideal,VVS1,62.33,50.54,6.12,6.39,2.09,78.82,1.22,3.25,,0.217,0.265,450,0.34,White
Sapphire,3.43,Fair,VVS2,63.33,55.12,5.99,4.37,2.15,62.55,1.14,-2.68,0.297,0.513,0.483,500,0.68,Green
Sapphire,1.94,Premium,SI1,64.89,58.47,7.91,4.22,6.17,60.45,2.73,-2.75,0.515,0.345,0.526,550,,FaintYellow
Amethyst,4.8,Ideal,VVS1,60.04,64.34,3.65,9.41,2.53,66.04,1.03,-1.68,0.538,0.188,0.362,500,0.42,White
Topaz,4.49,Very Good,IF,64.75,55.5,6.83,6.86,5.54,62.44,1.22,1.5,0.502,0.578,0.262,450,0.7,Green
Topaz,2.28,Very Good,SI2,56.49,61.61,4.54,7.06,5.82,72.41,2.37,0.54,0.558,0.499,0.426,600,0.44,Red
Topaz,2.95,Ideal,VS1,63.36,64.63,4.1,6.03,4.48,64.47,4.76,-0.75,0.361,0.51,0.314,400,0.44,White
Emerald,4.84,Very Good,SI1,58.6,63.97,9.14,7.96,5.78,76.85,3.86,4.4,0.27,0.55,0.404,650,0.51,Violet
Emerald,4.92,Very Good,VS2,58.65,61.81,9.98,8.61,2.48,62.86,3.96,-3.28,0.228,0.263,0.439,600,0.68,White
Ruby,2.36,Premium,IF,57.69,61.6,9.8,5.88,6.5,63.05,1.68,-3.8,0.512,0.208,0.484,450,0.5,Blue
Emerald,4.27,Good,VVS2,56.73,64.42,8.75,3.37,4.69,72.15,3.28,-3.23,0.236,0.195,0.41,450,0.55,Red
Diamond,1.65,,SI2,59.42,56.71,9.44,4.77,5.84,61.64,1.92,1.06,0.448,0.448,0.407,600,0.36,White
Diamond,1.98,Good,SI2,64.87,59,9.47,8.75,3.23,61.01,3.07,2.89,0.275,0.218,0.594,500,0.42,Green
Sapphire,0.99,Good,VVS2,58.3,69.32,4.23,6.92,3.4,63.68,4.25,2.45,0.364,0.372,0.235,600,0.37,LightYellow
Sapphire,1.2,Ideal,SI1,59.61,63.37,3.6,9.17,2.69,70.53,2.73,4.11,0.525,,0.338,450,0.49,Blue
Amethyst,3.35,Premium,VVS1,57.29,60.4,3.89,5.67,5.22,70.96,1.91,2.32,0.182,0.114,0.237,600,0.55,FaintYellow
Emerald,2.65,Ideal,SI2,58.37,61.57,4.14,5.2,2.11,67.69,2.23,5,0.253,0.162,0.538,700,0.42,LightYellow
Amethyst,1.31,Very Good,VS1,55.55,52.09,8.76,3.01,2.49,69.34,2.96,0.49,0.137,0.312,0.533,700,0.35,LightYellow
Topaz,2.13,Premium,SI2,64.56,61.84,9.59,4.26,2.78,69.1,4.24,4.95,0.28,0.566,0.125,550,0.39,LightYellow
Ruby,1.99,Fair,SI1,60.1,66.73,5.46,5.35,5.11,69.15,3.54,0.37,0.449,0.337,0.444,400,0.69,Blue
Amethyst,4.94,Good,VS1,62.33,60.47,3.24,3.56,4.94,65.33,4.82,-4.19,0.378,0.35,0.565,400,0.38,Green
Emerald,4.3,Very Good,SI2,60.13,,5.15,7.23,4.8,63.39,4.91,3.04,0.271,0.125,0.513,400,0.36,FaintYellow
Amethyst,2.06,Good,IF,62.7,58.96,7.94,9.93,3.86,67.83,2.25,3.86,0.319,0.383,0.43,450,0.53,White
Topaz,4.59,Good,SI1,60.34,55.56,9.6,3.41,6.21,69.27,3.64,-0.52,0.215,0.6,0.257,400,0.7,Blue
Ruby,1.84,Good,IF,62.02,57.19,6.15,5.74,6.33,79.07,3.83,-3.51,0.418,0.426,,600,0.38,Blue
Amethyst,3.41,Fair,IF,61.85,54.5,5.35,5.8,3.66,74.97,3.24,4.37,0.182,0.581,0.118,550,0.49,Blue
Sapphire,4.84,Very Good,VS2,60.34,56.68,7.57,3.49,4.37,77.23,4.21,4.01,0.239,0.563,0.219,600,0.55,FaintYellow
Ruby,2.07,Good,VS2,57.31,66.43,4.48,4.3,5.12,67.73,2.1,-2.37,0.458,0.517,0.57,600,0.35,Green
Diamond,3.46,Good,VVS2,57.12,65.15,8.36,6.17,3.21,71.45,4.05,-3.3,0.257,0.207,0.347,650,0.52,
Topaz,1.62,Premium,SI2,63.74,59.81,5.9,9.69,5.43,74.85,2,-4.06,0.473,0.334,0.18,650,0.35,Blue
Emerald,1.48,Good,VVS2,56.21,65.65,9.84,6.99,5.46,63.67,3.17,-2.78,0.167,0.395,0.424,400,0.48,Red
Ruby,2.96,Premium,VVS2,60.59,69.51,9.54,3.7,4.25,69.18,1.45,3.24,0.453,0.442,0.168,450,0.69,LightYellow
Diamond,4.9,Very Good,SI1,,58.12,7.66,8.2,3.87,66.97,3.74,0.83,0.336,0.38,0.344,550,0.41,Blue
Ruby,2.38,Very Good,VS1,62.98,69.6,7.54,9,4.88,70.96,4.43,-0.17,0.356,0.388,0.522,700,0.59,LightYellow
Topaz,4.7,Very Good,VVS2,56.35,54.92,3.86,8.66,2.07,65.84,3.96,3.99,0.334,0.221,0.434,600,0.53,Green
Amethyst,4.59,Premium,VVS1,61.87,69.09,4.97,8.73,5.85,67.09,4.81,-1.58,0.23,0.191,0.409,500,0.49,LightYellow
Ruby,1.42,Fair,IF,61.06,67.29,9.03,8.68,5.89,76.65,4.96,-0.34,0.421,0.203,0.483,450,0.66,Red
Ruby,2.13,Fair,SI1,62.01,53.98,5.54,4.56,4.27,75.55,2.84,4.55,0.258,0.243,0.502,500,0.56,White
Amethyst,3.29,Good,VS1,61.21,57,5.97,7.16,,68.14,1.62,-2.23,0.323,0.208,0.408,550,0.38,FaintYellow
Diamond,2.69,Very Good,SI2,60.63,64.16,8.88,4.14,3.67,61.96,3.85,1.92,0.241,0.273,0.462,550,0.56,Violet
Topaz,0.66,Ideal,VS2,64.26,53.83,5.99,5.3,4.05,65.71,2.68,-3.32,0.29,0.415,0.233,550,0.43,Red
Sapphire,4.97,Good,IF,58.49,61.81,8.95,5.92,5.78,74.64,2.54,0.54,0.101,0.459,0.451,,0.39,Violet
Ruby,3.81,Fair,VVS2,56.85,60.7,3.49,6.02,2.15,75.11,1.73,3.51,0.351,0.338,0.158,550,0.56,FaintYellow
Emerald,2.3,Fair,VS2,62.95,55.84,7.84,6.07,4.29,66.49,1.16,-2.02,0.355,0.195,0.353,550,0.56,Red
Emerald,3.17,Very Good,VS2,56.3,56.01,3.44,8.48,4.07,78.79,4.06,-3.24,0.362,0.418,0.525,650,0.68,Violet
Amethyst,0.62,Premium,VS2,61.8,60.33,8.53,7.34,3,70.03,2.93,3.75,0.341,0.543,0.323,650,0.65,Red
Amethyst,2.58,Good,SI1,,56,6.87,7.49,3.1,77.57,2.59,-3.21,0.313,0.465,0.245,450,0.36,Green
Amethyst,4.67,Premium,IF,55.01,53.61,6.89,8.38,4.61,70.6,2.47,4.08,0.432,0.146,0.406,450,0.52,Green
Ruby,4.5,Fair,VS1,57.4,65.47,5.64,4.45,6.36,60.24,3.02,2.24,0.201,0.176,0.178,450,0.38,FaintYellow
Emerald,1.82,Very Good,IF,59.96,61.64,9.32,6.25,5.57,61.99,3.97,-3.29,0.387,0.384,0.217,650,0.46,LightYellow
Emerald,2.75,Fair,VVS1,58.3,58.75,6.56,8.99,4.25,62.1,2.74,3.97,0.55,0.44,0.227,400,0.37,White
Sapphire,3.55,Very Good,VVS2,59.27,53.62,4.82,7.94,4.58,74.35,1.38,-2.53,0.16,0.239,0.284,600,0.49,White
Ruby,1.83,Ideal,SI1,61.01,61.89,8.77,9.16,4.58,77.2,2.03,-2.44,0.176,0.202,0.315,550,0.43,Red
Topaz,0.51,Premium,VS1,62.31,62.57,9.64,6.17,5.16,70.51,1.53,2.57,0.533,0.296,0.51,500,0.59,LightYellow
Emerald,2.63,Good,SI1,56.51,59.6,4.7,,3.52,77.09,1.76,1.17,0.553,0.193,0.239,400,0.38,FaintYellow
Ruby,3.09,Very Good,VS1,57.83,57.45,7.24,4.86,5.04,67.44,4.5,3.29,0.485,0.353,0.374,650,0.58,Green
Ruby,0.23,Ideal,VVS2,61.36,67.34,7.12,9.07,3.14,62.04,1.69,-1.06,0.135,0.137,0.23,500,0.5,Violet
Emerald,0.66,Ideal,SI2,60.88,64.1,7.27,,5.61,65.18,3.9,2.27,0.152,0.495,0.226,450,0.32,Violet
Ruby,1.19,Premium,VVS1,62.37,57.12,6.95,5.38,6.23,62.36,2.21,0.52,,0.473,0.291,550,0.55,Blue
Topaz,1.87,Very Good,VS2,61.41,61.86,3.7,8.02,4.52,77.72,4.61,0.19,0.599,0.195,0.111,400,0.48,Blue
Emerald,2.8,Good,VVS2,58.3,54.67,5.89,8.23,2.32,64.78,3.49,1.3,0.517,0.461,0.457,500,0.47,Red
Ruby,1.61,Good,VS2,59.99,50.23,9.9,3.37,5.2,75.01,3.7,4.12,0.569,0.299,0.105,450,,FaintYellow
Topaz,1.53,Good,VVS2,63.85,67.38,3.62,4.05,6.17,61.43,3.1,1.29,0.561,0.339,0.272,500,0.32,LightYellow
Ruby,4.37,Fair,IF,56.86,66.38,,4.75,6.25,75.5,4.71,0.45,0.236,0.288,0.234,400,0.38,White
Emerald,0.9,Fair,SI1,58.77,62.79,9.26,10,6.1,61.7,1.63,4.85,0.316,0.555,0.594,400,0.63,LightYellow
Diamond,2.58,Very Good,VVS1,63.42,66.23,4.4,8.76,4.54,78.95,2.15,3.29,0.528,0.429,0.409,550,0.64,FaintYellow
Emerald,4.77,Good,SI1,58.64,65.62,8.62,8.01,6.13,72.81,4.62,-4.87,0.307,0.256,0.152,700,0.57,FaintYellow
Sapphire,3.2,Ideal,VVS1,59.12,67.21,4.69,9.74,3.21,73.53,4.96,-2.62,0.257,0.485,0.573,500,0.38,Red
Sapphire,3.64,Good,VVS2,58.19,67.84,3.21,7.81,2.65,73.62,4.08,-0.63,0.139,0.282,0.216,550,0.57,Violet
Topaz,2.27,Very Good,VVS1,64,66.38,6.65,7.84,4.14,65.49,1.85,-0.58,0.245,0.135,0.503,500,0.45,LightYellow
Topaz,0.3,Good,VS2,61.63,67.03,7.98,9.29,2.14,68.86,4.63,4.53,0.592,0.27,0.598,400,0.58,LightYellow
Sapphire,3.3,Premium,VVS1,57.09,60.03,4.38,5.11,2.35,78.11,1.67,-1.99,0.565,0.117,0.59,,0.61,Red
Topaz,3.23,Good,VVS1,62.5,64.16,3.49,3.01,4.71,64.14,4.5,4.7,0.521,0.161,0.493,700,0.57,Green
Topaz,0.73,Ideal,SI1,55.39,56.66,6.87,8,5.17,70.55,2.53,-4.67,0.48,0.123,0.6,450,0.5,Blue
Sapphire,2.42,Very Good,VVS1,58.96,67.22,4.03,4.09,2.62,66.46,1.19,4.04,0.235,0.294,0.191,550,0.64,Red
Emerald,4.59,Very Good,SI2,64.1,67.17,4.29,5.01,,75.27,3.45,1.37,0.229,0.589,0.481,400,0.45,Red
Diamond,1.18,Ideal,VS1,61.9,51.32,7.92,8.76,5.64,69.12,2.48,-0.9,0.349,0.535,0.406,700,0.45,FaintYellow
Amethyst,,Very Good,SI2,62.93,56.94,7.28,8.45,2.9,66.85,1.08,4.9,0.382,0.518,0.472,450,0.38,Green
Emerald,2.41,Good,VVS2,64.31,53.43,9.63,6.32,6.01,71.86,1.6,4.98,0.302,0.102,0.22,650,0.62,LightYellow
Ruby,4.09,Very Good,IF,62.75,52.72,5.26,3.73,4.53,62.12,2.82,-0.8,0.38,0.24,0.554,550,0.45,LightYellow
Topaz,4.16,Good,IF,55.89,58.3,4.5,5.09,4.67,71.2,3.61,-3.07,0.34,0.203,0.185,500,0.31,Red
Sapphire,3.84,,VS1,57.31,,7.59,6.33,2.68,75.67,1.13,-0.43,0.409,0.5,0.164,600,0.6,Red
Ruby,1.95,Good,SI1,60,56.87,9.8,8.38,2.28,79.26,3.08,3.33,0.363,,0.547,650,0.66,Red
Ruby,0.55,Good,VS1,55.14,56.18,6.87,9.89,3.63,76.9,1.19,2.04,0.209,0.473,0.471,550,0.63,FaintYellow
Emerald,1.88,Ideal,IF,61.25,51.89,5.06,7.38,2.43,72.33,4.61,-4.41,0.364,0.399,0.401,650,0.4,Green
Diamond,3.46,Ideal,VS2,61.57,57.66,9.37,,2.45,70.81,3.83,-2.77,0.364,0.19,0.469,400,0.68,FaintYellow
Diamond,3.57,Fair,IF,61.96,59.42,7.27,4.55,6.27,66.57,1.34,-0.34,0.131,0.423,0.105,450,0.68,LightYellow
Topaz,4.83,Ideal,IF,60.56,57.97,4.49,4.82,2.31,69.56,3.03,4.58,0.231,0.242,0.524,500,,
Amethyst,2.38,Good,SI2,59.52,63.6,9.65,7.44,3.98,72.37,3.94,1.17,0.4,0.176,0.125,500,,White
Diamond,3.24,Good,VVS2,63.56,55.76,4.91,3.13,5.4,62.6,2.15,-4.49,0.31,0.277,0.358,400,0.59,Green
Sapphire,2.79,Very Good,IF,62.67,64.32,9.29,6.55,3.28,74.47,1.75,-1.16,0.501,0.562,0.116,650,0.61,Blue
Topaz,0.92,,IF,61.12,67.66,7.3,9.97,4.24,64.9,3.7,4.07,0.131,0.409,0.477,450,0.56,Blue
Diamond,2.41,Fair,SI2,55.46,61.82,6.52,8.38,3.62,62.31,4.12,0.06,0.164,0.38,0.237,450,0.61,White
Sapphire,2.82,Good,VVS1,61.94,57.77,5.33,8.39,5.21,61.96,2.6,-4.03,0.591,0.465,0.323,450,0.34,Green
Ruby,4.76,Fair,VS1,60.58,53.59,3.83,8.22,4.74,66.39,1.96,0.98,0.414,0.31,0.593,450,0.37,LightYellow
Amethyst,1.96,Good,SI2,61.93,68.65,4.71,7.78,3.39,66.41,4.77,1.77,0.403,0.388,0.476,600,0.56,White
Amethyst,4.9,,IF,58.11,65.04,5.32,5.09,4.84,71.45,3.15,2.53,0.483,0.226,0.156,600,0.31,Violet
Diamond,2.8,Very Good,IF,62.77,54.93,5.02,8.48,2.01,69.16,2.96,-1.64,0.261,0.339,0.576,500,0.68,LightYellow
Ruby,1.36,Fair,VS2,59.18,53.01,3.51,7.52,5.02,75,3.92,2.01,0.429,0.487,0.336,400,0.57,Blue
Amethyst,1.12,Premium,SI2,63.94,50.99,7.06,4.6,5.52,60.38,4.58,-1.8,0.327,0.463,0.518,550,0.63,Green
Topaz,0.88,,IF,56.04,53.81,6.33,9.85,2.03,61.82,2.22,0.2,0.281,0.502,0.165,700,0.63,FaintYellow
Sapphire,2.37,Ideal,VVS2,59.85,64.65,3.75,9.89,4.97,64.96,4.25,-4.8,,0.394,0.156,500,0.6,FaintYellow
Emerald,0.31,Premium,SI1,57.06,62.59,6.25,5.62,4.47,60.78,4.73,1.74,0.142,0.522,0.232,600,0.38,Violet
Diamond,2.34,Ideal,VS2,59.53,69.35,3.55,8.27,3.27,63.28,4.85,-1.22,0.108,0.157,0.115,450,0.43,LightYellow
Amethyst,4.94,Ideal,IF,58.54,56.44,9.52,7.77,2.89,74.55,3.75,2.05,0.251,0.561,0.407,400,0.52,Violet
Emerald,3.42,Good,SI1,63.03,65.73,4.81,7.09,6.31,75.97,4.08,4.64,0.109,,0.19,500,0.4,White
Ruby,,Ideal,VVS2,56.67,52.41,8.07,4.27,,71.85,4.37,-4.19,0.237,0.427,0.573,550,0.45,Green
Ruby,0.77,Fair,VS1,60.99,61.25,4.76,6.27,4.06,71.42,4.17,3.59,0.413,0.412,0.598,550,0.63,Violet
Amethyst,2.47,Premium,IF,59.06,59.34,6.32,8.11,5.81,72.54,1.75,-2.67,0.177,0.463,0.56,700,0.62,
Sapphire,1.57,Ideal,VS1,60.18,66.76,9.53,9.92,3.72,76.02,1.01,-2.58,0.326,0.243,0.233,450,0.57,White
Diamond,4.49,Ideal,IF,62.14,64.03,9.1,7.3,5.63,76.86,3.3,-2.74,0.174,0.429,0.317,450,0.33,FaintYellow
Diamond,1.07,Very Good,VS2,58.57,53.89,8.45,8.27,4.55,66.78,3.5,-3.62,0.281,0.126,0.273,400,0.56,Red
Sapphire,2.4,Very Good,VS2,58.67,69.68,8.53,9.4,2.95,68.33,1.9,-3.04,0.534,0.274,0.297,400,0.36,White
Diamond,3.02,Fair,SI1,55.77,66.46,8.76,7.3,3.58,76.17,1.75,2.42,0.444,0.441,0.512,500,0.32,Violet
Ruby,2.67,Very Good,VVS2,60.52,57.09,8.2,8.35,2.1,64.21,3.13,2.68,0.469,0.327,0.289,450,0.63,Red
Sapphire,4.19,Ideal,VVS1,59.17,66.52,,6.21,3.98,78.85,4.57,4.61,0.338,0.598,0.552,400,0.35,White
Topaz,1.31,Ideal,SI2,63.12,69.14,5.45,5.04,6.21,76.76,1.75,-3.96,0.556,0.342,0.131,450,0.36,Green
Ruby,2.01,Premium,SI1,59.39,67.81,6.68,6.45,4.84,68.82,4.5,-3.49,0.174,0.437,0.305,500,0.38,LightYellow
Topaz,4,Very Good,SI1,64.71,61.12,7.52,3.62,4.6,70.27,4.45,3.85,0.16,0.499,0.104,650,0.43,Red
Topaz,2.73,Good,VVS2,56.72,61.54,4.38,9.51,5.91,68.75,2,0.65,0.259,0.538,0.279,700,0.31,Green
Topaz,2.13,Very Good,IF,57.67,52.13,6.52,5.17,2.55,,,0.45,0.149,0.388,0.258,450,0.43,Red
Topaz,0.34,Ideal,VS1,58.92,53.29,3.87,6.23,5.58,64.8,4.83,2.72,0.251,0.478,0.467,600,0.32,Green
Ruby,3.82,Premium,VS1,56.7,69.65,7.28,7.57,5.14,66.06,1.63,0.53,0.383,,0.339,450,0.31,White
Topaz,4.87,Very Good,IF,64.72,65.4,3.68,6.53,,68.17,,-4.38,0.302,0.176,0.298,650,0.46,LightYellow
Topaz,3.18,Premium,VVS1,61.41,50.51,6.52,,3.73,77.88,4.23,3.99,0.319,0.226,,700,0.58,Blue
Sapphire,4.31,Very Good,VVS1,55.11,60.95,6.23,9.89,2.16,67.17,2.33,-3.66,0.181,0.111,0.114,550,0.48,Blue
Emerald,2.68,Fair,VVS1,60.79,56.91,3.78,8.94,4.78,71.25,1.3,-0.2,0.323,0.418,0.488,650,0.69,White
Sapphire,1.31,Ideal,IF,62.81,56.23,6.08,3.72,4.56,61.77,1.49,-1.35,0.561,0.389,0.265,600,0.62,LightYellow
Diamond,0.27,Ideal,SI2,55.51,61.13,,5.57,3.28,67.69,2.33,-1.3,0.131,0.516,0.352,600,0.53,Red
Topaz,3.34,Good,VS2,60.78,56.4,7.16,4.36,3.24,68.55,1.17,-2.16,0.441,0.333,0.57,450,0.33,Red
Ruby,2.57,Ideal,SI1,58.74,55.03,6.21,6.35,3.61,70.06,1.18,4.57,0.417,0.396,0.562,500,0.63,LightYellow
Sapphire,3.95,Good,VS2,60.81,68.76,5.55,4.46,3.95,69.24,4.9,-4.16,0.503,,0.48,550,0.68,Red
Diamond,3.53,Ideal,IF,57.53,50.8,3.4,5.19,5.32,73.22,1.49,3.02,0.401,0.12,0.346,650,0.48,LightYellow
Amethyst,4.94,Very Good,VS2,61.66,58.72,9.69,6.65,4.31,77,1.65,-1.07,0.299,0.154,0.387,450,0.61,LightYellow
Ruby,2.65,Very Good,SI2,61.71,60.22,5.82,4.01,2.68,72.64,3.36,-4.47,0.496,0.252,0.173,700,0.46,Red
Ruby,2.25,Fair,VVS1,60.4,,5.92,9.03,6.01,67.75,4.26,,0.28,0.216,0.534,550,0.4,LightYellow
Diamond,1.58,Very Good,VS2,64.24,63.15,3.9,5.54,4.16,75.46,1.64,-1.28,0.226,0.187,0.181,400,0.34,Green
Sapphire,2.49,Premium,IF,64.09,50.51,6.73,9.4,6.04,73.69,1.17,-2.79,0.371,0.114,0.477,550,0.69,Green
Topaz,4.39,Very Good,SI1,55.48,67.7,9.85,3.21,4.76,73.81,1.88,-1.3,0.573,0.592,0.551,700,0.36,LightYellow
Sapphire,0.4,Good,VS2,57.9,60,4.77,8.4,4.56,75.74,3.02,4.77,0.375,,0.129,550,0.66,Violet
Sapphire,4.89,Fair,VS2,58.64,61.07,5.19,9.05,3.5,62.22,4.97,2.66,0.597,0.436,0.509,450,0.67,Red
Ruby,4.97,Premium,VS2,55.55,59.26,4.65,9.89,6.37,67.24,3.47,3.2,0.503,0.464,0.375,650,0.65,White
Amethyst,3.07,Premium,VS2,60.24,58.89,9.07,3.92,6.42,63.36,1.89,0.26,0.53,0.575,0.412,650,0.59,Red
Diamond,1.79,Ideal,SI1,55.25,53.73,6.33,6.04,3.63,75.45,1.04,-2.05,0.459,0.337,0.37,650,0.46,Green
Amethyst,1.27,Good,IF,61.78,60.09,8.76,8.32,5.55,71.33,1.66,0.48,0.278,0.433,0.474,500,0.48,Red
Topaz,1.53,Very Good,VVS2,55.03,58.43,8.95,6.59,3.21,79.79,3.62,0.46,0.342,0.542,0.521,700,0.45,Red
Diamond,0.44,Very Good,VS2,55.32,59.36,8.24,8.75,4.76,73.57,2.27,-3.52,0.456,0.329,0.113,700,0.44,Violet
,2.48,Ideal,VVS2,63.34,50.28,,9.89,5.02,61.53,3.22,1.62,0.249,0.385,0.335,450,0.66,Violet
Emerald,0.48,Very Good,SI1,57.53,52.62,3.25,8.3,6.43,65.76,3.34,2.81,0.527,0.206,0.117,650,0.39,Green
Ruby,3.65,Premium,IF,55.81,65.26,4,8.2,3.3,78.51,1.64,0.49,0.344,0.378,0.239,550,0.44,Green
Ruby,1.99,Very Good,VS1,58.99,,7.88,6.98,5.18,,2.63,-1.03,0.439,0.424,0.529,600,0.59,Violet
Sapphire,1.16,Very Good,SI2,55.51,64.86,8.18,,3.1,64.47,3.21,1.39,0.348,0.159,0.164,700,0.34,Violet
Ruby,2.82,Premium,VVS2,62.5,53.42,8.36,8.85,2.16,69.88,4.47,0.37,0.583,0.369,0.321,700,0.59,Blue
Emerald,4.87,Good,IF,59.94,63.96,4.71,4.63,3.28,67.4,4.2,-4.17,0.319,0.197,0.526,450,0.59,LightYellow
Emerald,3.54,Good,VS1,60.52,55.78,4.07,9.03,5.54,64.19,3.69,-1.26,0.311,0.476,0.542,700,0.44,LightYellow
Topaz,2.56,Premium,VS2,62.53,64.1,9.46,8.86,6.22,67.36,4.11,4.26,0.416,0.546,0.238,550,0.64,LightYellow
Topaz,3.93,Premium,,62.84,51.74,7.65,8.16,2.12,68.56,4.83,-4.38,0.16,0.597,0.491,550,0.46,FaintYellow
Diamond,3.74,Fair,SI1,56.36,56.67,8.19,7.87,2.5,73.34,4.05,-2.16,,0.117,0.17,500,0.63,LightYellow
Emerald,4.48,Fair,IF,57.8,52.39,3.66,3.06,3.66,70.05,1.82,3.57,0.124,0.376,0.354,600,0.66,Green
Sapphire,1.18,Very Good,VVS1,56.76,62.59,5.89,9.93,4.04,76.6,2.34,-4.99,0.564,0.388,0.403,550,0.39,Green
Diamond,4.32,Very Good,VS1,55.54,57.85,,5.74,6.18,78.85,2.47,4.41,0.367,0.54,0.357,550,0.56,Green
Amethyst,1.64,Fair,VVS1,60.38,51.49,7.6,5.66,2.09,67.65,2.75,1.88,0.247,0.385,0.333,450,0.67,Green
Sapphire,4.72,Very Good,SI1,57.5,60.53,6.43,9.92,5.82,70.02,3.53,-1.21,0.229,0.156,0.421,500,0.54,FaintYellow
Topaz,1.55,Good,SI1,56.54,50.5,6.16,4.69,4.32,74.54,2.68,-4.72,0.466,0.44,0.109,550,0.38,Red
Emerald,4.65,Good,VS2,60.1,66.37,9.32,9.67,2.97,76.52,2.86,,0.143,0.289,0.164,600,0.63,White
Ruby,4.83,Ideal,VS2,61.34,68.77,8.18,5.7,2.88,64.41,3.37,-2.04,0.564,0.104,0.218,400,0.52,Blue
Emerald,0.9,Fair,VVS2,62.72,66.2,9.75,3.69,2.22,73.16,4.24,1.59,0.353,0.555,0.476,550,0.69,LightYellow
Diamond,4.88,Good,SI1,55.17,69.03,3.32,6.66,3.11,76.38,2.79,-4.33,0.442,0.344,0.202,550,0.44,FaintYellow
Diamond,0.61,Ideal,VS2,60.26,67.94,7.31,7.94,6.39,74.8,3.52,3.82,0.137,0.484,0.357,550,0.38,Violet
Topaz,1.25,Premium,VVS2,57.67,67.9,7.41,7.26,5.59,73.96,2.86,3.58,0.222,0.499,0.147,700,0.67,Red
Amethyst,2.33,Good,VS1,64.92,54.91,3.19,9.67,6.33,78.88,4.99,-2.15,0.103,,0.329,400,0.54,White
Sapphire,4.97,Ideal,VVS1,56.57,54.62,8.51,5.69,2.7,74.91,4.77,-3.06,0.193,0.381,0.446,450,0.57,Violet
Amethyst,2.55,Very Good,VS1,59.38,66.19,4.08,6.09,4.47,69.78,3.16,-0.71,0.377,0.2,0.253,500,0.33,Green
Sapphire,2.84,Ideal,SI2,64.7,59.83,7.91,4.72,6.19,77.39,4.26,-2.18,0.349,0.411,0.147,400,0.58,Green
Emerald,3.53,Good,VVS1,57.13,68.85,3.26,7.04,4.97,68.74,4.45,4.5,0.49,0.105,0.375,400,0.4,Red
Topaz,4.85,Very Good,IF,63.07,67.95,7.3,9.58,2.09,75.94,1.11,0.83,0.421,0.126,0.219,500,0.43,White
Sapphire,3.96,Very Good,,57.43,67.86,6.65,5.42,2.31,72.49,4.68,2.36,0.46,0.492,0.27,450,0.61,LightYellow
Emerald,1.28,Ideal,SI2,55.75,56.52,6.38,3.8,3.9,72.11,4.44,0.31,0.223,0.238,0.491,600,0.55,FaintYellow
Emerald,1.65,Ideal,IF,55.43,52.66,5.57,5.56,3.73,74.77,4.28,3.37,0.356,0.292,0.361,700,0.66,Blue
Ruby,0.67,Good,VVS1,64.49,63.56,5.94,9.18,6,73.99,3.27,-4.02,0.559,0.514,0.161,650,0.59,Red
Sapphire,3.29,Very Good,SI1,57.13,58.81,6.34,9.3,5.51,70.67,1.91,2.23,0.345,0.387,0.136,400,0.46,Blue
Ruby,1.07,Fair,SI1,57.92,68.68,5.08,3.85,2.59,,3.01,2.68,0.21,0.449,0.249,650,0.47,Blue
Emerald,1.44,Ideal,,64.67,67.08,9.55,8.35,2.4,74.43,4.2,-1.4,0.394,0.289,0.553,400,0.55,Violet
Ruby,4.46,Fair,VS1,61.57,68.58,9.76,3.99,5.9,71.61,2.81,-4.15,0.175,0.595,0.513,600,0.38,White
Topaz,1.77,Fair,VS1,59.88,61.36,5.1,9.19,4.02,74.08,4.95,1.53,0.435,0.315,0.204,450,0.49,White
Ruby,2.92,Very Good,VVS2,59.35,60.52,8.45,6.33,2.76,66.88,1.91,-1.96,0.328,0.518,0.138,450,0.33,Violet
Sapphire,2.11,Good,VVS2,55.49,,8.26,9.29,6.04,79.99,4.64,0.84,0.262,0.259,0.41,450,0.49,FaintYellow
Topaz,0.56,Fair,VS2,63.39,60.24,9.13,3.52,5.24,69.39,2.29,3.81,0.22,0.486,0.554,650,0.4,White
Amethyst,1.94,Good,SI2,62.62,68,3.03,3.53,2.74,69.5,4.35,3.32,0.415,0.148,0.483,500,0.66,Violet
Amethyst,,Ideal,SI1,55.91,50.69,5.37,9.55,4.73,67.82,2.74,0.76,0.302,0.598,0.221,500,0.61,LightYellow
Emerald,4.5,Very Good,VS2,58.53,57.18,4.01,8.41,4.11,66.43,4.33,-3.91,0.519,0.511,0.4,650,0.34,FaintYellow
Emerald,1.76,Premium,VVS1,63.85,66.7,5.74,4.02,3.15,79.27,3.36,-0.52,0.129,0.223,0.157,550,0.62,Green
Emerald,2.02,Very Good,SI1,57.36,54.2,7.03,9.23,4.66,79.4,4.63,2.26,0.288,,0.336,650,0.54,FaintYellow
Ruby,3.96,Premium,VS1,61.11,57.98,9.36,8.98,3.98,78.96,2.91,0.67,0.149,0.266,0.43,450,0.51,Blue
Sapphire,3.84,Ideal,VVS2,59.88,50.2,8.88,6.76,4.53,66.46,4.73,-1.71,0.523,0.298,0.401,550,0.37,LightYellow
Amethyst,4.03,Good,VVS2,63.19,56.03,6.49,4.16,3.32,72.38,1.51,-1.92,0.265,0.27,0.448,450,0.61,Blue
Topaz,4.78,Ideal,SI2,55.36,56.37,3.16,5.96,5.26,63.69,4.24,1.78,0.392,0.183,0.349,550,0.52,White
Amethyst,4.02,Very Good,SI1,63.16,64.65,5.11,6.85,3.92,74.43,1.88,1.32,0.406,0.548,0.263,700,0.42,LightYellow
Ruby,2.16,Premium,IF,56.36,63.55,3.75,4.47,5.66,,1.92,0.92,0.51,0.261,0.428,650,0.39,Violet
Sapphire,4.14,Premium,SI2,55.15,58.9,7.55,9.01,4.74,73.72,1.26,4.52,0.587,0.283,0.254,450,0.6,Red
Emerald,2.64,Very Good,SI2,60.96,64.57,,8.83,3.1,74.33,3.93,3.95,0.242,0.276,0.51,550,0.32,White
Ruby,1.53,Very Good,VS2,57.59,58.57,7.54,3.16,3.53,79.93,3.58,-1.86,0.33,0.452,0.427,700,0.55,White
Diamond,1.65,Ideal,SI1,62.09,58.69,4.92,3.14,3.29,75.72,2.34,-2.51,0.372,0.165,0.337,400,0.7,Violet
Amethyst,1.27,Fair,SI1,59.7,62.91,9.44,6.06,3.62,71.55,4.9,4.23,0.214,0.219,0.463,500,0.67,Red
Ruby,0.9,Premium,IF,61.06,64.46,7.12,9.47,2.77,69.81,1.23,-2.92,0.184,0.242,0.417,600,0.69,FaintYellow
Amethyst,1.09,,VVS2,61.9,66.94,7.18,8.38,,61.13,4.08,4.77,0.104,0.43,0.117,400,0.6,LightYellow
Sapphire,0.5,Ideal,VS1,64.27,65.03,8.71,9.71,2.22,78.9,2.06,-2.85,0.126,0.346,0.385,600,0.37,Red
Topaz,4.46,Fair,VS1,63.23,63.41,3.48,4.99,3.57,63.66,1.27,-3.92,0.479,0.131,0.178,650,0.69,Violet
Topaz,4.67,Good,IF,59.95,61.23,4.47,9.78,3.92,60.82,3.55,-1.09,0.46,0.584,0.445,400,0.66,LightYellow
Sapphire,3.02,Very Good,SI2,59.38,56.16,7.13,6.72,5.44,66.99,2.32,4.01,0.113,0.153,0.344,400,0.4,Violet
Emerald,4.23,Fair,VS2,61.55,55.22,7.27,7.28,5.88,64.59,2.8,2.31,0.337,0.357,0.226,450,0.62,LightYellow
Sapphire,1.08,Good,VVS1,62.34,66.87,6.27,4.6,5.48,69.7,2.89,0.99,0.169,0.196,0.56,650,0.46,Violet
Ruby,4.53,Good,SI1,56.73,64.35,8.46,6.23,2.37,78.48,1.16,2.02,0.206,0.388,0.288,500,0.57,Blue
Sapphire,,Ideal,VS1,55.33,63.31,5.42,8.29,4.98,79.12,3.13,0.2,0.558,0.382,0.507,600,0.43,Blue
Emerald,0.52,Premium,VVS1,59.55,55.18,3.08,5.46,5.84,65.72,1.16,-1.82,0.433,0.4,0.521,650,0.36,Blue
Ruby,0.88,Very Good,SI1,,69.4,5.38,3.49,4.38,78.19,1.73,-0.03,0.271,0.583,0.275,500,0.56,Violet
Amethyst,1.68,Fair,VS2,57.73,51.63,9.76,8.86,6.21,78.02,3.87,-1.2,0.574,0.385,0.131,500,0.34,Violet
Ruby,0.41,Good,IF,60.85,66.77,8.45,3.23,5.98,68.77,3.89,2.68,0.567,0.253,0.229,550,0.35,White
Ruby,1.68,Premium,SI2,56.51,54.22,5.23,3.67,5.95,70.84,1.01,-3.33,,0.118,0.482,650,,LightYellow
Sapphire,,Good,VS2,55.28,57.85,4.56,7.46,6.34,60.98,4.4,-0.5,0.234,0.316,0.213,400,0.64,Red
Sapphire,1.33,Very Good,VVS2,60.55,58.56,8.67,7.68,5.44,60.42,1.03,-3.93,0.573,0.514,0.442,550,0.48,White
Ruby,1.48,Very Good,VS2,59.66,63.25,4.4,6.85,5.09,63.08,4.88,-4.57,0.523,0.21,0.237,500,0.49,LightYellow
Sapphire,4.97,Ideal,IF,58.06,60.93,7.06,3.54,5.39,70.46,3.24,-2.68,0.306,0.542,0.379,700,0.57,Violet
Sapphire,1.33,Very Good,IF,59.69,53.72,6.56,,3.61,69.43,2.47,-3.39,0.281,0.301,0.494,500,0.66,White
Topaz,1.35,Very Good,VS2,61.84,50.6,5.96,7.19,2.04,60.25,3.43,2.82,0.422,0.347,0.571,500,0.57,LightYellow
Emerald,3.5,Very Good,SI1,56.09,64.34,5.98,7.69,2.2,62.23,1.59,-3.4,0.519,0.362,0.191,600,0.68,White
Topaz,4.32,Premium,IF,57.56,60.1,7.92,3.02,5.84,68.39,2.91,1.72,0.156,0.436,0.321,600,0.33,Blue
Ruby,2.06,Fair,VVS2,62.95,57.24,3.72,3.62,3.85,76.14,3.76,0.03,0.395,0.281,0.398,700,0.64,Green
Ruby,4.4,Fair,VVS1,61.7,55.69,5.77,8.05,3.63,70.82,3.62,-1.39,0.267,0.425,0.128,500,0.57,FaintYellow
Diamond,1.83,Very Good,VS2,57.66,66.46,9.78,7.74,4.76,,4.63,-4.38,0.276,0.112,0.487,650,0.5,Green
Ruby,1.15,Fair,IF,58.98,65.91,8.45,4.39,2.63,69.1,2.14,-0.83,0.392,0.155,0.314,400,0.39,Red
Sapphire,1.78,Very Good,SI2,56.2,66.52,3.15,6.53,4.45,67.59,1.28,0.69,0.572,0.555,0.33,700,0.42,Blue
Ruby,3.12,Fair,SI1,57.53,54.38,6.13,5.19,5.76,78.17,2.49,-3.82,0.407,0.301,0.599,400,0.36,LightYellow
Ruby,1.96,Fair,SI1,63.41,67.04,3.82,7.37,3.91,76.59,1.53,4.1,0.352,0.125,0.266,450,0.51,LightYellow
Amethyst,3.43,Good,SI1,59.4,69.71,6.39,8.58,4.33,63.99,4.57,-3.89,0.433,0.155,0.356,600,0.57,White
Emerald,1.34,Premium,VVS1,61.4,61.98,3.73,4.32,2.74,76.29,4.93,3.31,0.209,0.225,0.595,600,0.58,Violet
Diamond,3.56,Good,VVS2,56.6,50.94,5.72,7.55,5.32,65.04,3.54,2.83,0.399,0.119,0.411,400,0.33,Violet
Emerald,1.87,Good,VS2,56.83,64.05,6.81,6.04,4.53,60.78,4.17,3.85,0.206,0.42,0.31,650,0.49,Blue
Emerald,2.39,Fair,IF,64.41,60.76,5.57,4.35,4.48,75.75,3.79,-3.94,0.351,0.347,0.377,600,0.37,Green
Topaz,2.88,Ideal,VVS1,63.41,64.24,7.05,5.78,3.02,63.07,3.19,-0.4,0.407,0.538,0.112,500,0.59,Red
Diamond,3.49,Ideal,VVS2,62.9,53.76,9.9,3.73,6.13,65.65,4.31,-1.85,0.31,0.452,0.303,500,0.59,White
Sapphire,1.35,Premium,VS1,58.3,62.12,4.72,7.6,3.55,75.33,4.57,1.86,0.414,0.199,0.16,450,0.65,Green
Sapphire,4.21,Very Good,IF,60.63,60.78,6.95,9.99,6.33,69.7,3.05,-3.13,0.54,0.191,0.338,700,0.68,FaintYellow
Diamond,3.66,Fair,SI1,59.92,62.05,6.3,8.13,3.54,73.85,4.24,-4.1,0.123,0.469,0.262,650,0.56,Red
Sapphire,1.32,Premium,SI1,64.56,64.55,8.66,8.96,6.05,60.59,2.56,-2.81,,0.311,0.439,600,0.59,Red
Sapphire,4.88,Good,VVS2,57.4,60.88,5.2,4.58,4.51,66.71,1.93,4.92,0.381,0.374,0.564,,0.41,Red
Diamond,3.39,Fair,SI2,64.47,56.44,7.47,3.74,2.29,67.1,2.85,-2.45,0.457,0.568,0.23,700,0.7,LightYellow
Diamond,2.37,Good,SI2,62.07,56.18,7.85,3.02,6.29,64.89,1.99,-2.13,0.498,0.117,0.561,650,0.49,LightYellow
Ruby,0.96,Premium,VVS1,59.14,63.9,9.83,8.11,3.5,67.51,2.57,2.22,0.176,0.487,0.126,650,,LightYellow
Sapphire,2.76,Ideal,SI2,57.66,63.28,4.06,8.76,5.66,67.3,3.56,-1.88,0.126,0.202,0.219,500,0.48,LightYellow
Ruby,0.99,Premium,SI1,62.57,58.44,9.99,4.32,4.55,78.88,1.69,0.28,0.367,0.5,0.174,650,0.45,LightYellow
Amethyst,2.26,Fair,VS2,63.23,57.07,8.05,6.35,3.1,76.98,3.9,2.51,0.314,0.375,0.459,500,,Red
Ruby,2.16,Fair,VVS1,58.58,62.4,6.19,7.1,2.63,76.43,4.58,-1.65,0.383,0.275,0.34,600,0.55,FaintYellow
Diamond,3.66,Very Good,SI1,56.72,56.24,4.84,9.71,3.06,60.07,2.53,-1.39,0.503,0.36,0.156,400,0.59,Green
Ruby,1.12,Ideal,VS2,59.92,69.27,7.4,,4.45,67.31,4.9,-2.77,0.304,0.273,0.546,700,0.38,Red
Diamond,4.14,Fair,VVS2,59.69,61.93,3.99,3.11,4.29,63.12,,2.5,0.442,0.117,0.197,550,0.69,White
Emerald,1.77,Ideal,VVS2,62.25,61.84,9.63,3.34,3.21,66.12,3.3,4.93,,0.388,0.203,450,0.54,LightYellow
Emerald,2.33,Fair,VVS1,64.73,52.73,4.29,9.71,2.71,63.37,2.22,-4.38,0.475,0.409,0.56,550,0.51,LightYellow
Sapphire,3.91,Ideal,VVS1,60.31,62.19,8.42,3.41,3.58,61.46,1.07,-0.93,0.571,0.273,0.339,550,0.3,Green
Amethyst,3.2,Premium,VS2,62.32,55.9,5.42,7.07,2.72,71.06,2.65,-1.57,0.217,,0.46,550,0.57,Violet
Ruby,1.68,Ideal,SI2,58.51,59.04,4.51,3.55,4.28,75.2,4.65,-1.45,0.133,0.241,0.381,700,0.7,Red
Topaz,2.05,Good,IF,61,60.76,8.66,7.67,3.95,69.84,4.22,0.24,0.34,0.558,0.555,650,0.57,White
Diamond,1.67,Premium,VVS1,56.15,59.56,9.21,,4.02,65.74,4.93,1.59,0.313,0.148,0.597,500,0.59,Green
Topaz,3.05,Fair,SI1,63.15,66.19,3.04,3.24,3.18,62.02,4.23,-0.09,0.218,0.179,0.139,650,0.31,Violet
Sapphire,1.8,Fair,IF,58.44,51.99,9.82,4.95,2.42,77.21,3.92,2.61,0.44,0.536,0.24,600,0.65,Green
Amethyst,3.68,Very Good,IF,55.8,53.35,5.95,6.72,4.64,72.78,1.35,-4.37,0.131,0.238,0.367,650,0.66,LightYellow
Ruby,2.98,Good,SI2,64.91,53.14,3.67,6.75,6.38,63.04,4.92,3.01,0.408,0.218,0.468,450,0.65,FaintYellow
Diamond,0.9,Very Good,IF,64.02,66.34,6.17,8.34,5.01,65.94,2.17,3.83,0.141,0.241,0.35,700,0.59,Violet
Amethyst,1.69,Premium,VVS2,56.97,52.36,3.83,3.42,6,75.67,1.98,0.97,0.547,0.543,0.153,400,0.38,Green
Amethyst,1.26,Very Good,VVS2,58.63,69.43,4.81,3.06,2.43,75.21,1.12,-1.8,0.386,0.184,0.509,450,0.38,Blue
Ruby,2.07,Premium,IF,64.37,69.38,6.9,8,2.27,73.28,2.61,-0.26,0.381,0.447,0.17,550,,
Diamond,2.68,Very Good,IF,62.96,69.84,5.51,9.68,5.45,61.86,4.58,0.95,0.488,0.534,0.341,700,0.39,Violet
Emerald,2.63,Ideal,VVS2,64.06,69.59,4.59,4.35,4.05,72.9,4.08,2.96,0.473,0.593,0.325,450,0.37,White
Topaz,3.82,Premium,VS2,60.63,52.98,4.38,4.05,5.72,72.21,3.34,2.84,0.108,0.588,0.349,,0.65,LightYellow
Diamond,1.11,Premium,SI2,57.43,63.15,7.46,5.4,4.16,72.2,3.99,-1.53,0.546,0.546,0.169,500,0.55,Green
Ruby,4.74,Ideal,SI2,57.27,57.99,9.37,7.92,2.34,76.46,,-0.67,0.388,0.274,0.182,400,0.38,LightYellow
Amethyst,1.85,Ideal,SI1,60.26,64.64,3.39,8.33,4.04,62.37,1.75,2.65,0.518,0.458,0.449,400,0.34,Violet
Diamond,1.64,Good,SI2,64.24,58.12,4.71,9.56,5,60.53,2.87,-0.72,0.465,0.171,0.231,700,0.39,Blue
Amethyst,3.49,Ideal,VS1,61.32,57.66,7.66,8.61,4.32,64.62,3.68,1.35,0.116,0.444,0.227,650,0.55,White
Ruby,4.07,Very Good,VVS1,55.34,68.08,9.91,3.19,2.98,62.2,3.28,4.87,0.161,0.381,0.303,500,0.47,Blue
,2.02,Ideal,,60.6,59.89,7.77,4.44,6.16,75.27,1.61,3.41,0.19,0.586,0.24,450,0.34,Green
Sapphire,3.78,Ideal,VVS2,61.08,64.8,3.37,5.49,4.99,61.57,4.29,-2.82,0.275,0.214,0.585,600,0.49,Green
Amethyst,4.44,Premium,SI2,60.82,63,4.25,9.63,4.37,67.27,1.54,-0.88,0.311,0.214,0.445,650,0.34,Red
Ruby,3.88,Premium,IF,61.91,63.15,5.43,7.24,4.14,77.97,2,0.45,0.467,0.543,0.471,600,0.46,LightYellow
Topaz,0.36,Ideal,IF,57.94,56.98,4.1,9.97,4.76,77.95,4.79,0.98,0.285,0.396,0.555,500,0.35,Red
Sapphire,4.17,Good,IF,56.44,55.05,4.28,5.22,4.09,67.16,4.75,-2.02,0.515,0.432,0.148,650,0.49,FaintYellow
Sapphire,3.92,Premium,SI2,62.5,67.71,4.92,9.45,3.39,72.1,1.66,4.2,0.342,0.274,0.313,700,0.69,LightYellow
Sapphire,3.41,Very Good,IF,56.96,50.49,5.61,7.89,,63.94,1.92,4.1,0.274,0.16,0.403,500,0.48,FaintYellow
Ruby,3.85,Very Good,VS2,56.14,53.46,5.74,9.21,2.87,61.55,3.57,-3.36,0.506,0.371,0.486,700,0.42,White
Sapphire,4.9,Ideal,VVS1,58.59,52.66,6.5,9.46,5.43,75.29,4.35,4.3,0.173,0.376,0.582,450,0.31,Violet
Amethyst,2.27,Ideal,VVS1,63.33,68.99,9.5,6.17,5.63,60.15,3.23,-0.55,0.396,0.514,0.446,450,0.34,Green
Emerald,0.52,Good,VVS2,55.82,50.1,9.95,9.1,5.31,,2.12,-0.62,0.113,0.54,,600,0.64,Violet
Ruby,2.41,Ideal,VS2,56.96,50.16,3.14,9.88,4.08,66.74,2.14,-3.17,0.472,0.343,0.591,600,0.35,LightYellow
Sapphire,0.42,Fair,VS2,59.75,54.53,6.46,7.67,2.97,62.65,1.14,-4.16,0.405,0.217,0.444,550,,FaintYellow
Ruby,1.61,Fair,,57.88,55.58,8.26,4.81,6.33,70.11,1.02,-2.52,0.51,0.444,0.457,550,0.35,Red
Diamond,3.02,Ideal,VVS2,62.22,61.2,3.51,4.89,5.47,79.45,1.51,3.8,0.234,0.427,0.59,400,0.38,White
Sapphire,1.69,Fair,VS2,61.75,69.22,9.59,8.27,5.49,74.71,4.97,-0.93,0.492,0.378,0.49,600,0.5,White
Amethyst,3.49,Very Good,VVS2,63.43,59.3,9.56,5.3,4.81,75.2,1.78,4.2,0.249,0.347,0.504,700,0.32,FaintYellow
Emerald,4.15,Ideal,VVS1,57.04,55.78,4.46,5.88,3.27,68.14,3.2,1,0.279,0.194,0.144,550,0.59,White
Topaz,2.22,Very Good,IF,61.49,66.34,8.5,6.69,2.82,69,1.69,-4.92,0.571,0.299,0.592,400,0.46,Blue
Sapphire,4.52,Very Good,SI1,62.75,57.72,7.07,9.38,2.5,76.87,4.47,-1.69,0.329,0.496,0.358,450,0.45,White
Ruby,0.58,Fair,SI1,55.63,52.83,3.24,7.98,4.8,61.68,,-3.72,0.361,0.362,0.531,650,0.44,Red
Ruby,4.23,Good,SI1,55.37,65.89,5.08,5.04,2.81,61.1,3.97,2.45,0.568,0.306,0.519,550,0.32,Red
Topaz,4.18,Very Good,VS2,60.59,50.05,4.84,3.94,3.69,73.79,4.26,1.77,0.574,0.327,0.445,650,0.36,Violet
Sapphire,1.75,Fair,VVS2,60.88,54.1,9.16,5.03,5.69,65.45,4.24,-2.72,0.271,0.553,0.422,600,0.42,Red
Diamond,1.63,Good,IF,58.93,62.7,9.28,5.33,3.3,79.99,1.03,-2.91,0.33,0.42,0.586,700,0.63,FaintYellow
Diamond,1.66,Fair,VVS1,55.36,52.05,3.24,8.13,3.2,79.89,3.69,4.02,0.365,0.257,0.103,450,0.56,Green
Sapphire,,,SI2,59.02,55.12,8.19,5.98,5.23,72.86,4.29,-3.83,0.254,0.191,0.367,650,0.67,FaintYellow
Amethyst,4.19,Ideal,VS1,61.42,57.87,3.84,9.99,4.34,69.26,1.22,-4.67,0.44,0.485,0.452,600,0.63,Violet
Diamond,1.78,Premium,SI1,62.02,57.93,8.54,3.24,4.53,60.16,3.13,-1.34,0.229,0.449,0.139,450,0.37,LightYellow
Topaz,3.04,Good,VS2,59.93,69.46,8.92,5.48,2.58,72.04,1.69,0.64,0.179,0.347,0.292,450,0.51,Blue
Sapphire,0.87,Fair,SI2,60.25,63.51,3.41,3.6,3.29,61.79,1.85,4.19,0.566,0.392,0.458,650,0.5,Green
Sapphire,2.45,Very Good,VS2,61.73,50.74,5.28,5.5,3.66,78.08,4.37,4.12,0.106,0.262,0.111,600,0.56,Blue
Emerald,4.99,Very Good,VVS2,59.49,54.43,5.66,6.04,6.36,62.29,2.84,-3.6,0.408,0.211,0.558,550,0.33,FaintYellow
Topaz,0.96,Premium,VVS1,57.64,62.33,9.69,9.24,2.19,61.99,1.74,2.87,0.447,0.162,0.333,650,0.62,Red
Amethyst,4.75,Good,SI1,57.23,64.27,5.6,5.98,5.85,74.4,3.98,4.34,,0.247,0.193,450,0.41,Violet
Sapphire,,,VVS1,62.53,57.61,4.79,3.18,2.56,,4.57,3.34,0.357,0.187,0.348,700,0.67,White
Amethyst,4.87,Good,VS2,59.88,67.13,7.34,9.69,,71.72,3.72,-0.86,0.224,0.34,0.129,400,0.67,FaintYellow
Sapphire,1.06,Very Good,VS2,61.24,68.87,4.11,4.02,2.87,75.91,4.68,-2.92,0.502,0.589,0.248,650,0.38,Violet
Sapphire,1.22,Very Good,SI1,59.71,62.28,7.38,8.42,3.3,60.04,2.15,4.16,0.142,0.33,0.598,450,0.67,LightYellow
Topaz,0.28,Ideal,SI1,63.19,61.25,6.21,4.4,5.73,63.05,2.73,0.32,0.578,0.101,0.365,650,0.44,
Topaz,3.68,Ideal,VVS2,59.97,65.02,8.12,9.46,3.61,63.56,,-2.47,0.257,0.558,0.141,550,0.39,Blue
Ruby,3.29,Very Good,VVS2,64.88,65.64,7.05,4.59,4.92,71.08,1.29,-1.76,0.136,0.3,0.493,450,0.46,Violet
Ruby,1.05,Fair,VS1,57.43,54.31,4.24,8.99,4.63,75.97,2.61,0.62,0.151,0.157,0.137,700,0.36,Red
Diamond,4,Fair,IF,56.39,59.67,9.56,5.9,5.09,77.21,3.73,-0.94,0.595,0.322,0.321,600,0.51,LightYellow
Ruby,1.64,Ideal,VVS2,58.74,58.95,6.14,6.13,5.71,61.26,4.02,-4.6,0.404,,0.557,550,0.38,LightYellow
Diamond,0.85,Fair,IF,64.19,68.83,8.21,7.4,3.35,70.17,1.6,0.74,0.405,0.266,0.114,450,0.66,Blue
Amethyst,2.23,Ideal,VS2,63.52,52.24,6.72,6.41,5.93,77.39,3.45,-0.94,0.512,0.4,0.574,700,0.69,Blue
Emerald,0.64,Good,VS1,57.47,68.87,9.06,5.36,6.39,61.42,3.1,-0.27,0.345,0.167,0.279,550,0.35,Violet
Topaz,1.46,Good,VS1,61,61.45,5.36,4.7,5.03,60.52,4.23,2.53,0.226,0.596,0.123,700,0.38,Green
Ruby,1.98,Good,SI2,60.89,55.76,7.47,4.86,4.55,60.94,3.91,-4.74,0.175,0.365,0.364,550,0.56,Green
Amethyst,4.29,Ideal,SI2,57.93,67.39,3.56,7.92,,78.63,3,-4.34,0.165,0.105,0.477,600,0.6,Blue
Ruby,4,Ideal,SI2,57.35,51.01,3.54,3.76,2.41,67.98,1.99,-4.99,0.497,0.452,0.237,500,0.58,Green
Amethyst,2.33,Fair,VS1,58.9,56.38,8.9,6.93,3.73,61.2,4.51,-0.75,0.536,0.397,0.3,600,0.36,FaintYellow
Topaz,3.68,Fair,VVS1,62.89,65.05,8.73,5.66,3.06,79.92,1.67,-2.2,0.518,0.117,0.57,700,0.41,LightYellow
Ruby,2.93,Fair,SI1,56.92,66.55,5.52,5.47,2.37,79.09,2.04,-0.91,0.584,0.134,0.458,600,0.6,
Amethyst,1.84,Premium,SI2,59.46,53.35,7.73,8.01,5.89,68.36,3.7,0.77,0.537,0.197,0.544,400,0.37,Red
Diamond,3.68,Ideal,SI1,,68.84,8.8,6.52,3.54,62.06,3.11,-4.92,0.306,0.173,0.585,550,0.31,White
Topaz,3.48,Good,VS2,64.39,51.07,4.01,3.54,2.62,74.87,1.42,-3.42,0.182,0.389,0.107,550,0.34,Blue
Diamond,3.17,Good,VVS1,58.04,58.67,9.89,9.37,3.72,61.2,2.94,-3.72,0.493,0.302,0.355,600,0.51,Blue
Sapphire,3.17,Premium,VVS1,55.2,51.95,9.2,9.29,3.71,72.55,1.47,1.21,0.354,0.156,0.129,450,0.67,White
Sapphire,3.48,,VS1,61.94,51.95,,,2.57,75.23,1.44,0.91,0.276,0.101,0.444,400,0.65,Violet
Ruby,2.05,Good,VVS1,62.56,68.28,6.8,3.1,4.4,64.25,2.02,-4.22,0.111,0.322,0.13,450,0.51,LightYellow
Ruby,4.37,Ideal,VS2,62.03,68.08,9.26,3.42,2.46,78.87,1.69,3.02,0.498,0.58,0.16,600,0.58,Violet
Sapphire,0.98,Good,VS2,62.01,62.31,8.18,6.44,2.91,79.92,4.97,-3.39,0.538,0.238,0.416,650,0.44,Violet
Topaz,4.44,Good,SI2,59.83,69.33,7.09,3.57,5.25,67.18,4.83,-3.27,0.384,0.195,0.125,700,0.68,LightYellow
Ruby,1.84,Premium,VVS1,55.19,59.82,9.24,6.1,3.37,79.27,3.9,-0.97,0.577,0.447,0.529,600,0.4,White
Emerald,0.8,Premium,SI1,62.3,65.66,4.47,4.33,4.9,64.63,4.36,-1.68,0.122,0.48,0.14,700,,FaintYellow
Sapphire,3.08,Fair,VS2,64.37,51.95,4.71,8.62,2.95,76.04,4.59,,0.139,0.155,0.45,550,0.55,Violet
Diamond,2,Premium,SI1,56.57,57.91,9.51,5.57,4.38,74.82,3.12,4.07,0.16,0.181,0.572,,0.61,White
Topaz,4.11,Good,IF,55.68,60.3,3.47,5.65,2.46,60.83,4.23,-4.49,0.283,0.406,0.522,450,0.69,FaintYellow
Ruby,2.27,Fair,,57.65,65.56,3.32,3.17,2.19,65.18,4.61,-1.08,0.277,0.279,0.377,700,0.42,Red
Topaz,3.41,Good,VS1,63.5,56.69,8.54,7.58,4.48,67.69,1.2,2.84,0.409,0.15,0.535,450,0.49,
Topaz,1.68,Ideal,SI2,56.06,69.61,,8.41,5.5,60.29,4.22,1.29,0.525,0.4,0.573,600,0.67,White
Amethyst,1.21,Ideal,VS1,62.15,64.7,9.41,4.84,5.17,78.95,1.33,2.72,0.148,0.434,0.279,650,0.54,Red
Topaz,2.06,Premium,VS2,55.63,60.66,5.1,7.32,5.48,64.25,4.78,-0.93,0.359,0.433,0.543,450,0.47,Blue
Topaz,3.11,Fair,VS2,55.33,56.62,5.01,7.53,4.18,78.5,3.69,-1.11,0.135,0.322,0.357,400,0.55,Red
Ruby,3.35,Very Good,VS1,63.91,62.84,9.7,7.41,5.13,68.8,4.99,2.67,0.161,0.556,0.581,650,0.46,
Sapphire,2.98,Ideal,IF,62.71,63.46,6.88,7.89,2.37,62.55,2.61,,0.483,0.303,0.478,650,0.58,LightYellow
Amethyst,4.94,Ideal,VS1,60.99,63.58,7.3,8.49,5.76,68.56,4.44,-4.42,0.376,0.261,0.293,600,0.57,Violet
Topaz,3.52,Ideal,VVS1,56.72,61.72,9.29,8.31,3.53,72.26,4.83,3.9,0.246,0.298,0.443,600,0.67,Blue
Topaz,4.67,Ideal,VS1,57.79,58.01,5.67,7.02,5.93,69.49,2.18,4.46,0.257,0.469,0.3,700,0.37,Red
Emerald,0.77,Premium,VVS2,55.49,66.33,4.74,9.57,4.6,,4.44,1.12,0.355,,0.5,450,0.37,Red
Ruby,0.49,Fair,IF,61.45,55.17,,8.46,2.45,76.29,2.5,2.37,0.314,0.265,0.593,600,0.42,Blue
Ruby,1.69,Ideal,SI2,61.86,62.51,5.87,9.24,3.88,79.12,2.67,1.9,0.143,0.358,0.391,700,0.6,LightYellow
Topaz,0.86,Premium,,58.27,59.43,4.15,6.55,5.62,61.91,4.49,0.37,0.281,0.301,0.1,550,0.5,Violet
Emerald,2.72,Fair,VS1,58.38,67.86,3.83,7.9,3.09,70.99,3.16,1,0.386,0.586,0.296,400,0.51,LightYellow
Topaz,2.69,Fair,VVS2,61.29,61.81,8.08,9.04,2.82,66.37,2.62,0.4,0.526,0.361,0.331,550,0.61,Green
Emerald,,Very Good,VVS1,64.46,67.11,3.24,6.78,2.08,74.94,1.61,-3.87,0.259,0.173,0.538,600,0.63,White
Ruby,3.78,Good,VS1,58.95,69.07,6.69,9.12,5.1,72.7,2.75,-1.81,0.215,0.323,0.481,,0.51,LightYellow
Ruby,4.86,Ideal,VVS1,59.94,52.54,5.31,8.08,3.69,60.55,3.92,-4.83,0.256,0.222,0.158,450,0.3,White
Sapphire,4.42,Premium,VVS2,61.98,61.1,4.06,8.28,2.79,,3.76,-4.23,0.31,0.31,0.23,700,0.44,Blue
Diamond,0.77,Fair,SI2,58.42,67.68,9.23,9.49,4.7,74.49,4.13,0.08,0.395,0.199,0.238,650,0.36,White
Diamond,1.82,Very Good,VS1,63.69,67.44,8.18,5.31,2.65,75.41,4.02,-3.22,0.523,0.275,0.302,650,0.56,FaintYellow
Ruby,1.43,Good,VS1,63.46,53.92,8.41,7.16,5.26,77.82,2.44,-1.43,0.176,0.536,0.441,550,0.35,Green
Sapphire,1.05,Fair,VVS1,61.74,59.63,6.05,4.91,4.62,78.91,4.35,3.37,0.461,0.22,0.48,500,0.31,FaintYellow
Sapphire,2.81,Fair,VS1,60.37,54.46,,6.7,3.11,65.34,1.16,-4.13,0.488,0.426,0.317,650,0.5,White
Emerald,2.86,Ideal,VVS2,64.84,67.94,3.63,6.11,5.93,73.23,1.11,,0.433,0.333,0.577,500,0.64,Violet
Emerald,1.29,Good,VS1,62.02,50.06,3.97,6.2,4.52,71.14,4.82,3.95,0.551,0.588,0.397,650,0.64,Green
Ruby,3.62,Good,SI2,61.43,54.37,5.26,,2.58,76.43,4.51,-1.81,0.533,0.112,0.315,650,0.61,LightYellow
Amethyst,3.72,Premium,SI2,63.77,58.18,6.2,7.38,5.23,60.76,2.61,-0.45,0.565,0.303,0.189,600,0.6,Green
Sapphire,0.3,Very Good,VS2,60.55,54.42,3.66,8.57,3.42,68.19,4.37,-0.88,0.41,0.369,0.545,400,0.67,Green
Emerald,2.1,Premium,VVS2,57.43,69.47,6.95,4.88,5.49,66.85,3.6,-3.56,0.105,0.252,0.512,700,0.55,Violet
Diamond,4.47,Very Good,IF,56.38,54.88,4.68,3.87,3.81,73.06,1.68,-4.06,0.53,0.579,0.146,700,0.4,White
Emerald,2.7,Premium,VVS1,59.71,57.25,8.42,4.79,2.34,68.36,2.82,-0.5,0.407,0.546,0.358,400,0.3,Red
Amethyst,1.87,Very Good,SI1,60.16,53.48,3,8.29,4.84,67.87,1.25,0.67,0.323,0.238,0.441,650,0.35,FaintYellow
,1.42,Ideal,SI1,63.28,68.53,9.06,3.44,3.4,67.51,2.34,-0.12,0.453,0.204,0.557,400,0.5,Red
Ruby,1.37,Very Good,VVS2,56.39,58.23,8.13,7.32,6.24,76.52,1.83,1.8,0.391,0.12,0.151,700,0.43,Green
Emerald,0.68,Premium,SI1,61.81,55.24,6.82,8.74,5.73,69.67,4.29,-0.24,0.247,0.183,0.587,400,0.57,Violet
Ruby,4.12,Good,IF,58.04,54.92,8.16,8.61,3.59,67.99,3.95,3.64,0.549,0.507,0.482,700,0.51,Blue
Amethyst,0.62,Fair,IF,64.39,61.71,5.55,9.91,2.12,77.32,1.24,1.05,0.232,,0.331,650,0.53,Green
Diamond,1.6,Very Good,VVS2,59.7,69.55,4.14,8.53,4.42,60.04,3.15,-2.74,0.116,0.215,0.309,550,0.34,Blue
Topaz,0.42,Very Good,IF,61.22,,3.06,3.94,4.91,66.38,3.9,3.76,0.178,0.425,0.216,450,0.58,
Ruby,3.95,Good,IF,61.5,69.63,6.84,5.43,5.07,73.48,3.49,3.61,0.189,0.331,0.219,,0.64,LightYellow
Amethyst,0.39,Ideal,SI1,55.91,57.73,5.04,4.52,3.57,62.09,1.22,-1.3,0.594,0.123,0.346,600,0.5,Blue
Sapphire,1.68,Premium,VS2,63.52,68.29,4.49,5.63,2.64,71.59,1.79,-3.11,0.321,0.169,0.412,400,0.39,Red
Sapphire,2.95,Ideal,VS1,56.64,58.89,9.07,7.46,4.52,68.98,2.54,2.78,0.381,0.224,0.21,550,0.53,White
Sapphire,2.17,Very Good,SI1,58.97,60.21,8.08,5.03,4.19,73.38,1.51,-4.4,0.576,0.591,0.309,550,0.49,Violet
Diamond,1.55,Very Good,SI1,61.73,60.4,9.93,3.9,6.47,70.62,1.59,-0.72,0.296,0.362,0.273,550,0.33,Violet
Topaz,1.52,Ideal,VS2,55.55,51.27,7.63,8,4.59,63.89,2.55,-0.4,0.29,0.4,0.487,550,0.56,LightYellow
Amethyst,4.03,Premium,VS1,60.8,53.54,9.27,3.82,2.82,62.65,2.96,1.29,0.13,0.43,0.389,400,0.58,Green
Emerald,4.88,Very Good,IF,59.1,67.72,3.83,9.64,3.63,66.13,1.27,-2.29,0.382,0.34,0.144,450,0.34,Red
Diamond,1.87,Very Good,VS1,55.64,67.93,8.06,7.33,4.39,78.85,3.92,-1.45,0.384,0.499,0.39,650,0.67,Blue
Topaz,0.39,Ideal,SI2,62.26,54.04,3.6,8.35,5.77,64.2,3.17,4.53,0.423,0.507,0.592,500,0.59,LightYellow
Topaz,0.38,Fair,SI2,60.01,56.05,3.66,8.77,4.16,69.22,4.84,3.73,0.169,0.11,0.183,650,0.51,White
Topaz,3.84,Good,VS2,58.03,66.6,9,7.5,5.6,79,2.12,-1.18,0.39,0.502,0.288,500,0.53,Green
Sapphire,2.85,Very Good,VVS1,55.84,54.08,5.52,7.91,2.7,64.04,2.04,4.67,0.109,0.162,0.212,450,0.46,White
Ruby,3.96,Premium,VVS1,,67.62,5.22,8.53,3.72,64.89,2.36,-4.38,0.33,0.539,0.13,700,0.63,Red
Amethyst,3.55,Fair,VS1,58.06,66.46,4.29,6.18,4.34,,3.18,-1.96,0.415,0.111,0.217,500,0.54,Violet
Sapphire,4.56,Ideal,SI2,64.47,66.15,6.39,3.02,2.11,62.1,2.22,2.11,0.281,0.464,0.441,450,0.37,Blue
Amethyst,4.45,Ideal,VVS1,60.92,67.83,4.43,9.77,5.42,61.6,2.21,1,0.505,0.586,0.238,550,0.58,Violet
Sapphire,3.98,Premium,VVS2,57.85,67.74,6.76,4.7,,,4.44,0.25,0.177,0.185,0.461,650,0.52,Blue
Diamond,2.48,Fair,VVS1,60.29,68.34,7.62,4.05,3.46,62.86,1.39,2.7,0.467,0.504,0.323,600,0.53,White
Emerald,1.68,Premium,VS1,60.39,67.59,7.58,9.43,6.31,68.53,3,4.77,0.209,0.255,0.203,450,0.58,FaintYellow
Amethyst,2.63,Very Good,IF,62.27,62.14,5.55,6.79,5.29,62.17,4.02,1.97,0.598,0.3,0.496,700,0.52,White
Sapphire,2.61,Fair,,64.02,53.15,7.93,4.93,5.73,71.75,4.83,-0.67,0.432,0.417,0.393,500,0.3,Red
Emerald,3.13,Good,VVS1,64.63,62.18,4.86,,4.95,69.85,4.53,1.83,0.154,0.512,0.329,500,0.35,Red
Emerald,1.09,Good,VS1,62.18,68.84,8.65,8.99,5.69,71.85,1.85,0.28,0.214,0.367,0.301,550,0.55,FaintYellow
Topaz,3.35,Premium,SI2,60.46,69.35,3,6.19,6.42,78.02,2.84,1.33,0.523,0.484,0.17,450,0.46,White
Sapphire,2.39,Good,VS2,57.25,64.57,9.77,9.69,5.82,66.9,3.33,1.73,0.138,0.523,0.125,500,0.43,Red
Amethyst,3.18,Premium,VVS2,59.03,63.88,6.04,3.65,4.13,65.37,2.3,4.94,0.292,0.558,0.523,450,0.32,Red
Diamond,1.35,Very Good,IF,59.89,68.77,5.34,9.56,4.86,71.48,2.27,-0.04,0.14,0.38,0.274,,0.64,Red
Ruby,2.29,Very Good,SI1,56.28,55.83,7.37,6.22,4.61,64.94,1.74,2.64,0.384,0.282,0.347,700,0.31,White
Emerald,1.21,Premium,VS2,57.56,53.02,9.15,6.23,4.29,61.33,1.2,4.5,0.139,0.452,0.388,450,0.45,Red
Ruby,4.4,Very Good,SI1,64.84,55.8,5.47,6.17,5.46,61.18,4.11,-2.8,0.467,0.556,0.204,550,0.38,FaintYellow
Amethyst,2.54,Good,SI2,62.57,68.98,3.49,6.01,3.97,61.32,2.79,-1.17,0.545,0.216,0.248,700,0.34,White
Amethyst,1.28,Very Good,VS2,59.82,54.25,5.48,6.76,3.39,64.75,4.49,0.56,0.262,0.393,0.349,550,0.53,White
Diamond,0.4,Good,VS1,57.26,54.49,3.04,9.97,2.19,74.6,1.77,-1.05,0.229,0.256,,400,0.51,FaintYellow
Topaz,3.44,Good,VVS2,60.73,53.86,4.3,3.1,2.4,63.08,2.49,2.3,0.465,0.412,0.506,650,0.68,White
Ruby,1.23,Ideal,SI2,57.32,59.7,3.36,6.5,3,65.16,2.42,-3.34,0.112,0.427,0.372,600,0.36,White
Diamond,4.95,Very Good,VVS1,56.93,65.93,5.71,4.99,2.69,77.2,3.42,4.46,0.186,0.56,0.281,500,0.63,Violet
Sapphire,2.76,Very Good,VVS2,55.94,57.64,3.42,4.2,2.13,68.74,2.95,-1.23,0.121,0.331,0.283,650,0.61,Red
Sapphire,1.59,Premium,IF,58.46,52,9.89,9.48,5.13,60.83,3.43,4.15,0.522,0.329,0.361,450,0.49,FaintYellow
,3.36,Premium,SI1,60.42,,8.47,5.69,5.42,64.95,2.42,4.58,0.463,0.589,0.347,600,0.33,Blue
Sapphire,1.52,Fair,VVS1,56.59,62.2,5.94,6.82,3.59,66.02,4.77,-3.04,0.542,0.477,0.263,650,0.34,LightYellow
Emerald,4.14,Good,SI1,57,59.58,8.53,9.51,6.44,63.7,4.73,0.64,0.179,0.255,0.259,550,0.66,Blue
Ruby,1.68,Ideal,VVS2,58.91,69.28,5.92,6.36,4.65,79.34,4.11,,0.254,0.363,0.279,650,0.49,White
Topaz,4.94,Good,IF,59.9,59.41,7.53,5.02,2.45,68.13,,-4.66,0.138,0.259,0.306,500,0.4,LightYellow
Emerald,3.1,Very Good,VS2,62.62,64.65,8.75,3.68,3.64,,1.83,-0.98,0.542,0.388,0.313,700,0.49,Blue
Ruby,4.25,Fair,VS2,60.67,53.17,7.79,7.19,4.62,79.55,2.73,-0.86,0.219,0.492,0.215,600,0.6,LightYellow
Amethyst,0.55,Good,SI1,61.18,58.33,3.59,9.38,6.3,70.98,3.53,1.65,0.457,0.214,0.444,650,0.63,Red
Ruby,1.87,Fair,SI1,61.96,54.25,3.3,3.57,5.07,61.65,2.56,,0.177,0.239,0.552,650,0.43,FaintYellow
Emerald,3.74,Good,VS2,59.51,56.96,6.99,6.12,,68.87,1.91,2.32,0.101,0.207,0.34,500,0.33,
Ruby,3.34,Very Good,SI2,58.43,59.59,4.38,7.65,5.01,73.09,1.17,-1.4,0.526,0.175,0.481,500,0.55,Blue
Diamond,1.13,Very Good,SI1,63,53.49,,3.7,4.95,71.4,4.78,-0.93,0.569,0.169,0.313,400,0.5,FaintYellow
Topaz,1.91,Good,VS2,63.28,66.06,3.11,3.55,5.88,76.9,1.92,-0.93,0.547,0.397,0.281,700,0.33,Blue
Ruby,1.46,Ideal,SI2,,57.52,8.24,4.43,2.59,79.26,2.89,-1.72,0.18,0.148,0.268,450,0.62,Green
Amethyst,3.14,Very Good,SI1,64.53,67.93,3.3,3.92,5.63,61.17,1.09,-4.22,0.524,0.411,0.473,600,0.6,Green
Diamond,1.85,Premium,VVS1,64.3,63.49,7.28,5.64,5.94,65.11,3.15,-0.42,0.425,0.465,0.271,450,0.61,LightYellow
Amethyst,1.68,Ideal,SI1,63.71,53.53,5.94,5.87,5.61,77.99,4.35,3.64,0.585,0.382,0.163,700,0.42,FaintYellow
Diamond,1.2,Good,VS2,59.23,62.84,7.43,6.17,3.85,77.44,2.83,-0.75,0.194,0.174,0.371,450,0.46,Blue
Ruby,2.16,Ideal,VVS1,63.42,50.46,8.33,6.44,5.11,60.32,4.65,-3.57,0.213,0.455,0.596,500,0.43,Red
Diamond,1.14,Premium,VVS1,61.28,66.15,3.23,3.41,5.68,71.55,1.86,-1.93,0.553,0.584,0.422,700,0.59,White
Emerald,4.82,Very Good,VVS2,57.05,69.48,6.65,7.64,6.26,66.39,1.81,2.58,0.578,0.411,0.495,500,0.6,Red
Emerald,0.94,Very Good,VS2,62.75,63.56,9.6,8.14,3.5,,3.39,-2.46,0.304,0.327,0.414,700,0.41,Violet
Ruby,4.58,Very Good,SI2,59.06,68.53,4.52,3.96,2.93,64.4,4.24,-4.41,0.591,0.241,0.415,600,0.49,LightYellow
Ruby,2.26,Premium,VS1,57.92,55.9,3.54,4.59,5.4,74.11,1.02,-4.46,0.137,0.442,0.463,550,0.33,LightYellow
Topaz,2.01,Ideal,SI1,63.78,58.47,8.4,4.96,2.44,66.63,2.01,1.07,0.442,0.464,0.229,,0.66,Green
Ruby,1.31,Good,VS2,63.62,58.49,8.19,5.91,4.53,72.84,1.99,3.98,0.501,0.38,0.377,600,0.63,Blue
Topaz,3.25,Good,VS1,63.64,52.24,5.73,5.81,5.87,61.51,3.05,-2.4,0.542,0.235,0.437,500,0.6,LightYellow
Ruby,3.49,Ideal,VS2,63.6,65.93,8.81,4.44,3,79.26,3.47,4.88,0.28,0.583,0.563,400,0.62,White
Diamond,2.44,Very Good,VVS1,60.54,59.9,6.81,3.51,3.75,65.07,3.17,-2.8,0.437,0.179,0.128,600,0.53,LightYellow
Ruby,0.47,Good,VS2,61.17,59.81,6.33,5.03,5.71,68.15,1.98,-1.54,0.555,0.581,0.351,650,0.67,LightYellow
Amethyst,4.61,Very Good,VS2,64.49,63.37,8.75,8.45,4.26,67.62,4.48,-0.32,0.597,0.12,0.179,700,,Blue
Diamond,4.91,Fair,SI2,56.29,53.42,3.69,3.41,2.8,71.92,4.1,-3.92,0.558,0.221,0.154,400,0.56,Green
Emerald,2.27,Fair,VS2,63.06,66.2,4.57,5.56,2.38,62.12,3.54,-2.07,0.471,0.409,0.534,500,0.35,LightYellow
Emerald,3.15,Good,VS2,60.26,57.32,6.11,4.35,4.51,66.68,2.49,1.01,0.417,0.388,0.134,400,0.7,Blue
Diamond,2.36,Ideal,VVS2,64.78,51.59,3.6,7.99,2.1,77.61,2.31,-4.88,0.472,0.41,0.304,650,0.43,White
Ruby,1.75,Ideal,SI1,61.39,53.81,9.97,,3.53,67.96,3.97,-0.17,0.268,0.46,,650,0.69,Green
Emerald,0.57,Ideal,VVS2,56.63,55.06,5.19,,4.75,64.75,1.49,1.59,0.463,0.138,,700,0.57,LightYellow
Amethyst,2.39,Very Good,VVS1,63.15,53.56,9.63,9.42,2.02,78.06,1.14,-2.02,0.135,0.425,0.438,550,0.49,Red
Ruby,4.13,Fair,VVS1,61.73,54.84,6.32,7.28,5.91,71.68,4.87,3.71,0.593,0.464,0.35,600,0.52,LightYellow
Ruby,0.28,Very Good,VS1,56.49,69.92,9.47,8.77,6.31,68.33,4.8,-2.23,0.484,0.511,0.313,550,0.42,Violet
Topaz,2.99,Premium,VVS1,55.09,60.75,6.08,7.79,3.85,78.76,4.77,4.12,0.416,0.438,0.447,700,0.52,Blue
Diamond,4.43,Premium,VVS2,60.44,62.06,8.7,9.72,2.18,73.96,3.19,3.33,0.309,0.285,0.194,500,0.42,White
Amethyst,1.24,Good,VVS1,57.41,53.32,8.26,7,3.26,73.39,1.39,-2.67,0.138,0.477,0.266,450,0.65,Red
Amethyst,1.08,,VS1,63.67,50.88,9.63,4.75,4.98,66.55,3,-4.37,0.269,0.213,0.591,550,0.56,White
Emerald,3.91,Ideal,VS1,57.51,56.21,7.46,7.86,2.19,71.19,2.44,-4.68,0.523,0.159,0.141,650,0.4,White
Diamond,1.42,Good,VVS2,61.63,65.4,4.59,8.74,5.84,69.39,,2.76,0.295,0.343,0.506,400,0.36,Violet
,1.12,Fair,SI2,58.45,,6.79,9.77,5.61,67.98,4.6,0.62,0.578,0.315,0.539,600,0.32,White
Emerald,2.01,Fair,VVS1,58.5,50.22,4.02,7.32,4.08,60.13,2.87,-3.22,0.361,0.422,0.549,450,0.41,Green
Amethyst,2.08,Premium,SI1,56.82,65.78,5.34,8.75,5.47,65.88,4.27,-3.36,0.541,0.407,0.233,500,0.58,White
,4.4,Premium,VS1,60.03,52.08,8.52,7.97,2.77,79.59,2.96,-1.22,0.524,0.132,0.546,400,0.42,Violet
Topaz,3.17,Fair,SI2,60.79,58.81,,8.43,6.3,75.61,4.81,-4.13,0.221,0.418,0.251,550,0.55,Violet
Emerald,2.15,Premium,SI2,60.81,69.99,7.35,7.18,4.24,72.3,2.89,1.91,0.252,0.247,0.246,500,0.66,Violet
Diamond,2.77,Premium,VVS1,63.57,52.43,7.85,5.04,6.43,68.34,3.84,4.49,0.2,0.469,0.466,400,0.69,Green
Topaz,4.78,Very Good,VVS1,61.52,66.3,9.3,3.61,4.37,61.54,2.83,-0.86,0.179,0.338,0.415,650,0.6,FaintYellow
Amethyst,0.74,Fair,SI1,,65.98,8.3,8.04,5.19,72.19,2.61,3.69,0.211,0.403,,550,0.57,Blue
,1.2,Fair,SI2,58.23,58.9,5.82,8.81,5.6,65.45,3.99,-1.73,0.497,0.405,0.348,500,0.58,Violet
Sapphire,4.82,Premium,VVS2,59.21,69.77,8.36,8.4,,71.52,3.98,-2.53,0.144,0.292,,400,0.36,FaintYellow
Diamond,4.8,,VVS2,55.18,,7.38,3.28,5.32,78.94,1.87,-1.66,0.469,0.355,0.289,650,0.59,LightYellow
Ruby,1.05,Very Good,VVS1,55.79,56.32,7.11,3.38,2.62,75.72,2.64,-2.91,0.223,0.354,0.342,500,0.48,Blue
Topaz,0.9,Ideal,VS2,58.85,53.05,3.52,3.72,3.84,79.21,1.03,-2.63,0.35,0.469,0.257,600,0.38,Green
Topaz,2.22,Premium,VS2,57.1,57.4,6.78,8.77,4.44,76.75,1.07,1.89,0.12,0.3,0.212,600,0.33,FaintYellow
,0.44,Fair,IF,63.13,55.93,9.07,7.27,5.19,61.75,1.58,3.65,0.454,0.379,0.515,450,0.48,Red
Ruby,3.34,Ideal,IF,61.76,62.09,,7.13,3.78,61.94,4.05,-1.19,0.175,0.368,0.562,650,0.37,FaintYellow
Diamond,0.57,Good,IF,64.7,50.81,7.93,4.49,,73.54,1.3,0.91,0.499,0.25,0.426,600,0.55,Red
Emerald,0.48,,VVS2,63.87,56.21,9.33,3.54,3.91,73.13,4.76,-3.4,0.15,0.592,0.534,600,0.38,Green
Topaz,2.53,Fair,VVS1,64.78,50.09,6.74,8.57,5.21,67.6,1.77,2.57,0.196,0.148,0.25,650,0.44,White
Emerald,4.8,Premium,SI1,58.65,50.13,3.62,8.8,2.36,61.07,4.55,-4.11,0.561,0.28,0.167,650,0.61,Green
Sapphire,2.25,Ideal,SI1,59.84,66.41,3.38,4.76,5.21,74.28,4.8,-3.21,0.446,0.582,0.233,500,0.61,Blue
Ruby,1.91,Premium,VS1,58.73,65,8.58,8.78,5.77,62.1,2.71,-0.82,0.147,0.417,0.216,400,0.33,LightYellow
Diamond,4.99,Very Good,VVS1,64.64,64.88,3.23,5.19,2.06,72.71,3.09,-3.82,0.216,0.179,0.226,600,0.62,
Sapphire,2.75,Good,VVS1,59.03,57.07,9.99,8.68,4.41,60.96,2.28,3.96,0.435,0.142,0.169,600,0.61,LightYellow
Sapphire,2,Fair,IF,56.17,63.98,3.89,3.48,3.13,63.64,4.6,-0.08,0.274,0.286,0.424,500,0.46,Green
Sapphire,2.05,Fair,VVS1,57.51,55.13,8.43,5.41,3.95,71.13,,-2.15,0.495,0.175,0.535,650,0.52,Green
Sapphire,1.14,Premium,SI1,59.25,56.19,9.07,8.39,5.36,71.95,4.93,-3.61,0.584,0.406,0.45,600,0.68,Violet
Amethyst,2.66,Good,IF,61.03,61.25,5.15,5.02,5.49,73.44,4.88,-3.3,0.442,0.453,0.386,650,,Violet
Ruby,2.31,Fair,VVS1,61.18,63.99,6.79,3.28,3.81,62.21,4.81,2.3,0.398,0.565,0.186,500,0.49,Red
Ruby,1.5,Ideal,VS1,62.59,55.31,9.67,4.05,2.41,68.89,2.43,3.81,0.242,0.171,0.325,550,0.67,Violet
Emerald,0.97,Fair,VS2,61.48,63.59,9.69,9.73,4.74,62.68,1.33,1.44,0.539,0.141,0.29,500,0.51,Blue
Topaz,1.69,Ideal,VS2,59.92,69.25,9.51,7.2,3.26,78.73,3.68,-1.43,0.152,0.413,0.2,500,0.68,FaintYellow
Diamond,2.64,Fair,VVS2,55.3,59.88,4.92,4.24,2.52,76.69,4.49,-2.39,0.244,0.223,0.217,600,0.38,Green
Sapphire,0.48,Ideal,VS1,61.95,58.14,3.42,7.53,3.42,71.3,2.42,-0.13,0.318,0.271,0.329,400,0.33,White
Ruby,0.94,Very Good,SI1,55.85,54.65,3.72,7.36,4.61,68.61,4.85,-1.99,0.155,0.185,0.418,450,,LightYellow
Topaz,4.75,Premium,VVS1,59.69,57.12,3.99,5.85,6.09,66.5,4.64,-0.04,0.197,0.279,0.151,700,0.58,Blue
Topaz,2.81,Very Good,VS1,63.96,60.58,7.7,7.67,2.97,75.71,3.52,-4.89,0.366,0.241,0.282,550,0.54,Green
Sapphire,0.5,Ideal,VVS1,60.97,68.88,8.62,3.78,5.44,70.2,1.47,3.82,0.152,0.516,0.362,650,0.66,Green
Ruby,3.53,Premium,VS1,56.99,55.22,3.35,5.25,5.88,60.24,4.57,0.88,0.288,0.174,0.373,700,0.38,Blue
Emerald,0.5,Good,VS1,63.08,54.63,9.23,3.26,2.67,71.41,1.49,-0.1,0.557,0.311,0.244,400,0.3,FaintYellow
Ruby,3.75,Ideal,VS2,58,69.21,8.23,9.4,2.03,77.14,3.09,-0.2,0.337,0.281,0.413,550,0.42,Green
Ruby,3.8,Fair,VS1,60.77,62.12,6.71,9.25,6.25,72.13,1.08,2.65,0.401,0.196,0.251,650,0.41,Red
Topaz,3.33,Fair,VVS2,61.36,64.71,9.93,4.43,2.44,61.41,1.62,0.47,0.201,0.259,0.11,600,0.5,FaintYellow
Sapphire,3.71,Good,VVS1,62.31,66.59,4.86,7.95,2.73,71.81,3.25,1.41,0.521,0.471,0.479,650,0.47,White
Sapphire,0.62,Very Good,IF,55.65,51.64,4.53,8.69,3.84,75,1.01,2.97,0.403,0.504,0.311,400,0.32,FaintYellow
Diamond,3.69,Ideal,VS1,63.54,59.7,5.34,,3.33,74.77,1.61,3.55,0.581,0.276,0.589,450,0.58,Violet
Emerald,0.86,Fair,IF,56.14,52.8,6.69,8.72,6.42,70.83,1.88,0.52,0.229,0.292,0.169,600,0.48,Red
Ruby,1.83,Premium,VS2,55.95,62.49,5.71,6.45,5.72,75.06,1.17,0.84,0.4,0.426,0.304,700,0.63,Blue
Emerald,4.73,Good,IF,59.57,69.07,8.81,8.58,4.92,62.36,3.32,1.85,0.394,0.373,0.391,500,0.68,LightYellow
Topaz,2.61,Very Good,VVS2,58.72,51.13,9.26,8.3,2.12,65.23,4.06,-0.28,0.544,0.348,0.362,500,0.31,Violet
Amethyst,4.84,Very Good,VVS2,55.55,55.48,9.77,6.93,3.09,64.54,1.15,4.03,0.471,0.497,0.225,600,0.66,Violet
Sapphire,0.63,Premium,VS2,56.66,69.99,8.73,6.55,2.87,66.97,,0.44,0.182,0.552,0.56,600,0.44,FaintYellow
Amethyst,2.49,Premium,SI1,59.39,50.11,7.26,5.05,3.17,72.73,3.17,4.24,0.524,0.271,0.358,650,0.41,LightYellow
Sapphire,0.5,Good,VVS2,,52.79,7.3,5.88,6.27,70.28,3.09,3.04,0.536,0.116,0.523,500,,Violet
Topaz,3.23,Premium,VVS1,56.21,51.62,4.31,5.74,3.83,69.34,2.94,-1.37,0.367,0.289,0.474,700,0.48,Green
Emerald,0.58,Fair,SI1,56.05,65.28,4.84,3.72,5.93,71.28,1.38,1.64,0.345,0.256,0.304,500,0.59,Red
Topaz,1.04,Very Good,VVS2,63.05,65.02,9.98,6.67,4.13,68.02,2,2.17,0.379,0.43,0.436,450,0.63,Red
Topaz,1.44,Premium,SI1,59.92,65.55,4.83,7.06,4.99,79.3,4.71,-0.32,0.125,0.498,0.159,550,0.49,White
Sapphire,3.79,Ideal,VS1,58.6,65.5,6.27,9.78,6.24,60.27,1.73,2.06,0.421,0.257,0.577,500,0.34,Violet
Diamond,0.99,Premium,SI2,59.61,66.7,5.7,4.98,4.62,66.17,4.14,-2.59,0.146,0.14,0.41,650,0.34,White
Amethyst,4.26,Very Good,VVS2,59.11,65.46,7.82,5.8,3.6,79.71,1.59,-2.11,0.436,0.285,0.157,600,0.68,White
Emerald,0.83,Fair,SI1,62.82,59.67,5.35,6.86,4.13,78.48,,1.44,0.57,0.343,0.513,400,0.69,
Emerald,0.37,Premium,VVS1,55.09,64.91,7.78,8.97,4.11,76.67,3.72,-0.17,0.439,0.238,0.498,450,0.39,Blue
Diamond,2.1,Fair,VS2,59.33,61.95,9.73,4.81,5.6,63.1,4.97,-1.17,0.337,0.275,0.3,500,0.35,Red
Topaz,4.9,Ideal,VVS2,56.59,57.33,,4.64,3.51,76.14,1.61,-4.33,0.44,0.376,0.172,700,0.69,FaintYellow
Ruby,0.73,Very Good,VVS1,58.08,66.73,5.59,6.72,2.19,61.84,2.1,4.84,0.433,0.468,0.29,550,,FaintYellow
Emerald,0.69,Good,VS1,56.12,65.76,,3.9,5.03,61.56,4.37,-2.72,0.363,0.376,0.406,600,0.61,Green
Diamond,,Very Good,SI2,59.27,53.47,5.1,7.87,5.85,61.62,3.23,1.22,0.498,0.303,0.533,700,0.42,Red
Sapphire,1.7,Good,IF,61.43,50.49,4.89,9.02,4.26,71.65,2.32,2.92,0.564,0.544,0.229,650,0.3,Green
Emerald,3.64,Good,IF,61.62,56.32,7.41,3.21,2.63,73.8,1.6,0.08,0.122,0.463,0.295,700,0.44,White
Diamond,1.16,Very Good,VS2,62.97,58.08,6.84,4.36,2.65,65.12,,0.79,0.558,0.529,0.578,550,0.37,Blue
Emerald,2.41,Good,VS2,63.15,53.49,6.56,7.05,6.01,73.06,2.93,0.31,0.295,0.446,0.497,650,0.63,Green
Ruby,1.47,Fair,IF,60.98,67.1,8.6,8.79,2.33,69.16,,1.37,0.188,0.272,0.361,450,0.45,Green
Amethyst,2.37,Ideal,IF,58.53,50.67,4.03,6.43,4.26,79.47,3.52,-0.84,0.132,0.357,0.303,650,0.65,LightYellow
Sapphire,3.89,Premium,VS2,55.51,59.67,4.19,8.49,3.49,66.88,3.73,-1.44,0.506,0.474,0.439,650,0.63,Green
Ruby,3.86,Good,IF,55.36,51.11,6.59,5.96,3.24,73.66,3.22,4.85,0.54,0.546,0.516,450,0.57,White
Emerald,2.68,Good,VVS2,56.13,60.73,5.48,5.71,2.77,62.56,3.66,-1.27,0.577,0.398,0.159,450,0.53,Violet
Diamond,4.66,Very Good,SI1,64.84,,4.22,4.27,3.35,61.17,2.02,-0.54,0.41,0.43,0.564,500,,Red
Diamond,1.47,Fair,SI2,62.86,65.6,7.83,4.06,5.22,72.52,4.62,-3.38,0.131,0.527,0.192,700,0.66,LightYellow
Emerald,1.35,Premium,SI2,59.05,63.79,6.47,8.22,4.69,65.07,1.21,3.27,0.302,0.31,0.455,700,0.67,White
Amethyst,3.15,Good,VVS1,59.66,66.88,4.42,4.19,2.37,78.3,1.68,2.74,0.188,0.315,,450,,Red
Emerald,3.18,Fair,SI1,62.37,60.89,4.85,5.85,5.39,60.32,1.89,2.32,0.483,0.564,0.154,400,0.56,Blue
Topaz,0.42,Premium,VS2,60.14,66.45,8.06,6.82,3.6,78.83,4.81,3.69,0.543,0.532,0.189,400,0.44,Blue
Diamond,3.12,Very Good,VVS1,58.6,64.38,5.29,4.85,2.98,60.41,2.15,-4.81,0.189,0.384,0.118,500,0.54,FaintYellow
Diamond,2,Good,VS1,58.5,65.59,4.43,8.83,5.68,72.95,4.73,-4.82,0.114,0.591,0.565,550,0.63,Green
Sapphire,3.79,Very Good,VS1,57.1,62.01,9.76,5.83,4.86,76.88,2.91,4.77,0.451,0.584,0.159,500,0.51,LightYellow
Ruby,4.08,Very Good,VVS2,63.86,64.39,,5.64,5.25,68.6,3.87,-3.08,0.24,0.402,0.495,700,0.52,Red
Emerald,2.85,Good,VS1,,58.03,4.03,4.25,3.38,73.2,2.11,3.87,0.364,0.261,0.468,400,0.6,Violet
Topaz,0.21,Fair,VS2,62.52,51.7,8.02,4.54,,65.87,3.81,2.95,0.553,0.179,0.439,400,0.54,Green
Ruby,3.25,Fair,VVS2,60.74,58.33,5.98,5.04,3.24,69.29,4.48,0.2,0.37,0.318,0.565,700,0.46,Red
Sapphire,3.79,Very Good,SI1,62.54,53.47,8.27,5.45,5.06,63.46,3.31,-4.57,0.109,0.489,0.588,450,0.47,FaintYellow
Topaz,1.4,Very Good,VVS2,58.21,62.59,6.87,7.91,2.98,64.58,4.65,-2.94,0.455,0.279,0.129,500,0.43,Blue
Amethyst,2.43,Ideal,SI2,62.52,55.26,3.28,9.97,4.85,77.89,2.56,-4.34,0.584,0.245,0.547,450,0.4,FaintYellow
Topaz,4.84,Premium,VS2,62.9,69.16,7.79,6.55,4.05,74.2,3.48,2.78,0.551,0.442,0.102,650,0.41,Red
Emerald,1.63,Very Good,IF,56.04,55.42,8.64,7.94,2.7,76.84,2.11,0.03,0.592,,0.449,450,0.41,White
Topaz,1.27,Very Good,SI2,55.91,51.96,6.87,4.71,4.67,68.15,1.59,4.86,0.146,0.422,0.307,550,0.56,Green
Topaz,1.21,Premium,VVS1,64.85,67.61,,9.63,2.05,62.55,1.65,0.37,0.574,0.126,0.12,600,0.68,LightYellow
Diamond,2.88,Good,VS2,56.18,58.29,3.11,8.67,5.11,78.25,2.78,-3.87,0.547,0.323,0.348,450,0.64,Violet
Diamond,4.76,Fair,SI2,61.85,57.12,9.35,7.8,6.25,79.32,4.75,-4,0.214,0.506,0.295,450,0.59,Red
Amethyst,3.12,Good,,62.48,,7.95,5.19,6.03,77.04,2.19,0.24,0.144,0.592,0.246,400,0.52,Green
Sapphire,1.66,Premium,IF,55.64,63.07,3.31,3.57,6.39,71.26,1.37,0.84,0.57,0.16,0.216,400,0.59,White
Topaz,3.27,Premium,VS1,62.47,60.64,8.88,9.78,3.97,70.02,2.79,-3.45,0.226,0.461,0.469,550,0.34,Red
Diamond,3.2,Ideal,SI1,59.2,56.54,3.37,8.08,5.73,77.9,1.57,-3.47,0.413,0.269,0.222,700,0.43,Red
Amethyst,3.07,Ideal,SI2,57.75,55.85,7.98,3.96,2.64,68.24,1.84,4.15,0.253,0.3,0.276,650,0.49,Blue
Diamond,0.97,Fair,SI2,61.65,61.59,7.86,6.86,2.08,71.74,4.65,3.45,0.321,0.389,0.486,500,0.42,Blue
Topaz,3.25,Very Good,VVS2,63.33,60.03,9.41,7.28,2.71,68.28,3.57,-4.9,0.404,0.174,0.367,600,0.56,Green
Sapphire,2.26,Premium,VVS2,60.73,55.52,4.16,6.1,4,61.57,3.08,2.47,0.172,0.16,0.53,550,0.37,FaintYellow
Diamond,0.29,Ideal,VS1,63.71,53.68,6.97,,2.73,77.72,1.9,0.27,0.229,0.192,0.501,650,0.46,Violet
Ruby,2.79,,VS1,55.22,66.36,6.81,6.82,4.04,74.44,1.37,1.45,0.213,0.16,0.133,700,0.68,Blue
Amethyst,4.95,Ideal,VVS2,62.39,63.75,3.24,8.61,3.06,69.29,4.77,-4.6,0.554,0.111,0.403,600,0.52,Red
Amethyst,1.88,Good,VS2,56.69,69.87,7.47,8.68,2.97,63.25,3.14,-0.63,0.146,0.564,0.199,500,0.59,Green
Sapphire,,Ideal,VS2,57.86,60.32,4.78,9.72,6.14,63.54,1.52,-0.27,0.597,0.568,0.179,650,0.44,Blue
Diamond,0.66,Good,VS2,60.72,69.89,5.33,4.2,4.34,73.28,2.85,-3.72,0.387,0.145,0.332,650,0.63,
Topaz,3.72,Ideal,VS2,57.74,59.22,4.69,3.77,5.04,78.74,3.46,4.29,0.458,0.591,,650,0.44,
Sapphire,0.75,Ideal,VS1,56.68,60.7,3.39,7.27,3.79,68.57,3.75,-4.88,0.463,0.334,0.549,650,0.38,Red
Diamond,1.51,Fair,VVS1,63.85,54.18,4.17,7.93,2.74,68.9,1.36,-4.06,0.558,0.124,0.517,500,0.47,LightYellow
Ruby,2.94,Very Good,VVS1,64.07,52.99,4.45,5.38,5.21,73.71,3.82,0.69,0.187,0.543,0.591,500,0.39,White
Amethyst,3.05,Premium,VVS2,55.36,68.8,7.04,9.89,4,77.1,4.1,-4.96,0.585,0.439,0.165,650,0.57,Red
Ruby,3.92,Very Good,VVS1,60,69.62,3.94,8.89,5.79,76.08,2.47,4.94,0.279,0.575,0.27,650,0.34,LightYellow
Ruby,3.15,Fair,VS2,57.04,60.95,9.44,,2.37,74.29,3.68,-4.7,0.315,0.545,0.183,550,0.59,Violet
Amethyst,3.05,Good,VS1,63.63,55.45,4.62,8.07,,65.18,1.39,1.31,0.212,0.352,,600,0.66,Blue
Topaz,4.58,Very Good,VS2,59.63,69.03,7.56,6.17,2.73,63.43,4.98,,0.26,0.22,0.409,550,0.65,White
Topaz,2.37,Premium,IF,59.78,65.93,4.1,4.4,5.12,60.14,1.29,-3.87,0.162,0.327,0.57,650,0.6,White
Emerald,1.28,Premium,VS1,61.27,53.6,8.57,4.12,3.52,79.39,1.81,3.63,0.396,0.121,0.108,450,0.44,LightYellow
Ruby,0.98,Good,IF,55.56,55.97,3.5,5.03,3.87,68.67,4.04,0.46,0.586,0.377,0.541,650,0.69,Blue
Topaz,2.12,Premium,IF,56.27,50.08,8.16,9.27,3.57,63.98,4.84,1.71,0.549,0.232,0.53,450,0.61,White
Sapphire,3.62,Fair,SI2,59.98,61.64,5.75,5.63,5.78,62.45,2.02,2.86,0.338,0.511,0.367,400,0.68,Green
Emerald,0.4,Very Good,VVS2,64.67,60.53,6.26,9.35,4.54,62.99,1.39,0.52,0.317,0.125,0.253,450,0.53,White
Topaz,0.82,Premium,IF,63.44,53.28,5.56,8.59,5.19,66.7,1.57,-2.48,0.378,0.435,0.244,550,,LightYellow
Amethyst,0.71,Very Good,SI2,63.89,56.79,5.81,7.25,5.33,77.17,3.73,-1.88,0.394,0.477,0.526,700,0.39,Red
Sapphire,3.01,Ideal,VVS1,56.37,68.78,3.04,9.28,5.18,79.41,3.04,3.26,0.464,0.535,0.312,450,0.45,Violet
Ruby,1.37,Very Good,VVS1,64.59,62.98,3.18,4.33,6.25,70.14,4.53,2.86,0.115,,0.438,400,0.56,Green
Diamond,1,Good,IF,62.3,67.26,8.56,3.53,4.94,66.37,1.4,-4.86,0.195,0.272,0.591,550,0.32,Blue
Amethyst,3.05,Fair,VVS2,58.26,66.77,4.49,8.25,4.92,63.51,3.01,0.79,0.122,0.394,0.441,500,0.36,FaintYellow
Topaz,,Premium,IF,63.64,68.41,7.25,9.34,5.64,65.75,3.45,2.53,0.471,0.22,0.264,500,0.69,Blue
Diamond,1.79,Fair,SI2,62.47,50.83,7.57,5.68,2.07,72.38,4.45,-3.99,0.308,0.379,0.537,400,0.45,LightYellow
Diamond,2.98,Very Good,VS1,62.37,55.25,7.89,3.03,2.26,78.91,3.21,1.13,0.107,0.539,0.549,700,0.41,Blue
Amethyst,0.67,Premium,VS1,62.35,58.31,7.18,8.36,3.12,69.82,1.73,,0.525,0.553,0.481,450,0.51,Green
Ruby,4.69,Fair,VS1,63.01,62.8,7.4,5.55,2.82,62.8,4.56,-2.82,0.206,,0.578,400,0.35,Blue
Sapphire,1.82,Good,VS1,64.49,62.16,7.07,7.1,2.69,78.92,4.46,1.38,0.186,0.363,0.508,700,0.39,White
Diamond,4.99,Ideal,IF,56.37,54.92,9.5,4.47,4.49,79.26,4.49,-2,0.228,0.14,0.217,650,0.35,Green
Amethyst,4.9,Ideal,VS2,65,53.86,7.65,7.77,2.88,77.9,3.35,-3,0.372,0.244,0.54,600,0.33,Violet
Emerald,3.94,Good,VS2,63.72,58.75,5.47,6.72,6.35,77.18,4.85,-0.51,0.356,0.437,0.241,600,0.45,FaintYellow
Emerald,0.3,Ideal,SI1,59.42,55.01,5.5,3.2,2.83,75.55,3.22,1.02,0.407,0.569,0.581,550,0.49,Red
Diamond,2.81,Good,VS1,56.57,69.3,3.56,3.04,2.75,62.52,1.59,-0.68,0.508,0.299,0.387,400,0.31,Green
Diamond,0.62,Very Good,SI2,59.54,69.31,9.94,6.06,4.58,66.54,2.6,4.1,0.171,0.364,0.484,600,0.36,Green
Amethyst,4.5,Good,SI2,62.79,52.27,9.24,4.15,2.82,75.08,4.3,4,0.36,,0.524,400,0.58,Blue
Topaz,3.99,Ideal,SI1,61.02,64.1,3.3,9.34,4.99,77.33,4.91,-1.31,0.565,0.187,0.574,500,0.52,Blue
Topaz,4.87,Very Good,SI1,57.8,54.56,9.03,3.73,5.86,64.55,4.32,-2.89,0.174,0.556,0.109,400,0.4,FaintYellow
Ruby,3.12,Good,VVS2,59.07,64.35,3.97,8.01,3.96,72.42,2.45,4,0.488,0.351,,400,0.44,LightYellow
Amethyst,2.71,Good,VVS2,64.54,65.34,4.67,5.45,3.57,61.18,1.04,-0.83,0.547,0.216,0.195,650,0.36,LightYellow
Sapphire,2.69,Very Good,IF,63.04,50.96,7.77,9.54,5.1,77.12,1.71,-1.89,0.124,0.48,0.177,400,0.66,Red
Emerald,2.05,Premium,VS2,56.24,63.91,8.11,3.93,5.63,66.95,1.15,4.58,0.277,0.118,0.558,650,0.66,White
Emerald,2.45,Ideal,SI2,60.45,67.94,6.54,8.44,3.36,63.93,4.29,-0.07,0.126,0.101,0.304,650,0.52,Blue
Emerald,3.25,Premium,SI2,64.31,54.33,9.77,9.71,5.65,76.75,2.23,3.74,0.558,0.293,0.24,550,0.64,LightYellow
Topaz,4.68,Very Good,IF,55.34,52.31,6.43,9.7,5.45,63.41,3.78,-4.91,0.268,,0.113,550,0.49,FaintYellow
Emerald,3.06,Very Good,VVS1,55.43,61.34,4.81,4.79,4.17,69.21,2.63,-4.45,0.141,0.21,0.328,400,0.62,Blue
Emerald,4.31,Fair,SI2,62.17,60.35,3.06,5.08,4.06,61.91,2.09,-0.21,,0.224,0.416,500,0.53,FaintYellow
Diamond,4.34,Fair,SI2,60.76,67.72,9.07,4.05,2.47,68.9,3.1,1.52,0.441,0.451,0.429,700,0.43,White
Topaz,2.69,Very Good,VS1,55.46,59.02,5.77,5.61,2.39,78.48,2.96,-0.21,0.597,0.26,0.312,450,0.46,Red
Emerald,1.87,Fair,VVS1,64.96,58.27,8.48,7.77,5.37,73.87,4.29,-0.26,0.399,0.453,,400,0.33,Violet
Ruby,3.27,Good,VVS1,60.8,64.28,8.42,3.08,4.63,79.69,3.78,-1.7,0.102,,0.444,700,0.38,White
Topaz,2.34,Premium,,59.92,51.55,3.3,7.55,4.2,68.96,2.24,-0.44,0.248,0.355,0.117,700,0.46,Green
Sapphire,0.59,Very Good,SI2,59.48,51.14,8.75,3.12,2.21,77.78,4.22,3.34,0.146,0.321,0.315,600,0.48,Green
Emerald,2.01,Good,VVS2,62.01,60.1,5.02,7.67,2.25,78.23,3.39,2.61,0.228,0.443,0.47,450,0.32,Violet
Emerald,4.97,Ideal,SI2,59.58,51.78,8.89,8.88,6.14,61.81,2.36,-2.71,0.471,0.35,0.592,650,0.5,Green
Topaz,0.43,Ideal,VS2,61.59,68.78,6.45,5.52,4.97,79.58,4.24,2.19,0.3,0.5,0.122,600,0.64,Green
Ruby,3.54,Fair,SI1,59.88,63.08,7.14,5.85,3.74,77.84,2.48,1.84,0.223,0.391,0.203,550,0.36,Violet
Emerald,4.24,Fair,,61.11,65.07,3.71,8.09,5.15,72.53,1.21,-3.66,0.295,0.512,0.138,450,0.4,FaintYellow
Sapphire,3.31,Good,VS1,63.05,54.58,5.66,8.66,3.16,70.73,4.52,3.64,0.282,0.395,0.272,700,0.62,White
Diamond,2.93,Ideal,IF,63.17,59.88,9.8,10,3.84,67.7,2.78,-4.4,0.214,0.36,0.555,450,0.61,FaintYellow
Diamond,3.6,Very Good,VS1,63.49,52.68,9.48,6.78,4.08,71.73,2.29,-4.95,0.157,0.274,0.356,500,0.43,Red
Diamond,2.26,Premium,IF,57.03,54.06,9.96,8.98,2.14,74.73,4.65,,,0.401,0.565,650,0.59,FaintYellow
Topaz,0.64,Fair,IF,55.61,61.36,6.57,3.39,6.47,74.17,2.01,1.48,0.432,0.404,0.192,600,0.52,White
Emerald,4.82,Good,VS2,63.36,55.6,8.73,3.75,3.72,66.01,4.88,,0.235,0.16,0.536,600,0.45,FaintYellow
Diamond,2.28,Fair,VVS1,55.42,68.34,6.19,9.09,6.35,73.43,1.11,2.24,0.133,0.161,0.152,650,0.31,Blue
Amethyst,3.39,Good,IF,57.13,69.9,9.59,5.65,4.92,60.09,3.68,3.79,0.455,0.168,0.397,650,0.48,LightYellow
Topaz,2.75,Ideal,VS2,60.26,50.08,9.9,4.58,6.18,63.4,1.24,-3.24,0.205,0.298,0.259,650,0.47,Violet
Sapphire,0.46,Fair,VVS1,63.55,65.18,9.14,5.84,2.24,63.04,1.36,-1.65,0.425,0.544,0.525,500,0.33,LightYellow
Ruby,4.77,Good,SI1,63.97,52.31,7.35,6.68,6.32,74.82,4.84,3.22,0.315,0.552,0.241,550,0.35,LightYellow
Emerald,4,Good,SI1,61.28,61.49,9.92,5.27,3.83,77.94,4.68,2.62,0.254,0.277,0.523,600,0.47,FaintYellow
Ruby,0.92,Fair,VVS1,64.67,54.57,9.89,4.38,2.62,61.73,4.38,1.06,0.216,0.24,0.261,500,0.31,Red
Topaz,4.91,Premium,VS1,62.3,69.3,6.33,3.26,5.02,78.24,3.72,-1.1,0.215,0.12,0.153,700,0.67,FaintYellow
Emerald,3.74,Very Good,VS1,60.28,67.52,5.13,8.37,5.43,66.13,2.87,-0.84,0.151,0.219,0.538,400,0.58,White
Topaz,2.47,Ideal,SI2,56.34,61.91,4.31,9.33,4.92,72.45,3.71,-0.68,,0.277,0.152,600,0.7,Violet
Emerald,3.13,Fair,VS1,59.29,53.52,7.74,3.12,4.43,63.28,3.23,4.24,0.26,0.566,0.415,650,0.38,White
Diamond,0.71,Fair,SI2,63.22,65.65,3.24,5.45,5.67,68.06,4.41,0.22,0.585,0.155,0.355,450,0.41,Violet
Ruby,2.89,Premium,SI2,57.84,60.41,8.35,,5.09,69.24,3.97,0.11,0.275,0.135,0.485,450,0.39,LightYellow
Emerald,0.55,Ideal,VVS2,60.78,62.23,3.36,3.14,4.78,67.49,3.72,-1.34,0.596,0.211,0.446,600,0.64,Red
Amethyst,2.82,Fair,VVS1,64.83,64.36,4.86,8.12,3.43,76.44,1.77,1.39,0.346,0.502,0.431,700,0.43,LightYellow
Amethyst,2.85,Premium,VVS2,56.74,58.33,6.49,4.7,5.95,71.67,3.64,0.54,0.126,0.369,0.307,650,0.32,White
Ruby,4.4,Very Good,VS1,56.01,50.15,3.68,8.41,5.11,69.92,2.95,1.54,0.279,0.397,0.428,550,0.44,Blue
Amethyst,3.68,Good,VS2,62.96,57.28,,7.75,6.05,75.68,4.11,4.41,0.52,0.32,0.291,450,0.47,Red
Amethyst,1.4,Very Good,VS1,55.25,58.27,6.36,9.59,4.73,74.19,2.82,3.05,0.192,0.466,0.327,700,0.46,Violet
Amethyst,4.46,Very Good,IF,61.43,57.34,9.21,5.15,5.6,62.1,2.99,-4.37,0.354,0.409,0.174,450,0.63,LightYellow
Ruby,2.95,Very Good,VS2,58.36,66.62,5.86,4.06,5.98,70.36,2.66,4.83,0.527,0.252,0.184,500,0.68,Red
Topaz,3.11,Very Good,SI2,62.24,56.65,4.4,6.47,,75.96,4.94,-2.56,0.54,0.499,0.585,650,0.53,LightYellow
Topaz,1.01,Good,SI2,56.2,58.33,5.86,9.89,5.22,72.76,3.37,1.43,0.249,0.237,0.518,650,0.54,Green
Ruby,4.32,Ideal,VS2,58.3,51.23,8.06,3.28,4.59,74.26,4.65,1.21,0.102,0.583,0.509,450,0.41,Red
Amethyst,4.67,Ideal,SI2,55.17,64.34,3.29,4.25,5.24,71.47,4.49,-4.55,0.344,0.535,0.13,550,0.65,Red
Emerald,3.92,Premium,VVS1,57.35,54.31,3.22,9,4.35,78.56,4.01,4.87,0.495,0.364,0.273,400,0.4,FaintYellow
Amethyst,4.72,Premium,VVS2,59.83,54.7,6.24,7.8,5.6,70.29,3.02,-0.69,0.21,0.571,0.176,700,0.36,Green
Amethyst,1.65,Fair,IF,56.78,61.74,7.74,5.97,5.63,71.27,3.15,3.11,0.178,0.145,0.323,500,0.59,Violet
Ruby,4.33,Very Good,,61,69.67,7.3,6.46,2.21,77.58,4.74,-1.17,0.299,0.188,0.46,450,0.6,FaintYellow
Amethyst,2.55,Very Good,VVS2,56.18,58.2,7.46,4.79,2.92,72.3,,-1.26,0.246,0.499,0.323,,0.58,FaintYellow
Sapphire,0.99,Good,VVS2,62.45,56.54,4.16,9.74,2.87,68.75,4.14,1.66,0.223,0.36,0.533,700,0.59,Green
Diamond,3.41,Very Good,IF,64.22,50.72,6.77,5.4,,65.07,2.19,-1.59,0.524,0.449,0.387,600,0.63,Red
Diamond,3.48,Good,IF,58.86,65.75,,5.66,4.14,79.31,1.23,-0.7,0.171,0.315,0.291,650,0.66,White
Sapphire,1.58,,VS1,60.28,55.23,3.77,6.28,5.31,75.42,2.58,-0.25,0.136,0.302,0.244,500,0.31,Red
Amethyst,0.33,Premium,SI2,59.89,65.38,3.9,4.5,3.35,61.66,3.09,-0.69,0.17,0.515,0.359,650,0.56,Blue
Topaz,1.16,Premium,SI2,62.85,55.65,7.52,4.38,4.93,62.51,1.53,-1.91,0.347,0.489,0.522,550,0.42,Violet
Topaz,2.12,Fair,VS1,64.94,50.6,9.7,7.2,5.88,64.11,3.99,2.94,0.567,0.229,0.541,650,0.53,Blue
Emerald,1,Fair,VS2,62.36,59.96,3.74,8.42,4.01,64.74,3.97,3.02,0.173,0.295,0.129,700,0.64,FaintYellow
Ruby,1.13,Very Good,VS2,57.15,68.12,6.46,8.27,4.96,72.9,3.92,2.77,,0.445,0.27,550,0.59,LightYellow
Topaz,2.08,Premium,VS2,61.96,54.21,4.74,,5.81,70.66,2.28,-4.8,0.543,0.336,0.376,600,0.38,LightYellow
Sapphire,4.82,Ideal,VS1,61.16,53.08,4.97,7.47,5.26,64.72,2.99,0.18,0.317,0.217,0.481,450,0.53,Green
Diamond,3.87,Fair,VS2,57.1,53.7,4.57,6.95,2.47,62.99,1.7,3.08,0.571,0.342,0.201,650,0.37,Green
Emerald,1.73,Premium,VS2,57.41,63.81,6.82,9.12,2.68,73.84,2.75,-4.93,0.309,0.271,0.396,450,0.4,Green
Sapphire,4.77,Premium,VS1,61.53,57.35,3.4,5.71,2.37,61.05,4.82,-2.62,0.209,0.252,0.291,700,0.46,LightYellow
Sapphire,,Good,VS1,63.08,55.12,8.2,3.86,3.27,64.38,2.21,0.29,0.507,0.116,0.257,450,0.55,Green
Topaz,2.39,Premium,VS2,62.62,56.75,7.25,6.05,2.02,65.91,1.2,-1.21,0.366,0.435,0.415,600,0.51,FaintYellow
Amethyst,2.45,Fair,VS2,61.06,56.18,5.69,9.1,4.74,63.63,2.25,2.88,0.367,0.467,0.149,400,0.43,LightYellow
Ruby,2.17,Very Good,VVS2,64.38,60.88,4.52,9.31,2.12,71.48,4.34,0.55,0.397,0.229,0.188,600,0.63,Blue
Ruby,1.32,Premium,VVS1,62.31,52.67,6.75,,4.02,74.34,4.63,1.98,0.11,0.589,0.248,700,0.59,Violet
Topaz,2.06,Ideal,VS1,60.42,60.17,9.69,3.44,4.22,68.15,1.04,-4.7,0.146,0.592,0.275,400,,Green
Ruby,2.73,Fair,VVS1,63.16,56.23,7.96,8.06,4.9,,2.92,-3.63,0.11,0.57,0.269,700,0.51,Blue
Emerald,2.73,Very Good,SI2,57.9,68.65,4.96,7.57,3.08,68.03,4.79,0.08,0.343,,0.551,450,0.36,Green
Diamond,3.86,Very Good,VS1,57.63,58.44,8.2,6.16,5.91,69.32,1.5,3.24,0.301,0.543,0.374,550,0.66,LightYellow
Topaz,1.92,Fair,SI1,64.71,52,6.53,4.14,4.27,77.6,1.25,-4.31,0.582,0.265,0.434,500,0.48,FaintYellow
Emerald,3.64,Very Good,SI2,64.5,68.67,3.34,7.25,5.11,70.63,4.03,-4.81,0.458,0.177,0.588,550,0.61,Violet
Ruby,2.97,Ideal,SI2,63.81,68.75,7.32,6.38,3.56,61.14,3.56,1.48,0.47,0.391,0.483,500,0.41,Blue
Amethyst,4.82,Premium,VVS2,57.14,53.51,4.64,3.42,3.2,79.56,3.88,-0.44,0.242,0.155,0.281,450,0.6,Violet
Ruby,2.05,Fair,SI2,60.88,,5.87,5.78,4.63,63.77,2.09,-2.04,0.421,0.29,0.3,600,0.35,Blue
Emerald,4.53,Premium,VVS1,60.35,67.24,6.35,9.57,6.03,,2.61,-3.53,0.165,0.219,0.295,650,0.37,Red
Topaz,4.14,Premium,VVS2,57.03,57.11,8.6,5.88,5.23,66.83,3.29,-2.06,0.339,0.367,0.283,500,0.42,Violet
Ruby,3.26,Very Good,IF,59.48,53.19,7.06,6.01,5.14,73.96,4.04,-2.36,0.459,0.389,0.344,500,0.65,FaintYellow
Diamond,3.34,Fair,SI2,59.65,65.97,5.38,6.9,4.22,63.82,2.27,-4.47,0.512,0.423,0.147,650,0.68,LightYellow
Emerald,0.61,Premium,VVS1,57.41,50.57,7.6,5.08,2.03,70.25,2.62,1.01,0.498,0.324,0.216,400,0.52,Violet
Sapphire,4.76,Good,,64.55,62.39,4.34,3.51,5.95,70.28,3.15,3.55,0.166,,0.325,550,0.58,White
Diamond,0.71,Ideal,SI1,59.93,56.84,8.76,7.21,3.09,73.02,1.03,2.27,0.288,0.352,0.447,500,0.38,Green
Sapphire,2.9,Very Good,VVS1,60.25,61.92,4.41,6.47,4.13,71.64,4.39,1.17,0.269,0.299,0.204,650,0.6,LightYellow
Amethyst,1.78,Fair,IF,60.99,65.78,6.91,7.78,2.87,62.52,3.5,-2,0.369,0.58,0.217,500,0.62,FaintYellow
Diamond,2.26,Fair,SI2,63.87,,4.44,6.33,5.66,73.88,1.33,0.27,0.267,0.568,0.292,400,0.59,Blue
Emerald,3.13,Very Good,IF,60.33,69.97,5.28,4.73,2.15,69.26,2.41,-2.26,0.335,0.377,0.375,500,0.45,Green
Amethyst,4.56,Premium,SI2,60.41,62.8,5.96,5.69,4.95,63.75,1.72,-3.49,0.255,0.311,0.487,450,0.43,Violet
Ruby,2.4,Very Good,VVS2,57.4,54.47,5.57,3.09,2.22,68,1.16,-4.06,0.233,0.328,0.41,450,0.55,FaintYellow
Topaz,4.94,Fair,IF,61.03,55.52,9.54,4.09,6.13,67.39,2.24,-4.16,0.182,0.594,0.13,450,0.57,Violet
Topaz,3.05,Good,VS1,58.81,58.72,4.56,8.5,2.25,68.87,4.49,-0.36,0.281,0.254,0.15,650,0.53,FaintYellow
Emerald,0.97,Premium,VS2,61.47,66.97,4.26,9.52,6,77.89,1.27,2.21,0.226,0.329,0.239,450,,FaintYellow
Emerald,1.11,Very Good,VVS1,58.01,57.34,6.62,5.56,3.13,77.43,4.51,-0.31,0.251,0.387,0.303,650,0.52,Violet
Amethyst,3.64,,SI2,62.16,63.77,9.64,9.49,4.94,60.48,1.87,0.92,0.27,0.142,0.373,700,0.43,LightYellow
Amethyst,0.44,Fair,VVS2,61.19,50.9,6.52,7.45,4.87,70.26,4.82,0.66,0.148,0.299,0.344,650,0.4,FaintYellow
Diamond,2.51,Fair,VVS2,59.74,58.6,9.72,4.96,5.83,61.47,1.88,-1.94,0.172,0.227,0.166,550,0.69,Violet
Amethyst,0.91,Good,SI2,,53.34,4.33,7.2,3.81,60.73,4.42,4.21,0.201,0.383,0.24,400,0.7,Blue
Amethyst,2.28,Premium,VVS2,61.27,68.77,3.07,8.66,4.38,64.22,4.67,2.36,0.384,0.239,0.54,650,0.31,LightYellow
Ruby,3.8,Very Good,VVS2,63.59,65.83,5.12,8.5,3.73,79.31,4.69,2.22,0.312,0.332,0.4,600,0.61,White
Ruby,2.4,Premium,VVS1,56.71,52.77,7.47,9.2,4.95,,1.5,0.07,0.109,0.357,0.532,500,0.58,FaintYellow
Sapphire,0.98,Fair,VVS2,55.85,58.04,7.14,8.51,3.4,74.27,3.68,-3.1,0.584,0.25,0.301,600,0.42,White
Ruby,1.41,Good,VVS1,55.4,51.61,4.69,7.87,4.88,66.17,4.29,-0.7,0.286,0.476,0.399,400,0.56,FaintYellow
Diamond,1.96,Good,VVS2,55.32,64.93,7.63,5.69,5.39,64.23,3.94,-2.76,0.328,0.151,0.122,700,0.48,Violet
Topaz,0.53,Fair,VVS2,63.42,53.83,8.81,4.26,2.58,63.43,2.89,-3.11,0.213,0.181,0.323,450,0.39,Violet
Diamond,3,Premium,VS2,62.28,66.09,7.81,3.79,3.71,60.43,4.77,-3.99,0.294,0.114,,650,0.49,Violet
Emerald,3.12,Premium,SI2,57.02,51.48,8.1,8.69,,68.81,1.72,-2.32,0.304,0.151,0.198,550,0.4,Blue
Sapphire,0.5,Good,VS1,64.17,61.46,5.15,8.37,2.41,72.13,4.51,1.74,0.298,0.244,0.193,500,0.35,Red
Topaz,2.13,Ideal,IF,56.35,62.16,6.7,9.26,2.22,71.89,1.96,2.74,0.135,0.157,0.513,600,0.69,Green
Emerald,2.19,Good,IF,58.74,56.69,3.3,3.49,5.17,74.03,2.8,4.35,0.535,0.319,0.341,600,0.47,Blue
Amethyst,1.8,Good,IF,59.52,53.28,5.51,7.45,6.41,70.21,2.85,-0.05,0.113,0.229,0.147,550,0.35,Violet
Sapphire,2.88,Very Good,VS1,55.76,56.48,8.71,8.04,4.75,70.67,,1.56,0.431,0.363,0.48,600,0.57,FaintYellow
Diamond,1.86,Good,VVS1,58.47,59.91,8.53,5.89,3.53,79.19,2.14,4.45,0.193,0.426,0.334,700,0.37,Red
Amethyst,2.2,Ideal,IF,56.02,,9.59,6.72,5.48,71.29,2.49,1.72,0.58,0.578,0.493,700,0.48,FaintYellow
Topaz,4.03,Good,IF,62.9,58.94,9.78,6.48,4.29,77.48,1.05,2.11,0.239,0.577,0.275,550,0.6,FaintYellow
Ruby,0.98,Premium,IF,55.47,53.79,9.81,6.04,2.62,62.49,1.97,2.81,0.262,0.458,0.557,550,0.42,White
Amethyst,3.17,Very Good,SI2,55.17,50.52,4.1,5.03,6.03,76.53,4.8,-2.56,0.371,0.431,0.48,400,0.64,FaintYellow
Topaz,2.63,Very Good,VVS1,62.32,50.16,3.84,9.92,2.57,73.77,3.88,2.73,0.389,0.34,0.338,700,0.41,FaintYellow
Ruby,1.66,Good,VS1,62.81,58.33,9.13,9.18,6.39,60.12,2.78,3.92,0.373,0.44,0.586,650,0.38,Blue
Sapphire,3.69,Very Good,,59.96,55.93,5.68,8.51,3.63,64.21,1,-4.34,0.182,0.529,0.33,500,0.43,White
Sapphire,2.85,Very Good,SI1,58.18,52.3,5.5,8.89,5.27,64.31,3.83,4.08,0.301,0.571,0.528,650,0.35,Green
Ruby,2.49,Good,SI1,57.36,53.44,6.74,8.86,6.32,67.95,2.97,-1.98,0.216,0.491,0.242,500,0.63,White
Ruby,3.4,Ideal,VVS1,56.17,57,6.16,3.52,4.67,67.83,3.63,3.6,0.139,0.501,0.512,650,0.59,FaintYellow
Topaz,4.05,Good,SI2,59.84,63.73,4.56,7.02,6.39,66.98,2.58,-4.5,0.223,0.213,0.405,700,0.54,Green
Emerald,4.87,Premium,VS2,59.91,62.19,8.91,6.29,2.81,68.69,1,4.24,0.41,0.538,0.414,550,0.33,White
Diamond,3.22,Fair,VVS2,59.56,51.6,9.36,4.39,2.26,76.54,3.33,-1.82,0.293,0.478,0.27,500,0.3,White
Diamond,4.4,Ideal,VVS1,62.78,52.86,8.23,4.83,4.9,61.01,4.15,2.73,0.552,0.269,0.349,550,0.7,LightYellow
Emerald,0.21,Good,,56,68.17,3.34,3.99,2.47,76.95,1.87,-4.12,0.411,0.173,0.262,500,0.66,White
Emerald,2.75,Ideal,VS1,61.7,51.42,3.83,6.31,4.27,78.37,3.65,3.09,0.284,0.214,0.343,650,0.45,White
Emerald,1.23,Fair,VVS2,59.02,53.98,5.42,4.79,5.5,63.33,2.41,-1.49,0.579,0.16,0.323,,0.66,LightYellow
Sapphire,0.65,,SI1,57.41,56.36,6.9,,5.72,67.32,4.33,3.91,0.537,0.304,0.585,,0.37,LightYellow
Diamond,2.75,Very Good,IF,61.82,54.6,7.27,6.84,4.53,73.02,2.75,0.15,0.316,0.596,0.14,650,0.64,FaintYellow
Diamond,3.78,Fair,VVS2,56.98,55.82,3.7,4.49,4.09,79.57,1.25,4.08,0.493,0.192,0.531,550,0.62,White
Emerald,2.18,Very Good,SI1,57.31,64.55,9.72,7.13,2.41,77.32,3.12,0.18,,0.35,0.147,650,0.68,FaintYellow
Sapphire,3.42,Ideal,VVS2,64.99,51.9,6.71,4.09,5.06,74.82,3.43,3.7,0.339,0.122,0.324,400,0.67,Blue
Diamond,2.55,,VS1,63.89,57.04,6.02,7.94,5.35,,2.28,0.09,0.4,0.54,0.193,400,0.67,
Diamond,2.3,Fair,SI2,61.97,62.23,4.34,5.12,3.76,79.65,1.31,-0.65,0.383,0.521,0.443,450,0.43,Red
Topaz,1.59,Fair,SI2,58.16,50.98,9.66,8.34,4.42,77.96,4.01,2.59,0.216,0.109,0.41,450,0.49,Violet
Topaz,2.04,Fair,VS2,60.37,50.89,6.13,8.58,3.14,63.73,3.16,-1.41,0.2,0.244,0.221,600,0.43,Green
Emerald,1.88,Premium,VVS2,56.27,59.97,3.82,9.9,3.75,74.28,1.84,2.41,0.424,0.347,0.324,700,0.5,LightYellow
Amethyst,3.3,Ideal,SI2,58.34,68,7.3,3.12,4.67,67.99,1.75,-0.56,0.279,0.306,0.29,650,0.67,Green
Diamond,0.76,Fair,VS1,55.68,58.9,5.45,8.67,,76.35,3.18,-3.13,0.124,0.426,0.295,650,0.6,Blue
Sapphire,0.64,Ideal,IF,61.1,58.13,8.66,6.37,2.27,61.11,2.24,4.76,0.479,0.266,0.14,450,0.38,LightYellow
Ruby,3.37,Premium,VVS2,63.57,50.2,6.82,3.86,4.22,76.58,3.76,-2.27,0.24,0.144,0.211,550,0.6,LightYellow
Amethyst,2.82,Ideal,VVS2,63.1,64.65,3.74,8.3,2.32,65.89,2.4,-1.4,0.532,0.496,0.251,700,0.54,Red
Diamond,2.26,Good,IF,63.56,53.28,8.25,3.46,6.05,75.41,2.88,0.27,0.131,0.477,0.27,700,0.41,FaintYellow
Ruby,0.93,Premium,SI1,56.75,63.97,5.13,9.07,4.88,63.36,1.24,3.01,0.372,0.29,0.261,550,0.63,Blue
Topaz,2.17,Premium,SI2,61.5,56.97,5.86,7.43,4.16,60.98,2.84,-0.43,0.195,0.156,0.559,,0.66,Violet
Emerald,3.99,Very Good,SI1,64.57,50.9,8.43,4.32,2.19,73,1.04,-2.59,0.313,0.256,0.102,550,0.47,Red
Diamond,4.47,Fair,SI1,62.83,56.56,3.75,7.77,4.38,68.88,2.44,1.85,0.287,0.503,0.236,600,0.3,White
Sapphire,3.57,Premium,VVS1,55.03,63.19,9.84,4.17,4.83,76.94,2.24,2.78,0.332,0.394,0.313,600,0.32,LightYellow
Ruby,0.49,Ideal,VS2,63.82,65.37,7.91,6.96,3.89,78.26,4.02,3.06,0.398,0.237,0.394,700,0.62,White
Sapphire,3.42,Good,IF,62.06,62.71,4.35,3.03,3.31,68.12,4.08,0.37,0.331,0.127,0.598,450,0.31,Blue
Amethyst,1.36,Ideal,SI2,56.22,64.22,3.41,9.56,6.31,72.34,2.68,1.88,0.427,0.534,0.307,700,0.42,White
Emerald,1.71,Ideal,SI1,58.14,54.72,6.81,3.45,2.93,65.59,4.9,-1.55,0.208,0.231,0.138,400,0.57,Red
Ruby,1.14,Good,IF,56.18,,5.65,8.25,6.37,65.18,2,-3.55,0.328,0.312,0.287,600,0.46,White
Topaz,3.92,Very Good,IF,62.3,54.54,3.21,7.94,2.06,77.18,1.66,-3.48,0.131,0.292,0.486,550,0.47,LightYellow
Sapphire,3.31,Fair,VVS1,55.04,53.4,7.26,7.56,4.34,62.91,4.26,-4.57,0.363,0.392,0.495,650,0.57,Green
Amethyst,3.14,Premium,IF,59.65,55,5.16,3.27,3.57,68.9,3.04,-2.66,0.31,0.308,0.516,700,0.35,Violet
Emerald,3.41,Fair,VVS1,65,69.44,5.25,7.59,3.25,69.08,1.78,1.59,0.425,0.526,0.36,500,0.59,Violet
Topaz,1.34,Very Good,VS2,63.51,51.3,4.14,7.29,3.59,71.69,2.33,4.09,0.193,0.271,0.383,500,0.38,Violet
Topaz,2.33,Good,VVS1,60.87,65.47,3.98,7.43,4.77,72.62,1.38,2.93,0.233,0.455,0.239,700,0.44,Blue
Sapphire,3.24,Fair,VS2,61.94,52.11,4.01,6.77,3.85,68.65,3.78,2.66,0.443,0.147,0.284,600,0.56,White
Amethyst,3.26,Ideal,VS2,61.04,65.47,9.2,5.31,2.81,68.83,2.99,4.09,0.275,0.191,0.291,450,0.43,Red
Sapphire,,Premium,VS2,63.11,55.54,6.73,4.64,4.82,72.43,3.26,-2.72,0.548,0.388,0.37,,0.37,Green
Sapphire,1.58,Premium,VS1,63.86,64.53,6.29,6.19,6.27,74.05,1.3,-4.41,0.18,0.15,0.524,450,0.41,FaintYellow
Topaz,3.9,Very Good,VS2,62.67,50.98,7.93,5.69,6.41,75.87,3.8,-0.8,0.452,0.29,0.127,500,0.35,Green
Sapphire,2.31,Very Good,VVS1,56.82,56.69,5.24,7.81,5.7,73.68,2.18,-1.23,0.171,0.552,0.562,400,0.55,Green
Sapphire,3.42,Good,VS1,58.73,59.29,8.76,4.89,2.81,60.15,1.64,0.97,0.277,0.237,0.538,650,0.49,Red
Diamond,2.39,Very Good,SI2,62.84,50.41,4.38,8.54,2.9,64.62,2.7,-0.17,0.164,0.285,0.365,550,0.42,Green
Diamond,4.75,Fair,SI2,,53.62,8.62,9.86,2.05,62.7,4.42,2.48,0.338,0.257,0.437,700,0.3,LightYellow
Ruby,1.06,Premium,IF,,53.38,3.39,,5.61,76.23,2.49,2.96,0.444,0.303,0.507,600,0.41,LightYellow
Diamond,3.44,Good,SI2,62.14,59.63,,6.59,2.76,69.62,1.44,0.77,0.21,0.554,0.498,450,0.49,Violet
Ruby,2.97,Very Good,IF,56.74,52.66,9.25,4.2,6.28,67.67,4.77,-2.92,0.596,0.16,0.406,400,0.6,White
Ruby,1.03,Ideal,VVS2,58.73,69.54,3.76,9.87,4.03,75,3.56,3.78,0.248,0.137,0.579,600,0.36,White
Ruby,0.52,Premium,VS2,60.35,67.74,4.72,4.91,2.21,61.53,2.21,-2.36,0.421,0.132,0.526,500,0.5,Blue
Ruby,4.04,Good,SI2,64.84,54.49,3.3,6.98,4.89,74.07,3.33,2.65,0.265,0.592,0.114,550,0.4,Red
Diamond,0.96,Premium,VVS2,62.99,54.68,7.19,6.1,2.5,70.45,1.36,0.08,0.245,0.487,0.381,650,0.44,White
Amethyst,1.1,Fair,VS2,56.93,68.95,5.29,4.4,4.96,68.45,3.26,0.57,0.227,0.451,0.118,500,0.69,Red
Diamond,4.9,Very Good,SI2,58.52,55.99,7.43,8.47,5.07,73.2,4.28,-3.39,0.327,0.475,0.302,600,0.54,FaintYellow
Ruby,,Very Good,VS2,57.17,58.47,3.6,3.82,2.22,60.42,1.55,0.71,0.561,0.163,0.133,450,0.33,Green
Ruby,1.4,Very Good,SI2,56.52,64.03,5.77,6.01,5.95,62.05,4.34,3.35,0.32,0.261,0.317,700,0.49,FaintYellow
Amethyst,3.04,,SI1,56.2,56.88,5.6,4.48,3.74,67.96,3.21,-0.63,0.468,0.293,0.254,650,0.63,Green
Amethyst,2.76,Fair,VVS1,64.66,68.05,6.76,6.85,3.45,61.86,1.77,-1.76,0.308,0.332,0.55,700,0.55,White
Amethyst,4.25,Ideal,VVS1,64.07,61.78,5.07,9.03,4.95,69.66,1.85,-2.31,0.43,0.133,0.536,650,0.33,FaintYellow
Topaz,3.7,Fair,IF,59.83,61.34,9.89,9.24,6.21,71.9,4.53,-0.28,0.228,0.257,0.249,550,0.58,Green
Emerald,4.19,Fair,VS1,60.49,61.09,5.21,6.71,6.37,72.89,2.9,-2.54,,0.259,0.403,400,0.36,FaintYellow
Topaz,1.22,Fair,IF,63.39,52.24,7.87,4.69,5.74,64.73,2.13,-0.61,0.586,0.499,0.234,450,0.69,Violet
Ruby,3.27,Very Good,VS2,61.49,65.81,5.56,5.68,5.46,75.28,2.01,,0.427,,0.258,550,0.55,FaintYellow
Ruby,0.39,Very Good,SI1,62.33,61.44,6.74,7.82,4.45,61.82,2.6,-3.29,0.154,0.399,0.139,550,0.46,FaintYellow
Topaz,0.53,Very Good,VS1,62.91,51.07,4.59,5.01,,78.57,4.11,3.56,0.168,0.338,0.508,500,0.64,Green
Amethyst,3.62,Ideal,VVS2,59.83,67.01,4.21,4.07,4.75,62.73,1.11,2.21,0.418,0.376,0.117,450,0.43,Violet
Emerald,0.32,Good,VS2,64.75,64.59,9.81,4.95,6.42,68.68,1.43,3.17,0.118,0.111,0.248,400,0.41,Green
Emerald,2.98,Fair,VVS1,61.28,55.78,6.79,3.85,2.15,60.77,2.78,3.63,0.168,0.488,0.236,700,0.38,LightYellow
Ruby,4.23,Ideal,IF,61.33,55.72,6.23,4.94,4.12,69.68,4.63,0.1,0.384,0.234,0.365,650,0.6,LightYellow
,2.02,Very Good,IF,56.41,60.09,7.49,3.3,2.95,78.53,4.53,3.84,0.523,0.354,0.223,650,0.7,Green
Diamond,0.42,Very Good,VVS2,64.88,50.14,4.56,3.44,4.73,64.29,4.12,0.95,0.228,0.535,0.282,450,0.57,Violet
Ruby,3.63,Good,IF,55.71,66.19,8.75,9.01,4.63,78.13,4.92,4.6,0.412,,0.245,450,0.39,Violet
Ruby,4.66,Very Good,IF,64.86,68.84,4.74,4.25,6.21,70.08,1.43,-0.7,0.26,0.301,0.168,600,0.62,White
Diamond,3.64,Fair,SI2,64.11,58.93,6.8,8.91,3.56,62.16,4.53,2.78,0.34,0.535,0.257,500,0.64,Green
Topaz,2.98,Premium,VS1,63.56,60.73,3.89,9.97,5.5,75.43,1.08,-1.5,0.116,0.483,0.476,650,0.52,Violet
Amethyst,1.3,Very Good,VS2,61.74,66.2,7.02,5.73,5.26,68.74,2.66,-3.72,0.521,0.359,0.541,600,0.68,Green
Diamond,0.27,Good,VS1,61.09,55.55,6.38,6.13,3.98,69.59,1.9,3.63,0.578,0.155,0.256,650,0.68,White
Ruby,3.53,Premium,VS1,64.97,59.83,4.96,5,4.37,72.26,2.45,1.99,0.261,0.239,0.188,550,0.46,LightYellow
Sapphire,1.31,Fair,IF,64.74,52.22,5.15,3.83,4.08,76.59,4.9,0.83,0.52,0.324,0.596,700,0.35,Blue
Topaz,4.32,Fair,SI2,63.12,64.04,3.07,7.46,6.21,68.2,2.32,4.51,0.154,0.218,0.445,400,0.59,Red
Diamond,2.44,Fair,VS2,55.87,65.86,3.19,8.94,2.5,75.04,3.52,2.89,0.575,0.111,0.484,700,0.46,Green
Amethyst,2.75,Good,IF,58.72,51.34,7.21,7.69,4.66,63.22,3.75,-4.28,0.595,0.596,0.222,450,0.45,LightYellow
Diamond,3.82,Premium,SI1,63.66,67.65,8.03,3.77,3.73,60.96,3.2,-4.57,0.109,0.335,0.316,600,0.43,Blue
Ruby,3.94,Fair,SI2,62.03,57.49,6.83,7.25,2.43,60.94,1.36,0.77,0.171,0.291,0.429,500,0.55,Violet
Amethyst,3.28,Very Good,SI1,56.22,68.44,3.57,7.47,3.1,60.84,4.42,-0.44,0.367,0.42,0.215,500,0.52,Red
Ruby,4.7,,SI2,58.48,68,9.59,7.83,,70.52,4.15,-4.49,0.381,0.409,0.226,600,0.54,FaintYellow
Amethyst,4.92,Fair,IF,55.19,65.82,7.99,3.49,5.37,67.8,4,-4.02,,0.13,0.568,650,0.31,Violet
,4.75,Premium,VS1,63.93,66.6,4.66,7.89,4.3,75.72,4.64,-1.58,0.138,0.22,0.145,500,0.66,White
Sapphire,4.16,Very Good,SI1,,55.79,7.7,7.23,4.28,60.06,2.39,-0.72,0.522,0.251,0.424,550,0.47,Green
Amethyst,3.59,Ideal,VVS1,59.36,57.35,3.78,9.08,4.9,73.43,3.3,2.22,0.53,0.376,0.352,650,0.54,Green
Sapphire,3.38,Fair,SI1,62.6,54.8,8.46,4.16,2.67,67.48,4.13,2.68,0.497,0.578,0.454,550,0.61,LightYellow
Ruby,0.7,Very Good,VVS1,64.33,57.09,6.37,3.43,,69.41,2.78,0.33,0.462,0.426,0.231,450,0.42,Violet
Diamond,1.5,Good,SI2,57.8,61.24,5.87,8.69,6.32,62.7,4.85,-3.54,0.11,0.563,0.103,400,0.41,Blue
Topaz,0.23,Fair,VS1,57.86,67.28,3.06,3.72,6.33,75.32,4.39,-1.44,0.515,0.591,0.105,700,0.63,FaintYellow
Emerald,0.86,Ideal,VS1,59.83,60.94,7.57,5.66,5.49,77.4,3.12,3.08,0.104,0.134,0.55,450,0.6,Green
Emerald,2.31,Very Good,IF,62.07,63.93,8.8,9.08,5.56,60.71,1.59,4.13,0.186,0.363,0.503,400,0.47,White
,0.9,Very Good,,64.93,52.72,5.02,4.95,2.42,66.76,3.01,-1.96,0.163,0.268,0.437,550,0.34,White
Diamond,4.53,,SI1,56.63,68.79,3.08,6.09,3.67,68.32,1.83,-4.44,0.458,0.255,0.168,500,0.45,
Sapphire,4.07,Fair,IF,58.42,61.66,8.43,7.3,4.04,77.12,2.63,-2.23,0.184,0.235,0.383,600,0.62,Green
Amethyst,0.54,Ideal,IF,58.63,65.52,7.45,7.47,2.64,75.9,2.06,3.21,0.408,0.228,0.25,600,0.31,LightYellow
Diamond,1.39,Good,VVS2,62.26,69.97,8.44,7.16,2.11,70.97,4.25,-1.02,0.169,0.362,0.195,550,0.58,Red
Topaz,4.13,Premium,IF,63.87,67.19,6.77,3.42,3,63.6,2.04,-3.67,0.443,0.594,0.221,700,0.67,LightYellow
Sapphire,4.05,Fair,VS2,56.84,60.09,6.23,8.45,6.35,,3.37,1.87,0.55,0.343,0.212,650,0.51,LightYellow
Sapphire,4.74,Ideal,IF,62.14,67.36,4.54,8.56,6.17,68.82,1.21,3.32,0.486,0.431,0.423,550,0.55,White
Ruby,4.99,Premium,VS1,64.1,63.18,3.55,3.73,3.05,,4.02,1.33,0.246,0.365,0.384,650,0.46,LightYellow
Amethyst,4.89,Ideal,VS2,56.21,64.6,6.3,,6.23,65.36,2.8,2.81,0.461,0.547,0.183,650,0.37,FaintYellow
Sapphire,2.17,Ideal,SI1,61.35,62.75,9.08,6.53,3.53,75.91,2.66,3.46,0.597,0.208,0.4,400,0.66,Blue
Ruby,1.4,Premium,VS1,,55.75,3.42,3.09,5.41,71.3,2.74,-2.26,0.435,0.151,0.247,700,0.47,Violet
Sapphire,3.84,Premium,SI2,59.41,56.69,9.92,7.86,3.7,60.67,3.85,1.92,0.164,0.321,0.314,550,0.67,Green
Diamond,1.64,Fair,VVS2,56.27,61.17,9.63,6.23,2.21,65,2.72,3.18,0.381,0.391,0.194,400,0.51,FaintYellow
Emerald,4.07,Premium,,61.84,67.48,7.49,3.89,6.34,62.61,3.95,-4.88,0.307,0.178,0.264,500,0.68,LightYellow
Sapphire,2.76,Fair,VS2,59.01,59.05,9.4,,3.22,69.37,2.13,3.13,0.197,0.414,0.533,400,0.66,Red
Ruby,4.01,Ideal,SI1,60.67,60.81,6.87,8.3,2.24,75.85,4.84,2.06,0.191,0.228,0.277,450,0.56,FaintYellow
Emerald,1.52,Premium,SI2,60.24,57.38,5.83,9.62,6.47,71.74,3.04,0.54,0.502,0.145,0.506,400,0.47,Green
Diamond,2.64,Fair,VVS1,61.94,50.36,,4.15,4.88,66.53,3.33,-4.96,0.179,0.558,0.16,500,0.62,White
Amethyst,2.91,Fair,SI2,63.96,62.87,9.14,5.82,4.01,74.54,3.78,-4.08,0.576,0.121,0.227,550,0.56,Red
Ruby,4.73,Good,VVS1,57.8,61.32,9.7,5.24,5.71,72.4,3.34,-1.46,0.568,0.125,0.404,400,0.58,Violet
Ruby,1.48,Fair,VS2,60.95,69.57,8.87,7.11,5.24,61.39,3.26,-3.18,0.546,0.592,0.148,650,0.58,Green
Ruby,4.7,Fair,VS2,60.74,60.16,4.26,4.37,3.92,62.16,1.01,-3.22,0.192,0.275,0.308,400,0.58,Blue
Amethyst,4.06,Good,SI2,58.15,60.7,7.14,7.05,2.67,62.03,2.84,-1.98,0.295,0.384,0.476,500,0.64,FaintYellow
Sapphire,3.71,,SI2,60,55.65,6.11,8.82,4.98,66.38,4.47,,0.343,0.195,0.166,500,0.67,Violet
Amethyst,3.98,Premium,VS1,,51.99,6.37,7.49,6,71.58,4.7,-3.85,0.452,0.316,0.103,600,0.54,Blue
Topaz,3.11,Good,VVS2,59.27,64.15,6,4.36,4.32,78.62,2.15,-0.75,0.238,0.137,0.516,500,0.41,White
Sapphire,1.37,Fair,VS2,57.71,66.17,3.47,8.24,4.52,73.37,3.83,1.69,0.17,0.113,0.168,600,0.41,
Topaz,1.11,Fair,IF,63.64,67.39,8.92,,5.8,74.17,4.43,-0.34,0.413,0.6,0.409,550,0.47,Green
Topaz,4.36,Premium,VS1,58.58,,9.85,3.79,,61.94,2.76,4.81,0.374,0.202,0.414,600,0.42,White
Diamond,3.68,Ideal,VVS2,56.92,64.07,4.47,5.29,4.44,62.11,3.39,-4.68,0.355,0.293,0.521,400,0.46,FaintYellow
Diamond,1.22,Good,VS1,60.3,55.25,7.35,4.69,2.2,62.77,3.56,1.89,0.132,0.397,0.327,700,0.59,LightYellow
Diamond,3.15,Very Good,VVS2,63.11,55.06,6.76,8.9,2.69,71.65,4.8,1.46,0.378,0.359,0.28,500,0.68,White
Diamond,2.35,Premium,IF,58.54,69.91,9.28,4.59,6.27,74.86,2.93,1.84,0.21,0.281,0.587,450,0.34,Violet
Topaz,0.96,Premium,VVS2,63.47,66.99,7.93,6.58,5.75,75.83,4.11,-0.83,0.307,0.11,0.122,400,0.49,Blue
Amethyst,2.75,Good,VS1,58.26,55.12,8.25,,4.86,64.21,1.75,-1.2,0.275,0.351,0.42,600,0.55,Blue
Diamond,1.55,Fair,SI2,62.36,58.67,9.66,3.39,4.11,74.45,3.34,3.68,0.384,0.572,0.451,700,0.35,Green
Emerald,0.66,Fair,VVS2,56.15,61.3,7.64,3.99,3.85,66.46,2.82,-3.42,0.28,0.47,0.154,500,0.31,Red
Diamond,2.44,Very Good,VS1,55.62,50.26,6.17,8.51,2.2,71.15,1.92,-1.95,0.357,,0.236,600,0.4,FaintYellow
Diamond,3.03,Good,VS2,62.38,69.19,3.36,5.41,5.91,70.21,1.05,-3.5,0.536,0.573,0.181,700,0.4,White
Diamond,0.43,Premium,IF,58.68,52.18,9.34,7.91,3.68,61.46,3.36,-3.72,0.493,0.196,0.27,700,0.52,Blue
Topaz,2.13,Good,VS1,58.93,66.34,7.13,8.31,4.34,76.82,4.24,-1,0.545,0.587,0.577,,0.47,LightYellow
Ruby,1.44,Ideal,VVS1,60.74,69.52,7.78,7.5,4.42,74.69,4.23,4.19,0.49,0.591,0.328,450,0.61,Green
Diamond,0.35,Premium,VVS1,64.87,64.08,6.54,7.07,5.77,73.54,2.56,4.09,0.304,0.347,0.393,500,0.53,FaintYellow
Ruby,0.8,Very Good,SI1,56.72,69.33,,6.47,,66.8,1.72,1.63,0.398,0.489,0.474,400,0.49,FaintYellow
Topaz,0.87,Very Good,SI1,58,50.39,6.53,5.75,4.14,79.84,4.77,-0.01,0.423,0.111,0.249,400,0.42,FaintYellow
Ruby,1.08,,VVS2,61.49,57.09,3.34,4.05,6.3,61.26,2.53,0.79,0.403,0.585,0.507,400,0.51,FaintYellow
Diamond,4.06,Fair,VS2,,59.53,8.59,,5.19,66.05,2.39,1.46,0.419,0.326,0.598,550,0.64,White
Emerald,2.31,Premium,VS2,62.06,65.66,4.11,7.49,3.79,62.63,3.46,-0.01,0.417,0.595,0.371,550,0.63,Violet
Ruby,0.91,Premium,VVS1,60.95,63.09,5.33,4.36,4.84,64.71,2.76,0.29,0.44,0.316,0.416,600,0.31,Blue
Topaz,0.68,Ideal,VVS2,60.88,64.72,3.61,8.86,4.65,68.93,2.38,3.05,0.444,0.429,0.247,600,0.39,Violet
Topaz,1.63,Premium,VS2,56.48,52.89,8.74,8.76,4.45,72.26,,3.4,0.394,0.159,0.174,550,0.61,White
Emerald,4.03,Good,VS2,63.35,66.9,4.18,8.27,4.41,61.96,2.57,0.22,0.229,0.177,0.41,650,0.45,FaintYellow
Emerald,1.95,Good,SI2,55.09,66.44,5.79,3.81,5.23,71.62,3.74,0.78,0.357,0.324,0.22,550,0.63,Blue
Amethyst,0.97,Very Good,VVS2,59.18,65.38,5.91,3.13,5.97,75.57,1.05,-3.26,0.338,0.291,0.323,650,0.66,Green
Emerald,2.14,Fair,VS1,57.15,66.36,5.21,7.96,3.85,78.4,1.81,-1.26,0.454,0.161,0.349,550,0.61,White
Topaz,2.87,Very Good,VVS1,56.04,54.27,9.02,4.43,6.39,64.17,2.02,0.43,0.535,0.119,0.107,450,0.32,FaintYellow
Ruby,0.34,Ideal,SI1,58.19,52.81,8.4,8.89,3.81,77.84,5,-0.61,0.536,0.481,0.301,400,0.67,Green
Topaz,3.21,Premium,SI2,61.57,67.9,8.21,7.71,5.05,77.42,4.54,2.68,0.214,0.188,0.294,650,0.48,Blue
Amethyst,2.1,Very Good,VS2,59.97,69.14,4.58,5.62,,65.64,2.68,-2.83,0.337,0.536,0.205,500,0.3,Violet
Diamond,0.25,Premium,SI2,63.74,58.49,4.33,6.41,5.36,73.75,3.8,-2.71,0.536,0.307,0.116,700,0.42,LightYellow
Emerald,3.43,Very Good,SI2,61,58.94,4.73,6.52,3.75,73.87,1.94,4.26,0.398,0.316,0.172,600,0.54,Red
Topaz,3.62,Premium,VS1,57.53,64.82,5.7,5.65,3.72,78.95,4.76,-3.86,0.452,0.25,0.522,700,0.44,Blue
Emerald,3.22,Very Good,VS1,60.15,59.9,6.35,4.26,2.91,,4.71,-2.62,0.471,0.225,0.179,700,0.52,Blue
Ruby,1.84,Good,VS1,57.27,56.27,4.75,9.96,2.31,61.85,1.65,2.4,0.138,0.278,0.488,650,0.44,FaintYellow
Amethyst,2.74,Ideal,VS1,56.79,53.8,,8.24,3.57,71.19,4.71,0.25,0.304,0.504,0.194,,0.47,Violet
Emerald,2.06,Very Good,IF,64.55,50.45,4.29,4.09,4.7,65.14,2.64,-3.79,0.35,0.441,0.367,700,0.32,Blue
Amethyst,3.56,Good,IF,,61.75,4.88,3.24,2.21,64.72,2.97,1.45,0.593,0.563,0.393,650,0.53,Violet
Emerald,,Fair,SI1,61.51,52.84,4.83,5.41,2.86,78.46,3.77,-2.79,0.537,0.347,0.462,450,0.66,White
Ruby,0.59,Very Good,VVS2,63.73,67.17,8.09,6.88,3.1,74.46,2.91,-3.09,0.584,0.503,0.148,650,0.6,
Amethyst,3.29,Premium,VVS1,58.22,69.66,6.21,9.57,2.84,73.4,3.29,-2.16,0.455,0.2,0.404,550,0.56,FaintYellow
Emerald,3.5,Ideal,VVS2,62.89,59.15,7.31,3.93,2.46,79.04,2.79,-1.24,0.341,0.133,,400,0.35,Red
Ruby,1.98,Good,SI2,62.89,52.31,7.69,6.08,2.82,61.38,1.27,4.03,0.592,0.228,0.57,550,0.61,FaintYellow
Amethyst,4.4,Good,IF,63.24,61.66,3.48,4.25,6.21,71.74,3.2,0.08,0.409,0.517,0.275,550,0.46,Blue
Amethyst,4.25,Ideal,VVS2,56.89,,8.56,3.49,5.52,69.75,1.2,-3.29,0.373,0.584,0.412,450,0.35,Blue
Diamond,1.04,Very Good,VVS2,64.63,52.67,4.99,7.21,6.15,66.04,1.4,4.69,0.597,0.454,0.494,550,0.53,Blue
Amethyst,4.54,Premium,VS1,57.75,62.94,6.57,3.73,6,71.73,3.75,-1.17,0.376,0.306,0.515,650,0.44,Red
Ruby,2.32,Fair,VS2,62.77,56.32,5.37,8.04,3.8,76.01,2.88,,0.199,0.509,0.251,650,0.42,LightYellow
Diamond,3.67,Very Good,IF,56.62,66.91,8.42,6.87,3.66,,3.16,-1.31,0.309,0.422,,400,0.6,White
Amethyst,4.11,Ideal,IF,64.24,61.76,4.6,4.63,5.5,63.48,,-4.14,0.364,0.145,0.495,,0.41,Violet
Sapphire,2.62,Very Good,VVS2,59.28,58.66,9.75,8.56,6.06,71.27,3.74,1.36,0.519,0.567,0.392,500,0.51,Blue
Sapphire,2.12,Very Good,VS2,61.69,69.27,5.8,7.9,5.38,63.93,1.29,4.38,0.345,0.17,0.145,600,0.4,Violet
Topaz,4.59,Ideal,VVS2,63.5,59.82,,7.38,4.62,63.02,2.01,2.01,0.42,0.328,0.244,450,0.51,Green
Diamond,1.31,Ideal,VVS1,57.82,67.75,7.49,4.5,4.51,70.94,4.61,-4.59,0.568,0.594,0.428,550,0.5,Violet
Emerald,1.43,Fair,IF,58.89,55.29,8.2,7.95,4.09,62.12,1.1,-2.44,0.488,0.254,0.293,550,0.4,Violet
Diamond,1.94,Ideal,VS1,58.13,58.84,6.86,6.78,4.05,67.52,3.98,0.72,0.357,0.17,0.416,700,0.62,Blue
Sapphire,4.33,Ideal,VS1,57.83,51.68,5.69,6.74,2.25,73,1.63,-4.94,0.299,0.449,0.59,650,0.36,Blue
Amethyst,4.71,Ideal,VS1,60.1,58.46,4.26,3.84,2.97,71.66,,0.36,0.419,0.276,0.539,650,0.3,Green
Sapphire,1.26,Good,SI1,60.47,67.89,,3.95,2.65,69.68,,,,0.378,0.216,500,0.69,Violet
Topaz,4.35,Ideal,SI1,55.77,,3.43,3.23,4.11,64.86,1.14,4.88,0.424,0.54,0.158,500,0.5,LightYellow
Ruby,1.44,Ideal,IF,61.73,69.51,3.41,4.72,3.3,66.01,1.03,0.35,0.201,0.183,0.455,550,0.44,LightYellow
Sapphire,4.86,Ideal,IF,59.2,64.99,7.29,6.45,3.7,64.4,3.3,1.8,0.198,0.353,0.116,650,0.39,LightYellow
Topaz,3.07,Fair,VS1,63.9,55.43,6.36,5.51,6.37,70.51,4.18,-3.46,0.149,0.159,0.285,500,0.64,Blue
Diamond,0.23,Very Good,SI2,63.86,53.22,6.54,7.99,5.44,77.75,3.86,-3.82,0.188,0.369,0.186,550,0.54,LightYellow
Topaz,0.36,Ideal,IF,62.2,53.59,5.23,5.85,2.63,76.86,2.18,1.43,0.549,0.525,0.105,700,0.45,Blue
Diamond,0.91,Ideal,VS1,63.54,63.23,8.53,3.65,5.64,76,3.9,-3.4,0.252,0.443,0.496,650,0.33,Blue
Topaz,1.1,Fair,VVS1,64.23,57.64,4.41,8.07,3.99,65.68,2.11,2.63,0.132,0.195,0.516,650,0.6,White
Topaz,3.88,Very Good,VVS1,60.77,58.28,7.1,4.29,5.84,69.43,2.98,1.93,0.446,0.433,0.213,700,0.38,Green
Sapphire,1.27,Fair,VVS1,64.72,67.21,9.02,5.21,,67.83,1.88,-1.28,0.122,0.331,0.331,550,0.34,Blue
Ruby,4.85,Premium,VVS2,64.55,64.53,8.84,6.5,4.33,70.54,1.46,1.68,0.11,0.283,0.42,550,0.39,White
Emerald,3.25,Premium,VVS2,56.1,54.19,3.2,6.88,5.24,68.9,4.84,-1.29,0.259,0.195,0.289,600,0.64,
Topaz,3.52,Premium,,60.23,53.42,4.95,5.06,6.22,69.14,3.59,1.19,0.104,0.246,0.527,550,0.58,White
Ruby,1.25,Ideal,VS2,56.14,66.44,8,6.22,4.42,61.37,1.9,1.6,0.358,0.119,0.391,500,0.45,White
Sapphire,4.48,Fair,VS2,61.84,69.07,8.19,3.47,2.67,64.02,1.49,2.11,0.45,0.547,0.274,650,0.47,FaintYellow
Emerald,3.41,Ideal,VVS1,62.65,53.7,6.38,4.12,4.56,67.52,2.03,0.26,0.203,0.256,0.509,650,0.64,Green
Sapphire,,Premium,VVS1,63.85,69.04,4.42,7.19,2.21,64.67,2.49,-1.3,0.396,0.55,0.176,400,0.5,Red
Amethyst,4.79,Very Good,VVS1,61.5,58.59,4.95,3.03,4.04,77.51,4.46,1.17,0.316,0.572,0.155,700,0.43,Violet
Sapphire,0.8,Very Good,IF,59.54,68.11,8.61,4.29,3,78.04,3.73,-0.19,0.53,0.45,0.579,450,0.41,FaintYellow
Amethyst,0.66,Fair,IF,56.56,65.02,4.35,7.4,,73.82,2.44,-4.4,0.353,0.395,0.461,450,0.6,Green
Ruby,4.06,Very Good,VVS1,56.25,68.1,9.6,4.63,3.8,79.07,2.3,-0.1,0.279,0.534,0.535,450,0.39,FaintYellow
Topaz,4.36,Premium,VS1,59.86,62.9,6.51,8.73,4.32,62.19,1.95,-1.33,0.361,0.139,0.576,450,0.59,Red
Diamond,3,Fair,VS2,63.33,53.14,4.98,5.75,6.01,66.93,1.45,-4.43,0.221,0.408,0.407,650,0.66,LightYellow
Topaz,1.96,Fair,VVS2,62.51,51.21,5.73,8,4.07,79.69,4.45,-3.92,0.299,0.562,0.32,550,0.46,Violet
Ruby,3.33,Premium,VS2,63.81,62.54,4.8,9.2,6.49,73.03,2.89,0.71,0.364,0.548,0.589,400,0.61,FaintYellow
Emerald,1.67,Premium,VS1,63.11,51.17,5.69,6.14,2.61,79.1,4.78,3.17,0.456,,0.401,700,0.32,FaintYellow
Sapphire,1.34,Premium,SI1,57.05,54.72,3.92,7.73,5.86,64.23,4.12,-0.24,0.189,0.222,0.593,700,0.37,White
Ruby,2.54,Premium,IF,57,54.12,8.76,8.9,3.64,69.05,3.77,-4.52,0.483,0.435,0.226,600,0.37,Violet
Emerald,,Fair,SI2,59.58,58.54,9.75,4.72,5.58,65.16,2.38,3.42,0.144,0.548,0.549,550,0.39,Red
Topaz,2.52,Very Good,VVS1,56.91,61.95,7.61,9.2,4.24,78.12,2.88,1.65,0.111,0.279,0.332,400,0.61,Red
Diamond,4.79,Premium,IF,,68.22,8.66,9.02,4.35,72.8,1.95,4.16,0.524,0.421,0.214,500,0.69,Violet
Emerald,4.23,Good,IF,57.68,68.72,4.6,3.42,4.4,73.59,4.2,4.9,0.137,0.307,0.485,500,0.44,Violet
Diamond,4.72,Fair,VS1,55.23,69.65,3.44,6.3,3.09,72.08,2.87,3.46,0.532,0.552,0.164,600,0.56,Red
Sapphire,4.07,Ideal,IF,60.71,65.28,7.39,3.78,2.24,75.86,4.16,4.1,0.583,0.218,0.585,400,0.48,Blue
Diamond,1.9,Very Good,IF,58.97,68.43,8.72,9.2,4.94,70.19,1.33,2.68,0.448,0.241,0.592,400,0.42,FaintYellow
Emerald,4.1,Fair,SI2,57.37,65.81,8.84,4.68,2.12,77.35,2.26,,0.344,0.44,0.512,500,0.49,White
Sapphire,4.63,Premium,VS2,56.34,68.21,6.73,5.6,5.27,60.83,1.35,-0.29,0.37,0.108,0.224,400,0.59,FaintYellow
Topaz,4.75,Good,VS2,59.56,52.08,7.35,9.57,3.46,75.98,3.36,4.26,0.337,0.24,0.356,450,0.32,Blue
Diamond,3.48,Ideal,SI1,61.02,69.23,,6.93,3.78,,3.89,-2.88,0.283,0.244,0.394,650,0.66,Blue
Ruby,,Very Good,VS1,64.73,54.69,8.81,9.49,5.39,66.6,4.14,-3.82,0.344,0.45,0.46,600,0.51,Violet
Topaz,0.39,Premium,SI2,57.54,61.37,7.88,6.23,2.68,69.05,2.48,-0.28,0.233,0.354,0.243,400,,Green
Ruby,0.91,Fair,VVS1,55.26,60.34,4.3,9.88,4.92,71.07,1.55,-2.42,0.195,0.131,0.568,650,0.52,White
Amethyst,4.83,Fair,SI2,62.36,61.29,4.96,9.69,4.58,78.07,4.87,1.55,0.261,0.314,0.528,450,0.5,LightYellow
Amethyst,2.42,Very Good,VS2,57.35,64.04,4.06,3.14,3.88,78,1.76,3.16,0.102,0.596,0.247,600,0.51,Violet
Topaz,4.3,Good,SI2,59.84,60.79,6.54,5.84,4.82,76.43,2.29,-2.83,0.318,0.547,0.289,450,0.6,Violet
Ruby,2.43,Premium,SI1,63.08,63.77,4.42,9.65,3.62,79.67,2.22,-4.3,0.122,0.508,0.109,650,0.62,Blue
Ruby,3.37,Very Good,IF,55.37,60.69,4.11,8.7,3.19,65.96,4.08,1.08,0.173,0.41,0.546,600,0.31,Violet
Topaz,0.32,Very Good,SI1,56.42,50.24,4.12,4.48,2.4,74.78,4.35,1.59,0.297,0.163,0.541,600,0.68,White
Ruby,1.4,Fair,SI1,55.98,62.55,4.86,9.19,4.66,61.27,2.14,0.8,0.446,0.55,0.21,600,0.34,Blue
Ruby,2.29,Very Good,VVS2,57.34,61.1,,4.41,6.32,66.39,2.13,1.91,0.373,0.28,0.582,450,0.56,Red
Ruby,3.23,Ideal,VS2,56.73,61.72,9.57,9.55,5.63,66.48,3.76,-4.42,0.257,0.185,0.581,700,0.67,FaintYellow
Ruby,1.02,Ideal,SI1,58.17,50.03,9.97,,2.42,65.23,4.44,1.85,0.137,0.169,0.321,400,0.68,Red
Amethyst,3.87,Premium,SI1,62.46,59.37,3.28,9.62,2.99,79.53,1.61,0.09,0.31,0.524,0.158,650,0.61,Violet
Emerald,1.95,Very Good,VVS2,55.42,67.5,6.98,3.58,4.92,78.89,4.94,-2.13,0.554,0.417,0.504,450,0.52,Green
Emerald,4.12,Fair,VVS1,55.74,56.65,4.87,4.6,2.01,,3.73,-0.59,0.184,0.154,0.328,700,0.45,Blue
Ruby,0.67,Premium,IF,60.64,58.9,9.92,6.96,4.53,67.43,2.21,-3.13,0.531,0.524,0.105,450,0.47,LightYellow
Amethyst,3.46,Good,VS2,60.2,52.45,,4.32,6.38,69.75,4.06,-4.76,0.485,0.228,0.521,700,0.36,Violet
Sapphire,1.61,Fair,SI2,59.74,59,9.54,5.72,3.58,68.55,1.19,-3.03,0.381,0.399,0.524,550,0.55,Red
Ruby,4.02,Good,VVS1,60.16,57.92,3.1,4.18,6.02,66.04,4.64,0.08,0.328,0.58,0.233,550,0.41,LightYellow
Topaz,2.13,Premium,SI2,62.42,67.66,4.08,6.9,2.49,65.27,2.91,-0.59,0.429,0.495,0.391,400,0.39,Violet
Diamond,3.39,Ideal,SI2,60.76,50.71,6.87,7.28,2.21,78.61,1.85,4.58,0.477,0.436,0.54,500,0.4,Violet
Sapphire,4.68,Fair,VS1,59.57,69.02,4.31,4.54,3.56,64.01,3.7,4.01,0.49,0.485,0.396,450,0.46,FaintYellow
Amethyst,0.3,Fair,VVS1,55.82,,8.98,5.04,4.6,67.95,1.37,-2.54,0.45,0.369,0.161,450,0.32,Red
Emerald,0.25,Premium,VS1,64.75,60.59,7.9,8.17,5.76,73.83,2.9,-0.8,0.283,0.304,0.21,550,0.35,Green
Topaz,3.9,Fair,VS1,57.39,67.72,4.29,3.61,2.83,79.46,4.76,4.68,0.112,0.109,0.39,550,0.48,Red
Topaz,3.3,Fair,VS2,63.69,53.82,8.73,6.17,3.18,74.19,3.55,-1.01,0.343,0.1,0.243,500,0.5,LightYellow
Topaz,1.61,Premium,VVS2,58.79,54.18,6.49,5.03,4.15,70.87,1.38,4.81,0.172,0.563,0.269,500,0.64,FaintYellow
Sapphire,2.57,Very Good,VS1,61.84,67.49,7.97,5.89,3.56,69.27,4.51,-2.71,0.325,0.151,0.591,550,0.59,Red
,0.4,Premium,IF,59.54,68.59,3.98,8.85,2.02,72.9,4.32,1.01,0.329,0.399,,700,,Green
Topaz,1.12,Fair,VS2,58.54,66.76,6.62,9.85,3.49,73.73,3.96,2.59,0.355,0.384,0.309,700,0.32,LightYellow
Sapphire,2.24,Premium,SI1,61.14,50.83,8.43,4.26,3.17,79.86,1.65,-3.72,0.57,0.4,0.321,500,0.59,FaintYellow
Diamond,4.2,Fair,SI1,60.36,63.04,5.42,3.43,4.27,66.99,3.47,4.79,0.415,0.353,0.217,500,0.52,White
Sapphire,2.5,Good,VS1,57.32,59.02,4.31,,2.52,64.25,4.14,1.87,0.12,0.573,0.476,650,0.65,White
Sapphire,3.01,Good,VS2,58.36,66.16,7.48,9.11,5.08,68.5,3.85,-4.33,0.467,0.275,0.299,450,0.43,LightYellow
Emerald,4.39,Ideal,IF,55.34,53.16,7.51,9.16,3.32,64.92,2.33,-4.29,0.445,0.254,0.255,400,0.36,Violet
Amethyst,1.68,Premium,VS2,56.94,68.41,4.43,5.01,3.03,60.92,4.8,-1.96,0.492,0.282,0.488,500,0.5,Red
Diamond,3.56,Premium,SI2,58.36,56.71,3.49,5.31,3.37,79.35,1.8,4.66,0.288,0.203,0.513,600,0.4,White
Diamond,4.34,Good,VS2,64.72,56.46,4.17,7.65,4.07,61.22,2.75,3.36,0.556,0.461,0.349,,0.67,Red
Emerald,1.17,,SI2,60.27,53.57,4.93,5.39,5.99,69.63,2.64,2.46,0.44,0.273,0.52,400,0.67,Red
Emerald,1.91,Good,SI1,62.01,50.14,3.25,9.33,5.09,69.56,4.59,-2.48,0.182,0.131,0.592,700,0.54,Violet
Sapphire,4.9,Ideal,VS1,61.74,56.25,9.46,8.61,2.8,63.71,1.83,3.49,0.447,0.158,0.317,550,0.68,Red
Topaz,4.92,Ideal,VVS1,64.81,52.97,4.61,5.5,5.03,71.55,4.08,0.43,0.312,0.485,0.189,650,0.33,Green
Emerald,1.27,Very Good,VS2,60.56,64.76,8.17,9.81,2.69,76.49,3.13,4.9,0.3,0.148,0.477,650,0.45,Blue
Ruby,0.52,Premium,VS1,60.85,65.13,5.9,8.21,3.43,77.53,3.43,-2.28,0.137,0.206,0.48,550,0.61,FaintYellow
Diamond,1.5,Ideal,SI1,58,66.56,6.51,8.3,4.08,67.32,1.07,3.82,0.436,0.288,0.461,400,0.48,Green
Amethyst,2.11,,IF,61.26,50.11,6.76,9.72,4.86,63.88,3.7,-4.39,0.272,0.497,0.223,650,0.62,White
Amethyst,2.32,Premium,SI2,62.58,57.03,8.41,6.01,4.12,70.14,1.9,3.21,0.383,0.138,0.396,400,0.34,Violet
Emerald,3.17,Very Good,IF,56.03,50.12,8.52,3.29,4.63,62.44,2.82,0.73,0.546,0.197,0.265,700,0.37,Red
Diamond,4.52,Good,VVS1,59.8,60.15,3.99,9.94,5.07,77.01,2.9,-0.31,0.285,0.199,0.547,650,0.64,Blue
Diamond,1.79,Very Good,IF,59.22,68.18,5.12,9.55,6.33,69.21,4.85,-2.78,0.202,0.333,0.186,450,0.34,White
Sapphire,4.28,Premium,VS1,56.14,58.16,7.01,9.76,6.08,77.79,2.86,-3.31,0.374,0.301,0.419,600,0.36,FaintYellow
Amethyst,,Good,VVS1,58.41,67.47,5.31,6.32,4.28,60.75,2.67,-1.41,0.598,0.503,0.51,500,0.37,Green
Topaz,0.4,Very Good,SI2,60.35,68.95,3.93,4.15,5.34,76.92,4.04,-3.36,0.322,0.238,0.15,400,0.6,Blue
Sapphire,2.62,Very Good,SI1,61.5,54.76,5.86,4.37,3.97,65.19,2.68,-2.6,0.336,0.163,0.527,450,0.44,Red
Emerald,0.49,Premium,VS1,57.89,50.2,4.53,6.31,6.35,79.11,4.5,4.87,0.109,0.219,0.356,550,0.52,Violet
Ruby,2.08,Ideal,,59.76,64.79,,7.73,2.35,61.54,3.12,3.45,0.283,0.257,0.545,500,0.42,Red
Topaz,4.5,Fair,SI1,62.34,61.58,5.13,6.26,2.92,76.77,4.49,-4.59,0.59,0.394,0.516,700,0.55,White
Ruby,1.36,Very Good,VVS1,59.22,56.94,5.1,5.76,3.16,70.68,3.66,-1.81,0.327,0.293,0.101,600,0.41,FaintYellow
Sapphire,3.59,Fair,VVS1,64.41,57.35,3.68,9.74,3.27,63.88,3.6,-3.35,0.136,0.211,0.511,600,,Blue
Ruby,1.65,Premium,VS1,55.31,51.62,7.09,7.53,3.24,68.62,3.26,-3.19,0.489,0.154,0.257,550,0.6,FaintYellow
Topaz,,Premium,VVS1,57.6,67.42,5.2,5.85,4.72,66.07,2.99,-3.37,0.536,0.394,0.318,450,0.64,FaintYellow
Sapphire,2.87,Ideal,VS1,56.33,54.84,4.21,7.83,6.02,64.77,2.45,0.66,0.452,0.569,0.452,450,0.44,LightYellow
Amethyst,4.21,Good,IF,60.41,51.94,8.73,8.54,2.3,72.43,4.2,-3.25,0.247,0.204,0.269,550,0.37,Violet
Amethyst,2.17,Fair,SI2,56.77,65.59,3.02,5.57,5.74,73.51,3.56,4.96,0.259,0.163,0.375,600,0.46,White
Topaz,3.16,Very Good,IF,62.42,59.7,6.18,6.33,3.35,62.13,1.38,-3.1,0.413,0.554,0.223,650,0.46,White
Topaz,4.52,Good,SI2,64.18,65.26,6.04,7.49,4.65,74.51,3.71,3.7,0.457,0.398,0.385,700,0.69,Violet
Sapphire,3.99,Fair,VS2,57.07,68.04,7.7,7.46,,69.66,1.19,2.91,0.474,0.28,0.477,500,0.33,Violet
Diamond,1.13,Fair,VVS2,64.07,,5.73,4.23,4.53,70.6,4.9,4.59,0.538,0.13,0.402,600,0.68,Blue
Emerald,3.72,Good,VVS2,61.32,51.09,6.59,6.48,2.42,74.87,2.28,4.4,0.421,0.479,0.49,550,0.64,LightYellow
Topaz,2.61,Good,IF,56.96,55.06,9.36,4.81,4.18,68.64,1.47,0.19,0.39,0.459,0.484,500,0.34,Red
Amethyst,3.78,Ideal,VS2,62.37,51.02,4.18,9.4,2.28,71.87,1.93,4.94,0.328,0.549,0.243,500,0.62,FaintYellow
Topaz,2.57,Very Good,VVS2,55.91,52.98,3.74,6.48,2.01,70.26,4.8,4.08,0.541,0.384,0.129,650,0.67,Green
Amethyst,0.81,Very Good,VS1,61.92,66.98,8.23,8.37,2.91,62.37,2.98,-0.19,0.284,0.259,,650,0.43,White
Amethyst,2.94,Very Good,VS1,63.61,68.83,8.2,3.31,3.34,68.55,4.91,-0.27,0.246,0.184,0.501,500,0.46,White
Sapphire,2.56,Good,VVS1,64.5,63.54,9.44,5.67,5.09,76.72,2.3,2.28,0.52,0.21,0.385,650,0.46,White
Diamond,2.69,Ideal,VVS2,55.55,64.64,9.88,4.11,3.73,60.6,1.17,0.04,0.296,0.356,0.583,500,0.61,Blue
Sapphire,4.42,Premium,SI1,55.62,64.63,5.69,5.75,4.2,60.67,4.68,4,0.549,0.524,0.111,450,0.43,FaintYellow
Diamond,4.5,Ideal,VS1,64.3,52.47,5.64,8.57,4.69,78.58,4.67,-3.93,0.437,0.551,0.514,400,0.5,Blue
Topaz,2.38,Good,VVS2,62.9,50.94,9.33,9.49,2.15,76.4,,4.51,0.567,0.343,0.285,650,0.4,Violet
Diamond,2.39,Ideal,VVS1,62.74,63.97,9.02,9.41,3.57,60.07,3.64,4.84,0.168,0.12,0.561,700,0.67,FaintYellow
Sapphire,2.67,Good,IF,62.43,50.75,5.63,3.83,3.92,78.69,2.03,,0.189,0.159,0.552,650,0.66,Violet
Amethyst,2.69,Fair,VS2,62.17,66.24,3.53,5.11,3.18,65.95,3.5,1.78,0.574,0.575,0.571,400,0.51,Blue
Ruby,4.76,Fair,SI1,61.13,61.82,7.07,7.62,3.69,69.01,1.26,-4.77,0.498,0.215,0.323,550,0.66,Red
Ruby,3.32,Premium,VVS1,63.13,52.27,4.88,4.42,4.22,64.71,2.38,2.95,0.384,0.509,0.534,550,0.52,Violet
Ruby,1.53,Fair,VVS1,55.34,63.19,9.36,3.36,4.65,63.54,2.55,2.58,0.526,0.564,0.206,500,0.41,Green
Ruby,2.75,Premium,VVS1,62.4,62.13,8.64,9.68,3.31,62.46,2.25,-3.43,0.454,0.569,0.488,600,0.46,Green
Ruby,3.21,Very Good,VS2,60.83,57.53,9.31,5.31,5.14,73.94,2.96,-2.16,0.343,0.15,0.206,550,0.56,Red
Topaz,3.27,Good,VS1,64.07,66.35,3.57,5.94,5.87,60.28,3.63,-2.97,0.454,0.184,0.212,400,0.66,LightYellow
Sapphire,3.01,Very Good,VVS2,64.36,56.09,9.05,4.91,2.6,67.78,3,4.19,0.307,0.33,0.558,700,0.31,FaintYellow
Sapphire,1.05,Very Good,IF,57.41,57.56,7.15,5.28,3.31,69.09,2.79,-1.53,,0.26,0.425,600,0.37,Blue
Topaz,0.36,Premium,SI2,62.89,,4.51,9.75,3.56,65.86,3.65,4.46,0.346,0.283,0.522,650,0.66,Green
Sapphire,1.82,Good,IF,64.57,65.04,5.11,4.34,,65.01,4.38,-1.33,0.166,0.362,0.449,700,0.38,FaintYellow
Ruby,2.25,Premium,SI1,57.67,55.47,6.2,6.46,4.75,72.29,2.78,-1.31,0.283,0.568,0.125,700,0.69,Violet
Amethyst,0.5,Ideal,VS2,63.51,50.34,7.39,7.47,2.95,76.57,2.89,-1.7,0.405,0.344,0.18,550,0.37,Red
Diamond,4.11,Very Good,IF,60.87,53.53,4.63,4.57,6.08,70.11,4.48,3.37,0.305,0.318,0.37,700,0.67,Green
Topaz,1.85,Good,SI1,58.95,55.26,4.45,8.01,2.62,74.24,1.03,,0.578,0.428,0.232,700,0.43,White
Diamond,4.59,Very Good,SI1,63.24,68.1,9.25,7.78,5.27,74.62,2.65,1.9,0.578,0.17,0.323,450,0.69,White
Sapphire,0.94,Ideal,VS2,63.7,67.87,8.92,9.68,4.96,78.15,1.09,-4.21,0.405,0.34,0.21,650,0.67,Blue
Ruby,0.47,Ideal,VS2,57.83,63.21,8.37,6.22,4.11,74.67,2.51,4.97,0.105,0.462,0.554,700,0.61,Violet
Sapphire,2.52,Good,VVS2,62.94,64.19,8.33,5.69,4.32,65.42,2.04,-0.16,0.316,0.396,0.409,550,0.6,FaintYellow
Amethyst,1.11,Good,VVS2,55.5,62.43,8.36,5.53,2.72,63.8,3.23,-3.75,0.422,0.476,0.534,650,0.59,LightYellow
Sapphire,4.7,Ideal,VS2,59.18,65.58,9.47,5.55,2.13,78.16,2.86,-0.43,0.551,0.543,0.368,700,0.57,FaintYellow
Topaz,0.25,Very Good,VVS2,55.7,57.02,8.91,3.26,6.24,75.33,1.41,-4.21,0.203,0.32,0.552,650,0.5,Violet
Emerald,2.18,Fair,VS1,57.94,60.93,5.72,4.65,2.16,72.51,3.13,1.83,0.143,0.461,0.387,450,0.69,LightYellow
Emerald,4.65,Very Good,VVS1,64.5,63.41,6.3,3.84,4.59,78.96,3.77,-0.08,,0.303,0.145,650,0.4,Violet
Sapphire,2.05,Fair,IF,62.35,59.37,7.23,9.16,5.66,73.46,1.22,-3.76,0.225,0.535,0.333,600,0.63,LightYellow
Sapphire,0.65,Premium,IF,62.56,65.45,6.33,3.39,2.02,72.71,1.13,1.1,0.541,0.318,0.474,650,0.35,Blue
Ruby,1.65,Good,SI2,56.34,68.65,5.08,5.56,3.72,77.38,4.54,-2.1,0.533,0.439,0.3,550,,LightYellow
Sapphire,2.59,Ideal,IF,60.79,63.28,9.03,4.54,3.37,75.76,3.27,4.42,0.379,0.104,0.538,650,0.45,
Emerald,1.09,Premium,IF,58.89,51.49,8.62,7.52,2.94,65.92,1.43,1.55,0.343,0.299,0.136,700,0.47,FaintYellow
Topaz,2.44,Very Good,VS1,62.34,62.2,5.73,5.28,2.74,69.99,3.87,-0.95,0.122,0.375,0.33,400,0.52,White
Diamond,4.21,Fair,VS1,56.57,63.93,3.8,3.12,3.7,73.15,4.43,-3.61,0.598,0.421,0.308,500,0.3,FaintYellow
Sapphire,4.39,Good,VVS1,57.82,55.67,3.03,9.26,2.65,64.72,4.87,1.99,0.219,0.188,0.404,450,0.39,White
Sapphire,0.44,Fair,VS2,63.99,56.44,3.65,7.46,2.88,72.78,4.32,-0.27,0.303,0.418,0.149,400,0.58,Red
Diamond,0.97,Very Good,VVS2,56.7,61.91,4.08,3.01,4.46,74.75,4,2.49,0.409,0.474,0.514,600,0.63,Red
Amethyst,1.52,Very Good,VVS1,61.32,64.14,7.6,7.76,3.08,65.29,4.51,1.49,0.305,0.24,0.251,450,0.37,LightYellow
Diamond,,Ideal,SI2,58.15,67.43,4.54,4.51,2.35,65.4,2.95,1.22,0.509,0.277,0.527,700,0.49,Blue
Sapphire,1.93,Premium,IF,55.82,65.25,7.44,9.75,5.89,79.87,2.95,2.34,0.137,0.555,0.108,400,0.38,LightYellow
Topaz,4.25,Good,VVS2,57.24,52.68,5.3,6.11,3.95,67.32,3.7,-1.44,0.48,0.211,0.293,550,0.52,White
Topaz,3.64,Ideal,SI2,63.69,56.96,9.27,4.56,5.74,60.57,4.5,4.67,0.213,0.284,0.23,400,0.54,Blue
Emerald,0.68,Fair,VVS1,64.11,52.98,6.28,3.21,2.23,63.4,1.83,4.36,0.435,0.461,0.327,650,0.36,White
Sapphire,3.2,Premium,IF,59.2,65.14,7.71,3.41,4.87,75.08,2.73,2.17,0.492,0.197,0.218,400,0.58,Blue
Emerald,0.74,Good,VVS1,61.21,55.33,6.23,3.4,5.68,73.48,4.02,-3.8,0.509,0.353,0.122,450,0.69,FaintYellow
Topaz,1.42,Fair,IF,60.2,52.47,9.39,3.22,5.13,76.7,2.13,3.14,0.413,0.473,0.223,700,0.65,LightYellow
Ruby,1.05,Good,SI1,57.8,51.92,7.81,6.84,5.79,73.16,1.22,-1.76,0.473,0.132,0.257,400,0.63,LightYellow
Emerald,,Good,IF,58.45,52.29,7.5,8.93,2.51,72.15,2.65,-3.65,0.468,0.221,,400,0.62,Green
Amethyst,3.16,Premium,SI1,60.27,54.94,7.15,5.42,2.77,74.32,4.89,1.72,0.108,0.386,0.245,650,0.51,Violet
Diamond,2.91,Fair,VS1,61.95,65.65,9.92,5.44,2.72,78.02,3.58,2.74,0.401,0.229,0.147,450,0.65,Green
Topaz,1.04,Ideal,IF,58.5,54.75,7.79,3.73,4.86,74.42,4.11,3.59,0.254,0.508,0.321,400,,White
Topaz,4.95,Ideal,VVS1,61.99,55.63,8.28,3.01,6.49,62.14,1.4,-3.8,0.337,0.436,0.551,700,0.39,LightYellow
Sapphire,2.22,Ideal,VVS2,64.61,67.61,3.57,9.66,3.87,75.92,3.12,-2.94,0.423,0.363,0.417,400,0.36,Green
Emerald,0.67,Good,VS1,55.25,58.85,8.7,6.2,6.11,79.66,4.51,4.02,0.561,0.173,0.314,400,0.45,FaintYellow
Sapphire,0.78,Very Good,SI1,56.64,60.18,7.18,8.16,6.02,60.06,4.52,-2.78,0.433,0.438,0.56,600,0.34,FaintYellow
Amethyst,3,Premium,VVS2,64.16,50.05,5.36,9.08,5.65,69.83,4.92,0.92,0.304,0.183,0.297,450,0.34,White
Sapphire,4.9,Ideal,SI1,55.72,51.64,7.07,3.78,4.16,60.73,4.3,-3.14,0.295,0.569,0.545,400,0.5,Violet
Topaz,2.95,Premium,SI2,62.65,64.81,7.38,4.84,3.43,79.1,4.5,-3.65,0.252,0.137,0.358,500,0.48,Red
Emerald,4.76,Good,VS2,61.24,56.67,4.82,6.51,2.25,79.17,1.82,-2.6,0.412,0.302,0.536,600,0.64,Red
Diamond,2.33,Premium,VVS2,55.48,52.99,6.06,5.08,4.16,72.6,1.1,-2.72,0.438,0.242,0.46,450,0.39,White
Topaz,2.29,Ideal,VS2,55.01,58.58,,3.37,5.93,70.13,3.62,-3.04,0.563,0.434,0.429,650,0.69,
Sapphire,2.6,Ideal,SI2,60.02,50.9,4.58,9.25,4.16,60.67,3.76,-4.03,0.158,0.435,0.546,500,0.36,Red
,3.55,Good,VS2,56.17,64.19,8.85,4.75,2.01,79.33,4.67,-4.29,0.573,0.476,0.598,700,0.62,Violet
Diamond,1.96,Good,,63.72,51.6,3.54,3.51,5.58,79.42,3.23,-1.84,0.356,0.49,0.549,400,0.62,Blue
Topaz,4.35,Fair,VVS2,59.81,51.1,7.07,5.96,2.58,74.86,2.7,-1.74,0.437,0.214,0.162,400,0.47,Blue
Emerald,0.34,Good,SI1,57.34,58.39,5.66,8.63,2.74,60.58,4.74,2.8,0.441,0.42,0.199,550,0.66,
Diamond,2.31,Very Good,IF,56.68,61.74,3.37,4.18,3.05,75.92,1.8,3.31,0.18,0.212,0.587,550,0.32,Green
Topaz,2.65,Very Good,VS1,63.36,65.28,8.42,6.06,2.87,71.24,2.87,-3.5,0.446,0.385,0.31,600,0.51,Red
Ruby,3.11,,VS1,62.19,51.42,6.83,4.3,5.22,79.43,1.17,2.93,0.204,0.339,0.198,650,0.37,Blue
Sapphire,1.53,Good,IF,62.18,56.7,8.01,8.73,6.23,73.64,4.18,-2.32,0.271,0.495,0.168,550,0.42,LightYellow
Topaz,2.25,Very Good,VVS2,55.85,55.37,5.66,6.66,2.53,79.12,3.49,-0.02,0.536,0.261,0.122,500,0.31,Red
Emerald,2.53,,SI1,61.25,64.88,9.02,7.05,3.76,62.08,2.16,-4.14,0.521,0.118,0.273,450,0.52,White
Emerald,,Fair,VS1,63.69,57.39,3.59,8.23,4.71,75.12,3.16,-1.02,0.447,0.285,0.101,500,0.45,Blue
Topaz,3.91,Good,VS2,62.66,62.56,4.63,9.58,4.13,77.65,3.75,-4.47,0.181,0.521,0.245,650,0.33,Red
Diamond,3.74,Fair,IF,56.18,59.79,8.56,3.74,3.57,72.72,4.17,-4.93,0.202,0.324,0.405,650,0.57,LightYellow
Diamond,1.84,Premium,SI1,64.49,61.39,9.68,8.92,3.01,70.83,1.41,4.32,0.438,0.509,0.131,650,0.69,Red
Diamond,5,Fair,VVS1,55.7,57.31,8.93,6.32,4.49,75.5,1.77,2.99,0.24,0.226,0.195,700,0.35,LightYellow
Emerald,4.27,Premium,VS1,60.57,54.79,4.62,7.48,4.29,77.1,3.09,-2.87,0.246,0.223,0.543,500,0.45,Violet
Amethyst,1.45,Premium,SI1,64.45,51.19,5.44,8.97,6.46,72.47,3.84,-2.16,0.191,0.233,0.233,650,0.47,Blue
Amethyst,1.14,Good,VS2,63.22,53.47,8.36,5.29,4.09,74.7,4.52,-3.72,0.299,0.469,0.351,400,0.49,Green
Emerald,1.71,Premium,VVS2,61.81,53.45,9.62,9.09,5.98,68,3.18,-3.49,0.162,0.373,0.141,700,0.34,Blue
Diamond,2.37,Premium,VVS2,63.56,68.7,5.02,7.42,6.25,66.96,2.22,0.82,0.45,0.455,0.405,500,0.41,LightYellow
Diamond,4.28,Fair,IF,61.73,68.75,5.7,4.95,3.48,,4.43,0.76,0.102,0.289,0.347,650,0.47,Green
Topaz,3.94,Good,VS2,55.55,55.12,3.16,9.44,3.35,72.5,4.84,0.64,0.118,0.324,0.414,500,0.47,LightYellow
Amethyst,4.29,Good,IF,58.51,52.11,6.53,3.4,6.24,76.36,2,-4.63,0.497,0.337,0.268,400,0.45,FaintYellow
Ruby,1.51,Premium,VS1,59.27,55.63,3.62,7.13,4.6,73.27,3.41,1.86,0.168,0.348,0.264,500,0.64,LightYellow
Ruby,3.05,Fair,IF,,65.93,3.6,3.12,2.86,67.85,2.29,-4.74,0.513,0.245,0.438,550,0.48,Red
Sapphire,1.56,Fair,VVS1,57.3,67.42,8.33,3.57,3.15,79.74,4.44,4.91,,0.441,0.291,650,0.54,Blue
Diamond,0.72,Fair,IF,63.81,60.02,5.41,3.7,2.09,60.12,2.63,3.31,0.179,0.37,0.512,650,0.61,Green
Topaz,3.48,Fair,IF,57.29,60.8,9.55,9.26,3.45,66.2,4.66,4.25,0.344,0.415,0.413,500,0.31,White
Ruby,0.89,Ideal,VS1,61.58,59.17,8.01,6.91,4.79,79.36,2.9,2.96,0.301,0.151,0.39,700,0.69,Red
Sapphire,3.4,Premium,VS2,63.77,53.66,5.06,4.82,3.4,67.71,3.93,-1.82,0.339,0.162,0.235,550,0.54,White
Ruby,3.31,Premium,SI1,62.33,51,7.77,,3.03,72.4,2.38,-3.04,0.593,0.299,0.235,600,0.61,
Diamond,4.09,Premium,SI1,56.36,62.43,9.06,8.87,2.26,64.79,3.11,-0.08,0.407,0.408,0.426,700,0.46,Violet
Ruby,0.87,Good,VVS1,64.51,65.97,6.05,6.99,5.81,73.8,3.76,2.95,0.173,0.244,0.343,450,0.63,FaintYellow
Amethyst,3.96,Good,IF,55.92,64.99,6.93,3.22,4.91,72.97,1.76,0.26,0.19,0.159,0.387,450,0.5,FaintYellow
Amethyst,5,Fair,VS1,57,68.01,4.52,9.1,6.09,72.34,1.7,-2,0.49,0.464,0.44,600,0.32,White
Diamond,4.29,Good,VS1,56.39,66.27,5.82,6.77,2.1,67.52,1.35,-2.39,0.262,0.495,0.321,700,0.41,FaintYellow
Sapphire,3.81,Very Good,SI1,61.67,55.75,7.05,4.37,6.15,79.13,2.41,-0.15,0.409,0.423,0.253,700,0.31,Red
Diamond,3.38,Premium,VS1,63.07,52.34,7.31,8.01,4.36,72.87,3.36,-1.01,0.304,0.267,0.387,500,0.67,Violet
Diamond,2.22,Premium,VS2,57.38,58.61,8.04,6.74,2.61,61.86,1.43,1.26,0.143,0.394,0.375,400,0.63,Green
Ruby,3.71,Ideal,IF,64.79,56.97,9.7,4.33,,74.73,1.6,-4.87,0.598,0.255,0.102,650,0.69,Blue
Amethyst,3.68,Ideal,VVS2,56.39,64.57,8.87,7.55,2.65,66.39,4.15,1.32,0.307,0.506,0.35,450,0.42,LightYellow
Topaz,3.23,Very Good,SI1,58.16,51.36,8.96,7.49,3.02,66.6,2.75,-0.25,0.169,0.584,0.485,450,0.35,Green
Diamond,4.02,Ideal,SI2,59.9,68.86,6.9,9.68,3.18,64.52,1.36,3,0.513,0.168,0.403,650,0.66,White
Diamond,2.35,Fair,SI2,63.09,69.14,4.01,4.85,,72.96,2.28,-2.13,0.337,0.48,0.118,400,0.48,Violet
Diamond,0.78,Fair,SI1,58.77,51.77,7.45,6.84,3.18,79.12,2.85,2.85,0.162,0.101,0.565,650,0.31,Blue
Diamond,2.88,Premium,VVS1,56.8,58.68,5.84,5.25,4.21,76.37,1.95,4.56,0.389,0.318,0.494,550,0.31,Violet
Diamond,1.47,Fair,VVS2,59.65,67.98,3.22,5.09,4.89,78.48,3.71,-0.46,0.472,0.474,0.218,700,0.32,LightYellow
Amethyst,2.05,Ideal,VS2,59.76,53.75,4.36,6.54,5.5,78.61,4.23,-1.35,0.265,0.46,0.362,500,0.65,Green
Ruby,0.28,Very Good,,55.16,63.84,8.31,8,5.97,60.03,4.1,3.56,0.351,0.567,0.157,600,0.3,Green
Sapphire,2.04,Fair,SI1,55.21,64.22,7.42,7.23,2.71,72.49,3.27,-2.64,0.541,0.552,0.272,600,0.65,FaintYellow
Emerald,4.08,Premium,IF,57.78,54.67,9.85,3.82,4.9,78.6,2.82,2.33,0.288,0.347,0.121,450,0.34,LightYellow
Sapphire,2.81,Premium,VVS2,62.41,50.12,9.46,9.46,2.51,71.03,4.71,0.73,0.565,0.514,0.384,700,0.61,Green
Sapphire,0.25,Ideal,VVS2,58.66,63.29,7.16,7.96,3.06,73.6,1.46,-0.69,0.231,0.598,0.14,450,0.53,Violet
Topaz,2.46,Fair,SI2,57.11,62.35,4.08,7.06,4.57,68.73,3.04,-3.08,0.342,0.391,,400,0.65,Green
Diamond,1.6,Ideal,SI1,56.13,62.99,5.35,4.01,6.26,77.04,2.28,-4.87,0.484,0.428,0.298,400,0.59,Green
Amethyst,2.49,Premium,VVS2,57.81,53.13,4.63,3.94,,63.27,2.78,0.38,0.256,0.14,0.531,650,0.59,FaintYellow
Sapphire,2.14,,VVS1,59.81,62.07,6.29,5.05,5.94,61.84,3.56,-4.42,0.271,0.592,0.345,650,0.31,FaintYellow
Ruby,4.67,Fair,IF,55.93,60.83,8.6,,5.02,67.45,3.31,-3.93,0.429,0.558,0.187,450,0.65,Blue
Amethyst,0.4,Very Good,VS1,55.15,59.05,8.75,4.03,5.37,61.58,3.85,1.04,0.345,0.335,0.23,450,0.42,White
Ruby,3.48,Fair,IF,56.27,65.54,4.25,7.58,3,62.83,1.07,-2.59,0.259,0.336,0.377,600,0.69,Violet
Diamond,4.28,Premium,SI2,62.38,57.77,6.84,7.51,4.19,63.15,2.92,1.89,0.339,0.39,,550,0.38,LightYellow
Ruby,4.8,Fair,SI1,59.66,57.07,7.74,3.64,5.62,60.1,3.77,-3.52,0.237,0.464,0.19,550,0.44,Red
Sapphire,1.05,Premium,VVS2,59.45,,5.78,7.95,4.97,76.28,4.18,-4.3,0.277,0.462,0.561,650,0.39,Green
Topaz,2.75,Good,IF,55.2,68.88,9.34,6.33,2.14,77.85,1.46,0.24,0.511,0.423,0.191,450,0.67,Green
Ruby,0.41,Premium,VS1,62.11,56.89,5.51,6.51,5.01,60.8,2.27,-2.61,0.371,0.244,0.374,450,0.41,White
Diamond,2.6,Premium,VVS1,57.02,58.91,6.43,3.04,2.86,64.66,3.34,-0.73,0.316,0.372,0.348,450,0.63,Blue
Emerald,0.8,Fair,IF,55.91,55.33,7.11,9.28,6.19,66.82,2.54,-3.91,0.252,0.377,0.1,650,0.67,Blue
Amethyst,4.22,Very Good,IF,63.42,63.59,5.99,7.27,6.18,75.96,2.56,-2.07,0.476,0.343,0.424,650,0.64,Green
Diamond,0.75,Premium,VVS1,59.86,57.28,9.75,7.23,5.8,64.67,1.65,-4.41,0.525,0.134,0.44,600,0.69,Violet
Amethyst,2.66,Fair,VVS1,62.49,63.85,8.32,5.72,2.88,67.98,1.88,3.11,0.231,0.543,0.194,450,0.52,White
Ruby,,Premium,SI1,63.22,52.91,8.8,7.91,2.51,79.48,2.12,-4.96,0.599,0.261,0.333,550,0.46,Green
,4.86,Ideal,VVS2,64.65,55.28,8.27,8.83,6.01,76.55,3.87,4.6,0.415,0.415,0.56,500,0.62,Green
Amethyst,3.34,Ideal,VVS2,61.24,54.13,7.12,6.47,4.17,61.99,2.66,-2.28,0.541,0.415,0.597,650,0.46,Violet
,,Ideal,SI1,55.68,65.55,3.2,6.82,5.95,66.39,1.84,-4.22,0.337,0.163,0.546,600,0.42,FaintYellow
Ruby,1.36,Ideal,VVS1,60.58,51.79,,4.46,5.85,71.54,1.25,3.55,0.455,0.548,0.136,700,0.6,Green
Topaz,0.82,Very Good,VS1,60.1,55.04,7.29,5.47,5.87,73.66,3.25,1.68,0.593,0.281,0.577,550,0.52,FaintYellow
Ruby,,Premium,VVS2,55.58,60.15,3.57,6.28,3.04,72.89,1.82,3.53,0.572,0.134,0.565,550,0.57,Violet
Topaz,3.52,Ideal,VS1,58.06,,3.83,7.63,4.96,61.69,3.36,0.46,0.209,0.555,0.262,500,0.66,FaintYellow
Diamond,3.13,Fair,VVS1,59.12,50.22,6.37,9.52,6.22,79.86,3.18,-2.42,0.469,0.208,0.296,550,0.65,Violet
Ruby,0.4,Ideal,IF,56.61,63.82,8.97,3.96,3.51,63.66,2.35,-4.01,,0.468,0.3,550,0.67,Green
Ruby,3.86,Good,SI1,55.09,62.27,6.88,,4.97,63.52,1.94,0.47,0.586,0.578,0.498,550,0.34,FaintYellow
Topaz,3.28,Good,SI2,62.57,50.17,9.44,7.28,3.65,64.84,2.75,1.47,0.495,0.214,0.582,650,0.67,Red
Amethyst,4.83,Very Good,VVS1,63.52,50.97,8.71,8.78,3.19,68.21,2.34,-0.53,0.508,0.452,0.245,650,0.6,Violet
Diamond,3.02,Good,VVS1,57.29,54.39,7.42,8.91,5.66,66.42,2.33,-1.68,0.568,0.24,0.593,500,0.32,LightYellow
Sapphire,1.66,Fair,VS2,55.04,68.12,5.19,7.62,2.85,70.24,4.77,3.49,0.466,0.509,0.595,500,0.45,White
Emerald,2.03,,VVS1,63.9,63.05,,4.36,2.49,78.21,3.36,1.4,0.257,0.525,0.346,600,0.68,Violet
Amethyst,1.04,Good,VVS2,56.34,66.1,7.61,8.46,3.24,60.81,3.64,-3.49,0.431,0.362,0.509,650,0.45,Violet
Amethyst,3.67,Good,SI2,59.03,65.19,6.87,7.05,4.01,67.74,1.77,4.18,0.368,0.368,0.308,,0.68,Green
Ruby,3.6,Very Good,IF,58.66,69.66,6.5,9.73,5.6,79.72,2.6,-3.29,0.465,0.375,0.467,700,0.67,LightYellow
Emerald,1.16,Good,VS1,56.64,69,4.49,9.67,3.05,64.96,2.03,3.92,0.232,0.513,0.36,400,0.57,Green
Diamond,0.96,Ideal,VS2,60.99,51.35,3.11,6.86,6.08,76.37,4.7,-4.58,0.375,0.161,0.46,700,0.39,Red
Amethyst,0.57,Premium,,64.19,50.45,8.02,9.6,4.47,67.84,2.83,4.71,0.239,0.294,0.147,650,0.57,Red
Sapphire,4.58,Ideal,SI1,60.14,59.94,9.44,3.18,5.21,78.21,4.66,0.01,,0.215,0.169,400,0.32,Blue
Topaz,1.32,Good,VVS2,64.73,55.43,4.29,9.41,3.13,72.74,3.01,-3.77,0.5,0.489,0.181,600,0.44,Red
Ruby,1.85,Good,IF,56.91,60.09,9.54,9.75,5.79,77.87,4.9,-3.92,0.189,0.404,0.554,700,0.34,LightYellow
Sapphire,1.55,Good,SI2,63.49,51.81,3.5,9.85,2.14,72.69,3.76,-0.82,0.58,0.343,0.437,500,0.63,FaintYellow
Emerald,2.19,Very Good,VS1,57.57,68.18,6.87,8.45,2.95,,3.33,-0.77,0.374,0.323,0.35,550,0.59,LightYellow
Ruby,3.63,Fair,,57.51,65.48,,4.26,5.51,78.08,3.6,0.81,0.541,0.518,0.139,650,0.33,Red
Emerald,4.38,Ideal,VVS2,56.18,61.04,9.22,9.82,2.29,65.99,1.4,-1.43,0.227,0.195,0.377,550,0.7,LightYellow
Diamond,1.08,Good,SI1,63.64,59.3,3.72,6,4.67,76.78,3.5,0.09,0.197,,0.188,650,0.36,Red
Sapphire,3.49,Premium,SI1,62.25,59.37,4.76,,5.25,76.8,2.21,1.04,0.575,0.396,0.221,400,0.32,LightYellow
Topaz,,Very Good,IF,58.42,62.33,8.64,3.11,4.58,74.1,4.1,3.62,0.597,0.189,0.584,650,0.46,Red
Sapphire,4.91,Fair,VVS1,58.49,60.91,7.82,5.4,2.46,64.82,2.61,4.59,0.2,0.318,0.463,650,0.45,White
,1.63,Good,IF,63.45,59.64,5.72,4.8,4.69,62.16,4.49,3.83,0.381,0.438,0.153,400,0.54,Violet
Diamond,0.23,Ideal,VVS1,64.28,63.59,8.86,6.15,4.75,72.36,2.46,-4.18,0.458,0.32,0.494,,0.46,FaintYellow
Sapphire,2.68,Premium,SI2,61.02,65.3,7.45,4.88,4.18,73.08,2.14,-1.99,0.272,0.152,0.408,700,0.32,Blue
Emerald,0.92,Very Good,SI1,59.07,62.86,4.82,6.13,3.64,79.4,3.02,-3.7,0.305,0.398,0.254,650,0.62,FaintYellow
Sapphire,0.41,Ideal,VVS2,55.53,57.83,8.18,4.03,3.1,67.96,2.83,0.9,0.35,0.179,,400,0.51,Red
Topaz,3.55,Ideal,VS2,56.27,58.29,5.33,9.66,2.35,74.45,1.23,2.17,0.133,0.255,0.255,600,0.57,LightYellow
Sapphire,3.71,Very Good,VVS1,56.42,51.97,8.71,7.65,2.16,77.58,4.07,2.11,0.392,0.127,0.41,600,0.33,Violet
Amethyst,2.41,Ideal,SI1,57.77,58.29,8.47,9.92,5.56,75.98,2.56,-0.45,0.292,0.349,0.298,400,0.56,Violet
Emerald,3.45,Premium,SI2,57.57,65.72,5.16,3.03,4.36,68.09,2.84,1.08,0.464,0.313,0.287,,0.65,FaintYellow
,2.78,Premium,IF,60.43,51.33,,8.85,2.66,64.79,3.84,-2.2,0.217,0.485,0.543,600,0.39,Violet
Sapphire,3.22,Ideal,SI1,64.44,53.51,8.75,3.59,2.42,60.64,1.19,1.74,0.491,0.503,0.154,600,0.51,Blue
Emerald,3.06,Good,IF,63.62,66.85,5.55,8.42,,75.16,2.01,-3.45,0.141,0.544,0.351,700,0.67,Blue
Emerald,3.4,Ideal,IF,60.09,61.36,5.28,9.46,2.65,67.7,1.88,-3.98,0.252,0.164,0.266,600,0.51,Violet
Diamond,1.16,Good,SI1,55.17,63.42,3.13,3.98,2.13,70.04,3.11,-1.26,0.377,0.248,0.109,500,0.48,Blue
Sapphire,1.49,Ideal,,55.68,56.43,8.08,9.69,5.44,79.65,4.42,2.83,0.174,0.416,0.219,650,0.68,LightYellow
Sapphire,2.31,Fair,VS1,63.6,59.78,4.92,6.05,3.65,60.1,2.91,-2.37,0.21,0.573,0.344,500,0.42,White
Ruby,2.34,Premium,IF,57.84,65.23,6.05,5.41,3.29,65.51,2.23,-3.01,0.18,0.335,0.42,450,0.36,FaintYellow
Ruby,3.92,Ideal,IF,58.18,67.52,9.3,8.57,,79.62,1.41,4.06,0.534,0.353,0.505,400,0.47,Blue
Diamond,1.96,Premium,VVS1,56.4,69.48,3.88,8.97,3.4,69.76,,0.69,0.312,0.306,0.518,550,0.38,LightYellow
Ruby,0.98,Very Good,VS2,57.23,67.02,3.27,8.86,5.14,78.75,2.13,-3.05,0.459,0.247,0.443,550,0.35,Green
Emerald,1.41,Fair,SI1,57.47,51.35,6.92,,3.34,77.03,2.86,-3.13,0.394,0.239,0.35,400,0.49,White
Topaz,1.23,Good,IF,59.12,56.87,7.9,5.07,4.79,74.23,2.43,-3.82,0.407,0.249,0.335,400,0.43,Red
Diamond,3.71,Very Good,SI2,61.23,64.98,6.7,4.94,,74.27,2.84,-3.76,0.568,0.3,0.54,650,0.41,FaintYellow
,2.46,Fair,VVS2,58.53,58.36,5.38,4.6,3.84,60.09,2.76,3.03,0.269,0.335,0.549,500,0.44,Blue
Diamond,3.6,Very Good,VS1,59.5,58.73,5.53,4.03,5.52,,,,0.234,0.132,0.188,700,0.48,Blue
Ruby,2.2,Premium,VS1,56.82,65.89,4.05,5.75,4.33,68.82,3.68,4.54,0.318,0.477,0.321,600,0.44,Violet
Ruby,4.47,Fair,SI2,55.56,66.67,5.18,8.99,3.82,70.4,2.49,-2.03,0.323,,0.5,650,,Green
Emerald,4.92,Very Good,VS1,58.48,65.83,8.31,9.97,3.48,68.88,4.28,0.73,0.551,0.4,0.423,450,0.35,White
Topaz,3.42,Good,VVS2,55.62,57.09,6.49,7.86,4.95,68.73,4.2,0.37,0.53,0.418,0.273,400,0.45,Violet
Topaz,4.35,Fair,VS1,58,54.56,9.24,4.09,4.82,77.25,1.93,-3.98,0.309,0.122,0.313,700,0.45,White
Ruby,2.64,Fair,SI1,63.38,57.17,4.18,7.71,2.37,79.39,1.45,0.24,0.491,0.275,0.581,700,0.35,Blue
Diamond,4.69,Very Good,VS1,58.67,64.03,6.1,4.93,5.04,76.94,4.62,-2.88,0.345,0.474,0.487,600,0.39,FaintYellow
Emerald,4.19,Ideal,VVS1,56.93,57.29,7.91,8.02,4.03,73.82,1.69,-2.57,0.529,0.253,0.405,400,0.67,Green
Emerald,4.96,Good,VS1,64.02,51.11,4.91,4.65,6.38,74.73,3.59,3.21,0.178,0.547,0.592,400,0.34,FaintYellow
Sapphire,3.19,Good,VVS1,61.39,66.02,4.87,4.15,4.11,74.75,4.46,-2.02,0.581,,0.49,400,0.33,Blue
Sapphire,3.94,Very Good,VVS1,64.88,51.27,3.74,7.44,6.25,,1.02,2.79,0.226,0.553,0.208,600,0.45,LightYellow
Sapphire,2.81,Premium,VVS1,58,69.92,9.25,7.8,5.62,61.12,2.07,-4.37,0.249,0.4,0.224,500,0.63,FaintYellow
Amethyst,,Premium,VVS2,57,67.23,4.21,4.29,6.35,61.5,2.15,0.41,0.101,0.178,0.485,400,0.52,White
Sapphire,1.9,Ideal,IF,57.98,69.13,9.79,6.58,2.93,61.95,3.76,1.46,0.263,0.346,0.135,650,0.31,Green
Amethyst,4.49,Ideal,VS2,63.12,66.67,6.14,9.16,3.5,78.22,3.58,2.88,0.489,0.596,0.591,400,0.39,Violet
Amethyst,0.47,Very Good,SI2,56.52,52.02,9.87,7.79,4.65,72.44,3.21,2.65,,0.135,0.45,700,0.69,LightYellow
Ruby,3.04,Premium,SI2,57.41,58.38,3.28,7.73,2.44,69.11,4.65,-2.4,0.571,0.285,0.175,450,0.54,FaintYellow
Sapphire,1.99,Good,SI1,62.02,68.16,6.97,8.06,5.2,75.4,4.95,1.46,0.516,0.228,0.577,650,0.42,White
Ruby,2.06,Premium,SI1,62.38,51.82,7.84,5.45,3.21,64.4,1.27,-3.19,0.162,0.567,0.573,450,0.44,White
Amethyst,4.45,Very Good,VS1,64.59,56.1,6.61,4.44,,76.1,4.49,-3.4,0.531,0.325,0.109,550,0.52,LightYellow
Diamond,,Premium,VS2,64.8,59.34,6.99,8.13,2.27,66.92,1.85,-3.05,0.349,0.104,0.272,650,,Green
Diamond,3.07,Fair,IF,61.64,59,6.77,8.68,3.87,72.69,1.62,-2.93,0.358,0.379,0.147,650,0.35,White
Topaz,1.51,Very Good,VVS1,58.63,68.88,4.05,9.27,2.57,79.75,4.12,-3.47,0.56,0.27,0.17,600,0.51,White
Topaz,2.48,Fair,VVS1,59.53,57.9,6.72,8.57,4.25,61.44,3.53,-1.69,0.108,0.464,0.476,550,0.44,FaintYellow
Sapphire,2.16,Very Good,SI2,59.39,54.78,6.79,5.42,3.84,79.15,,2.12,0.254,0.17,0.206,650,0.6,LightYellow
Sapphire,1.9,Good,VVS1,58.87,58.9,5.49,6.27,5.92,75.36,1.86,2.85,0.103,0.47,0.227,500,0.45,Green
Topaz,0.69,Very Good,SI2,58.38,57.92,7.25,8.46,,68.91,3.85,-1.54,0.178,0.287,0.135,700,0.65,FaintYellow
Diamond,2.81,Very Good,VVS1,56.68,62.47,5.88,6.76,5.87,62.05,1.04,2.27,0.54,0.597,0.381,650,0.69,Red
Topaz,1.65,Very Good,VS1,58.66,69.88,8.29,6.9,5.22,62.23,2.14,2.71,0.314,0.34,0.316,600,0.43,FaintYellow
Topaz,3.37,Very Good,IF,64.69,61.03,3.27,9.6,4.91,71.65,2.81,-1.13,0.53,0.272,0.52,450,0.36,LightYellow
Ruby,1.73,Ideal,SI2,63.82,59.24,3.07,9.7,6.39,70.51,4.65,4.95,0.125,0.269,0.564,400,0.36,Blue
Topaz,2.27,Fair,IF,61.17,61.88,6.67,8.33,2.22,70.71,4.4,0.53,0.209,0.127,0.167,650,,White
Emerald,0.45,Very Good,SI2,56.93,69.6,9.92,8.67,4.21,65.56,1.87,2.01,,0.597,0.493,400,0.69,LightYellow
,4.96,Very Good,SI2,63.79,62.5,6.12,4.85,,61.84,2.22,-3.99,0.531,0.456,0.116,500,0.47,Red
Ruby,2.64,Ideal,IF,58.12,52.46,3.08,7.16,4.4,75.99,3.07,0.64,0.376,0.516,0.474,450,0.57,Violet
Topaz,0.32,Premium,VS2,60.46,68.25,5.22,6.35,3.44,64.44,2.74,2.33,0.13,0.371,0.244,500,0.43,Blue
Amethyst,2.8,Ideal,SI1,64.12,61.82,6.27,3.29,2.12,72.91,4.08,0.32,0.404,0.569,0.469,600,0.4,White
Ruby,4.38,Ideal,SI2,58.35,53.16,9.31,9.18,4.93,67.3,4.8,3.48,0.529,0.342,0.528,700,0.51,White
,3.91,Ideal,VVS1,64.13,54.61,3.85,5.07,5.89,72.68,3.49,-4.26,0.291,0.243,0.484,600,0.45,White
Topaz,3.56,Very Good,VVS2,57.35,52.41,9.47,9.52,5.23,75.39,1.45,3.87,0.167,0.48,0.201,500,0.31,Red
Emerald,0.87,Ideal,SI1,64.29,69.22,9.58,7.46,2.23,63.88,2.77,2.71,0.324,0.456,0.251,600,0.39,LightYellow
Amethyst,3.36,Ideal,IF,58.59,51.42,7.49,8.69,5.15,60.27,,-4.96,0.399,0.507,0.285,650,0.53,Red
Ruby,3.88,Ideal,VS2,58.75,65.29,4.58,6.21,5.32,65.58,4.82,-4.18,0.512,0.555,0.238,600,0.47,Violet
Sapphire,2.95,Very Good,VS1,60.53,56.75,6.76,4.31,4.98,79.23,2.38,-3.94,0.547,0.197,0.327,400,0.41,Red
Ruby,4.49,Good,VVS1,58.47,51.62,8.72,9.12,4.65,63.66,3.68,-0.9,0.41,0.265,0.37,450,0.36,LightYellow
Topaz,1.53,Good,VS2,59.5,58.68,5.51,8.48,5.16,69.47,1.05,-3.63,0.125,0.29,0.167,450,0.49,Green
Diamond,1.36,Premium,SI1,60.01,50.01,9.34,8.28,4.59,67.47,2.75,,0.539,0.224,0.109,700,0.67,Green
Diamond,4.37,Very Good,VVS2,59.91,66.35,3.61,4.49,4.16,66.19,1.16,3.24,0.405,,0.299,600,0.5,Green
Amethyst,3.2,Ideal,VVS2,64.61,60.84,5.15,6.65,4.41,74.62,1.95,-2.85,0.287,0.34,0.547,550,0.34,FaintYellow
Emerald,0.21,Ideal,,57.82,59.03,9.95,5.26,2.32,74.43,2.88,1.04,0.19,0.545,0.51,500,0.48,LightYellow
Topaz,1.9,Ideal,IF,57.85,66.58,7.09,7.29,4.36,,3.33,0.89,0.302,0.352,0.555,500,0.41,Red
Topaz,4.32,Good,IF,63.38,60.39,7.13,6.73,5.17,66.78,4.51,3.03,0.353,0.337,0.392,600,0.65,Blue
Emerald,0.33,Ideal,VS2,58.92,61.91,4.68,4.24,4.22,67.18,1.74,0.41,0.43,0.268,0.462,650,0.31,Blue
Amethyst,0.22,Ideal,SI2,55.73,66.3,9,7.37,4.51,70.94,2.23,4.72,0.267,0.343,0.425,500,0.42,Red
Emerald,1.55,Good,SI1,59.81,64.41,6,3.27,5.44,60.08,3.23,0.31,0.43,0.24,0.34,500,0.6,Green
Amethyst,4.59,Ideal,VS2,60.5,63.18,8.55,3.5,2.64,79.08,1.85,1.74,0.306,0.384,0.217,400,0.47,Blue
Emerald,4.53,Premium,SI1,61.18,64.08,8.67,4.28,5.37,64.69,4.63,4.06,0.368,0.179,0.146,700,0.58,Blue
Amethyst,2.69,Fair,IF,57.35,55.26,4.22,7.05,3.68,63.45,4.5,2.2,0.526,0.507,0.481,650,0.44,Blue
Sapphire,2.86,Premium,IF,64.73,52.34,6.51,8.32,5.54,72.75,4.55,2.29,0.352,0.189,0.533,600,0.63,Blue
Topaz,1.79,Very Good,VS2,62.37,62.45,5.69,8.48,2.99,76.96,3.88,-4.42,0.582,0.347,0.248,650,0.63,White
Sapphire,1.37,Premium,VVS1,62.2,54.48,4.08,4.94,5.57,72.84,4.98,-4.16,0.359,0.221,0.48,550,0.64,FaintYellow
Emerald,4.11,Premium,SI1,63.73,50.95,3.86,5.69,5.56,72.58,4.3,-2.25,0.584,0.538,0.53,700,0.66,Blue
Amethyst,0.71,Good,SI1,55.26,55.09,3.32,4.64,3.45,69.77,2.98,0.63,0.23,0.226,0.571,700,0.66,Blue
Topaz,2.54,Very Good,VVS2,61.13,64.41,7.91,3.25,5.58,77.81,3.96,3.84,0.402,0.534,0.184,600,0.42,Red
Amethyst,,Premium,VVS2,63.18,64.17,8.48,6.47,2.56,79.34,1.38,-4.12,0.121,0.129,0.244,700,0.4,Red
Ruby,0.7,Fair,VS1,55.34,68.07,6.3,6.82,5.64,71.91,4.67,-3.58,0.292,0.157,0.312,650,0.68,Blue
Emerald,2.69,Premium,VVS2,62.56,63.5,6.95,9.55,2.66,61.58,4.94,0.29,0.272,0.12,0.155,450,0.45,LightYellow
Topaz,2.97,Ideal,SI1,64.9,58.79,4.83,7.98,6.44,62.02,4.43,-3.62,0.506,0.179,0.206,600,0.7,FaintYellow
Amethyst,3.76,Good,SI2,60.93,55.21,8,9.54,4.64,68.38,1.14,-0.31,0.598,0.367,0.125,650,0.39,LightYellow
Diamond,1.33,Ideal,VS2,59.25,65.17,7.09,4.96,5.52,69.84,1.66,4.03,0.5,0.395,0.463,450,0.66,Violet
Topaz,1.61,Very Good,VVS1,59.54,58.24,9.18,8.07,4.54,72.81,1.42,2.47,0.158,0.161,0.382,450,0.63,Violet
Topaz,2.93,Very Good,VS2,61.79,66.31,8.22,7.19,4.6,79.87,2.7,2.47,0.384,0.193,0.397,550,0.41,Red
Sapphire,4.92,Good,IF,60.7,67.03,3.13,5.08,4.17,74.16,1.15,-0.83,0.293,0.407,0.483,600,0.41,Blue
Topaz,1.24,Premium,SI1,62.88,57.03,8.67,4.48,2.62,77.47,4.77,1.75,0.11,0.196,0.141,700,,Blue
Ruby,4.93,Very Good,IF,59.22,56.88,3.19,5.04,3.22,78.86,3.34,2.37,0.383,0.48,0.154,550,0.55,Blue
Sapphire,3.63,Fair,SI1,59.17,68.27,8.7,9.86,6.21,63.91,3.27,-4.8,0.351,0.558,0.113,550,0.6,Violet
Topaz,4.17,Good,VVS2,62.46,57.95,9.91,3.16,3.68,66.67,2.78,3.14,0.514,0.365,0.173,500,0.31,Green
Amethyst,0.63,Ideal,VVS1,61.46,64.14,6.37,9.33,2.25,73.76,2.35,3.92,0.258,0.525,0.321,400,0.7,LightYellow
Sapphire,1.64,Fair,SI1,62.78,57.56,4.59,8.4,5.59,73.06,2.94,-3.79,0.567,0.142,0.197,550,0.39,Red
Topaz,0.48,Good,VS1,63.87,64.63,3.07,6.81,5.21,68.46,3.07,3.41,0.127,0.553,0.477,700,0.37,Blue
Amethyst,1.98,Fair,VS2,57.63,53.47,4.05,9.01,3.38,77.08,3.78,-1.42,0.121,0.131,0.373,600,0.69,
Emerald,,Good,VS1,58.15,66.72,6.53,3.36,3.67,79.62,1.66,-1.82,0.287,0.106,0.544,450,0.32,Blue
Ruby,0.71,Ideal,VS1,60.27,69.66,8.65,6.81,4.21,67.97,3.3,1.05,0.228,0.552,0.377,550,0.58,Blue
Amethyst,2.9,Premium,VS1,64.3,65.32,9.1,5,2.64,66.95,3.32,3.12,0.468,0.184,0.502,650,0.64,FaintYellow
Ruby,0.23,Good,VS1,63.35,57.18,7.78,3.07,6.47,65.76,2.47,-1.03,0.557,0.501,0.538,650,0.57,
Ruby,3.62,Very Good,VS2,59.68,61.1,3.61,7.33,3.7,71.23,4.86,1.33,0.367,0.332,0.46,450,0.4,White
Emerald,1.15,Ideal,IF,60.73,63.39,9.94,7.6,5.86,72.24,3.98,3.29,0.167,0.293,0.451,400,0.36,Blue
Topaz,0.82,Ideal,VS2,62.12,53.86,8.23,7.14,5.73,63.64,3.84,2.84,0.372,0.582,0.216,650,0.6,Violet
Amethyst,1.82,Fair,IF,60.23,55.66,5.99,,3.19,65.64,4.49,-2.24,0.348,0.473,0.332,700,0.45,FaintYellow
Emerald,3.9,Very Good,IF,55.98,66.04,8.7,8.63,2.36,62.41,2.36,2.06,0.179,0.504,0.187,600,0.66,LightYellow
Diamond,0.71,Fair,VS2,58.53,68.91,7.12,5.4,4.01,78.09,1.85,1.38,0.111,0.238,0.178,400,0.37,Green
Diamond,1.3,Ideal,VS2,55.48,55.45,7.22,7.23,2.98,72.97,2.75,1.91,0.282,0.137,0.206,700,0.33,Violet
Amethyst,0.24,,VS2,61.7,52.95,9.8,9.97,3.71,71.12,3.39,-0.76,0.595,0.248,0.231,650,0.36,Violet
Emerald,4.85,Very Good,SI1,58.37,69.63,8.61,8.92,6.13,78.48,3.23,-4.8,0.549,0.534,0.485,550,0.43,Green
Amethyst,3.04,Ideal,IF,62.38,56.4,4.84,7.51,4.63,79.65,1.88,-1.59,0.582,0.514,0.565,650,0.57,Blue
Amethyst,3.66,Very Good,VS2,59.3,65.57,4.23,7.72,3.9,60.5,2.07,2.38,0.204,0.511,0.141,600,0.65,LightYellow
Amethyst,3.33,Good,VVS1,55.46,57.58,4.21,8.89,4.67,75.8,4.7,2.75,0.534,0.337,0.335,450,0.45,Red
Sapphire,0.89,Premium,VVS2,58.8,68.98,6.18,4.23,2.47,70.78,1.32,3.7,0.347,0.24,0.541,400,0.56,Green
Emerald,3.06,,VVS2,57.19,61.99,5.72,3.77,5.42,60.05,3.02,-2.69,0.553,0.176,0.302,650,0.32,Violet
Amethyst,0.83,Fair,VVS1,57.14,58.3,6.17,4.55,4.55,68.59,2.9,1.51,0.215,0.152,0.545,500,0.55,Violet
Topaz,2.13,Ideal,VVS2,58.78,53.57,3.44,,6.36,75.48,2.53,-2.99,0.314,0.303,0.32,500,0.47,Blue
Emerald,2.93,Ideal,IF,64.78,55.11,4.41,8.39,3.77,74.86,4.13,-3.29,0.23,0.442,0.43,450,0.53,Violet
Topaz,2.88,Good,VS2,64.6,67.14,8.58,3.2,2.84,78.55,4.69,2.01,0.129,0.559,0.508,650,0.4,White
Amethyst,0.77,Ideal,VS2,63.03,51.14,8.3,3.42,2.81,72.43,4.99,-3.26,0.321,0.284,0.506,600,0.48,Blue
Sapphire,0.37,Ideal,SI2,57.45,53.14,5.75,9.87,5.86,64.52,1.49,-4.68,0.121,0.534,0.349,550,0.42,Blue
,4.03,Ideal,SI1,62.64,53.85,5.73,6.44,4.07,74.52,1.17,1.06,0.456,0.522,0.157,400,0.59,Violet
Topaz,3.68,Very Good,VS2,55.15,51.41,9.19,6.75,3.31,79.62,2.1,-4.66,0.339,0.465,0.363,400,0.48,Green
Diamond,0.59,Very Good,VVS1,55.56,63.71,4.27,7.29,,77.71,3.73,0.37,0.473,0.403,0.31,450,0.42,Red
Emerald,0.81,Premium,VVS1,63.36,69.63,5.5,9.75,5.32,60.04,2.62,3.05,0.427,0.126,0.418,650,0.59,Green
Sapphire,4.48,Very Good,IF,60.64,52.78,8.34,4.12,6.1,68.63,2.86,-4.56,0.414,0.341,0.3,400,0.55,Red
Topaz,3.89,Fair,VVS1,58.73,65.98,7.02,7.43,5.9,64.16,5,1.7,0.578,0.506,0.597,650,0.51,Red
Sapphire,4.98,Premium,SI1,62.4,53.53,3.42,3.53,2.44,69.87,2.97,-4.27,0.189,0.542,0.29,650,0.34,Violet
Topaz,1.42,Ideal,VS2,56.14,69.48,3.08,6.59,2.77,67.84,4.66,1.23,0.525,0.317,0.116,550,0.58,White
Topaz,2.54,Fair,SI1,57.87,60.14,3.13,6.08,4.07,71.24,2.65,3.71,0.476,0.386,,700,0.53,White
Diamond,1.34,Premium,SI2,62.28,66.95,7.59,4.88,6.03,76.52,2.76,-0.71,0.342,0.533,0.585,600,0.47,White
Amethyst,3.19,Premium,IF,57.07,53.41,7.36,6.08,5.36,72.85,4.09,-1.22,0.207,0.334,0.351,450,0.55,LightYellow
Diamond,0.75,Fair,IF,61.01,67.71,3.31,7.89,2.59,67.16,4.61,3.23,0.222,0.401,0.229,500,0.46,Violet
Topaz,0.81,Premium,VS2,59.48,51.63,3.92,8.89,2.85,66.76,4.25,1.28,0.155,0.524,0.156,500,0.57,Red
,0.55,Fair,VS1,57.02,50.46,8.06,8.49,4.09,64.2,2.89,-0.5,0.338,0.496,0.574,600,0.66,Green
Diamond,3.53,Premium,VS2,63.88,64.18,5.17,7.09,,70.31,3.79,1.29,0.47,0.144,0.257,550,0.55,FaintYellow
Ruby,2.57,Premium,IF,59.36,,9.94,9.28,2.88,76.22,2.06,-1.99,0.551,0.139,0.214,550,0.69,Green
Diamond,3.17,Premium,VS1,60.99,67.32,5.19,7.86,2.38,60.02,1.31,4.12,0.42,0.308,0.551,650,0.66,FaintYellow
Ruby,4.42,Fair,VS2,57.53,62.43,5.35,8.87,2.08,74.17,1.63,-4.94,0.477,0.526,0.35,400,0.68,Red
Sapphire,3.75,Premium,VS2,58.47,56.62,5.94,5.79,2.59,70.14,1.1,-2.32,0.588,0.561,0.461,500,0.62,Blue
Emerald,2.42,Very Good,VS1,55.49,55.55,8.79,7.89,3.84,77.2,2.78,3.38,0.584,0.574,0.154,700,0.54,Red
Emerald,4.92,Very Good,VS1,59.83,51.64,6.9,3.52,5.89,70.22,3.62,-3.01,0.599,0.594,0.236,450,0.36,Violet
Diamond,2.39,Very Good,VVS2,58.45,63.73,9,9.7,2.18,77.58,1.13,-2.65,0.328,0.353,0.113,450,0.32,White
Amethyst,0.74,Very Good,SI1,58.29,68.34,5.99,7.41,5.06,74.79,1.21,0.62,0.221,0.559,0.412,400,0.33,Blue
Diamond,4.96,Very Good,SI2,63.9,65.14,7.26,9,2.6,69.71,3.08,1.76,0.515,0.464,0.546,500,0.42,Blue
Emerald,0.31,Ideal,VS1,62.04,62.39,3.03,6.4,4.21,,4.76,-4.58,0.146,0.322,0.548,700,0.58,Blue
Diamond,2.84,Premium,VVS1,59.57,52.37,7.03,3.22,3.29,79.49,1.57,3.28,0.195,0.564,0.543,500,0.48,Blue
Diamond,1.68,Good,VS1,56.95,66.55,3.56,6.44,5.77,64.18,3.71,0.68,0.304,0.303,0.291,450,0.32,Blue
Amethyst,2.62,Ideal,IF,64.73,69.31,4.35,8.08,4.99,75.57,3.62,-4.52,0.224,0.247,0.285,650,0.61,White
Sapphire,2.88,Fair,SI2,55.75,55.26,9.98,3.46,3.34,73.68,2.22,0.39,0.303,0.443,0.598,500,0.34,Violet
Amethyst,1.35,Ideal,VS1,56.36,58.41,7.46,3.7,4.26,68.21,1.3,-3.36,0.219,0.162,0.467,650,0.34,Green
Ruby,2.87,Good,VS2,57.7,50.28,9.08,3.38,5.41,74.37,3.44,-3.59,0.583,0.571,0.167,550,0.41,FaintYellow
Topaz,3.83,Ideal,VVS1,64.55,66.64,3.4,3.84,5.9,62.59,2.77,0.61,0.56,0.484,0.159,550,0.34,Blue
Emerald,1.48,Premium,SI2,57.79,50.41,5.69,7.3,4.79,64.82,2.25,2.06,0.228,0.382,0.449,650,0.52,Green
Amethyst,2.04,Very Good,SI2,59.91,59.73,9.04,9.12,4.77,74.38,4.12,-2.14,0.12,0.147,0.571,500,0.42,Red
Topaz,1.49,Premium,VS1,62.61,61.53,5.88,6.3,2.46,62.56,2.62,4.09,0.311,0.217,0.514,650,0.68,White
Sapphire,4.14,Ideal,VVS1,64.29,51.11,4.78,8.66,4.35,78.12,3.47,-0.79,0.273,0.352,0.395,550,0.46,Blue
Diamond,3.68,Good,SI1,61.05,53.51,6.37,5.79,5.67,71.95,2.02,-1.34,0.21,0.35,0.177,400,0.37,Green
Sapphire,4.38,Fair,SI2,58.84,65.82,6.3,8.99,5.07,61.42,1.31,0.76,0.513,0.336,0.15,450,0.3,Green
Diamond,1.02,Premium,SI2,64.86,55.05,9.93,4.1,2.21,75.37,1.62,2.84,0.342,0.267,0.551,650,0.53,LightYellow
Emerald,0.55,Good,VVS2,55.26,64.49,5.48,7.02,5.15,68.75,2.47,-4.2,0.513,0.456,0.534,700,0.52,LightYellow
Topaz,0.77,Fair,VVS1,63.32,64.98,9.7,6.64,3.81,65.93,3.94,3.48,0.405,0.57,0.191,400,0.46,Violet
,0.97,Very Good,VS2,57.77,58.15,9.38,3.72,5.08,70.63,3.34,-0.01,0.364,0.372,0.53,650,0.39,FaintYellow
Topaz,2.76,Premium,VVS2,63.17,,6.15,4.67,5.65,75.02,2.5,0.21,0.281,0.514,0.45,650,,Red
Emerald,4.86,Premium,VS1,,50.22,9.61,6.39,2.79,78.22,2.9,3.31,0.285,0.409,0.558,600,0.47,FaintYellow
Diamond,,Very Good,SI1,58.47,59.85,8.1,8.4,5.92,66.41,3.33,0.58,0.221,0.115,0.439,700,0.37,White
Ruby,4.8,Very Good,SI2,55.56,51.43,9.2,,2.88,73.89,1.68,-0.53,0.281,0.17,0.532,600,0.47,Blue
Emerald,0.38,Ideal,SI1,57,,9.24,8.15,3.29,66.82,2.09,3.28,0.177,0.539,0.51,700,0.51,White
Amethyst,4.65,,SI2,61.03,57.62,3.6,5.05,5.06,60.27,2.11,4.65,0.42,0.338,0.212,700,0.68,Red
Sapphire,1.07,Good,SI1,62.62,63.67,9.28,3.72,5.27,79.25,,2.5,0.21,0.488,0.177,550,0.49,Blue
Sapphire,4.58,Very Good,VVS1,64.11,58.16,6.43,6.68,3.92,65.96,1.8,4.15,0.554,0.518,0.327,500,0.5,White
Emerald,0.47,Ideal,VVS2,56.2,62.57,7.46,5.41,2.51,69.29,3.24,2.77,0.316,0.372,,650,0.52,Green
Amethyst,4.75,Fair,VS1,56.41,66.66,5.1,6.94,,72.98,1.91,2.9,0.474,0.101,0.223,650,0.57,Red
Topaz,1.16,,SI1,64.39,67.69,7.52,5.79,3.56,73.6,3.33,-2.79,0.475,0.448,0.424,400,0.37,LightYellow
Topaz,1.65,Premium,SI1,62.66,50.34,3.19,5.65,6.35,76.45,1.1,4.28,0.212,0.582,0.206,450,0.5,Green
Emerald,2.56,Ideal,SI1,60.4,62.91,5.6,9.38,5.82,67.64,1.7,-3.86,0.422,0.369,0.416,550,0.65,Violet
Diamond,2.03,Ideal,SI1,59.77,61.28,7.4,7.67,3.33,74.15,3.45,0.31,0.408,0.518,0.279,550,0.66,White
Ruby,3.4,Premium,VS1,56.58,62.74,4.38,7.69,5.37,72.3,3.34,-4.87,0.505,0.266,0.183,700,0.64,Green
Diamond,4.88,Good,,58.79,51.16,7.71,3.94,3.23,79.7,2.1,-1.35,0.449,0.167,0.533,500,0.38,Green
Amethyst,3.11,Very Good,SI1,58.73,51.4,8.8,5.73,2.11,74.79,3.49,1.86,0.436,0.239,0.315,550,0.51,Violet
Amethyst,3.66,Premium,SI1,61.48,59.94,3.26,8.34,3.18,78.89,,-4.65,0.573,0.319,0.174,550,0.67,Green
Amethyst,0.62,Very Good,VVS1,60.99,51.14,7.23,6.97,2.72,65.67,4.27,-4.28,0.403,0.512,0.12,400,,Violet
Emerald,3.21,Ideal,VVS2,55.6,65.53,7.06,6.22,3.39,69.12,2,0.34,0.392,0.413,0.536,550,0.66,LightYellow
Amethyst,2.38,Premium,VVS1,63.48,65.45,8.47,9.81,4.15,70.59,2.87,-4.41,0.188,0.196,0.152,550,0.37,FaintYellow
Topaz,4.45,Good,VS1,64.38,52.35,7.88,3.95,2.68,76.96,4.79,-1.94,0.176,0.222,0.286,550,0.52,FaintYellow
Topaz,2.06,Very Good,VS2,62.8,59.1,6.18,4.13,2.44,68.49,3.31,2.61,0.453,0.493,0.545,500,0.38,Violet
Topaz,3.46,Very Good,SI2,56.78,61.9,5.48,6.94,4.29,,4.01,-1.8,0.524,0.432,0.463,400,0.65,FaintYellow
Amethyst,1.3,Very Good,VVS2,56.72,67.19,9.9,5.84,3.56,62.74,3.98,-1.04,0.497,0.193,0.493,650,0.6,Violet
Sapphire,,Ideal,VS2,62.26,69.77,6.51,6.36,4.01,63.85,2.53,2.69,0.566,0.413,0.38,700,0.46,Red
Sapphire,2.01,Very Good,SI1,59.41,50.34,5.86,6.84,6.46,,,-3.52,0.175,0.561,0.208,400,0.38,Red
Sapphire,1.66,Fair,VS2,62.79,59.53,9.95,3.89,3.58,61.01,2.36,3.37,0.531,,0.559,400,0.48,Red
Amethyst,1.42,Very Good,VS1,55.75,66.07,4.26,4.89,4.72,61.53,1.14,-4.9,0.377,0.143,0.219,550,0.34,
Sapphire,0.44,Ideal,VS2,62.16,,4.3,6.76,4.18,74.08,2.06,-2.63,0.457,0.468,0.213,400,0.54,Red
Diamond,4.22,Premium,IF,59.24,60.84,9.84,4.35,5.32,61.42,1.15,-0.94,0.249,0.568,0.526,450,0.44,Red
Diamond,0.51,Very Good,VVS2,55.31,53.65,7.6,8.88,6.43,60.04,2.68,-2.85,0.11,0.379,0.224,600,0.31,Blue
Topaz,4.46,Very Good,VS1,60.45,61.18,6.64,8.48,4.36,61.25,1.04,3.33,0.103,0.382,0.585,500,0.47,Red
Emerald,0.8,Premium,VVS1,61.99,57.83,3.47,6.98,3.58,72.78,4.04,4.29,0.2,0.554,0.446,600,0.58,Blue
Sapphire,0.51,Fair,SI2,60.28,58.18,5.49,6.46,2.73,71.24,4.85,-2.1,0.235,0.241,0.279,600,0.56,White
,2.9,Ideal,VS1,56.23,56.57,6.03,9.51,5.66,76.3,1.13,-3.73,0.392,0.273,0.106,700,0.34,Violet
Ruby,2.61,Premium,VVS1,63.16,52.89,6.58,8.27,2.33,64.11,3.31,3.09,0.529,0.274,0.223,650,0.68,Blue
Ruby,2.56,Ideal,VS1,58.17,64.76,6.06,3.27,4.62,71.79,2.08,4.94,0.267,0.25,0.378,450,0.57,
,2.96,Premium,IF,64.21,64.17,6.07,4.56,5.44,76.14,3.09,1.02,0.515,0.168,0.24,400,0.54,Blue
Sapphire,1.58,Good,VVS2,64.07,60.86,9.96,3.51,2.86,74.37,4.77,4.85,0.216,0.408,0.117,650,0.58,FaintYellow
Ruby,3.38,Fair,SI1,57,57.1,9.82,9.96,4.16,66.36,4.06,-4.77,0.315,,0.206,650,0.52,Violet
Diamond,2.61,Good,SI1,59.76,66.45,3.6,5.96,3.79,72.36,3.99,2.74,0.147,0.276,0.374,450,0.46,FaintYellow
Diamond,1.81,Premium,VS2,56.37,53.2,4.18,3.94,2.95,74.64,2.17,0.03,0.319,0.497,0.488,650,0.49,LightYellow
Diamond,4.17,Premium,SI2,61.78,58.69,9.59,5.51,5.97,76.38,4.19,-1.04,0.449,0.546,0.459,550,0.48,FaintYellow
Topaz,3.69,Ideal,VS1,63.52,63.07,5.23,9.86,,79.77,1.41,0.84,0.511,0.247,0.256,600,0.58,LightYellow
Amethyst,2.09,Premium,VVS2,61.48,66.43,7.28,4,5.85,,3.83,-2.59,0.325,0.208,0.205,550,0.61,FaintYellow
Amethyst,4.27,Ideal,VVS2,,62.99,8.59,5.5,5.83,60.61,2.62,-0.26,0.219,0.274,0.459,550,0.42,FaintYellow
Sapphire,4.62,Ideal,VVS2,55.76,52.35,6.3,4.93,6.41,70.47,2.75,0.04,0.114,0.42,0.274,700,0.61,Green
Amethyst,2.78,Premium,VVS2,55.69,52.03,3.12,8.53,6.14,66.43,2.96,2.61,0.457,0.164,0.486,600,0.51,Red
Emerald,1.23,Ideal,VVS2,61.11,51.01,8.8,3.18,5.3,66.04,4.07,0.61,0.255,0.217,0.222,500,0.34,Violet
Topaz,4.6,Fair,SI2,64.53,61.2,8.29,9.63,5.04,73.67,2.25,0.55,0.439,0.147,0.512,700,0.49,FaintYellow
Ruby,1.11,Good,VS2,61.95,54.86,3.29,,2.74,60.87,2.29,-4.65,0.421,0.531,0.501,400,0.56,FaintYellow
Sapphire,0.43,Premium,SI1,62.31,53.19,9.28,5.55,3.93,70.83,3.08,3.43,0.175,0.493,0.234,700,0.57,White
Emerald,1.77,Ideal,VS2,,51.7,9,9.31,4.54,72.7,2.07,-0.57,0.532,0.27,0.318,500,0.32,Violet
Emerald,3.69,Ideal,VS1,60.86,62.84,4.93,5.98,2.28,74.52,2.78,3.77,0.222,0.52,0.124,550,0.44,LightYellow
Ruby,4.63,Ideal,SI1,58.17,65.07,3.56,5.04,2.7,79.25,3.64,3.48,0.42,0.12,0.193,650,0.42,FaintYellow
Sapphire,3.26,Ideal,SI1,64.02,67.16,5.82,5.85,4.88,60.18,4.96,0.92,0.375,0.352,0.332,,0.49,LightYellow
Topaz,4.77,Fair,VVS1,56.33,61.91,9.12,8.77,2.66,70.47,2.05,-4.88,0.393,0.339,0.247,550,0.65,Violet
Ruby,0.64,Premium,VS1,61.32,57.08,6.38,6.93,3.52,77.48,,-0.69,0.327,0.222,0.275,600,0.67,LightYellow
,0.49,Premium,SI2,62.31,59.41,4.97,4.52,2.17,64.08,2.58,-2.37,0.364,0.338,0.252,450,0.62,Red
Sapphire,3.1,Fair,VVS2,61.98,62.72,4.62,3.49,2.76,79.52,3.64,-3.29,0.48,0.265,0.172,600,0.68,FaintYellow
Ruby,4.84,Fair,VVS1,57.57,64.26,5.49,7.25,4.5,63.8,4.7,0.35,0.286,0.345,0.111,700,0.48,FaintYellow
Emerald,2.61,Fair,SI1,59.86,62.9,9.96,8.73,4.89,72.74,4.8,-1.32,0.473,0.162,0.271,400,0.34,Red
Diamond,0.45,Premium,SI2,61.63,69.24,9.15,8.99,2.46,61.49,2.35,2.4,0.153,0.323,0.141,500,0.63,Blue
Topaz,1.26,Very Good,SI2,64.31,65,6.83,8.76,3.09,70.38,2.67,-2.54,,0.458,,650,0.65,Green
Topaz,1.38,Good,VS1,60,65.01,8.66,6.59,3.78,65.01,2.75,0.56,0.347,0.556,0.183,600,0.46,FaintYellow
Topaz,1.82,Fair,VVS1,58.01,66.4,5.21,5.64,5.07,66.22,2.4,0.05,0.457,0.442,0.137,600,0.51,White
Emerald,0.41,Fair,SI1,58.87,59.21,7.31,9.83,2.34,67.4,2.26,-0.92,0.322,0.53,0.177,700,0.4,FaintYellow
Amethyst,4.54,Premium,VS2,60.41,55.28,9.11,9.46,4.02,64.67,1.29,,0.444,0.14,0.108,,0.41,Green
Diamond,2.67,Premium,VVS2,64.76,66.32,5.57,8.26,5.32,77.34,3.18,1.05,,0.41,0.281,700,0.69,Violet
Amethyst,3.42,Good,SI2,61.28,59.28,8.6,6.01,2.63,63.04,3.65,2.72,0.241,0.141,0.524,650,0.41,White
Sapphire,0.52,Ideal,VVS1,56.55,62.14,7.3,9.81,4.46,68.6,4.97,3.1,0.297,0.285,0.268,450,0.69,Violet
Diamond,0.46,Premium,IF,63.43,58.59,7.31,5.62,3.98,79.63,3.48,-3.52,0.247,0.542,0.548,450,0.41,LightYellow
Ruby,3.02,Good,VVS2,56.81,57.92,3.29,7.79,3.76,71.76,3.44,-4.26,0.208,0.376,0.442,400,0.63,White
Diamond,4.46,Premium,VS2,55.39,63.43,9.29,5.06,6.2,72.63,2.48,-4.15,0.389,0.373,0.383,700,0.37,LightYellow
Emerald,2.74,Premium,VS2,56,63.31,8.43,8.85,3.78,74.58,1.23,-0.45,0.593,0.235,0.289,400,0.63,White
Ruby,4.41,Premium,VS1,62.86,56.18,3.26,9.02,4.01,77.34,3.46,-1.14,0.114,0.256,0.541,550,0.66,LightYellow
Diamond,4.09,Very Good,SI2,64.02,53.78,7.28,6.56,2.28,76.41,1.5,4.5,0.228,0.546,0.11,550,0.66,Red
Topaz,0.56,Very Good,SI1,57.68,52.63,8.22,6.94,3.64,67.28,3.98,-0.72,0.595,0.246,0.432,,0.33,LightYellow
Ruby,1.17,Fair,IF,59.98,52.28,8.57,9.64,4.36,76.75,4.02,-3.54,0.252,0.2,0.392,500,0.61,LightYellow
Ruby,3.36,Very Good,VVS1,60.97,66.35,3.62,3.99,2.04,64.1,1.42,-3.36,0.1,0.237,0.246,700,0.65,LightYellow
Diamond,2.33,Good,SI2,59.19,55.72,7.48,6.3,2.22,68.09,2.11,-1.61,0.595,0.272,0.134,600,0.44,FaintYellow
Emerald,1.6,Premium,VS1,55.65,63.57,4.63,6.7,3.08,73.36,4.28,3.5,0.481,0.455,0.226,450,0.66,Violet
Amethyst,2.21,Very Good,VS2,55.57,55.75,6.16,,5.34,64.89,4.85,1.9,0.18,0.551,0.137,500,0.57,Blue
Diamond,2.34,Premium,VVS1,59.4,63.34,6.69,8.44,5.53,67.09,3.92,2.7,0.166,0.272,0.566,500,0.49,Blue
Amethyst,4.57,Ideal,VS2,62.98,69.68,3.19,7.21,5.61,70.25,2.61,-1.85,0.37,0.129,0.105,650,0.3,Violet
,0.7,Fair,VS2,55.85,51.32,5.1,4.09,4.58,64.83,4.31,0.03,0.106,0.343,0.31,400,0.57,Blue
Emerald,1.54,Very Good,IF,57.06,63.08,8.58,5.84,5.76,75.21,2.17,3.98,0.476,0.586,0.466,450,0.62,Blue
Topaz,2.78,Premium,VVS2,57.7,55.65,8.9,3.64,2.62,74.57,4.47,1.76,0.268,0.113,0.255,550,0.68,White
Topaz,3.55,Ideal,VVS1,60.59,51.66,5.31,4.05,6.16,78.44,,2.03,0.587,0.348,,600,0.55,FaintYellow
Ruby,3.23,Fair,IF,55.43,51.58,6.09,4.59,5.63,61.31,4.97,-3.56,0.11,0.525,0.594,500,0.36,Green
Topaz,4.72,Fair,SI1,63.6,57.43,8.82,5.34,4.7,78,1.44,1.42,0.536,0.546,0.134,500,0.41,Violet
Diamond,4.02,Ideal,SI2,59.71,60.81,4.41,6.08,4.61,60.32,4.66,1.32,0.28,,0.413,600,0.52,LightYellow
Topaz,2.87,Very Good,VS2,59.85,62.95,8.12,8.04,2.5,76.48,4.41,2.66,0.434,0.108,0.402,550,0.41,Green
Ruby,1.23,Very Good,VS2,58.27,61.35,5.85,3.16,5.6,65.14,2.17,1.67,0.6,0.249,0.215,450,0.52,Blue
Amethyst,2.36,Premium,,57.12,67.96,9.91,9.1,4.24,73.05,2.85,2.05,0.487,0.229,0.505,700,0.4,Red
Emerald,3.53,Good,SI1,,53.07,7.21,9.94,5.7,73.39,1.86,3.06,0.414,0.426,0.323,650,0.63,FaintYellow
Amethyst,4.22,Premium,VVS1,64.13,66.58,4.04,9.75,3.42,67.72,2.92,2.55,0.27,0.583,0.421,600,0.32,Red
Topaz,4.81,Premium,VS2,55.94,60.56,4.2,5.97,2.23,64.14,1.72,1.85,0.358,0.411,0.201,400,0.44,FaintYellow
Ruby,3.11,Premium,SI1,55.61,67.21,3.19,5.8,4.28,60.73,2.17,-0.82,0.367,0.186,0.112,650,0.33,Violet
Sapphire,2.73,Ideal,VVS1,56.14,58.53,8,6.66,5.97,71.59,1.16,-3.77,0.434,,0.173,400,0.41,LightYellow
Topaz,0.28,Fair,IF,62.77,59.64,6.1,7.65,2.4,74.07,3.21,-1.82,0.502,0.142,0.211,500,0.35,FaintYellow
Emerald,0.55,Fair,VS2,55.48,58.45,3.08,4.94,3.85,67.49,3.89,2,0.53,0.196,0.467,450,0.48,LightYellow
Ruby,0.95,Good,VS1,,51.93,3.71,7.58,5.75,63.81,1.81,4.85,0.422,0.29,0.357,700,0.33,Violet
Amethyst,0.46,Very Good,VS1,59.25,52.9,5.03,5.16,3.03,63.24,3.45,-2.94,0.296,0.367,0.292,650,0.55,
Sapphire,2.12,Premium,VS2,60.07,60.35,5.97,7.62,3.18,65.31,1.19,-3.47,0.545,0.156,0.478,450,0.57,Violet
Emerald,1.82,Ideal,VVS2,55.03,60.66,9.57,7.57,4.8,76,1.33,-0.13,0.435,0.188,0.135,650,0.61,LightYellow
Emerald,3.26,Ideal,VS2,59.87,59.36,6.79,3.01,5.89,63.03,3.18,3.04,0.158,0.36,0.165,450,0.6,Red
Diamond,2.77,Premium,VS2,56.95,50.26,9.26,9.1,4.6,68.69,1.24,-4.37,0.125,0.517,0.535,550,0.48,Violet
Sapphire,3.06,Ideal,VS2,55.98,60.11,4.75,4.35,2.46,73.03,2.83,3.58,0.163,0.492,0.281,550,0.6,Blue
Sapphire,2.47,Ideal,IF,60.33,52.67,5.33,9.95,6.18,76.95,1.26,-3.23,0.492,0.293,0.235,400,0.58,Violet
Ruby,1.53,Premium,VS2,62.44,61.33,9.17,6.85,4.41,70.24,2.4,0.44,0.579,0.146,,600,0.56,Green
Sapphire,4.77,Good,VS2,64.35,55.77,6.44,5.71,3.54,73.61,4.52,0.9,0.458,0.499,0.176,650,0.45,
Diamond,0.61,Ideal,IF,64.13,69.83,7.13,3.64,5.39,70.21,3.99,-1.59,0.135,0.338,0.304,450,0.6,Blue
Diamond,,Fair,VS2,58.99,57.18,7.02,7.77,5.11,75.15,2.65,0.21,0.435,0.243,0.52,400,0.47,Green
Sapphire,1.69,Fair,VS1,62.04,66.42,7.52,5.52,3.38,75.71,2.4,-1.07,0.167,0.361,0.427,650,0.46,Green
Sapphire,2.66,Fair,VS1,61.96,54.91,7.12,9.74,5.85,75.63,2.46,4.22,0.327,0.39,0.41,400,,Violet
Diamond,0.72,Premium,SI2,59.12,53.79,7.86,9,2.38,74.72,1.53,-4.76,0.189,0.251,0.125,450,0.53,LightYellow
Diamond,0.54,Fair,SI1,,54.42,4.03,3.87,5.96,76.18,2.56,3.68,0.424,0.41,0.552,600,0.31,Violet
Ruby,2.26,Very Good,SI2,58.82,56.66,7.97,6.2,2.45,76.02,3.35,-4.23,0.423,0.106,0.542,600,0.51,Green
Ruby,3.76,Ideal,SI2,64.92,66.98,4.05,6.11,2.16,77.27,4.39,0.44,0.556,0.252,0.532,600,0.51,White
Sapphire,1.49,Good,VS2,60.55,65.28,5.38,7.96,5.89,69.34,3.73,4.98,0.204,0.575,0.344,700,0.43,Red
Topaz,2.9,Fair,IF,58.41,58.71,8.82,4.91,2.3,77.76,3.55,-2.93,0.567,0.507,0.217,700,0.43,Violet
Topaz,1.54,Premium,VS2,62.44,53.76,7.25,8.85,6.46,61.49,1.27,-0.73,0.491,0.106,0.298,550,0.49,Green
,2.07,Good,VS2,61.86,50.97,9.77,9.59,2.37,67.15,1.57,-0.5,0.155,0.389,0.292,600,0.55,FaintYellow
Sapphire,4.55,Premium,SI1,60.79,62.37,4.77,6.87,5.73,78.48,1.38,1.74,0.272,,0.47,700,0.35,Violet
Topaz,4.31,Good,VVS1,61.37,64.14,9.45,9.49,6.34,68.29,1.76,-1.87,0.523,0.241,0.44,700,0.36,LightYellow
Diamond,2.68,Good,SI2,60.85,62.12,7.49,5.28,4.58,77.28,4.1,3.25,0.165,0.385,0.522,500,0.66,Violet
Emerald,1.34,Ideal,SI1,64.56,60.03,5.58,5.22,2.76,71.07,3.48,-2.89,0.185,0.485,0.318,450,0.42,Blue
Diamond,1.13,Good,VVS2,60.09,69.46,8.51,8.06,2.73,65.15,2.77,4.96,0.489,0.221,0.558,650,0.41,Blue
Diamond,4.78,Very Good,IF,60.9,50.49,9.68,6.11,5.42,61.95,1.05,3.41,0.353,0.488,0.473,650,0.47,Green
Sapphire,1.17,Very Good,SI2,59.72,69.77,8.46,4.93,2.3,73.94,3.67,-4.66,0.445,0.462,0.513,450,0.61,LightYellow
Sapphire,4.08,Very Good,VVS2,61,,3.05,5.17,5.09,64.48,3.16,2.01,0.422,0.191,0.219,,0.59,FaintYellow
Amethyst,1.97,Premium,VVS1,63.91,57.66,3.07,8.83,3.3,71.54,1.33,-3.49,0.19,0.291,0.58,400,0.61,White
Emerald,4.93,Ideal,VVS2,58.4,65.05,3.88,7.53,6.17,67.86,3.8,3.13,0.584,0.49,0.481,650,0.61,Blue
Sapphire,1.97,Premium,VS2,59.96,54.54,8.96,8.54,4.49,73.4,2.08,-1.21,0.515,0.418,0.252,700,0.6,Violet
Emerald,1.89,Fair,VS1,59.49,64.2,8.25,5.89,3,72.44,2.94,-2.45,0.228,0.356,0.29,450,0.57,FaintYellow
Topaz,3.26,Very Good,IF,58.98,,7.48,9.57,5.81,72.16,2.28,-4.07,0.431,0.295,0.403,650,0.41,FaintYellow
Emerald,4.82,Ideal,IF,,68.81,7.86,9.23,,70.31,2.29,-2.28,0.105,0.267,0.15,600,0.44,White
,4.89,Very Good,VS2,,53.43,7.34,3.25,5.35,73.78,1.24,-4.43,0.105,0.33,0.492,600,0.6,LightYellow
Sapphire,3.59,Ideal,SI1,60,68.64,5.44,5.55,5.14,74.28,1.19,4.9,0.121,0.308,0.331,400,0.52,White
Sapphire,3.82,Premium,SI2,64.25,65.82,8.04,3.52,5.86,64.21,4.11,-2.37,0.348,0.211,0.481,500,0.32,White
Emerald,2.9,Premium,SI2,56.61,53.4,9.55,4.66,2.09,71.92,1.01,-1.99,0.407,0.501,0.253,500,0.67,Red
Ruby,3.83,Very Good,SI2,,57.75,8.25,9.48,6,60.26,2.15,-1.47,0.176,0.588,0.534,400,0.61,White
Diamond,4.33,Good,VVS2,57.65,52.09,9.07,9.27,3.12,70.33,4.81,-0.75,0.351,0.348,0.425,500,0.63,Violet
,2.53,Ideal,IF,64.22,61.99,4.66,3.39,4.66,75.88,4.2,-1.67,0.413,0.588,0.322,700,0.69,Violet
Topaz,3.18,Fair,SI1,55.88,69.21,5.44,3.25,4.01,61.21,3.07,0.83,0.431,0.283,0.311,500,0.55,White
Diamond,2.78,Good,SI2,56.37,51.58,6.55,7.52,3.95,66.45,3.97,1.1,0.519,0.27,0.18,700,0.52,Blue
Diamond,2.9,Premium,SI2,58.2,55.16,6.3,4.65,4.03,60.73,4.78,-4.55,0.331,0.551,0.161,400,0.48,Blue
Topaz,4.47,Ideal,VVS1,62.7,65.11,6.26,3.02,5.08,71.31,4.76,0.63,0.586,0.582,0.103,700,0.54,LightYellow
Sapphire,1.91,Good,SI2,62.51,59.17,7.48,8.83,5.04,78.52,2.78,3.72,0.572,0.236,0.344,450,0.58,Red
Diamond,1.2,Fair,VVS1,55.87,56.78,8.99,,3.69,66.48,2.29,-3.43,0.592,0.564,0.579,700,0.36,LightYellow
Amethyst,2.39,Good,VVS2,64.34,62.02,9.21,5.92,6.47,67.31,3.99,-1.7,0.577,0.165,0.126,400,,Blue
Topaz,1.2,Fair,VVS1,57.39,55.88,4.05,3.76,6.35,64.26,,1.07,0.409,0.436,0.598,,0.54,Red
Amethyst,2.59,Premium,SI2,57.81,56.58,3.63,6.33,2.71,74.73,1.62,1.25,0.346,0.542,0.576,550,0.4,Blue
Amethyst,4.54,Ideal,VS1,,,5.18,8.43,5.1,70.12,1.78,,0.312,0.304,0.585,500,0.33,Blue
Diamond,3.16,Premium,VS2,,57.83,8.16,5.1,4.3,65.53,3.17,-0.74,0.31,0.176,0.326,400,,Violet
Sapphire,4.31,Ideal,SI2,60.21,64.01,8.55,8.8,3.22,60.85,3.04,-4.62,0.354,0.548,0.337,400,0.51,LightYellow
Topaz,1,Good,IF,64.29,53.02,5.68,7.55,5.64,77.05,2.85,4.28,0.407,0.487,0.465,400,0.31,Green
Ruby,4.52,,SI1,60.65,57.98,5.17,5.91,3.01,73.83,2.48,1.77,0.265,0.131,0.297,550,0.38,FaintYellow
Topaz,3.09,Ideal,VS2,63.57,61.04,3.91,6.53,5.02,79.54,2.3,-4,0.348,0.316,0.12,500,0.68,Red
Amethyst,0.35,Fair,VVS2,55.78,55.35,4.67,3.78,5.31,71.23,1.75,1.53,0.261,0.463,0.347,600,0.6,Red
Ruby,3.24,Ideal,VS2,63.56,58.43,3.71,9.26,3.81,79.18,3.73,-4.01,0.27,0.342,0.422,700,0.61,Blue
Sapphire,4.77,Premium,IF,56.98,65.2,5.13,,2.17,73.93,3.01,-4.44,0.324,0.558,0.355,650,0.32,FaintYellow
Emerald,0.58,Premium,SI2,58.63,53.23,7.73,5.68,3.44,68.61,2.48,-2.85,0.278,0.119,0.281,450,0.37,Green
Sapphire,3,Good,SI1,58.2,60.02,3.9,7.61,5.64,64.68,4.11,4.73,0.449,0.457,0.572,600,0.49,LightYellow
Diamond,4.59,Fair,IF,58.37,,5.25,8.35,5.03,61.19,3.53,0.79,0.334,0.568,0.584,400,0.65,White
Ruby,0.25,Ideal,VVS2,,58.2,6.7,8.78,4.18,60.1,4.02,-1.75,0.447,0.224,0.197,400,0.5,Red
Topaz,3.23,Premium,IF,59.42,57.51,5.29,8.07,5.2,76.62,3.58,-4.34,0.472,0.473,0.57,600,0.49,LightYellow
Sapphire,2.48,Ideal,VVS1,57.68,63.11,6.08,6.51,2.97,72.47,3.5,-4.84,0.163,0.284,0.134,450,0.31,FaintYellow
Amethyst,1.87,Very Good,SI1,57.94,65.34,6.48,7.88,6.17,63.74,2.65,3.94,0.342,0.268,0.576,400,0.7,LightYellow
Topaz,3.21,Fair,SI1,63.03,59.99,8.43,9.63,5.78,73.72,2.12,-0.2,0.308,0.361,0.555,600,0.42,Blue
Amethyst,,Fair,VS2,60.39,53.33,8.9,6.3,2.15,78.34,1.92,-4.09,0.186,0.414,0.53,650,0.51,Green
,3.81,Very Good,VS1,59.49,67.37,4.35,3.57,5.01,61.13,4.59,0.45,0.235,0.441,0.355,650,0.52,LightYellow
Amethyst,0.22,Fair,VS1,,53.72,5.59,8.66,3.25,76.08,1.8,-4.35,0.325,,0.298,400,0.43,Blue
Sapphire,1.67,Very Good,VS1,64.3,61.57,7.03,8.05,4.23,76.71,3.69,-0.95,0.205,0.564,0.213,600,0.56,Green
Diamond,2.62,Ideal,VVS2,62.56,60.55,6.5,5.08,2.89,73.04,1.76,4.11,0.21,0.21,0.114,450,0.67,Blue
Ruby,2.01,Very Good,VS1,60.18,55.73,3.56,7.12,5.3,78.73,4.76,4.26,0.569,0.523,0.418,500,0.65,Violet
Ruby,1.68,Good,SI1,56.17,69.06,5.41,3.51,2.2,79.33,1.78,4.52,0.146,0.519,0.156,650,0.61,Blue
Topaz,4.19,Very Good,SI2,62.08,63.53,4.59,6.35,4.49,75.46,4.42,-3.57,0.271,0.164,0.536,550,0.37,Green
Ruby,4.69,Ideal,SI1,63.15,59.4,5.92,5.79,2.5,63.36,4.74,-3.17,0.175,0.284,0.499,650,0.65,Red
Topaz,4.39,Fair,VS2,63.52,58.87,5.37,4.76,3.38,61.66,1.83,3.51,0.205,0.379,0.431,600,0.62,FaintYellow
Amethyst,2.71,Good,IF,60.82,51.85,7.87,4.08,2.87,68.46,4.55,-3.97,0.521,0.468,0.428,500,0.64,Green
Ruby,4.44,Very Good,VVS1,61.17,65.61,5.81,5.41,3.95,68.03,1.44,-4.88,0.258,0.549,0.497,650,0.48,White
Topaz,4.62,Ideal,SI2,62.09,51.67,4.69,9.55,4.17,62.87,3.8,1.99,0.14,0.585,0.261,700,0.68,White
Ruby,2.16,Good,VS1,63.74,54.01,7.34,6.6,4.97,60.8,3.03,-0.56,0.323,0.242,0.226,700,0.48,FaintYellow
Topaz,1.56,Good,VS1,55.45,53.29,8.09,4.41,4.02,64.97,4.84,3.04,0.204,0.447,0.251,450,0.51,Green
Sapphire,0.67,Good,SI2,60.63,51.36,3.76,8.85,5.26,65.77,2.92,-3.45,0.433,0.484,0.541,500,0.45,LightYellow
Topaz,2.5,Very Good,VS1,58.69,66.59,4.76,4.89,5.63,78.47,1.27,-0.63,0.212,0.306,0.156,600,0.31,Green
Sapphire,4.74,Ideal,VVS1,63.33,68.13,4.46,8.62,6.47,79.6,1.5,3.17,0.597,0.221,0.431,550,0.46,Blue
Amethyst,2.89,Ideal,VS2,56.34,62.51,4.41,3.12,2.56,79.7,2.29,-2.41,0.161,0.472,0.581,500,0.51,FaintYellow
Emerald,3.4,Ideal,SI2,64.1,67.56,9.31,9.46,3.84,76.24,2.88,-0.29,0.422,0.303,0.533,500,0.43,Blue
Diamond,0.74,Premium,SI2,56.24,63.5,3.88,6.74,3.14,75.42,4.83,1.22,0.288,0.195,0.217,500,0.35,Violet
Ruby,0.89,Fair,VS1,55.89,63.7,9.1,8.34,5.26,78.76,2.94,2.2,0.366,0.109,0.445,650,0.39,Green
Sapphire,2.43,Ideal,IF,58.46,67.79,5.76,5.2,4.32,66.81,4.72,0.22,0.282,0.289,0.334,550,0.59,Violet
Topaz,4.77,Premium,VVS2,64.95,51.84,7.49,8.92,2.5,70.77,4.65,2.23,0.531,0.199,0.384,450,0.63,Blue
Emerald,1.93,Premium,VVS1,61.34,51.09,6.09,7.84,2.28,71.75,1.67,2.53,0.275,0.424,0.424,450,0.45,Green
Ruby,4.41,Good,VS2,55.26,,7.19,3.33,4.25,71.5,4.68,3.33,0.272,0.483,0.443,700,0.55,Red
Topaz,0.78,Fair,SI1,57.49,58.36,6.86,3.28,3.58,68.64,2.02,4.08,0.331,0.198,0.236,600,0.56,White
Emerald,3.16,Good,IF,56.49,68.93,6.03,5.53,4.37,79.51,4.35,2.03,0.302,0.582,0.475,500,0.41,LightYellow
,3.08,Fair,VVS1,55.01,67.4,4.93,3.36,3.12,66.39,4.9,3.97,0.196,0.196,0.552,700,0.34,Green
Diamond,4.33,Good,SI1,60.15,65.64,9.52,,3.74,64.43,1.29,-4.39,0.369,0.255,0.27,400,0.62,Blue
Topaz,0.22,Very Good,VVS1,58.81,58.08,9.41,5.64,6.38,74.76,3.73,-3.7,0.198,0.298,0.283,500,0.4,FaintYellow
Emerald,1.11,Fair,VVS2,61.13,66.48,3.5,4.62,3.09,78.37,2.71,-0.96,0.242,0.459,0.139,650,0.66,LightYellow
Sapphire,1.25,Premium,VVS2,57.16,54.37,4.56,5.46,2.11,79.36,2.82,-3.34,0.485,0.521,0.472,550,0.32,Red
Emerald,4.76,Premium,SI1,63.31,61.71,7.02,5.82,6.15,76.07,3.24,,0.202,0.385,0.27,450,0.31,White
Ruby,0.94,Fair,SI1,58.83,64.92,9.86,3.6,5.62,67.66,4.78,3.84,0.104,0.141,0.391,450,0.53,Green
Amethyst,0.38,Good,VS2,59.83,51.85,8.09,7.24,4.05,76.29,3.53,-3.77,0.449,0.552,0.291,450,0.5,Green
Diamond,2.77,Very Good,VS1,,67.48,8.73,5.44,4.4,75.25,4.97,1.36,0.561,0.235,0.364,650,0.47,FaintYellow
Diamond,2.74,Very Good,SI2,56.66,64.55,5.2,8.33,3.51,68.05,,-2.71,0.203,0.426,0.488,400,0.35,Green
Topaz,4.25,Ideal,SI1,57.62,60.67,4.53,9.94,2.64,62.09,4.43,-0.08,0.491,0.513,0.199,,0.38,Red
Ruby,4.75,Fair,VVS2,56.55,51.25,4.58,5.67,3.21,77.08,3.8,-1.04,0.517,0.532,0.109,500,0.66,Red
Emerald,2.79,Very Good,VS2,62.68,63.89,6.38,8.19,3.61,66.11,1.93,3.64,0.483,0.192,0.398,650,0.51,Green
Sapphire,4.66,Good,VVS1,55.98,58.95,9.01,5.07,4.5,62.26,3.29,0.39,0.522,0.102,0.285,600,0.6,Blue
,3.68,Good,SI2,59.89,64.73,4.51,8.68,3.27,79.74,1.94,3.22,0.444,0.572,0.389,450,0.33,Blue
Amethyst,1.47,Premium,VS1,62.5,50.73,6.99,7.78,3.45,78.52,4.82,-0.86,0.121,0.273,0.544,450,0.41,Violet
Ruby,4.66,Very Good,IF,60.08,61.5,8.66,4.74,4.47,75.14,4.84,1.62,0.324,0.393,0.252,,0.51,White
Ruby,3.4,Very Good,VVS1,60.09,58.94,6.5,6.22,3.27,61.35,2.33,4.09,0.197,0.502,0.585,500,0.31,LightYellow
Sapphire,2.19,Good,SI2,55.64,58.6,5.92,8.64,6.37,74.46,1.19,-3.51,0.397,0.252,0.36,600,0.55,Green
Diamond,3.47,,VS2,62.83,60.35,5.43,7.97,4.01,73.21,4.31,0.6,0.449,0.595,0.466,600,0.47,FaintYellow
Emerald,2.13,Very Good,IF,61.04,52.47,7.2,3.22,5.64,64.93,2.41,,0.588,0.136,0.523,450,0.69,White
Emerald,0.75,Good,SI2,61.68,68.71,8.72,3.01,5.06,69.18,2.28,1.17,0.432,0.289,0.264,650,0.64,Violet
Sapphire,3.65,Premium,VVS1,62.66,64.09,9.97,8.28,2.61,79.29,3.32,0.51,0.332,0.216,0.108,650,0.43,Violet
Ruby,4.16,Premium,VVS2,60.61,51.7,9.09,6.18,5.52,60.35,1,2.95,0.542,0.174,0.243,500,0.54,FaintYellow
Amethyst,3.7,Good,VS2,60.09,51.59,6.17,6.58,3.12,69.39,2.5,-4.41,0.172,0.274,0.305,400,0.54,Blue
Emerald,1.3,Premium,IF,61.63,54.21,3.55,9.75,6.01,71.68,2.67,1.63,0.206,0.295,0.505,450,0.61,Green
Emerald,4.79,Premium,SI1,64,54.79,3.84,3.93,5.25,77.36,4.88,3.86,0.232,0.524,0.34,450,0.62,Violet
Sapphire,0.32,Ideal,VVS2,61.38,59.84,3.21,3.23,5.23,74.1,1.63,4.15,0.224,0.443,0.314,700,0.36,Green
Amethyst,1.8,Premium,SI1,62.88,60.73,5.54,4.32,3.38,62,1.6,-3.22,0.295,0.475,0.509,550,0.59,White
Sapphire,1.45,Very Good,SI1,59.8,52.92,6.37,7.99,3.77,67.55,3.48,1.02,0.463,0.424,0.513,400,0.38,FaintYellow
Amethyst,0.43,Premium,IF,60.9,69.47,8.74,4.28,5.29,62.49,1.31,-2.2,0.582,0.439,0.503,600,0.43,Green
Topaz,2.15,Very Good,VS1,56.8,66.5,3.6,6.7,3.64,78.62,3.48,2.23,0.241,0.221,0.436,700,0.32,FaintYellow
Amethyst,3.19,Good,SI2,59.89,62.67,4.6,8.99,4.04,73.83,2.63,-4.21,0.166,0.465,0.115,650,0.43,Green
Emerald,4.44,Premium,SI2,56.49,55.56,6.57,8.88,4.52,65,1.01,-3.76,0.584,0.393,0.277,550,0.43,Red
Topaz,4.95,Good,VS1,59.67,68.21,8.95,4.47,3.34,62.83,2.76,1.73,0.431,0.486,0.374,500,0.68,LightYellow
Ruby,4.08,Fair,VS2,55.65,56.3,3.61,9.28,5.43,62.47,3.96,0.48,0.208,0.288,0.248,450,0.4,Green
Amethyst,,Premium,IF,60.76,56.38,4.7,9.96,3.24,70.23,1.53,,0.478,0.265,0.311,400,0.67,Violet
Emerald,3.67,Good,SI2,57.87,57.06,6.81,9.82,2.24,65.24,1.73,-4.72,0.325,0.178,0.154,600,0.36,LightYellow
Ruby,4.25,Fair,VS1,63.42,50.96,5.27,9.24,5.54,79.35,1.94,,0.398,0.383,0.115,700,0.46,Violet
Sapphire,2.43,,VVS1,58.76,51.24,9.95,3.44,,67.85,2.56,2.14,0.534,0.263,0.382,550,0.54,Red
Ruby,3.97,Very Good,VVS1,64.18,59.52,6.16,7.39,5.81,,4.8,3.29,0.209,0.458,0.463,550,0.44,Red
Diamond,2.52,Very Good,VS1,59.73,67.64,9.38,6.08,4.81,77.22,1.28,2.71,0.315,0.511,0.369,700,0.37,Red
Amethyst,2.06,Very Good,SI2,63.49,68.85,9.59,4.96,5.74,78.12,4.29,0.19,0.12,0.494,0.273,700,0.31,LightYellow
Amethyst,2.73,Very Good,SI1,57.97,,4.82,5.21,,67.78,4.2,-2.13,0.465,0.407,0.575,650,0.55,Green
Diamond,3.44,Ideal,SI1,59.52,58.09,5.29,9.6,4.52,62.43,2.86,-1.06,0.157,0.172,0.211,600,0.59,LightYellow
Diamond,3.69,Good,VS1,61.34,56.21,5.27,9.66,2.06,76.79,1.54,0.23,0.489,0.325,0.359,650,0.35,LightYellow
Emerald,1.91,Fair,VS2,57.59,54.31,6.05,3.71,3.16,60.1,3.45,-4.96,0.373,0.515,0.232,,0.36,LightYellow
Topaz,2.94,Fair,SI1,61.57,60.77,3.44,4.43,5.94,68.97,3.89,-4.1,0.262,0.42,0.573,650,0.59,FaintYellow
Diamond,4.57,Premium,VS2,57.89,59.65,8.65,9.43,3.98,62.93,1.62,0.42,0.169,0.418,0.107,400,,Blue
Diamond,4.89,Good,VVS1,59.84,59.34,3.92,,4.86,78.05,3.8,4.96,0.23,0.472,0.54,400,0.52,White
Emerald,1.29,Ideal,VVS2,55.23,56.32,9.26,7.94,3.26,77.37,4.68,-1.24,0.356,0.164,0.379,550,0.48,Violet
Amethyst,1.13,Ideal,IF,55.78,61.64,7.04,5.43,5.84,62.75,1.76,2.99,0.11,0.436,0.567,600,0.43,White
Amethyst,3.45,Good,VVS2,57.27,62.16,6.37,4.69,4.67,71.03,1.5,-1.18,0.187,0.235,0.49,600,0.37,Red
Amethyst,2.19,Very Good,VS2,63.06,67.5,7.63,6.12,6.09,64.68,3.67,-3.76,0.407,0.396,0.433,650,0.49,FaintYellow
Amethyst,0.32,Very Good,SI1,61.6,65.23,9.53,5.39,3.1,70.29,2.92,3.42,0.396,0.4,0.475,600,0.48,Green
Sapphire,1.86,Good,VVS2,63.93,56.6,5.08,9.61,5.27,79.53,4.42,1.58,0.323,0.191,0.515,500,0.67,
Ruby,4.07,Fair,VS2,64.05,57.59,4.89,4.15,2.09,64.61,3.06,-3.67,0.103,0.436,0.25,450,0.47,Green
Sapphire,4.03,Very Good,SI2,58.75,54.79,5.59,9.94,4.69,61.31,4.28,-0.64,0.363,0.455,0.457,500,0.69,FaintYellow
Amethyst,2.57,Premium,VVS2,58.68,,6.41,9.35,3.36,65.09,2.58,-2.75,0.554,0.308,0.166,450,0.38,Violet
Ruby,2.47,Ideal,VVS1,63.36,52.18,,7,2.55,79.68,1.78,1.67,0.296,,0.506,550,0.62,FaintYellow
Diamond,2.98,Very Good,VS2,59.26,50.68,7.76,5.4,4.82,61.63,2.5,-0.35,0.107,0.284,0.573,650,0.36,Blue
Amethyst,1.25,Fair,VVS1,63.57,58.35,6.65,8.07,2.13,60.75,2.44,-2.02,0.412,,0.406,650,0.36,Green
Amethyst,2.73,Very Good,VVS2,60.06,69.18,6.78,6.36,2.7,63.03,2.2,0.57,0.419,0.423,0.537,400,0.62,White
Emerald,0.25,,VS1,59.25,60.76,4.75,5.62,3.67,76.13,1.94,4.05,0.365,0.372,0.596,700,0.54,White
Diamond,2.48,Ideal,VS1,57.79,64.84,8.88,5.33,4.01,69.43,2.55,-0.85,,0.572,0.181,450,0.58,White
Amethyst,1.81,Premium,IF,56.26,57.95,5.79,3.56,6.09,,,4.66,0.528,0.482,0.23,650,0.4,Violet
Diamond,3.44,Premium,SI2,60.26,57.69,7.57,6.04,3.51,73.15,2.97,2.12,0.481,0.252,0.343,700,0.62,FaintYellow
Amethyst,3.26,Fair,VS1,58.25,52.5,4.68,4.73,2.23,61.93,1.56,1.03,0.447,0.174,0.51,450,0.52,White
Amethyst,2.03,Good,SI2,57.49,56,8.71,3.14,,73.93,1.94,-4.4,0.335,0.117,0.511,500,0.57,FaintYellow
Emerald,0.23,Good,IF,56.7,68.57,5.1,4.63,5.74,66.08,2.41,3.1,0.284,0.379,0.496,500,0.36,White
Ruby,1.41,,VVS2,58.89,59.8,9.45,4.64,3.02,77.13,1.75,1.73,0.322,0.218,0.567,450,0.54,Violet
Ruby,3.24,Fair,IF,60.56,54.09,6.18,5.12,4.32,74.48,3.97,-3.73,0.548,0.528,0.553,550,0.32,Blue
Sapphire,0.55,Very Good,IF,63.37,63.28,4.02,9.62,2.7,77.55,4.16,-4.89,0.535,0.103,0.332,700,0.41,LightYellow
Amethyst,0.72,Premium,IF,63.2,58.11,7.28,9.3,6.3,63.7,4.21,4.36,0.236,0.179,0.529,400,0.63,Green
,3.31,Premium,SI2,63.55,66.55,6.9,,4.32,62.97,4.66,-3.02,0.376,0.285,0.265,700,0.37,FaintYellow
Amethyst,3.83,Very Good,VVS1,60.76,51.86,5.95,4.67,4.12,74.23,4.43,-0.78,,0.443,0.514,550,0.35,Blue
Diamond,1.74,Premium,SI2,60.6,,8.74,6.1,5.73,78.42,3.32,-0.81,0.405,0.373,0.567,500,0.67,Green
Amethyst,2.55,Premium,SI2,64.05,66.02,5.95,4.94,2.58,76.1,3,-4.14,,0.266,0.357,450,0.68,LightYellow
Sapphire,4.74,Good,IF,57.89,67.08,3.95,5.77,3.19,78.81,4.2,3.04,0.432,0.219,0.136,450,0.3,FaintYellow
Emerald,4.74,Good,SI1,56.45,57.93,3.2,8.81,5.3,60.22,4.86,1.04,0.11,0.215,0.342,400,0.64,Violet
Topaz,1.68,Ideal,VS2,55.83,64.82,9.25,6.98,4.76,63.57,1.12,0.35,0.489,0.513,0.233,500,0.66,Blue
Diamond,4.09,Ideal,VVS2,63.81,69.31,6.27,5.94,2.72,72.37,2.44,3.63,0.287,0.253,0.379,450,0.59,LightYellow
Sapphire,3.05,Premium,VVS1,58.72,62.44,6.94,6.4,2.95,68.46,3.67,4.1,0.192,0.553,0.388,500,0.53,Blue
Diamond,4.88,Good,VS2,59.99,66.23,3.8,4.92,5.96,75.31,2.43,-3.71,0.4,0.113,0.313,600,,
Emerald,2.49,Ideal,VVS2,63.03,61.47,6.43,4.47,5.71,61.35,4.05,1.88,0.324,0.12,0.447,600,0.6,LightYellow
Amethyst,3.92,Ideal,SI2,58.73,65.8,6.73,4.49,2.07,72.62,4.17,-2.32,0.248,0.598,0.343,600,0.6,Violet
Ruby,3.89,Good,VVS1,63.68,68.81,6.26,8.59,6.28,78.59,3.73,2.8,0.371,0.408,0.483,500,0.39,LightYellow
Sapphire,2.59,Ideal,SI2,,64.23,9.68,,4.62,64.59,1.63,-3.83,0.242,0.58,0.159,600,0.63,LightYellow
Emerald,4.02,Very Good,VVS2,62.32,53.09,7,9.38,4.12,73.62,4.73,-3.12,0.115,0.191,0.483,700,0.62,FaintYellow
Ruby,1.45,Very Good,VS1,61.67,51.64,9.82,6.15,3.6,66.88,2.31,-2.87,0.435,0.539,0.386,550,0.61,White
Diamond,0.79,Good,VVS2,57.01,66.24,4.07,6.73,3.69,67.42,4.91,1.23,0.111,0.431,0.142,400,0.52,LightYellow
Diamond,2.24,Good,VS1,56.24,55.17,9.4,7.28,4.23,70.3,2.41,1.68,0.372,0.203,0.224,650,0.55,Green
Sapphire,4.73,Ideal,,56.12,67.51,6.87,5.14,2.95,66.07,1.64,4.19,0.449,0.489,0.181,400,0.59,White
Amethyst,2.6,Premium,VS1,61.51,53.92,5.07,9.27,2.59,79.33,2.15,-4.26,0.153,0.297,0.528,600,0.46,FaintYellow
Emerald,3.25,Fair,SI1,55.13,68.22,8.22,7.26,4.52,60.87,4.26,1.84,0.177,0.357,0.475,550,0.64,Violet
Sapphire,3.2,Very Good,VVS2,61.61,66.1,6.89,9.3,4.04,74.67,2.23,-4.88,0.584,0.557,0.268,600,,White
Emerald,0.84,Very Good,SI2,62.82,67.63,7.03,6.55,5.05,61.62,3.39,0.09,0.335,0.285,0.547,600,0.62,Violet
Diamond,2.07,Good,SI2,58.03,54.65,4.2,3.27,4.22,77.08,3.78,-0.4,0.512,0.367,0.495,600,0.46,LightYellow
Amethyst,3.59,Premium,VS1,62.46,67.57,7.76,3.22,3.77,69.54,2.22,-4.55,0.574,,0.137,550,0.57,Violet
Emerald,4.87,Good,SI1,56.65,61.75,5.06,5.15,3.55,64.47,3.66,-3.13,0.493,0.329,0.583,500,0.67,Violet
Diamond,1.01,Ideal,VVS1,64.6,51.68,5.49,8.93,4.6,69.82,1.62,3.02,,0.215,0.568,550,0.39,White
Emerald,2.17,Premium,VS1,57.32,68.62,9.35,4.87,3.25,79.11,3.52,-1.96,0.544,0.43,0.37,450,0.68,Red
Diamond,0.66,Ideal,IF,59.88,53.89,4.26,6.39,5.68,63.27,3.62,-0.18,0.42,0.334,0.437,500,0.4,Green
Amethyst,1.36,Very Good,VVS1,64.8,54.27,9.21,4.41,5.57,72.1,1.13,-1.06,0.356,0.477,0.365,450,0.37,White
Ruby,2.01,Good,,64.07,64.08,6.5,8.25,4.9,,2.18,-3.14,0.506,0.534,0.316,600,0.57,FaintYellow
Ruby,2.8,Good,SI1,61.59,61.66,4.25,7.69,3.74,73.95,1.02,4.41,0.532,0.409,0.196,650,0.63,LightYellow
Sapphire,1.31,Fair,VVS1,58.69,68.06,8.68,9.32,4.71,63.47,4.17,-4.47,0.567,0.171,0.471,600,0.45,Green
Amethyst,1.29,Premium,VVS1,62,56.14,7.57,5.49,4.8,71.91,2.79,-0.38,0.209,0.302,0.159,650,0.38,Green
Emerald,3.93,Very Good,SI2,59.6,50.83,5.43,9.89,5.05,77.02,2.71,-1.64,0.458,0.214,0.456,400,0.57,Red
Diamond,4.82,Fair,IF,56.09,69.9,,9.14,3.72,60.51,2.83,1.67,0.589,0.553,0.437,700,0.41,Blue
Sapphire,1.75,Fair,IF,62.96,56.25,5.95,6.14,3.88,76.05,2.62,1.47,0.369,0.338,0.593,400,0.65,FaintYellow
Ruby,3.5,Good,IF,63.72,53.24,3.95,9.02,6.1,69.49,1.66,1.97,0.542,0.278,0.214,,0.3,Violet
Amethyst,1.44,Premium,IF,59.08,69.69,8.66,5.97,2.5,63.83,3.65,-0.01,0.371,0.539,0.403,650,0.58,Blue
Diamond,4.65,Good,SI1,61.66,61.26,4.95,8.51,2.59,72.17,4.67,-3.89,0.407,0.333,0.194,700,0.32,Red
Ruby,3.43,Premium,IF,55.3,52.98,8.79,5.52,6.46,66,4.95,0.03,0.302,,0.432,600,0.53,Red
Amethyst,4.05,Fair,SI1,56.97,66.72,8.12,4.79,4.81,79.7,4.19,3.79,0.22,0.593,0.358,650,0.67,Red
Ruby,0.44,Ideal,SI1,60.7,68.91,9.59,8.16,4.06,65.42,2.55,-1.71,0.486,0.216,0.271,450,0.62,Red
Emerald,3.07,Very Good,VS2,57.74,67.63,3.69,9.75,2.54,74.29,3.25,3.86,0.278,0.3,0.424,700,0.43,LightYellow
Amethyst,2.73,Fair,SI2,64.44,53.97,5.44,8.09,4.9,70.04,1.05,2.03,0.523,0.452,0.384,600,0.48,Blue
Diamond,1.61,Good,VS2,63.37,51.05,7.37,9.84,5.49,67.9,2.42,4.49,0.531,0.266,0.476,400,0.51,FaintYellow
Emerald,1.46,Very Good,IF,61.55,57.43,9.01,9.44,4.39,70.52,3.69,-0.12,0.289,0.353,0.117,700,0.44,LightYellow
Topaz,2.98,Fair,SI1,64.99,,4.09,5.98,2.22,66.1,4.58,-2.21,0.172,0.111,0.519,700,0.54,Blue
Ruby,3.59,Premium,VVS1,57.43,58.12,9.03,6.54,4.3,69.23,1.44,-4.27,0.307,0.211,,550,0.52,LightYellow
Sapphire,0.36,Good,VS1,64.19,65.98,3.47,4.33,2.69,67.5,1.37,-4.92,0.186,0.512,0.182,500,0.44,Violet
Sapphire,2.92,Fair,VS1,58.05,50.19,6.32,6.07,3.95,72.94,1.62,4.04,0.451,0.151,0.212,650,0.63,White
Sapphire,1.02,Premium,VS2,60.97,63.5,3.59,8.37,3.32,74.44,1.58,0.64,0.294,0.387,0.353,650,0.41,White
Amethyst,0.87,Premium,IF,59.34,69.7,4.05,6.66,2.59,75.37,4.14,-3.93,0.477,0.208,0.453,700,0.68,White
Topaz,3.19,Premium,VVS2,59.43,57.98,8.42,9.81,2.21,75.72,3.85,-1.49,0.342,0.316,0.331,550,0.7,FaintYellow
Sapphire,1.69,Very Good,VS1,62.63,59.7,,3.8,4.69,67.07,4.62,0.85,0.148,0.463,0.331,600,0.41,FaintYellow
Emerald,2.32,Good,SI2,58.48,62.56,6.89,6.55,4.58,72.31,2.18,4.22,0.199,0.324,0.599,550,0.53,FaintYellow
Topaz,1.93,Premium,,60.08,55.71,3.69,6.72,2.72,70.13,3.72,2.41,0.556,0.348,0.277,550,0.38,Violet
Ruby,3.31,Fair,SI1,57.12,64.37,8.68,4.04,6.13,72.8,2.46,-0.81,0.281,0.587,0.398,550,0.44,Blue
Emerald,2.46,Premium,SI2,62.63,54.06,8.66,8.58,5.94,67.08,1.55,-4.6,0.345,0.19,0.511,550,0.31,Green
Topaz,4.82,Good,SI1,60.52,51.3,7.92,,3.21,63.83,4.14,1.41,0.236,0.413,0.193,500,0.7,Violet
Diamond,1.89,Very Good,VS1,57.55,66.03,8.29,9.28,4.27,74.52,3.5,-1.36,0.31,0.203,0.578,,0.48,White
Ruby,3.75,Premium,VVS1,57.66,53.53,7.14,9.56,4.28,67.56,3.81,-4.3,0.284,0.526,0.193,600,0.4,LightYellow
Amethyst,1.44,Fair,VS1,57.94,64.63,6.4,8.23,2.81,74.64,1.65,3.3,0.168,0.45,0.362,500,0.55,FaintYellow
Diamond,2.64,Good,VS2,61.99,67.43,5.87,8.89,3.78,74.15,3.58,4.37,0.527,0.492,0.384,600,0.65,Violet
Diamond,2.85,Premium,SI2,60.95,50.92,7.63,3.51,4.87,79.87,2.24,0.26,0.521,0.474,0.405,550,0.61,Violet
Topaz,1.78,Very Good,IF,63.22,64.13,5.68,5.69,4.25,67.31,2.01,-3.84,0.397,0.237,0.162,500,0.4,LightYellow
Topaz,2.46,Ideal,IF,60.72,62.92,3.02,4.99,3.72,73.66,3.6,-0.98,0.574,0.46,0.147,400,0.38,Green
Amethyst,1.54,Fair,SI1,58.07,62.48,3.71,8.56,3.97,73.86,1.1,-4.23,0.412,0.328,0.21,450,0.63,Red
Amethyst,0.23,Premium,VS1,64.63,55.91,7.56,5.16,4.89,78.77,4.62,3.02,0.25,0.293,0.432,600,0.54,Green
Topaz,1.24,Premium,VVS2,63.86,,5.55,6.51,6.14,69.98,1.65,0.41,0.112,0.281,0.116,400,0.56,LightYellow
Topaz,3.56,Ideal,VS2,57.79,51.97,9.93,5.97,6.13,73.3,2.68,-1.07,0.302,0.446,0.426,500,0.61,FaintYellow
Amethyst,3.9,Good,SI1,64.13,55.46,5.48,8.31,5.8,75.09,3.18,2.3,0.298,0.379,0.229,600,0.6,FaintYellow
Topaz,1.54,Ideal,VS1,62.2,58.12,3.76,7.04,4.02,79.79,4.34,3.37,0.462,0.314,0.153,400,0.67,FaintYellow
Amethyst,2.16,Good,VS2,59.15,68.36,5.3,5.76,6.46,69.18,1.89,2.83,0.265,0.516,0.289,450,0.32,Violet
Emerald,0.38,Premium,VVS2,59.67,63.68,7.81,3.92,2.71,65.13,4.69,3.21,0.279,0.46,0.333,700,0.62,Green
Emerald,1.34,Ideal,SI1,59.46,,6.7,4.14,4.08,72.11,2.19,3.68,0.319,0.156,0.23,600,0.42,Red
Topaz,3.94,Premium,SI2,62.97,68.39,7.27,8.05,4.43,68.68,3.15,-0.32,0.354,0.264,0.505,600,0.56,White
Amethyst,3.11,Ideal,VS2,56.76,64.41,3.78,3.23,6.38,61.96,1.68,1.59,0.54,0.488,0.329,700,0.64,White
Topaz,1.19,Premium,SI1,55.59,59.85,8.79,6.07,4.16,68.93,3.49,0.9,0.218,0.426,0.273,700,0.45,Green
Topaz,1.44,Premium,VS2,59.98,59.26,9.32,8.11,4.94,73.89,1.63,-3.72,0.453,0.314,0.571,500,0.5,White
Diamond,4.12,Premium,VS2,57.9,68.66,4.02,5.55,3.05,69.18,1.34,-2.61,0.595,0.331,0.22,500,0.54,Blue
Emerald,1.2,Very Good,SI2,60.64,61,7.38,7.55,4.35,,2.97,,0.5,0.388,0.221,450,0.53,LightYellow
Sapphire,1.8,Ideal,,64.78,60.06,4.61,8.38,4.96,74.19,3.79,1.49,0.317,0.164,0.575,500,0.53,Blue
Amethyst,3.39,Very Good,IF,61.71,65.49,4.28,9.16,3.03,70.16,1.75,3.63,0.16,0.195,0.468,450,0.36,LightYellow
Ruby,2.89,Premium,SI2,64.59,61.86,4.43,4.57,4.35,61.93,1.22,2.58,0.321,0.165,0.143,,0.53,Violet
Sapphire,2.41,Fair,VVS2,62.32,54.98,6.65,7.93,4.96,73.84,1.17,-1.23,0.341,0.148,0.391,700,0.57,Blue
Topaz,4.52,Good,SI1,55.76,69.98,9.2,6.91,3.25,63.88,1.01,1.58,0.231,0.441,0.363,550,0.55,FaintYellow
Amethyst,1.25,Ideal,IF,63.89,55.62,8.73,6.21,4.1,74.32,1.93,-0.9,0.252,0.201,0.235,550,,Blue
Amethyst,3.76,Ideal,VVS1,56.99,63.66,4,5.93,5.66,66.14,4.47,-2.26,0.332,0.171,0.562,550,0.51,LightYellow
Topaz,0.96,Good,VS1,63.65,59.79,6.57,9.11,4.42,70.74,2.81,3.94,0.279,0.475,0.414,500,0.6,Violet
Ruby,3.16,Very Good,SI1,62.49,52.44,4.06,4.25,2.97,61.29,4.69,-2.95,0.294,0.359,0.41,550,0.35,Violet
Topaz,4.38,Good,IF,63.39,69.18,6.07,8.45,2.96,65.72,2,1.34,0.214,0.322,0.592,700,0.57,Violet
Sapphire,2.4,Fair,SI1,57.54,56.71,6.94,3.54,5.18,78.49,4.93,2.51,0.243,0.278,0.485,650,0.55,LightYellow
Sapphire,3.68,Premium,SI1,63.07,63.14,8.68,6.83,3.27,70.5,4.3,,0.152,0.397,0.325,600,0.47,Green
Amethyst,4.14,Good,SI1,61.1,64.75,9.03,4.12,2.11,78.15,4.14,-3.8,0.407,0.516,0.363,550,0.57,Violet
Topaz,0.85,Good,SI2,55.82,57.89,3.19,6.22,5.84,78.8,3.38,-2.3,0.21,0.298,0.319,400,0.34,Violet
Amethyst,3.59,Premium,VS2,63.89,55.21,7.82,6.38,,65.54,1.78,-4.85,0.124,0.104,0.563,650,0.48,LightYellow
,,Ideal,VVS1,63.77,51.18,5.87,8.12,4.47,78.12,4.81,2.59,0.341,0.543,0.581,450,0.5,FaintYellow
,2.97,Fair,VVS2,60.72,69.03,6.46,4.46,3,73.15,4.24,-3.15,0.561,0.369,0.544,600,0.44,LightYellow
Sapphire,1.09,Good,VVS2,59.53,61.64,4.55,5.07,5.5,70.88,4.33,3.56,0.541,0.165,0.101,400,0.7,LightYellow
Emerald,0.81,Good,SI1,59.01,64.33,3.24,6.51,2.62,68.1,4.54,-3.35,0.524,0.125,0.551,600,0.59,White
Topaz,1.45,Ideal,IF,61.03,59.38,8.85,8.3,5.85,65.04,2.03,-1.28,0.233,0.372,0.159,650,0.44,FaintYellow
Diamond,0.7,Fair,SI2,63.42,54.66,4.61,6.81,4.57,67.98,4.48,-3.58,0.276,0.346,0.358,700,0.41,Blue
Ruby,2.66,Premium,SI1,60.66,69.91,9.16,8.56,2.76,73.07,2.96,0.33,0.471,0.153,0.137,550,0.38,Violet
Diamond,0.53,Premium,VS2,56.3,69.35,3.49,7.58,4.92,67.26,3.61,0.94,0.172,0.396,0.29,650,0.45,White
Emerald,1.27,Very Good,VS2,58.06,67.2,5.86,9.43,2.13,67.05,4.84,-2.72,0.438,0.434,0.116,400,0.68,LightYellow
Ruby,2.31,Fair,SI1,61.68,68.32,8.2,7.68,4.7,70.88,4.59,-0.93,0.184,0.42,0.502,450,0.5,Red
Diamond,2.47,Fair,VVS2,61.47,,4.8,5.42,5.35,60.91,2,-3.83,0.126,0.299,0.406,600,0.52,White
Ruby,2.91,Good,VS2,60.19,57.36,9.77,3.71,4.16,72.24,3.94,2.88,0.157,0.281,0.132,650,0.55,White
Topaz,3.59,Very Good,VS1,57.4,56.86,7.46,7.93,2.67,65.85,4.32,2.87,0.435,0.414,0.303,700,0.32,LightYellow
Topaz,0.43,Premium,IF,57.71,68.67,4.52,9.88,2.89,69.84,2.77,-2.42,0.371,0.28,0.517,600,0.41,FaintYellow
Amethyst,0.59,Fair,IF,59.84,69.18,8.56,6.41,2.66,76.58,1.43,-2.36,0.289,0.398,0.4,650,0.3,LightYellow
Topaz,0.49,Fair,VS2,,58.81,9.89,3.95,3.82,75.85,2.26,1.1,0.461,0.556,0.391,700,0.51,White
Amethyst,2.23,Ideal,VVS2,58.16,62.14,4.74,5.24,2.8,65.83,3.94,1.09,0.52,0.408,0.33,600,0.69,FaintYellow
Topaz,0.4,Premium,SI2,63.29,66.11,8.76,5.87,3.35,61.01,3.35,2.33,0.106,0.458,0.337,550,0.5,FaintYellow
Amethyst,3.78,Ideal,SI1,60.04,64.05,9.84,3.96,2.62,67.57,4.09,-4.03,0.559,0.504,0.547,500,0.64,Red
Amethyst,1.27,Very Good,VS1,60.03,67.39,4.55,5.32,2.8,62.35,4.59,1.72,0.512,0.598,0.399,500,0.64,FaintYellow
Diamond,4.71,Fair,VS1,59.28,62.17,4.64,8.59,6.21,68.64,2.3,,0.359,0.413,0.553,650,0.7,Violet
Diamond,2.53,Very Good,SI1,61.81,61.65,8.02,5.22,2.06,76.56,3.75,,0.208,0.311,0.495,700,0.64,FaintYellow
Emerald,2.34,Ideal,SI2,56.76,57.52,9.65,9.99,4.35,66.48,1.39,-2.42,,0.321,0.487,700,0.31,LightYellow
Amethyst,3.95,,VS1,64.44,51.47,7.87,5.04,3.94,76.25,3.66,1.65,0.431,,0.505,650,0.51,Violet
Diamond,3.62,Fair,VVS1,56.05,51.11,6.53,3.69,3.27,79.38,1.14,-3.83,0.113,0.585,0.534,500,0.47,FaintYellow
Ruby,3.12,Premium,VS2,62.1,53.04,3.74,8.52,5.59,73.56,2.01,0.42,0.319,0.165,0.15,650,0.52,FaintYellow
Ruby,4.69,Very Good,VS1,62.04,51.16,9.47,3.85,2.99,77,2.79,0.02,0.445,0.44,0.207,450,0.49,White
Ruby,2.23,Good,,56.14,60.7,3.48,3.33,6.01,76.85,4.38,1.73,0.481,0.314,0.296,650,0.67,Blue
Amethyst,4.08,Premium,VS2,64.93,58.07,4.48,5.77,5.07,60.4,1.59,1.06,0.508,0.39,0.321,600,0.39,LightYellow
Diamond,2.02,Premium,VVS2,55.34,50.53,6.16,9.31,4.99,73.24,4.12,3.14,0.546,0.307,0.127,500,0.52,Violet
Emerald,4.22,Premium,VVS2,58.65,50.44,6.5,6.99,6.33,75.42,3.26,-4.39,0.507,0.172,0.292,650,0.66,Blue
Topaz,1.45,Fair,SI1,59.25,60.46,3.39,9.42,5.89,68.88,2.83,1.47,0.327,0.326,0.368,500,0.32,White
Topaz,1.59,Very Good,VVS2,63.03,60.98,3.58,9.11,4.19,76.92,3.57,2.18,0.492,0.575,0.55,600,0.5,FaintYellow
Sapphire,3.45,Very Good,VVS1,55.3,50.75,3.88,3.53,4.6,73.28,2.38,,0.303,0.141,0.265,600,0.49,Red
Sapphire,1.22,Fair,VVS2,60.57,63.4,3.28,3.39,5.49,73.7,4.98,-1.3,0.22,0.596,0.478,450,0.57,LightYellow
Ruby,1.3,Premium,VS2,57.04,52.52,9.84,5.08,2.92,68.16,1.44,-2.08,0.238,0.125,0.545,450,0.55,Red
Emerald,1.67,Premium,IF,60.73,59.89,4.67,9.18,4.91,77.68,1.55,1.65,0.54,0.298,0.242,450,0.37,FaintYellow
Emerald,3.46,Good,IF,61.46,53.18,9.16,6.53,3.23,67.58,4.54,0.15,0.412,0.46,0.368,500,0.61,Blue
Sapphire,4.47,Premium,VS2,55.34,50.78,8.49,9.71,2.31,62.93,1.88,-1.24,0.256,0.416,0.432,600,0.7,White
Sapphire,3.44,Ideal,IF,55.67,54.25,7.94,5.09,6.42,66.28,1.24,2.45,0.307,0.207,0.376,500,0.49,FaintYellow
Sapphire,4.17,Premium,VS1,55.85,59.28,7.61,6.12,5.16,68.03,4.56,-0.19,0.222,0.25,0.237,500,0.38,White
Emerald,2.81,Good,IF,63.52,64.88,6.49,3.18,5.17,75.05,1.25,-0.42,0.375,0.372,0.324,450,0.31,White
Ruby,0.53,Ideal,SI2,64.27,55.31,6.95,9.12,3.98,61.74,4.44,-1.41,0.13,0.595,0.107,650,0.42,Blue
Ruby,0.68,Good,VVS1,59.38,63.7,9.23,4.12,2.89,73.17,3.12,-4.51,0.568,0.201,0.547,550,0.35,Violet
Ruby,2.86,Good,VVS2,63.75,67.25,,9.91,5.98,70.24,3.14,3.34,0.281,0.367,0.345,600,0.66,LightYellow
Ruby,1.77,Very Good,IF,59.76,55.4,4.62,5.13,4.84,66.33,1.52,-1.57,0.347,0.377,0.368,600,0.64,LightYellow
Ruby,1.26,Fair,IF,59.01,60.44,3.73,9.62,3.12,67.9,3.52,-0.63,0.544,0.387,0.575,600,0.65,White
Topaz,2.44,Good,SI2,60.31,58.19,5.06,7.69,2.74,73.97,2.48,-3.82,0.488,0.475,0.501,700,0.4,Green
Topaz,3.4,Premium,SI1,62.9,50.55,3.93,7.02,5.34,72.03,2.45,1.14,0.362,0.21,0.319,700,0.45,Violet
Topaz,2.05,Very Good,VVS1,57.24,57.84,9.68,3.84,2.8,61.43,3.79,0.95,0.449,0.198,0.193,700,0.39,Green
Diamond,4.05,Ideal,SI1,58.02,57.54,5.68,3.73,2.98,61.99,4.47,-1.96,0.139,0.558,0.393,500,0.61,Red
Sapphire,3.74,Fair,VVS1,63.49,62.44,4.21,4.86,2.46,74.06,3.93,-1.42,0.448,0.365,0.478,500,,Violet
Diamond,3.73,Very Good,IF,64.16,67.33,7.36,5.5,5.38,77.59,3.73,2.49,0.231,0.218,0.329,400,0.47,Red
Ruby,4.93,Good,VS1,56.23,63.44,5.79,7.32,4.84,63.22,4.54,0.34,0.488,0.199,0.274,500,0.64,Red
Sapphire,1.62,Very Good,IF,62.05,57.11,4.53,4.17,3.91,71.91,4.6,-2.5,0.342,0.15,0.498,500,0.44,Blue
Amethyst,3.29,Premium,VS1,55.1,58.98,3.4,7.85,2.79,64.12,3.95,0.64,0.182,0.189,0.105,650,0.41,Green
Amethyst,4.31,Premium,SI1,57.46,67.74,3.65,3.39,4.5,79.69,4.28,3.75,0.431,0.573,0.137,600,0.49,Green
Topaz,2.98,Premium,SI2,55.69,62.78,6.94,9.06,4.91,72.56,1.97,4.97,0.219,0.329,0.435,450,0.51,Red
Diamond,3.99,Fair,VVS2,60.15,57.8,8.25,9.14,3.11,76.33,3.72,-4.09,0.597,0.363,0.146,550,0.3,LightYellow
Amethyst,2.19,Very Good,VS2,58.43,62,9.48,9.27,3.44,65.79,2.96,-0.52,0.481,0.168,0.421,400,0.58,White
Emerald,3.03,Very Good,VVS2,56.38,62.89,7.1,5.97,2.96,66.77,4.4,-0.53,0.334,0.375,0.171,650,0.36,Red
Topaz,0.47,Good,IF,55,59.65,7.57,3.91,3.61,62.91,4.84,4.44,0.173,0.452,0.481,600,0.4,Red
Amethyst,4.93,Ideal,IF,58.88,67.31,4.69,6.57,3.1,73.59,2.07,4.2,0.551,0.279,0.256,450,0.57,Green
Amethyst,4.04,Premium,VS1,57.94,66.25,4.92,8.31,4.19,79.63,3.69,-0.51,0.355,0.578,0.272,650,0.69,FaintYellow
Ruby,4.37,Ideal,VVS1,55.47,60.49,5.92,4.88,6.22,69.81,4.42,-2.32,0.369,0.428,0.141,450,0.67,LightYellow
Sapphire,3.53,Ideal,SI1,63.52,69.17,9.08,7.67,3.27,61.93,3.73,1.45,0.361,0.477,0.125,500,0.69,Red
Amethyst,1.09,Premium,SI1,59.11,69.06,6.05,3.13,3.86,60.27,3.75,-3.79,0.309,0.457,0.387,500,0.32,Blue
Ruby,0.35,Premium,SI1,62.75,69.32,4.68,8.69,3.68,74.17,4.27,-2.97,0.381,0.499,,650,0.44,Blue
Topaz,4.35,Good,VS1,59.22,54.41,9.44,4.52,2.89,,3.81,3.22,0.464,0.343,0.125,550,0.31,Violet
Emerald,2.1,Fair,VVS1,55.68,52.07,5.88,9.39,6.38,78.69,4.31,3.38,0.346,0.547,0.248,550,0.61,FaintYellow
Amethyst,1.47,Premium,VVS1,58.94,,3.56,6.8,4.33,74.68,4.96,4.05,0.383,0.526,0.588,600,0.52,LightYellow
Topaz,2.9,Ideal,SI2,63.86,64.55,6.82,5.63,4.71,63.74,3.18,2.46,0.298,0.389,0.109,400,0.3,Blue
Topaz,2.22,,VVS1,55.08,56.14,7.39,8.16,2.81,78.05,3.66,-3.33,0.358,0.226,0.53,700,0.61,Red
Emerald,3.33,Very Good,VVS1,63.95,60.75,9.69,5.19,5.63,64.43,3.46,-2.08,0.153,0.424,0.547,450,0.39,White
Emerald,2.52,Good,IF,61.57,62.96,8.65,8.01,5.94,79.11,2.13,-0.37,0.332,0.133,0.261,400,0.39,Blue
Emerald,3.55,Premium,VS2,64.96,59.27,3.71,5.19,4.29,65.74,4.33,-1.8,0.375,0.462,0.382,650,0.54,Green
Amethyst,4.3,Premium,SI1,64.16,60.83,6.58,8.93,3.43,62.5,2.55,0.34,0.599,0.367,0.171,600,0.31,FaintYellow
,1.14,Fair,VS2,63.69,,6.04,9.87,3.15,71.42,4.82,-4.05,0.494,0.441,0.421,500,0.59,Green
Topaz,1.78,Good,VVS2,55.38,69.88,5.75,7.6,2.4,71.91,4.31,4.52,0.297,0.374,0.579,550,0.43,Red
Diamond,2.3,Premium,VVS2,57.8,57.57,3.98,6.77,3.89,72.57,1.62,4.79,0.511,0.516,0.272,700,0.47,FaintYellow
Sapphire,4.82,Ideal,VVS2,58.75,54.1,5.63,6.22,4.63,65.43,1.24,-4.27,0.506,0.466,0.364,500,0.31,FaintYellow
,1.95,Ideal,VS1,62,59.6,6.29,9.5,4.11,67.43,1.56,-4.6,0.286,0.549,0.253,600,0.39,Green
Emerald,2.03,Good,VVS2,61.49,56.35,4.53,6.06,4.36,79.83,4.11,-0.13,0.59,0.254,0.326,550,0.54,Blue
Topaz,3.34,Fair,SI1,56.72,57.83,7.03,8.67,6.01,67.99,3.92,-3.57,0.328,0.553,0.319,650,0.44,White
,2.21,Good,SI2,62.37,61.26,4.55,3.03,3.22,62.04,3.41,-3.61,0.572,0.31,0.46,500,0.49,FaintYellow
Diamond,4.77,Fair,VVS2,56.56,55.57,3.85,9.25,4.63,68.52,1.73,-1.32,0.281,0.568,0.502,550,0.47,Green
Diamond,4.49,Ideal,VVS2,59.56,63.33,9.89,5.71,2.69,63.81,2.8,4.58,0.558,,0.529,450,0.48,
Diamond,2.66,Premium,SI2,60.79,58.63,7.82,4.95,4.83,62.97,3.14,4.37,0.108,0.476,0.216,550,0.39,LightYellow
Emerald,3.29,Very Good,IF,63.71,51.68,7.16,4.06,2.41,67.65,4.88,4.28,0.286,0.519,,700,0.32,LightYellow
Topaz,0.48,Premium,VVS2,61.31,67.74,5.29,3.5,2.65,66.88,1.87,-3.32,0.372,0.309,0.594,650,0.43,Green
Diamond,3.54,Ideal,SI2,64.55,59.55,4.46,9.18,2.72,62.33,2.41,-4.15,0.581,0.373,0.53,550,0.44,White
Topaz,3.59,Ideal,VS2,64.94,68.46,3.92,5.32,4.81,60.34,3.57,-3.9,0.232,0.403,0.348,400,0.54,Green
Emerald,1.92,Premium,IF,60.09,57.61,3.44,9.81,5.08,72.66,1.84,0.9,0.362,0.126,0.593,700,0.68,Green
Amethyst,1.25,Premium,VVS1,55.51,60.85,7.9,5.95,2.05,64.79,1.72,-1.61,0.376,0.329,0.171,500,0.41,Violet
Emerald,4.59,Ideal,VS1,55.28,67.47,4.93,9.63,5.72,77.13,2.77,3.75,0.27,0.195,0.594,400,0.49,White
,2.25,Premium,IF,63.56,59.24,5.23,7.61,5.6,66.19,3.08,1.59,0.157,0.416,0.227,700,0.43,Green
Topaz,3.34,Very Good,IF,60,62.66,4.13,4.08,2.98,70.9,3.75,4.98,0.499,0.568,0.565,600,0.4,Green
Ruby,0.36,Very Good,VS2,58.67,54.94,3.82,5.14,2.4,64.43,4.04,4.08,0.433,0.261,0.332,450,0.59,Blue
Ruby,2.19,Good,SI2,57.84,54.76,6.46,9.59,4.62,63.7,4.48,0.71,0.191,0.295,0.334,700,0.31,Red
Diamond,4.12,Very Good,SI1,57.82,60.85,8.09,6,5.91,78.9,2.36,3.31,0.239,0.521,0.156,600,0.62,Green
Diamond,2.06,Ideal,SI1,55.73,62.26,9.94,3.39,3.58,73.55,3.02,-3.4,0.197,0.478,0.55,450,0.63,FaintYellow
Diamond,3.1,Ideal,VVS2,58.03,63.12,5.38,5.38,,78.99,4.45,,0.225,0.536,0.524,450,0.58,Violet
Sapphire,1.21,Good,VVS1,61.45,65.37,7.65,9.13,6.38,64,2.85,2.16,0.284,0.449,0.386,,0.41,FaintYellow
Ruby,2.2,Fair,SI2,58.85,68.45,3.81,9.98,2.07,74.98,1.55,-1.13,0.315,0.349,0.238,550,0.67,Blue
Topaz,4.65,Good,VS2,64.48,54.8,6.89,3.21,4.95,64.47,2.74,3.07,0.557,0.258,0.388,400,0.56,FaintYellow
Emerald,2.92,Fair,SI2,61.68,62.39,6.63,6.3,3.58,74.98,4.08,1.57,0.305,0.574,,500,0.69,Blue
Ruby,4.53,Fair,SI2,63.64,58.86,3.22,4.72,2.63,76.61,2.88,-4.13,0.35,0.421,0.313,650,0.45,FaintYellow
Sapphire,4.53,Premium,VS2,56.14,51.78,6.38,9.87,5.33,64.27,1.98,4.79,0.594,0.31,0.177,650,0.63,Blue
Diamond,4.73,Very Good,IF,59.51,59.07,6.47,5.69,5.22,67.34,4.77,-2.29,0.128,0.396,0.118,500,0.39,Green
Amethyst,4.5,Fair,,55.41,65.81,,9.54,2.23,72.11,2.22,0.47,0.226,0.53,0.254,600,0.66,White
Diamond,0.22,Premium,SI2,63.95,51.58,7.01,7.27,2.63,,3.08,3.69,0.549,0.227,0.431,450,0.61,Violet
Topaz,4.68,Good,VS2,56.47,62.12,3.32,9.24,2.34,60.55,2.41,-2.11,0.165,0.488,0.504,600,0.66,Blue
Amethyst,0.86,Good,SI1,63.05,58.2,8.91,9.64,4.67,71.16,2.67,-2.69,0.373,0.377,0.415,400,0.61,Red
Amethyst,0.39,Fair,VS1,64.24,63.08,6.64,3.73,3.29,62.74,3.57,0.55,0.384,0.431,0.372,450,0.4,FaintYellow
Ruby,0.47,Premium,SI2,59.42,66.43,3.23,4.41,4.53,68.49,2.92,-1.48,0.543,0.472,0.523,550,0.39,White
Emerald,1.87,Ideal,VS1,58.89,60.83,9.89,4.86,5.08,70.68,1.41,,0.568,,0.332,600,0.34,Violet
Emerald,3.18,Very Good,VS2,61,56.08,5.67,6.75,3.57,75.79,3.03,-1.78,0.362,0.584,0.319,700,0.5,FaintYellow
Diamond,2.13,Fair,IF,62.4,51.8,9.91,4.69,3.57,79.96,2.19,4.89,0.408,0.288,0.436,550,0.49,Green
Topaz,0.32,Ideal,SI2,61.46,55.77,,9.54,5.37,71.2,3.52,-2.17,0.303,0.405,0.286,400,0.39,Green
Ruby,2.49,Very Good,VS1,55.01,57.29,3.21,4.27,3.59,68.61,1.73,1.37,0.158,0.428,0.287,400,0.52,Blue
Diamond,2.32,Ideal,IF,62.86,62.83,7.99,4.2,3.58,70.15,3.33,-2.29,0.567,0.35,0.563,500,0.37,Blue
Amethyst,3.83,Premium,VVS2,56.47,57.77,9.62,4.06,4.71,72.04,2.8,-0.39,0.196,0.139,0.127,550,0.46,White
Emerald,1.54,Fair,VVS2,59.5,58.05,3.54,6.05,2.32,,4.23,-2.09,0.34,0.448,0.402,600,0.36,LightYellow
Amethyst,1.24,Ideal,SI2,57.82,55.81,8.15,3.32,3.54,61.44,2.36,-0.84,0.377,0.182,0.401,500,0.6,FaintYellow
Amethyst,1.43,Ideal,IF,64.28,57.26,3.48,7.76,2.59,66.88,1.4,1.32,0.269,0.495,0.481,550,0.6,
Diamond,1.66,Ideal,VS2,60.02,55.32,8.56,4.74,5.96,61.18,1.34,,0.478,0.463,0.409,400,0.65,LightYellow
Amethyst,3.08,Fair,VVS2,60.22,64.68,7.07,,3.49,69.91,2.8,-2.64,0.451,0.538,0.237,600,0.51,LightYellow
Diamond,2.46,Premium,SI1,55.76,,8.47,4.26,4.11,65.16,3.07,3.99,0.211,0.346,0.32,550,0.55,LightYellow
Sapphire,1.82,Premium,SI2,63.97,64.69,5.6,3.55,2.39,61.05,2.5,-1.78,0.328,0.223,0.307,450,0.55,Red
Diamond,2,Ideal,SI2,57.39,51.47,9.34,5.82,4.23,61.02,4.15,-4.38,0.543,0.318,0.505,700,0.37,Violet
Ruby,1.98,Premium,VVS2,59.14,62.65,5.12,4.72,4.96,68.19,3.66,4.47,0.39,0.272,0.203,550,0.45,FaintYellow
Topaz,4.87,Very Good,SI1,64.85,64.06,4.98,9.08,2.2,66.62,3.26,-2.28,0.217,0.413,0.282,450,0.68,White
Sapphire,1.32,Premium,VS1,56.14,65.56,9.72,6.64,3.5,76.29,3.44,4.97,0.228,0.154,0.225,400,0.42,White
Diamond,4.13,Ideal,VS2,62.19,65.25,3.86,6.34,4.51,,4.05,,0.344,0.369,0.362,400,0.53,Green
Sapphire,3.6,Very Good,IF,,60.17,7.15,8.45,6.48,60.55,3.43,3.49,0.52,0.411,0.17,650,0.54,FaintYellow
Ruby,0.23,Fair,VVS2,59.2,55.25,7.02,7.57,5.45,61.21,1.89,-3.92,0.212,0.266,0.275,450,0.6,Blue
Diamond,4.97,Good,SI2,59.18,52.41,4.66,3.07,4.55,66.64,2.62,0.52,0.184,0.12,0.538,450,0.39,FaintYellow
Diamond,3.83,Premium,VS2,64.32,50.17,5.22,7.8,2.94,72.13,1.54,-4.81,0.272,0.276,0.511,400,0.67,Blue
Diamond,3.48,Very Good,VVS2,55.1,50.03,5.01,7.99,6.36,70,4.49,-1.2,0.13,0.367,,650,0.69,FaintYellow
Emerald,2.15,,VS1,58.67,68.72,8.92,4.22,2.91,71.4,1.87,-4.59,0.547,0.127,0.266,400,0.51,Green
Emerald,2.86,Fair,VS2,63.52,62.16,5.73,7.97,2.7,72.54,3.4,-0.38,0.341,0.402,0.561,500,0.47,Violet
Topaz,1.42,Good,VVS1,64.11,61.48,5.51,9.96,3.92,66.19,1.21,2.13,0.547,0.47,0.323,700,0.39,Violet
Topaz,0.37,Fair,SI2,58.11,57.53,7.46,5.06,5.33,78.18,2.27,3.78,0.401,0.293,0.414,500,0.48,FaintYellow
Ruby,4.21,Ideal,VS1,57.42,65.97,6.47,3.27,2.41,,4.58,1.65,0.475,0.363,0.301,400,0.68,FaintYellow
Amethyst,,Ideal,IF,59.61,54.4,5.98,8.95,2.83,63.58,4.18,2.25,0.207,0.371,0.17,400,,Violet
Emerald,0.98,,VS2,62.46,64.76,7.97,4.43,4.81,72.92,1.37,-2.82,0.126,0.464,0.253,450,0.45,LightYellow
Amethyst,3.98,Good,SI1,56.54,57.26,5.89,8.45,2.11,79.46,3.23,-2.07,0.34,0.554,0.558,600,0.63,Blue
Emerald,3.76,Premium,,62.84,64.16,4.56,5.85,4.97,63.05,2.54,4.38,0.426,0.541,0.292,650,0.6,White
Diamond,1.06,Good,SI1,60.13,64.13,8.19,9.33,2.29,74.14,1.54,-3.37,0.181,0.191,0.262,600,0.53,LightYellow
Diamond,2.22,Good,VS2,56.41,56.31,3.47,9.59,3.66,64.92,4.27,4.91,0.159,0.128,0.593,700,0.61,Green
Diamond,2.23,Premium,IF,61.72,68.69,10,5.77,3.87,64.02,4.48,3.41,0.451,0.277,0.28,700,0.59,White
Emerald,3.85,Good,SI1,61.28,60.15,7.18,9.87,4.89,66.1,3.02,3.02,0.155,0.553,0.469,400,0.55,FaintYellow
Sapphire,4.22,Good,SI1,61.22,55.15,4.51,3.19,3.49,63.39,1.76,3.08,0.343,0.513,0.554,400,0.56,White
Amethyst,0.65,Very Good,SI1,62.55,63.48,4.39,6.98,2.42,70.49,2.68,-1.27,0.129,0.439,0.411,500,0.44,White
Diamond,2.9,Fair,SI2,56.81,65.02,4.92,8.17,2.63,78.95,1.13,2.93,0.136,0.128,0.164,650,0.53,Red
Diamond,3.86,Ideal,VS2,61.97,69.01,9.15,5.99,3.99,78.46,3.81,-1.46,0.517,0.188,0.579,650,0.39,Violet
Sapphire,3.97,Fair,VVS2,63.87,51.47,8.79,7.61,4.58,70.7,4.61,-1.34,0.418,0.565,0.104,650,0.67,Red
Topaz,0.91,Good,SI2,60.3,60.8,4.01,5.15,6.21,74.8,1.06,2.94,0.177,0.117,0.304,550,0.5,FaintYellow
Amethyst,2.72,Premium,SI1,59.86,59.81,7.2,3.54,4.5,63.96,3.62,-1.1,0.121,0.5,0.53,450,0.58,Green
Ruby,4.32,Premium,VS1,62.98,56.2,9.38,8.84,5.15,71.13,1.36,3.08,,0.332,0.145,550,0.32,LightYellow
Emerald,1.73,Ideal,VS1,56.46,65.36,8.13,5.07,2.85,75.53,1.93,-4.89,0.208,0.474,,600,0.56,Blue
Diamond,2.24,Ideal,VVS2,58.41,53.89,7.11,4.37,6.46,66.45,3.14,-3.28,0.359,0.129,0.304,650,0.55,Green
Diamond,4.06,Ideal,SI2,63.54,56.56,4.46,4.4,2.66,64.18,2.28,4.33,0.439,0.271,0.431,650,0.43,Red
Sapphire,0.63,Premium,VVS1,60,65.32,9.6,8.76,4.53,65.81,1.02,1.29,0.236,0.411,0.584,500,0.66,FaintYellow
Amethyst,4.33,Good,VVS1,63.4,59.55,9.24,3.46,6.26,65.53,4.93,-0.32,0.574,0.206,0.572,500,0.66,Blue
Amethyst,1.69,Ideal,VS1,57.52,52.72,5.25,6.49,4.1,65.42,1.68,0.8,0.568,0.17,0.138,,0.39,Violet
Diamond,0.21,Ideal,SI1,58.9,67.89,6.48,4.36,6.06,61.29,3.11,-0.98,0.115,0.113,0.498,600,0.6,Red
Emerald,1.32,Premium,IF,63.24,64.62,3.57,7.56,4.64,69.98,3.06,-3.67,0.368,0.58,0.419,600,0.37,Green
Sapphire,0.63,Good,VS2,56.63,61.25,7.42,8.59,5.83,63.2,4.8,3.91,0.382,0.465,0.379,450,0.6,Violet
Ruby,0.64,Ideal,SI2,63.95,62.19,3.38,6.93,5.21,77.98,4.08,2.54,0.243,0.231,0.306,500,0.48,Red
Emerald,3.53,Good,VVS2,58.1,62.52,9.34,7.3,4.65,76.02,3.22,1.98,0.232,0.38,0.404,650,0.69,Red
Amethyst,1.23,Very Good,IF,64.73,59.99,9.16,7.36,2.52,78.21,3.95,3.44,0.274,0.426,0.335,500,0.51,Green
Sapphire,4.69,Ideal,SI2,63.28,64.89,4.97,7.01,3.31,77.45,4.39,2.46,0.334,0.316,0.502,550,0.48,FaintYellow
Emerald,2.68,Ideal,SI1,59.56,64.31,8.19,4.53,2.54,67.13,2.29,0.16,0.235,0.135,0.446,550,0.48,LightYellow
Amethyst,2.41,Premium,VS2,62.42,50.06,6.08,7.57,4.47,75.46,1.48,-3.63,0.403,0.295,0.518,500,0.52,FaintYellow
Amethyst,2.28,Very Good,SI2,60.55,52.21,8.92,8.42,3.97,69.97,4.24,,0.555,0.159,0.207,,0.34,LightYellow
Sapphire,3.52,Very Good,VS1,63.53,50.51,3.43,8.77,3.94,65.11,1.77,-4.69,0.465,0.173,0.45,650,0.43,Red
Amethyst,2.37,Very Good,SI2,60.18,53.38,6.54,3.56,3.27,67.22,2.36,-0.08,0.162,0.424,0.322,700,0.64,Violet
Amethyst,0.82,Fair,VVS2,64.88,51.45,5.78,5.78,5.68,71.44,4.53,-3.4,0.117,0.269,0.563,650,0.65,
Sapphire,4.42,Premium,IF,56.34,53.88,4.82,5.58,3.91,76.91,3.66,-2.27,0.422,0.26,0.249,650,0.55,Violet
Ruby,2.26,Premium,VS2,61.76,60.77,4.46,9.46,3.26,60.24,1.35,3.78,0.427,0.54,0.182,650,0.55,Red
Emerald,0.56,Ideal,VS1,57.46,63.39,7.74,7.62,3.19,68.82,,1.08,0.418,0.319,0.566,400,0.31,Red
Emerald,2.74,Premium,VS1,56.91,68.37,4.41,6.31,3.38,60.11,1.62,4.85,0.152,0.517,0.551,500,0.56,Blue
Ruby,3.31,Ideal,VS2,59.08,64.79,7.43,9.72,5.73,65.75,1.13,4.5,0.276,0.552,0.11,650,0.48,Blue
Amethyst,1.52,Ideal,VVS1,58.67,50.63,5.73,4.13,3.65,68.2,1.87,-0.58,0.186,0.57,0.581,400,0.67,Green
Amethyst,4.04,Fair,SI2,55.46,59.37,4.7,5.53,3.1,69.32,3.59,1.57,0.338,0.494,0.392,700,0.68,Violet
Diamond,3.41,Premium,SI2,59.28,63.51,8.49,7.4,6,74.81,1.06,4.48,0.346,0.316,,550,0.64,Green
Diamond,3.32,Premium,VVS1,64.52,56.3,5.55,6.57,6.03,74.64,4.85,2.84,0.11,0.179,0.333,450,0.31,FaintYellow
Sapphire,2.22,Fair,VS2,59.67,57.38,3.1,7.13,5.07,66.24,1.93,1.56,0.484,0.366,0.556,700,0.43,LightYellow
Ruby,4.82,Fair,VS2,58.02,66.06,8.96,8.33,5.72,67.34,2.17,0.92,0.214,0.297,0.523,600,0.64,FaintYellow
Amethyst,1.52,Premium,VS2,64.49,50.94,5.2,7.87,5.74,65.19,1.14,0.42,0.566,0.184,0.147,700,0.44,White
Amethyst,2.97,Premium,VS1,60.06,60.79,8.76,,5.14,67.83,1.28,-3.61,0.403,0.579,0.216,700,0.52,White
